=========================================
Modality Run - CHG Context
=========================================
Job ID: 45993349
Node: exp-17-56
CPUs: 16
Memory: 128GB
Start time: Wed Jan 21 17:02:26 PST 2026
=========================================

Using config_CHG.txt

Zarr=/expanse/lustre/projects/csd940/zalibhai/biomodal/evoC-run/output/duet-1.5.0_evoC_Bap1_run_6bp/sample_outputs/zarr_store/CHG/evoC_Bap1_run.genome.GRCm38_primary_assembly.dedup.CHG.zarrz
Metadata=/expanse/lustre/projects/csd940/zalibhai/biomodal/modality/metadata.tsv
Group_Column=condition
Condition_Order=control mutant
Covariates=
QC_Region=
Regions_Directory=/expanse/lustre/projects/csd940/zalibhai/biomodal/modality/mm10
Main_Output=/expanse/lustre/projects/csd940/zalibhai/biomodal/modality/outputs_CHG
Depth_Filter=10
Overdispersion=False

=========================================


=======================================
STEP 0 - CONFIGURATION & INITIALISATION
=======================================
[INFO] 2026-01-21 17:02:28 - Starting modality XPLR Core Workflow Pipeline
[INFO] 2026-01-21 17:02:28 - Reading configuration from ./config.txt


>>Provided inputs
[INFO] 2026-01-21 17:02:28 - ZARR path(s): /expanse/lustre/projects/csd940/zalibhai/biomodal/evoC-run/output/duet-1.5.0_evoC_Bap1_run_6bp/sample_outputs/zarr_store/CHG/evoC_Bap1_run.genome.GRCm38_primary_assembly.dedup.CHG.zarrz
[INFO] 2026-01-21 17:02:28 - Metadata file: /expanse/lustre/projects/csd940/zalibhai/biomodal/modality/metadata.tsv
[INFO] 2026-01-21 17:02:28 - Group column: condition
[INFO] 2026-01-21 17:02:28 - Covariates: 
[INFO] 2026-01-21 17:02:28 - Condition order: control mutant
[INFO] 2026-01-21 17:02:28 - QC region: 
[INFO] 2026-01-21 17:02:28 - Regions directory: /expanse/lustre/projects/csd940/zalibhai/biomodal/modality/mm10
[INFO] 2026-01-21 17:02:28 - Main output directory: /expanse/lustre/projects/csd940/zalibhai/biomodal/modality/outputs_CHG
[INFO] 2026-01-21 17:02:28 - Depth filter: 10
[INFO] 2026-01-21 17:02:28 - Overdispersion correction: False


>>Validation & directory creation
[INFO] 2026-01-21 17:02:28 - Validating inputs...
[INFO] 2026-01-21 17:02:28 - Identified 1 zarr path(s):
[INFO] 2026-01-21 17:02:28 -   [1] /expanse/lustre/projects/csd940/zalibhai/biomodal/evoC-run/output/duet-1.5.0_evoC_Bap1_run_6bp/sample_outputs/zarr_store/CHG/evoC_Bap1_run.genome.GRCm38_primary_assembly.dedup.CHG.zarrz
[INFO] 2026-01-21 17:02:28 - Processed metadata file path: /expanse/lustre/projects/csd940/zalibhai/biomodal/modality/metadata.tsv
[INFO] 2026-01-21 17:02:28 - Processed main output directory: /expanse/lustre/projects/csd940/zalibhai/biomodal/modality/outputs_CHG
[INFO] 2026-01-21 17:02:28 - Processed regions directory: /expanse/lustre/projects/csd940/zalibhai/biomodal/modality/mm10
[INFO] 2026-01-21 17:02:28 - Validating metadata file headers...
[INFO] 2026-01-21 17:02:28 - Metadata validation passed
[INFO] 2026-01-21 17:02:28 - Creating output directories under /expanse/lustre/projects/csd940/zalibhai/biomodal/modality/outputs_CHG...
[INFO] 2026-01-21 17:02:28 - Directory ready: /expanse/lustre/projects/csd940/zalibhai/biomodal/modality/outputs_CHG
[INFO] 2026-01-21 17:02:28 - Directory ready: /expanse/lustre/projects/csd940/zalibhai/biomodal/modality/outputs_CHG/Results
[INFO] 2026-01-21 17:02:28 - Directory ready: /expanse/lustre/projects/csd940/zalibhai/biomodal/modality/outputs_CHG/Reports
[INFO] 2026-01-21 17:02:28 - Creating region-specific subdirectories...
[INFO] 2026-01-21 17:02:28 - Directory ready: /expanse/lustre/projects/csd940/zalibhai/biomodal/modality/outputs_CHG/Results/gencode.vM25.mouse.cpg_islands.annotation
[INFO] 2026-01-21 17:02:28 - Directory ready: /expanse/lustre/projects/csd940/zalibhai/biomodal/modality/outputs_CHG/Reports/gencode.vM25.mouse.cpg_islands.annotation
[INFO] 2026-01-21 17:02:28 - Created region directories: /expanse/lustre/projects/csd940/zalibhai/biomodal/modality/outputs_CHG/Results/gencode.vM25.mouse.cpg_islands.annotation and /expanse/lustre/projects/csd940/zalibhai/biomodal/modality/outputs_CHG/Reports/gencode.vM25.mouse.cpg_islands.annotation
[INFO] 2026-01-21 17:02:28 - Directory ready: /expanse/lustre/projects/csd940/zalibhai/biomodal/modality/outputs_CHG/Results/gencode.vM25.mouse.cpg_islands.annotation
[INFO] 2026-01-21 17:02:28 - Directory ready: /expanse/lustre/projects/csd940/zalibhai/biomodal/modality/outputs_CHG/Reports/gencode.vM25.mouse.cpg_islands.annotation
[INFO] 2026-01-21 17:02:28 - Created region directories: /expanse/lustre/projects/csd940/zalibhai/biomodal/modality/outputs_CHG/Results/gencode.vM25.mouse.cpg_islands.annotation and /expanse/lustre/projects/csd940/zalibhai/biomodal/modality/outputs_CHG/Reports/gencode.vM25.mouse.cpg_islands.annotation
[INFO] 2026-01-21 17:02:28 - Directory ready: /expanse/lustre/projects/csd940/zalibhai/biomodal/modality/outputs_CHG/Results/gencode.vM25.mouse.cpg_shelves.annotation
[INFO] 2026-01-21 17:02:28 - Directory ready: /expanse/lustre/projects/csd940/zalibhai/biomodal/modality/outputs_CHG/Reports/gencode.vM25.mouse.cpg_shelves.annotation
[INFO] 2026-01-21 17:02:28 - Created region directories: /expanse/lustre/projects/csd940/zalibhai/biomodal/modality/outputs_CHG/Results/gencode.vM25.mouse.cpg_shelves.annotation and /expanse/lustre/projects/csd940/zalibhai/biomodal/modality/outputs_CHG/Reports/gencode.vM25.mouse.cpg_shelves.annotation
[INFO] 2026-01-21 17:02:28 - Directory ready: /expanse/lustre/projects/csd940/zalibhai/biomodal/modality/outputs_CHG/Results/gencode.vM25.mouse.cpg_shores.annotation
[INFO] 2026-01-21 17:02:28 - Directory ready: /expanse/lustre/projects/csd940/zalibhai/biomodal/modality/outputs_CHG/Reports/gencode.vM25.mouse.cpg_shores.annotation
[INFO] 2026-01-21 17:02:28 - Created region directories: /expanse/lustre/projects/csd940/zalibhai/biomodal/modality/outputs_CHG/Results/gencode.vM25.mouse.cpg_shores.annotation and /expanse/lustre/projects/csd940/zalibhai/biomodal/modality/outputs_CHG/Reports/gencode.vM25.mouse.cpg_shores.annotation
[INFO] 2026-01-21 17:02:28 - Directory ready: /expanse/lustre/projects/csd940/zalibhai/biomodal/modality/outputs_CHG/Results/gencode.vM25.mouse.genes.annotation
[INFO] 2026-01-21 17:02:28 - Directory ready: /expanse/lustre/projects/csd940/zalibhai/biomodal/modality/outputs_CHG/Reports/gencode.vM25.mouse.genes.annotation
[INFO] 2026-01-21 17:02:28 - Created region directories: /expanse/lustre/projects/csd940/zalibhai/biomodal/modality/outputs_CHG/Results/gencode.vM25.mouse.genes.annotation and /expanse/lustre/projects/csd940/zalibhai/biomodal/modality/outputs_CHG/Reports/gencode.vM25.mouse.genes.annotation
[INFO] 2026-01-21 17:02:28 - Directory ready: /expanse/lustre/projects/csd940/zalibhai/biomodal/modality/outputs_CHG/Results/gencode.vM25.mouse.promoters.annotation
[INFO] 2026-01-21 17:02:28 - Directory ready: /expanse/lustre/projects/csd940/zalibhai/biomodal/modality/outputs_CHG/Reports/gencode.vM25.mouse.promoters.annotation
[INFO] 2026-01-21 17:02:28 - Created region directories: /expanse/lustre/projects/csd940/zalibhai/biomodal/modality/outputs_CHG/Results/gencode.vM25.mouse.promoters.annotation and /expanse/lustre/projects/csd940/zalibhai/biomodal/modality/outputs_CHG/Reports/gencode.vM25.mouse.promoters.annotation
[INFO] 2026-01-21 17:02:28 - Directory ready: /expanse/lustre/projects/csd940/zalibhai/biomodal/modality/outputs_CHG/Results/gencode.vM25.mouse.tss_region.annotation
[INFO] 2026-01-21 17:02:28 - Directory ready: /expanse/lustre/projects/csd940/zalibhai/biomodal/modality/outputs_CHG/Reports/gencode.vM25.mouse.tss_region.annotation
[INFO] 2026-01-21 17:02:28 - Created region directories: /expanse/lustre/projects/csd940/zalibhai/biomodal/modality/outputs_CHG/Results/gencode.vM25.mouse.tss_region.annotation and /expanse/lustre/projects/csd940/zalibhai/biomodal/modality/outputs_CHG/Reports/gencode.vM25.mouse.tss_region.annotation


======================================
STEP 1: RUNNING BIOLOGICAL QC ANALYSES
======================================
[INFO] 2026-01-21 17:02:28 - Running biological QC without aggregation...
Logged in using stored credentials
[38;5;23m2026-01-21 17:02:35[39m  [1m[38;5;123mProvenance information:[39m
[38;5;23m2026-01-21 17:02:35[39m  cmd='/home/zalibhai/miniforge3/envs/modality/bin/modality -v biological-qc --zarr-path /expanse/lustre/projects/csd940/zalibhai/biomodal/evoC-run/output/duet-1.5.0_evoC_Bap1_run_6bp/sample_outputs/zarr_store/CHG/evoC_Bap1_run.genome.GRCm38_primary_assembly.dedup.CHG.zarrz --sample-sheet /expanse/lustre/projects/csd940/zalibhai/biomodal/modality/metadata.tsv --order-by-group condition --output-dir /expanse/lustre/projects/csd940/zalibhai/biomodal/modality/outputs_CHG/Results'
timestamp=2026-01-21T17:02:35.047076
version=1.0.0
user=zalibhai

[39m
[38;5;23m2026-01-21 17:02:35[39m  [1m[38;5;123mRunning biological QC analysis:[39m
[38;5;23m2026-01-21 17:02:35[39m  [38;5;248mZarr path(s)[39m: ['/expanse/lustre/projects/csd940/zalibhai/biomodal/evoC-run/output/duet-1.5.0_evoC_Bap1_run_6bp/sample_outputs/zarr_store/CHG/evoC_Bap1_run.genome.GRCm38_primary_assembly.dedup.CHG.zarrz'][39m
[38;5;23m2026-01-21 17:02:35[39m  [38;5;248mSample Sheet[39m: /expanse/lustre/projects/csd940/zalibhai/biomodal/modality/metadata.tsv[39m
[38;5;23m2026-01-21 17:02:35[39m  [38;5;248mOrder By Group[39m: condition[39m
[38;5;23m2026-01-21 17:02:35[39m  [38;5;248mOutput Dir[39m: /expanse/lustre/projects/csd940/zalibhai/biomodal/modality/outputs_CHG/Results[39m
[38;5;23m2026-01-21 17:02:35[39m  [38;5;248mRegion[39m: None[39m
[38;5;23m2026-01-21 17:02:35[39m  [38;5;248mDisable Strand Merging[39m: False[39m
[38;5;23m2026-01-21 17:02:35[39m  [38;5;248mAggregate By Group[39m: None[39m
[38;5;23m2026-01-21 17:02:35[39m  [38;5;248mCase Sensitive[39m: False[39m
[38;5;23m2026-01-21 17:02:35[39m | [38;5;23mINFO[39m | Loading Zarr dataset...[39m
[38;5;23m2026-01-21 17:02:58[39m | [38;5;23mINFO[39m | Starting biological quality control process[39m
[38;5;23m2026-01-21 17:03:14[39m | [38;5;23mINFO[39m | Computing mean coverage for each sample...[39m
[38;5;23m2026-01-21 17:03:21[39m | [38;5;23mINFO[39m | Extracted coverage info for 4 samples[39m
[38;5;23m2026-01-21 17:03:21[39m | [38;5;23mINFO[39m | Created sample-to-group mapping for ordering by 'condition'[39m
[38;5;23m2026-01-21 17:03:21[39m | [38;5;23mINFO[39m | Found 5mC and 5hmC data[39m
[38;5;23m2026-01-21 17:04:26[39m | [38;5;23mINFO[39m | Successfully extracted 5mC correlation data[39m
[38;5;23m2026-01-21 17:05:50[39m | [38;5;23mINFO[39m | Successfully extracted 5hmC correlation data[39m
[38;5;23m2026-01-21 17:05:50[39m | [38;5;23mINFO[39m | Found 5mC and 5hmC data[39m
[38;5;23m2026-01-21 17:06:40[39m | [38;5;23mINFO[39m | Successfully extracted 5mC PCA data[39m
[38;5;23m2026-01-21 17:07:30[39m | [38;5;23mINFO[39m | Successfully extracted 5hmC PCA data[39m
[38;5;23m2026-01-21 17:07:30[39m | [38;5;23mINFO[39m | Rendering template: bio_qc_template.html[39m
[38;5;23m2026-01-21 17:07:30[39m | [38;5;23mINFO[39m | Generated biological QC JSON report: /expanse/lustre/projects/csd940/zalibhai/biomodal/modality/outputs_CHG/Results/BioQC_20260121_170730/biological_qc_report_4_samples_20260121_170730.json[39m
[38;5;23m2026-01-21 17:07:30[39m | [38;5;23mINFO[39m | Generated biological QC report: /expanse/lustre/projects/csd940/zalibhai/biomodal/modality/outputs_CHG/Results/BioQC_20260121_170730/biological_qc_report_4_samples_20260121_170730.html[39m
[38;5;23m2026-01-21 17:07:30[39m  [1m[38;5;154mBiological QC report generated: /expanse/lustre/projects/csd940/zalibhai/biomodal/modality/outputs_CHG/Results/BioQC_20260121_170730/biological_qc_report_4_samples_20260121_170730.html[39m
[38;5;23m2026-01-21 17:07:30[39m  Wrote provenance sidecar file to /expanse/lustre/projects/csd940/zalibhai/biomodal/modality/outputs_CHG/Results/BioQC_20260121_170730/modality_metadata_20260121_170730.json[39m
[INFO] 2026-01-21 17:07:31 - Copying Biological QC HTML reports to /expanse/lustre/projects/csd940/zalibhai/biomodal/modality/outputs_CHG/Reports...
[INFO] 2026-01-21 17:07:31 - Copied 1 Biological QC HTML report(s)


==================================================
STEP 2: RUNNING FEATURE EXTRACTION ON REGION FILES
==================================================
[INFO] 2026-01-21 17:07:31 - Processing region file: /expanse/lustre/projects/csd940/zalibhai/biomodal/modality/mm10/gencode.vM25.mouse.cpg_islands.annotation.bed
[INFO] 2026-01-21 17:07:31 - Running feature extraction: count total_c...
Logged in using stored credentials
[38;5;23m2026-01-21 17:07:35[39m  [1m[38;5;123mProvenance information:[39m
[38;5;23m2026-01-21 17:07:35[39m  cmd='/home/zalibhai/miniforge3/envs/modality/bin/modality -v get count --zarr-path /expanse/lustre/projects/csd940/zalibhai/biomodal/evoC-run/output/duet-1.5.0_evoC_Bap1_run_6bp/sample_outputs/zarr_store/CHG/evoC_Bap1_run.genome.GRCm38_primary_assembly.dedup.CHG.zarrz --sample-sheet /expanse/lustre/projects/csd940/zalibhai/biomodal/modality/metadata.tsv --bedfile /expanse/lustre/projects/csd940/zalibhai/biomodal/modality/mm10/gencode.vM25.mouse.cpg_islands.annotation.bed --fields total_c --output-dir /expanse/lustre/projects/csd940/zalibhai/biomodal/modality/outputs_CHG/Results/gencode.vM25.mouse.cpg_islands.annotation'
timestamp=2026-01-21T17:07:35.349932
version=1.0.0
user=zalibhai

[39m
[38;5;23m2026-01-21 17:07:35[39m  [1m[38;5;123mExtracting methylation features:[39m
[38;5;23m2026-01-21 17:07:35[39m  [38;5;248mZarr path(s)[39m: ['/expanse/lustre/projects/csd940/zalibhai/biomodal/evoC-run/output/duet-1.5.0_evoC_Bap1_run_6bp/sample_outputs/zarr_store/CHG/evoC_Bap1_run.genome.GRCm38_primary_assembly.dedup.CHG.zarrz'][39m
[38;5;23m2026-01-21 17:07:35[39m  [38;5;248mSample Sheet[39m: /expanse/lustre/projects/csd940/zalibhai/biomodal/modality/metadata.tsv[39m
[38;5;23m2026-01-21 17:07:35[39m  [38;5;248mBedfile[39m: /expanse/lustre/projects/csd940/zalibhai/biomodal/modality/mm10/gencode.vM25.mouse.cpg_islands.annotation.bed[39m
[38;5;23m2026-01-21 17:07:35[39m  [38;5;248mFields[39m: ['num_total_c'][39m
[38;5;23m2026-01-21 17:07:35[39m  [38;5;248mOutput Dir[39m: /expanse/lustre/projects/csd940/zalibhai/biomodal/modality/outputs_CHG/Results/gencode.vM25.mouse.cpg_islands.annotation[39m
[38;5;23m2026-01-21 17:07:35[39m  [38;5;248mMin Coverage[39m: 0[39m
[38;5;23m2026-01-21 17:07:35[39m  [38;5;248mNum Contexts[39m: 0[39m
[38;5;23m2026-01-21 17:07:35[39m  [38;5;248mDisable Strand Merging[39m: False[39m
[38;5;23m2026-01-21 17:07:35[39m  [38;5;248mWindow Size[39m: None[39m
[38;5;23m2026-01-21 17:07:35[39m  [38;5;248mTabix[39m: False[39m
[38;5;23m2026-01-21 17:07:35[39m  [38;5;248mRegion[39m: None[39m
[38;5;23m2026-01-21 17:07:35[39m | [38;5;23mINFO[39m | Loading Zarr dataset...[39m
[38;5;23m2026-01-21 17:08:07[39m | [38;5;23mINFO[39m | Performing ['count'] on variables ['num_total_c'] and min coverage 0.[39m
[38;5;23m2026-01-21 17:08:07[39m | [38;5;23mINFO[39m | ['num_total_c'][39m
[38;5;23m2026-01-21 17:08:07[39m | [38;5;23mINFO[39m | Adding Ranges_ID column to validate merging.[39m
[38;5;23m2026-01-21 17:08:27[39m | [38;5;23mINFO[39m | Summarized over 16009 regions.[39m
[38;5;23m2026-01-21 17:08:27[39m | [38;5;23mINFO[39m | Applying post-processor <lambda> to DataFrame.[39m
[38;5;23m2026-01-21 17:08:27[39m | [38;5;23mINFO[39m | Dataframe has 16009 rows, processing large dataset[39m
[38;5;23m2026-01-21 17:08:27[39m | [38;5;23mINFO[39m | Concatenating files without compression.[39m
[38;5;23m2026-01-21 17:08:27[39m | [38;5;23mINFO[39m | Exported total_c stats for count to <modality.infrastructure.file_name_service.ExtractDataFileName object at 0x1554e4f11f10>.[39m
[38;5;23m2026-01-21 17:08:27[39m | [38;5;23mINFO[39m | Results written to file[39m
[38;5;23m2026-01-21 17:08:27[39m  16009 regions extracted.[39m
[38;5;23m2026-01-21 17:08:27[39m  [1m[38;5;154mData extracted successfully to /expanse/lustre/projects/csd940/zalibhai/biomodal/modality/outputs_CHG/Results/gencode.vM25.mouse.cpg_islands.annotation/Extract_20260121_170827[39m
[38;5;23m2026-01-21 17:08:27[39m | [38;5;23mINFO[39m | No plots generated. Sample sheet / group provided but no plots requested.[39m
[38;5;23m2026-01-21 17:08:27[39m  Wrote provenance sidecar file to /expanse/lustre/projects/csd940/zalibhai/biomodal/modality/outputs_CHG/Results/gencode.vM25.mouse.cpg_islands.annotation/Extract_20260121_170827/modality_metadata_20260121_170827.json[39m
[INFO] 2026-01-21 17:08:27 - Running feature extraction: mean total_c (plots generated automatically)...
Logged in using stored credentials
[38;5;23m2026-01-21 17:08:33[39m  [1m[38;5;123mProvenance information:[39m
[38;5;23m2026-01-21 17:08:33[39m  cmd='/home/zalibhai/miniforge3/envs/modality/bin/modality -v get mean --zarr-path /expanse/lustre/projects/csd940/zalibhai/biomodal/evoC-run/output/duet-1.5.0_evoC_Bap1_run_6bp/sample_outputs/zarr_store/CHG/evoC_Bap1_run.genome.GRCm38_primary_assembly.dedup.CHG.zarrz --sample-sheet /expanse/lustre/projects/csd940/zalibhai/biomodal/modality/metadata.tsv --bedfile /expanse/lustre/projects/csd940/zalibhai/biomodal/modality/mm10/gencode.vM25.mouse.cpg_islands.annotation.bed --fields total_c --order-by-group condition --output-dir /expanse/lustre/projects/csd940/zalibhai/biomodal/modality/outputs_CHG/Results/gencode.vM25.mouse.cpg_islands.annotation'
timestamp=2026-01-21T17:08:33.298555
version=1.0.0
user=zalibhai

[39m
[38;5;23m2026-01-21 17:08:33[39m  [1m[38;5;123mExtracting methylation features:[39m
[38;5;23m2026-01-21 17:08:33[39m  [38;5;248mZarr path(s)[39m: ['/expanse/lustre/projects/csd940/zalibhai/biomodal/evoC-run/output/duet-1.5.0_evoC_Bap1_run_6bp/sample_outputs/zarr_store/CHG/evoC_Bap1_run.genome.GRCm38_primary_assembly.dedup.CHG.zarrz'][39m
[38;5;23m2026-01-21 17:08:33[39m  [38;5;248mSample Sheet[39m: /expanse/lustre/projects/csd940/zalibhai/biomodal/modality/metadata.tsv[39m
[38;5;23m2026-01-21 17:08:33[39m  [38;5;248mBedfile[39m: /expanse/lustre/projects/csd940/zalibhai/biomodal/modality/mm10/gencode.vM25.mouse.cpg_islands.annotation.bed[39m
[38;5;23m2026-01-21 17:08:33[39m  [38;5;248mFields[39m: ['num_total_c'][39m
[38;5;23m2026-01-21 17:08:33[39m  [38;5;248mOrder By Group[39m: condition[39m
[38;5;23m2026-01-21 17:08:33[39m  [38;5;248mOutput Dir[39m: /expanse/lustre/projects/csd940/zalibhai/biomodal/modality/outputs_CHG/Results/gencode.vM25.mouse.cpg_islands.annotation[39m
[38;5;23m2026-01-21 17:08:33[39m  [38;5;248mMin Coverage[39m: 0[39m
[38;5;23m2026-01-21 17:08:33[39m  [38;5;248mNum Contexts[39m: 0[39m
[38;5;23m2026-01-21 17:08:33[39m  [38;5;248mDisable Strand Merging[39m: False[39m
[38;5;23m2026-01-21 17:08:33[39m  [38;5;248mWindow Size[39m: None[39m
[38;5;23m2026-01-21 17:08:33[39m  [38;5;248mTabix[39m: False[39m
[38;5;23m2026-01-21 17:08:33[39m  [38;5;248mRegion[39m: None[39m
[38;5;23m2026-01-21 17:08:33[39m  [38;5;248mAggregate By Group[39m: None[39m
[38;5;23m2026-01-21 17:08:33[39m  [38;5;248mCase Sensitive[39m: False[39m
[38;5;23m2026-01-21 17:08:33[39m  [38;5;248mHeatmap[39m: False[39m
[38;5;23m2026-01-21 17:08:33[39m | [38;5;23mINFO[39m | Sample sheet: /expanse/lustre/projects/csd940/zalibhai/biomodal/modality/metadata.tsv[39m
[38;5;23m2026-01-21 17:08:33[39m | [38;5;23mINFO[39m | Order samples by: condition, case-insensitive[39m
[38;5;23m2026-01-21 17:08:33[39m | [38;5;23mINFO[39m | Loading Zarr dataset...[39m
[38;5;23m2026-01-21 17:09:07[39m | [38;5;23mINFO[39m | Performing ['mean'] on variables ['num_total_c'] and min coverage 0.[39m
[38;5;23m2026-01-21 17:09:07[39m | [38;5;23mINFO[39m | ['num_total_c'][39m
[38;5;23m2026-01-21 17:09:07[39m | [38;5;23mINFO[39m | Adding Ranges_ID column to validate merging.[39m
[38;5;23m2026-01-21 17:09:23[39m | [38;5;23mINFO[39m | Summarized over 16009 regions.[39m
[38;5;23m2026-01-21 17:09:23[39m | [38;5;23mINFO[39m | Applying post-processor <lambda> to DataFrame.[39m
[38;5;23m2026-01-21 17:09:24[39m | [38;5;23mINFO[39m | Dataframe has 16009 rows, processing large dataset[39m
[38;5;23m2026-01-21 17:09:24[39m | [38;5;23mINFO[39m | Concatenating files without compression.[39m
[38;5;23m2026-01-21 17:09:24[39m | [38;5;23mINFO[39m | Exported total_c stats for mean to <modality.infrastructure.file_name_service.ExtractDataFileName object at 0x1554e2e67650>.[39m
[38;5;23m2026-01-21 17:09:24[39m | [38;5;23mINFO[39m | Results written to file[39m
[38;5;23m2026-01-21 17:09:24[39m  16009 regions extracted.[39m
[38;5;23m2026-01-21 17:09:24[39m  [1m[38;5;154mData extracted successfully to /expanse/lustre/projects/csd940/zalibhai/biomodal/modality/outputs_CHG/Results/gencode.vM25.mouse.cpg_islands.annotation/Extract_20260121_170924[39m
[38;5;23m2026-01-21 17:09:24[39m  Generating plots: violin, correlation[39m
[38;5;23m2026-01-21 17:09:25[39m | [38;5;23mINFO[39m | Feature report saved to /expanse/lustre/projects/csd940/zalibhai/biomodal/modality/outputs_CHG/Results/gencode.vM25.mouse.cpg_islands.annotation/Extract_20260121_170924/total_c_mean_extract_report_20260121_170924.html[39m
[38;5;23m2026-01-21 17:09:25[39m | [38;5;23mINFO[39m | JSON report saved to /expanse/lustre/projects/csd940/zalibhai/biomodal/modality/outputs_CHG/Results/gencode.vM25.mouse.cpg_islands.annotation/Extract_20260121_170924/total_c_mean_extract_report_20260121_170924.json[39m
[38;5;23m2026-01-21 17:09:25[39m  [1m[38;5;154mFeature report with violin, correlation visualizations generated successfully at /expanse/lustre/projects/csd940/zalibhai/biomodal/modality/outputs_CHG/Results/gencode.vM25.mouse.cpg_islands.annotation/Extract_20260121_170924/total_c_mean_extract_report_20260121_170924.html.[39m
[38;5;23m2026-01-21 17:09:25[39m  Wrote provenance sidecar file to /expanse/lustre/projects/csd940/zalibhai/biomodal/modality/outputs_CHG/Results/gencode.vM25.mouse.cpg_islands.annotation/Extract_20260121_170924/modality_metadata_20260121_170925.json[39m
[INFO] 2026-01-21 17:09:25 - Running feature extraction: regional-frac for mc and hmc with minimum depth 10 (plots generated automatically)...
Logged in using stored credentials
[38;5;23m2026-01-21 17:09:31[39m  [1m[38;5;123mProvenance information:[39m
[38;5;23m2026-01-21 17:09:31[39m  cmd='/home/zalibhai/miniforge3/envs/modality/bin/modality -v get regional-frac --zarr-path /expanse/lustre/projects/csd940/zalibhai/biomodal/evoC-run/output/duet-1.5.0_evoC_Bap1_run_6bp/sample_outputs/zarr_store/CHG/evoC_Bap1_run.genome.GRCm38_primary_assembly.dedup.CHG.zarrz --sample-sheet /expanse/lustre/projects/csd940/zalibhai/biomodal/modality/metadata.tsv --bedfile /expanse/lustre/projects/csd940/zalibhai/biomodal/modality/mm10/gencode.vM25.mouse.cpg_islands.annotation.bed --fields mc hmc --min-coverage 10 --order-by-group condition --output-dir /expanse/lustre/projects/csd940/zalibhai/biomodal/modality/outputs_CHG/Results/gencode.vM25.mouse.cpg_islands.annotation'
timestamp=2026-01-21T17:09:31.213121
version=1.0.0
user=zalibhai

[39m
[38;5;23m2026-01-21 17:09:31[39m  [1m[38;5;123mExtracting methylation features:[39m
[38;5;23m2026-01-21 17:09:31[39m  [38;5;248mZarr path(s)[39m: ['/expanse/lustre/projects/csd940/zalibhai/biomodal/evoC-run/output/duet-1.5.0_evoC_Bap1_run_6bp/sample_outputs/zarr_store/CHG/evoC_Bap1_run.genome.GRCm38_primary_assembly.dedup.CHG.zarrz'][39m
[38;5;23m2026-01-21 17:09:31[39m  [38;5;248mSample Sheet[39m: /expanse/lustre/projects/csd940/zalibhai/biomodal/modality/metadata.tsv[39m
[38;5;23m2026-01-21 17:09:31[39m  [38;5;248mBedfile[39m: /expanse/lustre/projects/csd940/zalibhai/biomodal/modality/mm10/gencode.vM25.mouse.cpg_islands.annotation.bed[39m
[38;5;23m2026-01-21 17:09:31[39m  [38;5;248mFields[39m: ['num_mc', 'num_hmc'][39m
[38;5;23m2026-01-21 17:09:31[39m  [38;5;248mMin Coverage[39m: 10[39m
[38;5;23m2026-01-21 17:09:31[39m  [38;5;248mOrder By Group[39m: condition[39m
[38;5;23m2026-01-21 17:09:31[39m  [38;5;248mOutput Dir[39m: /expanse/lustre/projects/csd940/zalibhai/biomodal/modality/outputs_CHG/Results/gencode.vM25.mouse.cpg_islands.annotation[39m
[38;5;23m2026-01-21 17:09:31[39m  [38;5;248mNum Contexts[39m: 0[39m
[38;5;23m2026-01-21 17:09:31[39m  [38;5;248mDisable Strand Merging[39m: False[39m
[38;5;23m2026-01-21 17:09:31[39m  [38;5;248mWindow Size[39m: None[39m
[38;5;23m2026-01-21 17:09:31[39m  [38;5;248mTabix[39m: False[39m
[38;5;23m2026-01-21 17:09:31[39m  [38;5;248mRegion[39m: None[39m
[38;5;23m2026-01-21 17:09:31[39m  [38;5;248mAggregate By Group[39m: None[39m
[38;5;23m2026-01-21 17:09:31[39m  [38;5;248mCase Sensitive[39m: False[39m
[38;5;23m2026-01-21 17:09:31[39m  [38;5;248mHeatmap[39m: False[39m
[38;5;23m2026-01-21 17:09:31[39m | [38;5;23mINFO[39m | Sample sheet: /expanse/lustre/projects/csd940/zalibhai/biomodal/modality/metadata.tsv[39m
[38;5;23m2026-01-21 17:09:31[39m | [38;5;23mINFO[39m | Order samples by: condition, case-insensitive[39m
[38;5;23m2026-01-21 17:09:31[39m | [38;5;23mINFO[39m | Loading Zarr dataset...[39m
[38;5;23m2026-01-21 17:11:02[39m | [38;5;23mINFO[39m | Performing ['regional-frac'] on variables ['num_mc', 'num_hmc'] and min coverage 10.[39m
[38;5;23m2026-01-21 17:11:02[39m | [38;5;23mINFO[39m | ['num_mc', 'num_hmc', 'num_total_c'][39m
[38;5;23m2026-01-21 17:11:02[39m | [38;5;23mINFO[39m | Adding Ranges_ID column to validate merging.[39m
[38;5;23m2026-01-21 17:11:28[39m | [38;5;23mINFO[39m | Summarized over 16009 regions.[39m
[38;5;23m2026-01-21 17:11:28[39m | [38;5;23mINFO[39m | Applying post-processor <lambda> to DataFrame.[39m
[38;5;23m2026-01-21 17:11:28[39m | [38;5;23mINFO[39m | Dataframe has 16009 rows, processing large dataset[39m
[38;5;23m2026-01-21 17:11:28[39m | [38;5;23mINFO[39m | Concatenating files without compression.[39m
[38;5;23m2026-01-21 17:11:28[39m | [38;5;23mINFO[39m | Exported mc stats for regional-frac to <modality.infrastructure.file_name_service.ExtractDataFileName object at 0x1554e4d86110>.[39m
[38;5;23m2026-01-21 17:11:28[39m | [38;5;23mINFO[39m | Applying post-processor <lambda> to DataFrame.[39m
[38;5;23m2026-01-21 17:11:28[39m | [38;5;23mINFO[39m | Dataframe has 16009 rows, processing large dataset[39m
[38;5;23m2026-01-21 17:11:28[39m | [38;5;23mINFO[39m | Concatenating files without compression.[39m
[38;5;23m2026-01-21 17:11:28[39m | [38;5;23mINFO[39m | Exported hmc stats for regional-frac to <modality.infrastructure.file_name_service.ExtractDataFileName object at 0x1554e5634dd0>.[39m
[38;5;23m2026-01-21 17:11:28[39m | [38;5;23mINFO[39m | Results written to file[39m
[38;5;23m2026-01-21 17:11:28[39m  16009 regions extracted.[39m
[38;5;23m2026-01-21 17:11:28[39m  [1m[38;5;154mData extracted successfully to /expanse/lustre/projects/csd940/zalibhai/biomodal/modality/outputs_CHG/Results/gencode.vM25.mouse.cpg_islands.annotation/Extract_20260121_171128[39m
[38;5;23m2026-01-21 17:11:28[39m  Generating plots: correlation, violin[39m
[38;5;23m2026-01-21 17:11:29[39m | [38;5;23mINFO[39m | Feature report saved to /expanse/lustre/projects/csd940/zalibhai/biomodal/modality/outputs_CHG/Results/gencode.vM25.mouse.cpg_islands.annotation/Extract_20260121_171128/hmc-mc_regional-frac_extract_report_20260121_171128.html[39m
[38;5;23m2026-01-21 17:11:29[39m | [38;5;23mINFO[39m | JSON report saved to /expanse/lustre/projects/csd940/zalibhai/biomodal/modality/outputs_CHG/Results/gencode.vM25.mouse.cpg_islands.annotation/Extract_20260121_171128/hmc-mc_regional-frac_extract_report_20260121_171128.json[39m
[38;5;23m2026-01-21 17:11:29[39m  [1m[38;5;154mFeature report with correlation, violin visualizations generated successfully at /expanse/lustre/projects/csd940/zalibhai/biomodal/modality/outputs_CHG/Results/gencode.vM25.mouse.cpg_islands.annotation/Extract_20260121_171128/hmc-mc_regional-frac_extract_report_20260121_171128.html.[39m
[38;5;23m2026-01-21 17:11:29[39m  Wrote provenance sidecar file to /expanse/lustre/projects/csd940/zalibhai/biomodal/modality/outputs_CHG/Results/gencode.vM25.mouse.cpg_islands.annotation/Extract_20260121_171128/modality_metadata_20260121_171129.json[39m
[INFO] 2026-01-21 17:11:30 - Feature extraction completed for gencode.vM25.mouse.cpg_islands.annotation
[INFO] 2026-01-21 17:11:30 - Processing region file: /expanse/lustre/projects/csd940/zalibhai/biomodal/modality/mm10/gencode.vM25.mouse.cpg_islands.annotation.bed.gz
[INFO] 2026-01-21 17:11:30 - Running feature extraction: count total_c...
Logged in using stored credentials
[38;5;23m2026-01-21 17:11:35[39m  [1m[38;5;123mProvenance information:[39m
[38;5;23m2026-01-21 17:11:35[39m  cmd='/home/zalibhai/miniforge3/envs/modality/bin/modality -v get count --zarr-path /expanse/lustre/projects/csd940/zalibhai/biomodal/evoC-run/output/duet-1.5.0_evoC_Bap1_run_6bp/sample_outputs/zarr_store/CHG/evoC_Bap1_run.genome.GRCm38_primary_assembly.dedup.CHG.zarrz --sample-sheet /expanse/lustre/projects/csd940/zalibhai/biomodal/modality/metadata.tsv --bedfile /expanse/lustre/projects/csd940/zalibhai/biomodal/modality/mm10/gencode.vM25.mouse.cpg_islands.annotation.bed.gz --fields total_c --output-dir /expanse/lustre/projects/csd940/zalibhai/biomodal/modality/outputs_CHG/Results/gencode.vM25.mouse.cpg_islands.annotation'
timestamp=2026-01-21T17:11:35.484397
version=1.0.0
user=zalibhai

[39m
[38;5;23m2026-01-21 17:11:35[39m  [1m[38;5;123mExtracting methylation features:[39m
[38;5;23m2026-01-21 17:11:35[39m  [38;5;248mZarr path(s)[39m: ['/expanse/lustre/projects/csd940/zalibhai/biomodal/evoC-run/output/duet-1.5.0_evoC_Bap1_run_6bp/sample_outputs/zarr_store/CHG/evoC_Bap1_run.genome.GRCm38_primary_assembly.dedup.CHG.zarrz'][39m
[38;5;23m2026-01-21 17:11:35[39m  [38;5;248mSample Sheet[39m: /expanse/lustre/projects/csd940/zalibhai/biomodal/modality/metadata.tsv[39m
[38;5;23m2026-01-21 17:11:35[39m  [38;5;248mBedfile[39m: /expanse/lustre/projects/csd940/zalibhai/biomodal/modality/mm10/gencode.vM25.mouse.cpg_islands.annotation.bed.gz[39m
[38;5;23m2026-01-21 17:11:35[39m  [38;5;248mFields[39m: ['num_total_c'][39m
[38;5;23m2026-01-21 17:11:35[39m  [38;5;248mOutput Dir[39m: /expanse/lustre/projects/csd940/zalibhai/biomodal/modality/outputs_CHG/Results/gencode.vM25.mouse.cpg_islands.annotation[39m
[38;5;23m2026-01-21 17:11:35[39m  [38;5;248mMin Coverage[39m: 0[39m
[38;5;23m2026-01-21 17:11:35[39m  [38;5;248mNum Contexts[39m: 0[39m
[38;5;23m2026-01-21 17:11:35[39m  [38;5;248mDisable Strand Merging[39m: False[39m
[38;5;23m2026-01-21 17:11:35[39m  [38;5;248mWindow Size[39m: None[39m
[38;5;23m2026-01-21 17:11:35[39m  [38;5;248mTabix[39m: False[39m
[38;5;23m2026-01-21 17:11:35[39m  [38;5;248mRegion[39m: None[39m
[38;5;23m2026-01-21 17:11:35[39m | [38;5;23mINFO[39m | Loading Zarr dataset...[39m
[38;5;23m2026-01-21 17:12:08[39m | [38;5;23mINFO[39m | Performing ['count'] on variables ['num_total_c'] and min coverage 0.[39m
[38;5;23m2026-01-21 17:12:08[39m | [38;5;23mINFO[39m | ['num_total_c'][39m
[38;5;23m2026-01-21 17:12:08[39m | [38;5;23mINFO[39m | Adding Ranges_ID column to validate merging.[39m
[38;5;23m2026-01-21 17:12:25[39m | [38;5;23mINFO[39m | Summarized over 16009 regions.[39m
[38;5;23m2026-01-21 17:12:25[39m | [38;5;23mINFO[39m | Applying post-processor <lambda> to DataFrame.[39m
[38;5;23m2026-01-21 17:12:25[39m | [38;5;23mINFO[39m | Dataframe has 16009 rows, processing large dataset[39m
[38;5;23m2026-01-21 17:12:25[39m | [38;5;23mINFO[39m | Concatenating files without compression.[39m
[38;5;23m2026-01-21 17:12:25[39m | [38;5;23mINFO[39m | Exported total_c stats for count to <modality.infrastructure.file_name_service.ExtractDataFileName object at 0x1554e2b03710>.[39m
[38;5;23m2026-01-21 17:12:25[39m | [38;5;23mINFO[39m | Results written to file[39m
[38;5;23m2026-01-21 17:12:25[39m  16009 regions extracted.[39m
[38;5;23m2026-01-21 17:12:25[39m  [1m[38;5;154mData extracted successfully to /expanse/lustre/projects/csd940/zalibhai/biomodal/modality/outputs_CHG/Results/gencode.vM25.mouse.cpg_islands.annotation/Extract_20260121_171225[39m
[38;5;23m2026-01-21 17:12:25[39m | [38;5;23mINFO[39m | No plots generated. Sample sheet / group provided but no plots requested.[39m
[38;5;23m2026-01-21 17:12:25[39m  Wrote provenance sidecar file to /expanse/lustre/projects/csd940/zalibhai/biomodal/modality/outputs_CHG/Results/gencode.vM25.mouse.cpg_islands.annotation/Extract_20260121_171225/modality_metadata_20260121_171225.json[39m
[INFO] 2026-01-21 17:12:26 - Running feature extraction: mean total_c (plots generated automatically)...
Logged in using stored credentials
[38;5;23m2026-01-21 17:12:31[39m  [1m[38;5;123mProvenance information:[39m
[38;5;23m2026-01-21 17:12:31[39m  cmd='/home/zalibhai/miniforge3/envs/modality/bin/modality -v get mean --zarr-path /expanse/lustre/projects/csd940/zalibhai/biomodal/evoC-run/output/duet-1.5.0_evoC_Bap1_run_6bp/sample_outputs/zarr_store/CHG/evoC_Bap1_run.genome.GRCm38_primary_assembly.dedup.CHG.zarrz --sample-sheet /expanse/lustre/projects/csd940/zalibhai/biomodal/modality/metadata.tsv --bedfile /expanse/lustre/projects/csd940/zalibhai/biomodal/modality/mm10/gencode.vM25.mouse.cpg_islands.annotation.bed.gz --fields total_c --order-by-group condition --output-dir /expanse/lustre/projects/csd940/zalibhai/biomodal/modality/outputs_CHG/Results/gencode.vM25.mouse.cpg_islands.annotation'
timestamp=2026-01-21T17:12:31.544185
version=1.0.0
user=zalibhai

[39m
[38;5;23m2026-01-21 17:12:31[39m  [1m[38;5;123mExtracting methylation features:[39m
[38;5;23m2026-01-21 17:12:31[39m  [38;5;248mZarr path(s)[39m: ['/expanse/lustre/projects/csd940/zalibhai/biomodal/evoC-run/output/duet-1.5.0_evoC_Bap1_run_6bp/sample_outputs/zarr_store/CHG/evoC_Bap1_run.genome.GRCm38_primary_assembly.dedup.CHG.zarrz'][39m
[38;5;23m2026-01-21 17:12:31[39m  [38;5;248mSample Sheet[39m: /expanse/lustre/projects/csd940/zalibhai/biomodal/modality/metadata.tsv[39m
[38;5;23m2026-01-21 17:12:31[39m  [38;5;248mBedfile[39m: /expanse/lustre/projects/csd940/zalibhai/biomodal/modality/mm10/gencode.vM25.mouse.cpg_islands.annotation.bed.gz[39m
[38;5;23m2026-01-21 17:12:31[39m  [38;5;248mFields[39m: ['num_total_c'][39m
[38;5;23m2026-01-21 17:12:31[39m  [38;5;248mOrder By Group[39m: condition[39m
[38;5;23m2026-01-21 17:12:31[39m  [38;5;248mOutput Dir[39m: /expanse/lustre/projects/csd940/zalibhai/biomodal/modality/outputs_CHG/Results/gencode.vM25.mouse.cpg_islands.annotation[39m
[38;5;23m2026-01-21 17:12:31[39m  [38;5;248mMin Coverage[39m: 0[39m
[38;5;23m2026-01-21 17:12:31[39m  [38;5;248mNum Contexts[39m: 0[39m
[38;5;23m2026-01-21 17:12:31[39m  [38;5;248mDisable Strand Merging[39m: False[39m
[38;5;23m2026-01-21 17:12:31[39m  [38;5;248mWindow Size[39m: None[39m
[38;5;23m2026-01-21 17:12:31[39m  [38;5;248mTabix[39m: False[39m
[38;5;23m2026-01-21 17:12:31[39m  [38;5;248mRegion[39m: None[39m
[38;5;23m2026-01-21 17:12:31[39m  [38;5;248mAggregate By Group[39m: None[39m
[38;5;23m2026-01-21 17:12:31[39m  [38;5;248mCase Sensitive[39m: False[39m
[38;5;23m2026-01-21 17:12:31[39m  [38;5;248mHeatmap[39m: False[39m
[38;5;23m2026-01-21 17:12:31[39m | [38;5;23mINFO[39m | Sample sheet: /expanse/lustre/projects/csd940/zalibhai/biomodal/modality/metadata.tsv[39m
[38;5;23m2026-01-21 17:12:31[39m | [38;5;23mINFO[39m | Order samples by: condition, case-insensitive[39m
[38;5;23m2026-01-21 17:12:31[39m | [38;5;23mINFO[39m | Loading Zarr dataset...[39m
[38;5;23m2026-01-21 17:13:01[39m | [38;5;23mINFO[39m | Performing ['mean'] on variables ['num_total_c'] and min coverage 0.[39m
[38;5;23m2026-01-21 17:13:01[39m | [38;5;23mINFO[39m | ['num_total_c'][39m
[38;5;23m2026-01-21 17:13:01[39m | [38;5;23mINFO[39m | Adding Ranges_ID column to validate merging.[39m
[38;5;23m2026-01-21 17:13:14[39m | [38;5;23mINFO[39m | Summarized over 16009 regions.[39m
[38;5;23m2026-01-21 17:13:15[39m | [38;5;23mINFO[39m | Applying post-processor <lambda> to DataFrame.[39m
[38;5;23m2026-01-21 17:13:15[39m | [38;5;23mINFO[39m | Dataframe has 16009 rows, processing large dataset[39m
[38;5;23m2026-01-21 17:13:15[39m | [38;5;23mINFO[39m | Concatenating files without compression.[39m
[38;5;23m2026-01-21 17:13:15[39m | [38;5;23mINFO[39m | Exported total_c stats for mean to <modality.infrastructure.file_name_service.ExtractDataFileName object at 0x1554e63c5810>.[39m
[38;5;23m2026-01-21 17:13:15[39m | [38;5;23mINFO[39m | Results written to file[39m
[38;5;23m2026-01-21 17:13:15[39m  16009 regions extracted.[39m
[38;5;23m2026-01-21 17:13:15[39m  [1m[38;5;154mData extracted successfully to /expanse/lustre/projects/csd940/zalibhai/biomodal/modality/outputs_CHG/Results/gencode.vM25.mouse.cpg_islands.annotation/Extract_20260121_171315[39m
[38;5;23m2026-01-21 17:13:15[39m  Generating plots: correlation, violin[39m
[38;5;23m2026-01-21 17:13:16[39m | [38;5;23mINFO[39m | Feature report saved to /expanse/lustre/projects/csd940/zalibhai/biomodal/modality/outputs_CHG/Results/gencode.vM25.mouse.cpg_islands.annotation/Extract_20260121_171315/total_c_mean_extract_report_20260121_171315.html[39m
[38;5;23m2026-01-21 17:13:16[39m | [38;5;23mINFO[39m | JSON report saved to /expanse/lustre/projects/csd940/zalibhai/biomodal/modality/outputs_CHG/Results/gencode.vM25.mouse.cpg_islands.annotation/Extract_20260121_171315/total_c_mean_extract_report_20260121_171315.json[39m
[38;5;23m2026-01-21 17:13:16[39m  [1m[38;5;154mFeature report with correlation, violin visualizations generated successfully at /expanse/lustre/projects/csd940/zalibhai/biomodal/modality/outputs_CHG/Results/gencode.vM25.mouse.cpg_islands.annotation/Extract_20260121_171315/total_c_mean_extract_report_20260121_171315.html.[39m
[38;5;23m2026-01-21 17:13:16[39m  Wrote provenance sidecar file to /expanse/lustre/projects/csd940/zalibhai/biomodal/modality/outputs_CHG/Results/gencode.vM25.mouse.cpg_islands.annotation/Extract_20260121_171315/modality_metadata_20260121_171316.json[39m
[INFO] 2026-01-21 17:13:17 - Running feature extraction: regional-frac for mc and hmc with minimum depth 10 (plots generated automatically)...
Logged in using stored credentials
[38;5;23m2026-01-21 17:13:21[39m  [1m[38;5;123mProvenance information:[39m
[38;5;23m2026-01-21 17:13:21[39m  cmd='/home/zalibhai/miniforge3/envs/modality/bin/modality -v get regional-frac --zarr-path /expanse/lustre/projects/csd940/zalibhai/biomodal/evoC-run/output/duet-1.5.0_evoC_Bap1_run_6bp/sample_outputs/zarr_store/CHG/evoC_Bap1_run.genome.GRCm38_primary_assembly.dedup.CHG.zarrz --sample-sheet /expanse/lustre/projects/csd940/zalibhai/biomodal/modality/metadata.tsv --bedfile /expanse/lustre/projects/csd940/zalibhai/biomodal/modality/mm10/gencode.vM25.mouse.cpg_islands.annotation.bed.gz --fields mc hmc --min-coverage 10 --order-by-group condition --output-dir /expanse/lustre/projects/csd940/zalibhai/biomodal/modality/outputs_CHG/Results/gencode.vM25.mouse.cpg_islands.annotation'
timestamp=2026-01-21T17:13:21.689718
version=1.0.0
user=zalibhai

[39m
[38;5;23m2026-01-21 17:13:21[39m  [1m[38;5;123mExtracting methylation features:[39m
[38;5;23m2026-01-21 17:13:21[39m  [38;5;248mZarr path(s)[39m: ['/expanse/lustre/projects/csd940/zalibhai/biomodal/evoC-run/output/duet-1.5.0_evoC_Bap1_run_6bp/sample_outputs/zarr_store/CHG/evoC_Bap1_run.genome.GRCm38_primary_assembly.dedup.CHG.zarrz'][39m
[38;5;23m2026-01-21 17:13:21[39m  [38;5;248mSample Sheet[39m: /expanse/lustre/projects/csd940/zalibhai/biomodal/modality/metadata.tsv[39m
[38;5;23m2026-01-21 17:13:21[39m  [38;5;248mBedfile[39m: /expanse/lustre/projects/csd940/zalibhai/biomodal/modality/mm10/gencode.vM25.mouse.cpg_islands.annotation.bed.gz[39m
[38;5;23m2026-01-21 17:13:21[39m  [38;5;248mFields[39m: ['num_mc', 'num_hmc'][39m
[38;5;23m2026-01-21 17:13:21[39m  [38;5;248mMin Coverage[39m: 10[39m
[38;5;23m2026-01-21 17:13:21[39m  [38;5;248mOrder By Group[39m: condition[39m
[38;5;23m2026-01-21 17:13:21[39m  [38;5;248mOutput Dir[39m: /expanse/lustre/projects/csd940/zalibhai/biomodal/modality/outputs_CHG/Results/gencode.vM25.mouse.cpg_islands.annotation[39m
[38;5;23m2026-01-21 17:13:21[39m  [38;5;248mNum Contexts[39m: 0[39m
[38;5;23m2026-01-21 17:13:21[39m  [38;5;248mDisable Strand Merging[39m: False[39m
[38;5;23m2026-01-21 17:13:21[39m  [38;5;248mWindow Size[39m: None[39m
[38;5;23m2026-01-21 17:13:21[39m  [38;5;248mTabix[39m: False[39m
[38;5;23m2026-01-21 17:13:21[39m  [38;5;248mRegion[39m: None[39m
[38;5;23m2026-01-21 17:13:21[39m  [38;5;248mAggregate By Group[39m: None[39m
[38;5;23m2026-01-21 17:13:21[39m  [38;5;248mCase Sensitive[39m: False[39m
[38;5;23m2026-01-21 17:13:21[39m  [38;5;248mHeatmap[39m: False[39m
[38;5;23m2026-01-21 17:13:21[39m | [38;5;23mINFO[39m | Sample sheet: /expanse/lustre/projects/csd940/zalibhai/biomodal/modality/metadata.tsv[39m
[38;5;23m2026-01-21 17:13:21[39m | [38;5;23mINFO[39m | Order samples by: condition, case-insensitive[39m
[38;5;23m2026-01-21 17:13:21[39m | [38;5;23mINFO[39m | Loading Zarr dataset...[39m
[38;5;23m2026-01-21 17:14:53[39m | [38;5;23mINFO[39m | Performing ['regional-frac'] on variables ['num_mc', 'num_hmc'] and min coverage 10.[39m
[38;5;23m2026-01-21 17:14:53[39m | [38;5;23mINFO[39m | ['num_mc', 'num_hmc', 'num_total_c'][39m
[38;5;23m2026-01-21 17:14:53[39m | [38;5;23mINFO[39m | Adding Ranges_ID column to validate merging.[39m
[38;5;23m2026-01-21 17:15:12[39m | [38;5;23mINFO[39m | Summarized over 16009 regions.[39m
[38;5;23m2026-01-21 17:15:12[39m | [38;5;23mINFO[39m | Applying post-processor <lambda> to DataFrame.[39m
[38;5;23m2026-01-21 17:15:12[39m | [38;5;23mINFO[39m | Dataframe has 16009 rows, processing large dataset[39m
[38;5;23m2026-01-21 17:15:13[39m | [38;5;23mINFO[39m | Concatenating files without compression.[39m
[38;5;23m2026-01-21 17:15:13[39m | [38;5;23mINFO[39m | Exported mc stats for regional-frac to <modality.infrastructure.file_name_service.ExtractDataFileName object at 0x1554e4e5fa10>.[39m
[38;5;23m2026-01-21 17:15:13[39m | [38;5;23mINFO[39m | Applying post-processor <lambda> to DataFrame.[39m
[38;5;23m2026-01-21 17:15:13[39m | [38;5;23mINFO[39m | Dataframe has 16009 rows, processing large dataset[39m
[38;5;23m2026-01-21 17:15:13[39m | [38;5;23mINFO[39m | Concatenating files without compression.[39m
[38;5;23m2026-01-21 17:15:13[39m | [38;5;23mINFO[39m | Exported hmc stats for regional-frac to <modality.infrastructure.file_name_service.ExtractDataFileName object at 0x1554e1f99590>.[39m
[38;5;23m2026-01-21 17:15:13[39m | [38;5;23mINFO[39m | Results written to file[39m
[38;5;23m2026-01-21 17:15:13[39m  16009 regions extracted.[39m
[38;5;23m2026-01-21 17:15:13[39m  [1m[38;5;154mData extracted successfully to /expanse/lustre/projects/csd940/zalibhai/biomodal/modality/outputs_CHG/Results/gencode.vM25.mouse.cpg_islands.annotation/Extract_20260121_171512[39m
[38;5;23m2026-01-21 17:15:13[39m  Generating plots: correlation, violin[39m
[38;5;23m2026-01-21 17:15:13[39m | [38;5;23mINFO[39m | Feature report saved to /expanse/lustre/projects/csd940/zalibhai/biomodal/modality/outputs_CHG/Results/gencode.vM25.mouse.cpg_islands.annotation/Extract_20260121_171512/hmc-mc_regional-frac_extract_report_20260121_171512.html[39m
[38;5;23m2026-01-21 17:15:14[39m | [38;5;23mINFO[39m | JSON report saved to /expanse/lustre/projects/csd940/zalibhai/biomodal/modality/outputs_CHG/Results/gencode.vM25.mouse.cpg_islands.annotation/Extract_20260121_171512/hmc-mc_regional-frac_extract_report_20260121_171512.json[39m
[38;5;23m2026-01-21 17:15:14[39m  [1m[38;5;154mFeature report with correlation, violin visualizations generated successfully at /expanse/lustre/projects/csd940/zalibhai/biomodal/modality/outputs_CHG/Results/gencode.vM25.mouse.cpg_islands.annotation/Extract_20260121_171512/hmc-mc_regional-frac_extract_report_20260121_171512.html.[39m
[38;5;23m2026-01-21 17:15:14[39m  Wrote provenance sidecar file to /expanse/lustre/projects/csd940/zalibhai/biomodal/modality/outputs_CHG/Results/gencode.vM25.mouse.cpg_islands.annotation/Extract_20260121_171512/modality_metadata_20260121_171514.json[39m
[INFO] 2026-01-21 17:15:19 - Feature extraction completed for gencode.vM25.mouse.cpg_islands.annotation
[INFO] 2026-01-21 17:15:19 - Processing region file: /expanse/lustre/projects/csd940/zalibhai/biomodal/modality/mm10/gencode.vM25.mouse.cpg_shelves.annotation.bed.gz
[INFO] 2026-01-21 17:15:19 - Running feature extraction: count total_c...
Logged in using stored credentials
[38;5;23m2026-01-21 17:15:24[39m  [1m[38;5;123mProvenance information:[39m
[38;5;23m2026-01-21 17:15:24[39m  cmd='/home/zalibhai/miniforge3/envs/modality/bin/modality -v get count --zarr-path /expanse/lustre/projects/csd940/zalibhai/biomodal/evoC-run/output/duet-1.5.0_evoC_Bap1_run_6bp/sample_outputs/zarr_store/CHG/evoC_Bap1_run.genome.GRCm38_primary_assembly.dedup.CHG.zarrz --sample-sheet /expanse/lustre/projects/csd940/zalibhai/biomodal/modality/metadata.tsv --bedfile /expanse/lustre/projects/csd940/zalibhai/biomodal/modality/mm10/gencode.vM25.mouse.cpg_shelves.annotation.bed.gz --fields total_c --output-dir /expanse/lustre/projects/csd940/zalibhai/biomodal/modality/outputs_CHG/Results/gencode.vM25.mouse.cpg_shelves.annotation'
timestamp=2026-01-21T17:15:24.412732
version=1.0.0
user=zalibhai

[39m
[38;5;23m2026-01-21 17:15:24[39m  [1m[38;5;123mExtracting methylation features:[39m
[38;5;23m2026-01-21 17:15:24[39m  [38;5;248mZarr path(s)[39m: ['/expanse/lustre/projects/csd940/zalibhai/biomodal/evoC-run/output/duet-1.5.0_evoC_Bap1_run_6bp/sample_outputs/zarr_store/CHG/evoC_Bap1_run.genome.GRCm38_primary_assembly.dedup.CHG.zarrz'][39m
[38;5;23m2026-01-21 17:15:24[39m  [38;5;248mSample Sheet[39m: /expanse/lustre/projects/csd940/zalibhai/biomodal/modality/metadata.tsv[39m
[38;5;23m2026-01-21 17:15:24[39m  [38;5;248mBedfile[39m: /expanse/lustre/projects/csd940/zalibhai/biomodal/modality/mm10/gencode.vM25.mouse.cpg_shelves.annotation.bed.gz[39m
[38;5;23m2026-01-21 17:15:24[39m  [38;5;248mFields[39m: ['num_total_c'][39m
[38;5;23m2026-01-21 17:15:24[39m  [38;5;248mOutput Dir[39m: /expanse/lustre/projects/csd940/zalibhai/biomodal/modality/outputs_CHG/Results/gencode.vM25.mouse.cpg_shelves.annotation[39m
[38;5;23m2026-01-21 17:15:24[39m  [38;5;248mMin Coverage[39m: 0[39m
[38;5;23m2026-01-21 17:15:24[39m  [38;5;248mNum Contexts[39m: 0[39m
[38;5;23m2026-01-21 17:15:24[39m  [38;5;248mDisable Strand Merging[39m: False[39m
[38;5;23m2026-01-21 17:15:24[39m  [38;5;248mWindow Size[39m: None[39m
[38;5;23m2026-01-21 17:15:24[39m  [38;5;248mTabix[39m: False[39m
[38;5;23m2026-01-21 17:15:24[39m  [38;5;248mRegion[39m: None[39m
[38;5;23m2026-01-21 17:15:24[39m | [38;5;23mINFO[39m | Loading Zarr dataset...[39m
[38;5;23m2026-01-21 17:15:54[39m | [38;5;23mINFO[39m | Performing ['count'] on variables ['num_total_c'] and min coverage 0.[39m
[38;5;23m2026-01-21 17:15:54[39m | [38;5;23mINFO[39m | ['num_total_c'][39m
[38;5;23m2026-01-21 17:15:54[39m | [38;5;23mINFO[39m | Adding Ranges_ID column to validate merging.[39m
[38;5;23m2026-01-21 17:16:16[39m | [38;5;23mINFO[39m | Summarized over 29912 regions.[39m
[38;5;23m2026-01-21 17:16:16[39m | [38;5;23mINFO[39m | Applying post-processor <lambda> to DataFrame.[39m
[38;5;23m2026-01-21 17:16:16[39m | [38;5;23mINFO[39m | Dataframe has 31066 rows, processing large dataset[39m
[38;5;23m2026-01-21 17:16:16[39m | [38;5;23mINFO[39m | Concatenating files without compression.[39m
[38;5;23m2026-01-21 17:16:16[39m | [38;5;23mINFO[39m | Exported total_c stats for count to <modality.infrastructure.file_name_service.ExtractDataFileName object at 0x1554e23cc650>.[39m
[38;5;23m2026-01-21 17:16:16[39m | [38;5;23mINFO[39m | Results written to file[39m
[38;5;23m2026-01-21 17:16:16[39m  29912 regions extracted.[39m
[38;5;23m2026-01-21 17:16:16[39m  [1m[38;5;154mData extracted successfully to /expanse/lustre/projects/csd940/zalibhai/biomodal/modality/outputs_CHG/Results/gencode.vM25.mouse.cpg_shelves.annotation/Extract_20260121_171616[39m
[38;5;23m2026-01-21 17:16:16[39m | [38;5;23mINFO[39m | No plots generated. Sample sheet / group provided but no plots requested.[39m
[38;5;23m2026-01-21 17:16:16[39m  Wrote provenance sidecar file to /expanse/lustre/projects/csd940/zalibhai/biomodal/modality/outputs_CHG/Results/gencode.vM25.mouse.cpg_shelves.annotation/Extract_20260121_171616/modality_metadata_20260121_171616.json[39m
[INFO] 2026-01-21 17:16:17 - Running feature extraction: mean total_c (plots generated automatically)...
Logged in using stored credentials
[38;5;23m2026-01-21 17:16:20[39m  [1m[38;5;123mProvenance information:[39m
[38;5;23m2026-01-21 17:16:20[39m  cmd='/home/zalibhai/miniforge3/envs/modality/bin/modality -v get mean --zarr-path /expanse/lustre/projects/csd940/zalibhai/biomodal/evoC-run/output/duet-1.5.0_evoC_Bap1_run_6bp/sample_outputs/zarr_store/CHG/evoC_Bap1_run.genome.GRCm38_primary_assembly.dedup.CHG.zarrz --sample-sheet /expanse/lustre/projects/csd940/zalibhai/biomodal/modality/metadata.tsv --bedfile /expanse/lustre/projects/csd940/zalibhai/biomodal/modality/mm10/gencode.vM25.mouse.cpg_shelves.annotation.bed.gz --fields total_c --order-by-group condition --output-dir /expanse/lustre/projects/csd940/zalibhai/biomodal/modality/outputs_CHG/Results/gencode.vM25.mouse.cpg_shelves.annotation'
timestamp=2026-01-21T17:16:20.438007
version=1.0.0
user=zalibhai

[39m
[38;5;23m2026-01-21 17:16:20[39m  [1m[38;5;123mExtracting methylation features:[39m
[38;5;23m2026-01-21 17:16:20[39m  [38;5;248mZarr path(s)[39m: ['/expanse/lustre/projects/csd940/zalibhai/biomodal/evoC-run/output/duet-1.5.0_evoC_Bap1_run_6bp/sample_outputs/zarr_store/CHG/evoC_Bap1_run.genome.GRCm38_primary_assembly.dedup.CHG.zarrz'][39m
[38;5;23m2026-01-21 17:16:20[39m  [38;5;248mSample Sheet[39m: /expanse/lustre/projects/csd940/zalibhai/biomodal/modality/metadata.tsv[39m
[38;5;23m2026-01-21 17:16:20[39m  [38;5;248mBedfile[39m: /expanse/lustre/projects/csd940/zalibhai/biomodal/modality/mm10/gencode.vM25.mouse.cpg_shelves.annotation.bed.gz[39m
[38;5;23m2026-01-21 17:16:20[39m  [38;5;248mFields[39m: ['num_total_c'][39m
[38;5;23m2026-01-21 17:16:20[39m  [38;5;248mOrder By Group[39m: condition[39m
[38;5;23m2026-01-21 17:16:20[39m  [38;5;248mOutput Dir[39m: /expanse/lustre/projects/csd940/zalibhai/biomodal/modality/outputs_CHG/Results/gencode.vM25.mouse.cpg_shelves.annotation[39m
[38;5;23m2026-01-21 17:16:20[39m  [38;5;248mMin Coverage[39m: 0[39m
[38;5;23m2026-01-21 17:16:20[39m  [38;5;248mNum Contexts[39m: 0[39m
[38;5;23m2026-01-21 17:16:20[39m  [38;5;248mDisable Strand Merging[39m: False[39m
[38;5;23m2026-01-21 17:16:20[39m  [38;5;248mWindow Size[39m: None[39m
[38;5;23m2026-01-21 17:16:20[39m  [38;5;248mTabix[39m: False[39m
[38;5;23m2026-01-21 17:16:20[39m  [38;5;248mRegion[39m: None[39m
[38;5;23m2026-01-21 17:16:20[39m  [38;5;248mAggregate By Group[39m: None[39m
[38;5;23m2026-01-21 17:16:20[39m  [38;5;248mCase Sensitive[39m: False[39m
[38;5;23m2026-01-21 17:16:20[39m  [38;5;248mHeatmap[39m: False[39m
[38;5;23m2026-01-21 17:16:20[39m | [38;5;23mINFO[39m | Sample sheet: /expanse/lustre/projects/csd940/zalibhai/biomodal/modality/metadata.tsv[39m
[38;5;23m2026-01-21 17:16:20[39m | [38;5;23mINFO[39m | Order samples by: condition, case-insensitive[39m
[38;5;23m2026-01-21 17:16:20[39m | [38;5;23mINFO[39m | Loading Zarr dataset...[39m
[38;5;23m2026-01-21 17:16:48[39m | [38;5;23mINFO[39m | Performing ['mean'] on variables ['num_total_c'] and min coverage 0.[39m
[38;5;23m2026-01-21 17:16:48[39m | [38;5;23mINFO[39m | ['num_total_c'][39m
[38;5;23m2026-01-21 17:16:48[39m | [38;5;23mINFO[39m | Adding Ranges_ID column to validate merging.[39m
[38;5;23m2026-01-21 17:17:10[39m | [38;5;23mINFO[39m | Summarized over 29912 regions.[39m
[38;5;23m2026-01-21 17:17:10[39m | [38;5;23mINFO[39m | Applying post-processor <lambda> to DataFrame.[39m
[38;5;23m2026-01-21 17:17:10[39m | [38;5;23mINFO[39m | Dataframe has 31066 rows, processing large dataset[39m
[38;5;23m2026-01-21 17:17:10[39m | [38;5;23mINFO[39m | Concatenating files without compression.[39m
[38;5;23m2026-01-21 17:17:10[39m | [38;5;23mINFO[39m | Exported total_c stats for mean to <modality.infrastructure.file_name_service.ExtractDataFileName object at 0x1554e1a5d750>.[39m
[38;5;23m2026-01-21 17:17:10[39m | [38;5;23mINFO[39m | Results written to file[39m
[38;5;23m2026-01-21 17:17:10[39m  29912 regions extracted.[39m
[38;5;23m2026-01-21 17:17:10[39m  [1m[38;5;154mData extracted successfully to /expanse/lustre/projects/csd940/zalibhai/biomodal/modality/outputs_CHG/Results/gencode.vM25.mouse.cpg_shelves.annotation/Extract_20260121_171710[39m
[38;5;23m2026-01-21 17:17:10[39m  Generating plots: violin, correlation[39m
[38;5;23m2026-01-21 17:17:11[39m | [38;5;23mINFO[39m | Feature report saved to /expanse/lustre/projects/csd940/zalibhai/biomodal/modality/outputs_CHG/Results/gencode.vM25.mouse.cpg_shelves.annotation/Extract_20260121_171710/total_c_mean_extract_report_20260121_171710.html[39m
[38;5;23m2026-01-21 17:17:11[39m | [38;5;23mINFO[39m | JSON report saved to /expanse/lustre/projects/csd940/zalibhai/biomodal/modality/outputs_CHG/Results/gencode.vM25.mouse.cpg_shelves.annotation/Extract_20260121_171710/total_c_mean_extract_report_20260121_171710.json[39m
[38;5;23m2026-01-21 17:17:11[39m  [1m[38;5;154mFeature report with violin, correlation visualizations generated successfully at /expanse/lustre/projects/csd940/zalibhai/biomodal/modality/outputs_CHG/Results/gencode.vM25.mouse.cpg_shelves.annotation/Extract_20260121_171710/total_c_mean_extract_report_20260121_171710.html.[39m
[38;5;23m2026-01-21 17:17:11[39m  Wrote provenance sidecar file to /expanse/lustre/projects/csd940/zalibhai/biomodal/modality/outputs_CHG/Results/gencode.vM25.mouse.cpg_shelves.annotation/Extract_20260121_171710/modality_metadata_20260121_171711.json[39m
[INFO] 2026-01-21 17:17:11 - Running feature extraction: regional-frac for mc and hmc with minimum depth 10 (plots generated automatically)...
Logged in using stored credentials
[38;5;23m2026-01-21 17:17:15[39m  [1m[38;5;123mProvenance information:[39m
[38;5;23m2026-01-21 17:17:15[39m  cmd='/home/zalibhai/miniforge3/envs/modality/bin/modality -v get regional-frac --zarr-path /expanse/lustre/projects/csd940/zalibhai/biomodal/evoC-run/output/duet-1.5.0_evoC_Bap1_run_6bp/sample_outputs/zarr_store/CHG/evoC_Bap1_run.genome.GRCm38_primary_assembly.dedup.CHG.zarrz --sample-sheet /expanse/lustre/projects/csd940/zalibhai/biomodal/modality/metadata.tsv --bedfile /expanse/lustre/projects/csd940/zalibhai/biomodal/modality/mm10/gencode.vM25.mouse.cpg_shelves.annotation.bed.gz --fields mc hmc --min-coverage 10 --order-by-group condition --output-dir /expanse/lustre/projects/csd940/zalibhai/biomodal/modality/outputs_CHG/Results/gencode.vM25.mouse.cpg_shelves.annotation'
timestamp=2026-01-21T17:17:15.558424
version=1.0.0
user=zalibhai

[39m
[38;5;23m2026-01-21 17:17:15[39m  [1m[38;5;123mExtracting methylation features:[39m
[38;5;23m2026-01-21 17:17:15[39m  [38;5;248mZarr path(s)[39m: ['/expanse/lustre/projects/csd940/zalibhai/biomodal/evoC-run/output/duet-1.5.0_evoC_Bap1_run_6bp/sample_outputs/zarr_store/CHG/evoC_Bap1_run.genome.GRCm38_primary_assembly.dedup.CHG.zarrz'][39m
[38;5;23m2026-01-21 17:17:15[39m  [38;5;248mSample Sheet[39m: /expanse/lustre/projects/csd940/zalibhai/biomodal/modality/metadata.tsv[39m
[38;5;23m2026-01-21 17:17:15[39m  [38;5;248mBedfile[39m: /expanse/lustre/projects/csd940/zalibhai/biomodal/modality/mm10/gencode.vM25.mouse.cpg_shelves.annotation.bed.gz[39m
[38;5;23m2026-01-21 17:17:15[39m  [38;5;248mFields[39m: ['num_mc', 'num_hmc'][39m
[38;5;23m2026-01-21 17:17:15[39m  [38;5;248mMin Coverage[39m: 10[39m
[38;5;23m2026-01-21 17:17:15[39m  [38;5;248mOrder By Group[39m: condition[39m
[38;5;23m2026-01-21 17:17:15[39m  [38;5;248mOutput Dir[39m: /expanse/lustre/projects/csd940/zalibhai/biomodal/modality/outputs_CHG/Results/gencode.vM25.mouse.cpg_shelves.annotation[39m
[38;5;23m2026-01-21 17:17:15[39m  [38;5;248mNum Contexts[39m: 0[39m
[38;5;23m2026-01-21 17:17:15[39m  [38;5;248mDisable Strand Merging[39m: False[39m
[38;5;23m2026-01-21 17:17:15[39m  [38;5;248mWindow Size[39m: None[39m
[38;5;23m2026-01-21 17:17:15[39m  [38;5;248mTabix[39m: False[39m
[38;5;23m2026-01-21 17:17:15[39m  [38;5;248mRegion[39m: None[39m
[38;5;23m2026-01-21 17:17:15[39m  [38;5;248mAggregate By Group[39m: None[39m
[38;5;23m2026-01-21 17:17:15[39m  [38;5;248mCase Sensitive[39m: False[39m
[38;5;23m2026-01-21 17:17:15[39m  [38;5;248mHeatmap[39m: False[39m
[38;5;23m2026-01-21 17:17:15[39m | [38;5;23mINFO[39m | Sample sheet: /expanse/lustre/projects/csd940/zalibhai/biomodal/modality/metadata.tsv[39m
[38;5;23m2026-01-21 17:17:15[39m | [38;5;23mINFO[39m | Order samples by: condition, case-insensitive[39m
[38;5;23m2026-01-21 17:17:15[39m | [38;5;23mINFO[39m | Loading Zarr dataset...[39m
[38;5;23m2026-01-21 17:18:44[39m | [38;5;23mINFO[39m | Performing ['regional-frac'] on variables ['num_mc', 'num_hmc'] and min coverage 10.[39m
[38;5;23m2026-01-21 17:18:44[39m | [38;5;23mINFO[39m | ['num_mc', 'num_hmc', 'num_total_c'][39m
[38;5;23m2026-01-21 17:18:44[39m | [38;5;23mINFO[39m | Adding Ranges_ID column to validate merging.[39m
[38;5;23m2026-01-21 17:19:08[39m | [38;5;23mINFO[39m | Summarized over 29912 regions.[39m
[38;5;23m2026-01-21 17:19:08[39m | [38;5;23mINFO[39m | Applying post-processor <lambda> to DataFrame.[39m
[38;5;23m2026-01-21 17:19:09[39m | [38;5;23mINFO[39m | Dataframe has 31066 rows, processing large dataset[39m
[38;5;23m2026-01-21 17:19:09[39m | [38;5;23mINFO[39m | Concatenating files without compression.[39m
[38;5;23m2026-01-21 17:19:10[39m | [38;5;23mINFO[39m | Exported mc stats for regional-frac to <modality.infrastructure.file_name_service.ExtractDataFileName object at 0x1554e6168e10>.[39m
[38;5;23m2026-01-21 17:19:10[39m | [38;5;23mINFO[39m | Applying post-processor <lambda> to DataFrame.[39m
[38;5;23m2026-01-21 17:19:10[39m | [38;5;23mINFO[39m | Dataframe has 31066 rows, processing large dataset[39m
[38;5;23m2026-01-21 17:19:11[39m | [38;5;23mINFO[39m | Concatenating files without compression.[39m
[38;5;23m2026-01-21 17:19:11[39m | [38;5;23mINFO[39m | Exported hmc stats for regional-frac to <modality.infrastructure.file_name_service.ExtractDataFileName object at 0x1554e6176e50>.[39m
[38;5;23m2026-01-21 17:19:11[39m | [38;5;23mINFO[39m | Results written to file[39m
[38;5;23m2026-01-21 17:19:11[39m  29912 regions extracted.[39m
[38;5;23m2026-01-21 17:19:11[39m  [1m[38;5;154mData extracted successfully to /expanse/lustre/projects/csd940/zalibhai/biomodal/modality/outputs_CHG/Results/gencode.vM25.mouse.cpg_shelves.annotation/Extract_20260121_171909[39m
[38;5;23m2026-01-21 17:19:11[39m  Generating plots: violin, correlation[39m
[38;5;23m2026-01-21 17:19:12[39m | [38;5;23mINFO[39m | Feature report saved to /expanse/lustre/projects/csd940/zalibhai/biomodal/modality/outputs_CHG/Results/gencode.vM25.mouse.cpg_shelves.annotation/Extract_20260121_171909/hmc-mc_regional-frac_extract_report_20260121_171909.html[39m
[38;5;23m2026-01-21 17:19:12[39m | [38;5;23mINFO[39m | JSON report saved to /expanse/lustre/projects/csd940/zalibhai/biomodal/modality/outputs_CHG/Results/gencode.vM25.mouse.cpg_shelves.annotation/Extract_20260121_171909/hmc-mc_regional-frac_extract_report_20260121_171909.json[39m
[38;5;23m2026-01-21 17:19:12[39m  [1m[38;5;154mFeature report with violin, correlation visualizations generated successfully at /expanse/lustre/projects/csd940/zalibhai/biomodal/modality/outputs_CHG/Results/gencode.vM25.mouse.cpg_shelves.annotation/Extract_20260121_171909/hmc-mc_regional-frac_extract_report_20260121_171909.html.[39m
[38;5;23m2026-01-21 17:19:12[39m  Wrote provenance sidecar file to /expanse/lustre/projects/csd940/zalibhai/biomodal/modality/outputs_CHG/Results/gencode.vM25.mouse.cpg_shelves.annotation/Extract_20260121_171909/modality_metadata_20260121_171912.json[39m
[INFO] 2026-01-21 17:19:12 - Feature extraction completed for gencode.vM25.mouse.cpg_shelves.annotation
[INFO] 2026-01-21 17:19:12 - Processing region file: /expanse/lustre/projects/csd940/zalibhai/biomodal/modality/mm10/gencode.vM25.mouse.cpg_shores.annotation.bed.gz
[INFO] 2026-01-21 17:19:12 - Running feature extraction: count total_c...
Logged in using stored credentials
[38;5;23m2026-01-21 17:19:18[39m  [1m[38;5;123mProvenance information:[39m
[38;5;23m2026-01-21 17:19:18[39m  cmd='/home/zalibhai/miniforge3/envs/modality/bin/modality -v get count --zarr-path /expanse/lustre/projects/csd940/zalibhai/biomodal/evoC-run/output/duet-1.5.0_evoC_Bap1_run_6bp/sample_outputs/zarr_store/CHG/evoC_Bap1_run.genome.GRCm38_primary_assembly.dedup.CHG.zarrz --sample-sheet /expanse/lustre/projects/csd940/zalibhai/biomodal/modality/metadata.tsv --bedfile /expanse/lustre/projects/csd940/zalibhai/biomodal/modality/mm10/gencode.vM25.mouse.cpg_shores.annotation.bed.gz --fields total_c --output-dir /expanse/lustre/projects/csd940/zalibhai/biomodal/modality/outputs_CHG/Results/gencode.vM25.mouse.cpg_shores.annotation'
timestamp=2026-01-21T17:19:18.231591
version=1.0.0
user=zalibhai

[39m
[38;5;23m2026-01-21 17:19:18[39m  [1m[38;5;123mExtracting methylation features:[39m
[38;5;23m2026-01-21 17:19:18[39m  [38;5;248mZarr path(s)[39m: ['/expanse/lustre/projects/csd940/zalibhai/biomodal/evoC-run/output/duet-1.5.0_evoC_Bap1_run_6bp/sample_outputs/zarr_store/CHG/evoC_Bap1_run.genome.GRCm38_primary_assembly.dedup.CHG.zarrz'][39m
[38;5;23m2026-01-21 17:19:18[39m  [38;5;248mSample Sheet[39m: /expanse/lustre/projects/csd940/zalibhai/biomodal/modality/metadata.tsv[39m
[38;5;23m2026-01-21 17:19:18[39m  [38;5;248mBedfile[39m: /expanse/lustre/projects/csd940/zalibhai/biomodal/modality/mm10/gencode.vM25.mouse.cpg_shores.annotation.bed.gz[39m
[38;5;23m2026-01-21 17:19:18[39m  [38;5;248mFields[39m: ['num_total_c'][39m
[38;5;23m2026-01-21 17:19:18[39m  [38;5;248mOutput Dir[39m: /expanse/lustre/projects/csd940/zalibhai/biomodal/modality/outputs_CHG/Results/gencode.vM25.mouse.cpg_shores.annotation[39m
[38;5;23m2026-01-21 17:19:18[39m  [38;5;248mMin Coverage[39m: 0[39m
[38;5;23m2026-01-21 17:19:18[39m  [38;5;248mNum Contexts[39m: 0[39m
[38;5;23m2026-01-21 17:19:18[39m  [38;5;248mDisable Strand Merging[39m: False[39m
[38;5;23m2026-01-21 17:19:18[39m  [38;5;248mWindow Size[39m: None[39m
[38;5;23m2026-01-21 17:19:18[39m  [38;5;248mTabix[39m: False[39m
[38;5;23m2026-01-21 17:19:18[39m  [38;5;248mRegion[39m: None[39m
[38;5;23m2026-01-21 17:19:18[39m | [38;5;23mINFO[39m | Loading Zarr dataset...[39m
[38;5;23m2026-01-21 17:19:47[39m | [38;5;23mINFO[39m | Performing ['count'] on variables ['num_total_c'] and min coverage 0.[39m
[38;5;23m2026-01-21 17:19:47[39m | [38;5;23mINFO[39m | ['num_total_c'][39m
[38;5;23m2026-01-21 17:19:47[39m | [38;5;23mINFO[39m | Adding Ranges_ID column to validate merging.[39m
[38;5;23m2026-01-21 17:20:03[39m | [38;5;23mINFO[39m | Summarized over 33962 regions.[39m
[38;5;23m2026-01-21 17:20:04[39m | [38;5;23mINFO[39m | Applying post-processor <lambda> to DataFrame.[39m
[38;5;23m2026-01-21 17:20:04[39m | [38;5;23mINFO[39m | Dataframe has 36866 rows, processing large dataset[39m
[38;5;23m2026-01-21 17:20:05[39m | [38;5;23mINFO[39m | Concatenating files without compression.[39m
[38;5;23m2026-01-21 17:20:05[39m | [38;5;23mINFO[39m | Exported total_c stats for count to <modality.infrastructure.file_name_service.ExtractDataFileName object at 0x1554e284c7d0>.[39m
[38;5;23m2026-01-21 17:20:05[39m | [38;5;23mINFO[39m | Results written to file[39m
[38;5;23m2026-01-21 17:20:05[39m  33962 regions extracted.[39m
[38;5;23m2026-01-21 17:20:05[39m  [1m[38;5;154mData extracted successfully to /expanse/lustre/projects/csd940/zalibhai/biomodal/modality/outputs_CHG/Results/gencode.vM25.mouse.cpg_shores.annotation/Extract_20260121_172004[39m
[38;5;23m2026-01-21 17:20:05[39m | [38;5;23mINFO[39m | No plots generated. Sample sheet / group provided but no plots requested.[39m
[38;5;23m2026-01-21 17:20:05[39m  Wrote provenance sidecar file to /expanse/lustre/projects/csd940/zalibhai/biomodal/modality/outputs_CHG/Results/gencode.vM25.mouse.cpg_shores.annotation/Extract_20260121_172004/modality_metadata_20260121_172005.json[39m
[INFO] 2026-01-21 17:20:05 - Running feature extraction: mean total_c (plots generated automatically)...
Logged in using stored credentials
[38;5;23m2026-01-21 17:20:10[39m  [1m[38;5;123mProvenance information:[39m
[38;5;23m2026-01-21 17:20:10[39m  cmd='/home/zalibhai/miniforge3/envs/modality/bin/modality -v get mean --zarr-path /expanse/lustre/projects/csd940/zalibhai/biomodal/evoC-run/output/duet-1.5.0_evoC_Bap1_run_6bp/sample_outputs/zarr_store/CHG/evoC_Bap1_run.genome.GRCm38_primary_assembly.dedup.CHG.zarrz --sample-sheet /expanse/lustre/projects/csd940/zalibhai/biomodal/modality/metadata.tsv --bedfile /expanse/lustre/projects/csd940/zalibhai/biomodal/modality/mm10/gencode.vM25.mouse.cpg_shores.annotation.bed.gz --fields total_c --order-by-group condition --output-dir /expanse/lustre/projects/csd940/zalibhai/biomodal/modality/outputs_CHG/Results/gencode.vM25.mouse.cpg_shores.annotation'
timestamp=2026-01-21T17:20:10.156478
version=1.0.0
user=zalibhai

[39m
[38;5;23m2026-01-21 17:20:10[39m  [1m[38;5;123mExtracting methylation features:[39m
[38;5;23m2026-01-21 17:20:10[39m  [38;5;248mZarr path(s)[39m: ['/expanse/lustre/projects/csd940/zalibhai/biomodal/evoC-run/output/duet-1.5.0_evoC_Bap1_run_6bp/sample_outputs/zarr_store/CHG/evoC_Bap1_run.genome.GRCm38_primary_assembly.dedup.CHG.zarrz'][39m
[38;5;23m2026-01-21 17:20:10[39m  [38;5;248mSample Sheet[39m: /expanse/lustre/projects/csd940/zalibhai/biomodal/modality/metadata.tsv[39m
[38;5;23m2026-01-21 17:20:10[39m  [38;5;248mBedfile[39m: /expanse/lustre/projects/csd940/zalibhai/biomodal/modality/mm10/gencode.vM25.mouse.cpg_shores.annotation.bed.gz[39m
[38;5;23m2026-01-21 17:20:10[39m  [38;5;248mFields[39m: ['num_total_c'][39m
[38;5;23m2026-01-21 17:20:10[39m  [38;5;248mOrder By Group[39m: condition[39m
[38;5;23m2026-01-21 17:20:10[39m  [38;5;248mOutput Dir[39m: /expanse/lustre/projects/csd940/zalibhai/biomodal/modality/outputs_CHG/Results/gencode.vM25.mouse.cpg_shores.annotation[39m
[38;5;23m2026-01-21 17:20:10[39m  [38;5;248mMin Coverage[39m: 0[39m
[38;5;23m2026-01-21 17:20:10[39m  [38;5;248mNum Contexts[39m: 0[39m
[38;5;23m2026-01-21 17:20:10[39m  [38;5;248mDisable Strand Merging[39m: False[39m
[38;5;23m2026-01-21 17:20:10[39m  [38;5;248mWindow Size[39m: None[39m
[38;5;23m2026-01-21 17:20:10[39m  [38;5;248mTabix[39m: False[39m
[38;5;23m2026-01-21 17:20:10[39m  [38;5;248mRegion[39m: None[39m
[38;5;23m2026-01-21 17:20:10[39m  [38;5;248mAggregate By Group[39m: None[39m
[38;5;23m2026-01-21 17:20:10[39m  [38;5;248mCase Sensitive[39m: False[39m
[38;5;23m2026-01-21 17:20:10[39m  [38;5;248mHeatmap[39m: False[39m
[38;5;23m2026-01-21 17:20:10[39m | [38;5;23mINFO[39m | Sample sheet: /expanse/lustre/projects/csd940/zalibhai/biomodal/modality/metadata.tsv[39m
[38;5;23m2026-01-21 17:20:10[39m | [38;5;23mINFO[39m | Order samples by: condition, case-insensitive[39m
[38;5;23m2026-01-21 17:20:10[39m | [38;5;23mINFO[39m | Loading Zarr dataset...[39m
[38;5;23m2026-01-21 17:20:41[39m | [38;5;23mINFO[39m | Performing ['mean'] on variables ['num_total_c'] and min coverage 0.[39m
[38;5;23m2026-01-21 17:20:41[39m | [38;5;23mINFO[39m | ['num_total_c'][39m
[38;5;23m2026-01-21 17:20:41[39m | [38;5;23mINFO[39m | Adding Ranges_ID column to validate merging.[39m
[38;5;23m2026-01-21 17:20:59[39m | [38;5;23mINFO[39m | Summarized over 33962 regions.[39m
[38;5;23m2026-01-21 17:20:59[39m | [38;5;23mINFO[39m | Applying post-processor <lambda> to DataFrame.[39m
[38;5;23m2026-01-21 17:21:00[39m | [38;5;23mINFO[39m | Dataframe has 36866 rows, processing large dataset[39m
[38;5;23m2026-01-21 17:21:01[39m | [38;5;23mINFO[39m | Concatenating files without compression.[39m
[38;5;23m2026-01-21 17:21:01[39m | [38;5;23mINFO[39m | Exported total_c stats for mean to <modality.infrastructure.file_name_service.ExtractDataFileName object at 0x1554e38e1b50>.[39m
[38;5;23m2026-01-21 17:21:01[39m | [38;5;23mINFO[39m | Results written to file[39m
[38;5;23m2026-01-21 17:21:01[39m  33962 regions extracted.[39m
[38;5;23m2026-01-21 17:21:01[39m  [1m[38;5;154mData extracted successfully to /expanse/lustre/projects/csd940/zalibhai/biomodal/modality/outputs_CHG/Results/gencode.vM25.mouse.cpg_shores.annotation/Extract_20260121_172059[39m
[38;5;23m2026-01-21 17:21:01[39m  Generating plots: violin, correlation[39m
[38;5;23m2026-01-21 17:21:01[39m | [38;5;23mINFO[39m | Feature report saved to /expanse/lustre/projects/csd940/zalibhai/biomodal/modality/outputs_CHG/Results/gencode.vM25.mouse.cpg_shores.annotation/Extract_20260121_172059/total_c_mean_extract_report_20260121_172059.html[39m
[38;5;23m2026-01-21 17:21:01[39m | [38;5;23mINFO[39m | JSON report saved to /expanse/lustre/projects/csd940/zalibhai/biomodal/modality/outputs_CHG/Results/gencode.vM25.mouse.cpg_shores.annotation/Extract_20260121_172059/total_c_mean_extract_report_20260121_172059.json[39m
[38;5;23m2026-01-21 17:21:01[39m  [1m[38;5;154mFeature report with violin, correlation visualizations generated successfully at /expanse/lustre/projects/csd940/zalibhai/biomodal/modality/outputs_CHG/Results/gencode.vM25.mouse.cpg_shores.annotation/Extract_20260121_172059/total_c_mean_extract_report_20260121_172059.html.[39m
[38;5;23m2026-01-21 17:21:01[39m  Wrote provenance sidecar file to /expanse/lustre/projects/csd940/zalibhai/biomodal/modality/outputs_CHG/Results/gencode.vM25.mouse.cpg_shores.annotation/Extract_20260121_172059/modality_metadata_20260121_172101.json[39m
[INFO] 2026-01-21 17:21:02 - Running feature extraction: regional-frac for mc and hmc with minimum depth 10 (plots generated automatically)...
Logged in using stored credentials
[38;5;23m2026-01-21 17:21:07[39m  [1m[38;5;123mProvenance information:[39m
[38;5;23m2026-01-21 17:21:07[39m  cmd='/home/zalibhai/miniforge3/envs/modality/bin/modality -v get regional-frac --zarr-path /expanse/lustre/projects/csd940/zalibhai/biomodal/evoC-run/output/duet-1.5.0_evoC_Bap1_run_6bp/sample_outputs/zarr_store/CHG/evoC_Bap1_run.genome.GRCm38_primary_assembly.dedup.CHG.zarrz --sample-sheet /expanse/lustre/projects/csd940/zalibhai/biomodal/modality/metadata.tsv --bedfile /expanse/lustre/projects/csd940/zalibhai/biomodal/modality/mm10/gencode.vM25.mouse.cpg_shores.annotation.bed.gz --fields mc hmc --min-coverage 10 --order-by-group condition --output-dir /expanse/lustre/projects/csd940/zalibhai/biomodal/modality/outputs_CHG/Results/gencode.vM25.mouse.cpg_shores.annotation'
timestamp=2026-01-21T17:21:07.975698
version=1.0.0
user=zalibhai

[39m
[38;5;23m2026-01-21 17:21:07[39m  [1m[38;5;123mExtracting methylation features:[39m
[38;5;23m2026-01-21 17:21:07[39m  [38;5;248mZarr path(s)[39m: ['/expanse/lustre/projects/csd940/zalibhai/biomodal/evoC-run/output/duet-1.5.0_evoC_Bap1_run_6bp/sample_outputs/zarr_store/CHG/evoC_Bap1_run.genome.GRCm38_primary_assembly.dedup.CHG.zarrz'][39m
[38;5;23m2026-01-21 17:21:07[39m  [38;5;248mSample Sheet[39m: /expanse/lustre/projects/csd940/zalibhai/biomodal/modality/metadata.tsv[39m
[38;5;23m2026-01-21 17:21:07[39m  [38;5;248mBedfile[39m: /expanse/lustre/projects/csd940/zalibhai/biomodal/modality/mm10/gencode.vM25.mouse.cpg_shores.annotation.bed.gz[39m
[38;5;23m2026-01-21 17:21:07[39m  [38;5;248mFields[39m: ['num_mc', 'num_hmc'][39m
[38;5;23m2026-01-21 17:21:07[39m  [38;5;248mMin Coverage[39m: 10[39m
[38;5;23m2026-01-21 17:21:07[39m  [38;5;248mOrder By Group[39m: condition[39m
[38;5;23m2026-01-21 17:21:07[39m  [38;5;248mOutput Dir[39m: /expanse/lustre/projects/csd940/zalibhai/biomodal/modality/outputs_CHG/Results/gencode.vM25.mouse.cpg_shores.annotation[39m
[38;5;23m2026-01-21 17:21:07[39m  [38;5;248mNum Contexts[39m: 0[39m
[38;5;23m2026-01-21 17:21:08[39m  [38;5;248mDisable Strand Merging[39m: False[39m
[38;5;23m2026-01-21 17:21:08[39m  [38;5;248mWindow Size[39m: None[39m
[38;5;23m2026-01-21 17:21:08[39m  [38;5;248mTabix[39m: False[39m
[38;5;23m2026-01-21 17:21:08[39m  [38;5;248mRegion[39m: None[39m
[38;5;23m2026-01-21 17:21:08[39m  [38;5;248mAggregate By Group[39m: None[39m
[38;5;23m2026-01-21 17:21:08[39m  [38;5;248mCase Sensitive[39m: False[39m
[38;5;23m2026-01-21 17:21:08[39m  [38;5;248mHeatmap[39m: False[39m
[38;5;23m2026-01-21 17:21:08[39m | [38;5;23mINFO[39m | Sample sheet: /expanse/lustre/projects/csd940/zalibhai/biomodal/modality/metadata.tsv[39m
[38;5;23m2026-01-21 17:21:08[39m | [38;5;23mINFO[39m | Order samples by: condition, case-insensitive[39m
[38;5;23m2026-01-21 17:21:08[39m | [38;5;23mINFO[39m | Loading Zarr dataset...[39m
[38;5;23m2026-01-21 17:22:39[39m | [38;5;23mINFO[39m | Performing ['regional-frac'] on variables ['num_mc', 'num_hmc'] and min coverage 10.[39m
[38;5;23m2026-01-21 17:22:39[39m | [38;5;23mINFO[39m | ['num_mc', 'num_hmc', 'num_total_c'][39m
[38;5;23m2026-01-21 17:22:39[39m | [38;5;23mINFO[39m | Adding Ranges_ID column to validate merging.[39m
[38;5;23m2026-01-21 17:23:05[39m | [38;5;23mINFO[39m | Summarized over 33962 regions.[39m
[38;5;23m2026-01-21 17:23:05[39m | [38;5;23mINFO[39m | Applying post-processor <lambda> to DataFrame.[39m
[38;5;23m2026-01-21 17:23:05[39m | [38;5;23mINFO[39m | Dataframe has 36866 rows, processing large dataset[39m
[38;5;23m2026-01-21 17:23:06[39m | [38;5;23mINFO[39m | Concatenating files without compression.[39m
[38;5;23m2026-01-21 17:23:06[39m | [38;5;23mINFO[39m | Exported mc stats for regional-frac to <modality.infrastructure.file_name_service.ExtractDataFileName object at 0x1554e53281d0>.[39m
[38;5;23m2026-01-21 17:23:06[39m | [38;5;23mINFO[39m | Applying post-processor <lambda> to DataFrame.[39m
[38;5;23m2026-01-21 17:23:06[39m | [38;5;23mINFO[39m | Dataframe has 36866 rows, processing large dataset[39m
[38;5;23m2026-01-21 17:23:07[39m | [38;5;23mINFO[39m | Concatenating files without compression.[39m
[38;5;23m2026-01-21 17:23:07[39m | [38;5;23mINFO[39m | Exported hmc stats for regional-frac to <modality.infrastructure.file_name_service.ExtractDataFileName object at 0x1554e6021390>.[39m
[38;5;23m2026-01-21 17:23:07[39m | [38;5;23mINFO[39m | Results written to file[39m
[38;5;23m2026-01-21 17:23:07[39m  33962 regions extracted.[39m
[38;5;23m2026-01-21 17:23:07[39m  [1m[38;5;154mData extracted successfully to /expanse/lustre/projects/csd940/zalibhai/biomodal/modality/outputs_CHG/Results/gencode.vM25.mouse.cpg_shores.annotation/Extract_20260121_172305[39m
[38;5;23m2026-01-21 17:23:07[39m  Generating plots: correlation, violin[39m
[38;5;23m2026-01-21 17:23:08[39m | [38;5;23mINFO[39m | Feature report saved to /expanse/lustre/projects/csd940/zalibhai/biomodal/modality/outputs_CHG/Results/gencode.vM25.mouse.cpg_shores.annotation/Extract_20260121_172305/hmc-mc_regional-frac_extract_report_20260121_172305.html[39m
[38;5;23m2026-01-21 17:23:08[39m | [38;5;23mINFO[39m | JSON report saved to /expanse/lustre/projects/csd940/zalibhai/biomodal/modality/outputs_CHG/Results/gencode.vM25.mouse.cpg_shores.annotation/Extract_20260121_172305/hmc-mc_regional-frac_extract_report_20260121_172305.json[39m
[38;5;23m2026-01-21 17:23:08[39m  [1m[38;5;154mFeature report with correlation, violin visualizations generated successfully at /expanse/lustre/projects/csd940/zalibhai/biomodal/modality/outputs_CHG/Results/gencode.vM25.mouse.cpg_shores.annotation/Extract_20260121_172305/hmc-mc_regional-frac_extract_report_20260121_172305.html.[39m
[38;5;23m2026-01-21 17:23:08[39m  Wrote provenance sidecar file to /expanse/lustre/projects/csd940/zalibhai/biomodal/modality/outputs_CHG/Results/gencode.vM25.mouse.cpg_shores.annotation/Extract_20260121_172305/modality_metadata_20260121_172308.json[39m
[INFO] 2026-01-21 17:23:09 - Feature extraction completed for gencode.vM25.mouse.cpg_shores.annotation
[INFO] 2026-01-21 17:23:09 - Processing region file: /expanse/lustre/projects/csd940/zalibhai/biomodal/modality/mm10/gencode.vM25.mouse.genes.annotation.bed.gz
[INFO] 2026-01-21 17:23:09 - Running feature extraction: count total_c...
Logged in using stored credentials
[38;5;23m2026-01-21 17:23:14[39m  [1m[38;5;123mProvenance information:[39m
[38;5;23m2026-01-21 17:23:14[39m  cmd='/home/zalibhai/miniforge3/envs/modality/bin/modality -v get count --zarr-path /expanse/lustre/projects/csd940/zalibhai/biomodal/evoC-run/output/duet-1.5.0_evoC_Bap1_run_6bp/sample_outputs/zarr_store/CHG/evoC_Bap1_run.genome.GRCm38_primary_assembly.dedup.CHG.zarrz --sample-sheet /expanse/lustre/projects/csd940/zalibhai/biomodal/modality/metadata.tsv --bedfile /expanse/lustre/projects/csd940/zalibhai/biomodal/modality/mm10/gencode.vM25.mouse.genes.annotation.bed.gz --fields total_c --output-dir /expanse/lustre/projects/csd940/zalibhai/biomodal/modality/outputs_CHG/Results/gencode.vM25.mouse.genes.annotation'
timestamp=2026-01-21T17:23:14.431659
version=1.0.0
user=zalibhai

[39m
[38;5;23m2026-01-21 17:23:14[39m  [1m[38;5;123mExtracting methylation features:[39m
[38;5;23m2026-01-21 17:23:14[39m  [38;5;248mZarr path(s)[39m: ['/expanse/lustre/projects/csd940/zalibhai/biomodal/evoC-run/output/duet-1.5.0_evoC_Bap1_run_6bp/sample_outputs/zarr_store/CHG/evoC_Bap1_run.genome.GRCm38_primary_assembly.dedup.CHG.zarrz'][39m
[38;5;23m2026-01-21 17:23:14[39m  [38;5;248mSample Sheet[39m: /expanse/lustre/projects/csd940/zalibhai/biomodal/modality/metadata.tsv[39m
[38;5;23m2026-01-21 17:23:14[39m  [38;5;248mBedfile[39m: /expanse/lustre/projects/csd940/zalibhai/biomodal/modality/mm10/gencode.vM25.mouse.genes.annotation.bed.gz[39m
[38;5;23m2026-01-21 17:23:14[39m  [38;5;248mFields[39m: ['num_total_c'][39m
[38;5;23m2026-01-21 17:23:14[39m  [38;5;248mOutput Dir[39m: /expanse/lustre/projects/csd940/zalibhai/biomodal/modality/outputs_CHG/Results/gencode.vM25.mouse.genes.annotation[39m
[38;5;23m2026-01-21 17:23:14[39m  [38;5;248mMin Coverage[39m: 0[39m
[38;5;23m2026-01-21 17:23:14[39m  [38;5;248mNum Contexts[39m: 0[39m
[38;5;23m2026-01-21 17:23:14[39m  [38;5;248mDisable Strand Merging[39m: False[39m
[38;5;23m2026-01-21 17:23:14[39m  [38;5;248mWindow Size[39m: None[39m
[38;5;23m2026-01-21 17:23:14[39m  [38;5;248mTabix[39m: False[39m
[38;5;23m2026-01-21 17:23:14[39m  [38;5;248mRegion[39m: None[39m
[38;5;23m2026-01-21 17:23:14[39m | [38;5;23mINFO[39m | Loading Zarr dataset...[39m
[38;5;23m2026-01-21 17:23:48[39m | [38;5;23mINFO[39m | Performing ['count'] on variables ['num_total_c'] and min coverage 0.[39m
[38;5;23m2026-01-21 17:23:48[39m | [38;5;23mINFO[39m | ['num_total_c'][39m
[38;5;23m2026-01-21 17:23:48[39m | [38;5;23mINFO[39m | Adding Ranges_ID column to validate merging.[39m
[38;5;23m2026-01-21 17:24:10[39m | [38;5;23mINFO[39m | Summarized over 21673 regions.[39m
[38;5;23m2026-01-21 17:24:10[39m | [38;5;23mINFO[39m | Applying post-processor <lambda> to DataFrame.[39m
[38;5;23m2026-01-21 17:24:10[39m | [38;5;23mINFO[39m | Dataframe has 21673 rows, processing large dataset[39m
[38;5;23m2026-01-21 17:24:10[39m | [38;5;23mINFO[39m | Concatenating files without compression.[39m
[38;5;23m2026-01-21 17:24:10[39m | [38;5;23mINFO[39m | Exported total_c stats for count to <modality.infrastructure.file_name_service.ExtractDataFileName object at 0x1554e2047050>.[39m
[38;5;23m2026-01-21 17:24:10[39m | [38;5;23mINFO[39m | Results written to file[39m
[38;5;23m2026-01-21 17:24:10[39m  21673 regions extracted.[39m
[38;5;23m2026-01-21 17:24:10[39m  [1m[38;5;154mData extracted successfully to /expanse/lustre/projects/csd940/zalibhai/biomodal/modality/outputs_CHG/Results/gencode.vM25.mouse.genes.annotation/Extract_20260121_172410[39m
[38;5;23m2026-01-21 17:24:10[39m | [38;5;23mINFO[39m | No plots generated. Sample sheet / group provided but no plots requested.[39m
[38;5;23m2026-01-21 17:24:10[39m  Wrote provenance sidecar file to /expanse/lustre/projects/csd940/zalibhai/biomodal/modality/outputs_CHG/Results/gencode.vM25.mouse.genes.annotation/Extract_20260121_172410/modality_metadata_20260121_172410.json[39m
[INFO] 2026-01-21 17:24:11 - Running feature extraction: mean total_c (plots generated automatically)...
Logged in using stored credentials
[38;5;23m2026-01-21 17:24:15[39m  [1m[38;5;123mProvenance information:[39m
[38;5;23m2026-01-21 17:24:15[39m  cmd='/home/zalibhai/miniforge3/envs/modality/bin/modality -v get mean --zarr-path /expanse/lustre/projects/csd940/zalibhai/biomodal/evoC-run/output/duet-1.5.0_evoC_Bap1_run_6bp/sample_outputs/zarr_store/CHG/evoC_Bap1_run.genome.GRCm38_primary_assembly.dedup.CHG.zarrz --sample-sheet /expanse/lustre/projects/csd940/zalibhai/biomodal/modality/metadata.tsv --bedfile /expanse/lustre/projects/csd940/zalibhai/biomodal/modality/mm10/gencode.vM25.mouse.genes.annotation.bed.gz --fields total_c --order-by-group condition --output-dir /expanse/lustre/projects/csd940/zalibhai/biomodal/modality/outputs_CHG/Results/gencode.vM25.mouse.genes.annotation'
timestamp=2026-01-21T17:24:15.210012
version=1.0.0
user=zalibhai

[39m
[38;5;23m2026-01-21 17:24:15[39m  [1m[38;5;123mExtracting methylation features:[39m
[38;5;23m2026-01-21 17:24:15[39m  [38;5;248mZarr path(s)[39m: ['/expanse/lustre/projects/csd940/zalibhai/biomodal/evoC-run/output/duet-1.5.0_evoC_Bap1_run_6bp/sample_outputs/zarr_store/CHG/evoC_Bap1_run.genome.GRCm38_primary_assembly.dedup.CHG.zarrz'][39m
[38;5;23m2026-01-21 17:24:15[39m  [38;5;248mSample Sheet[39m: /expanse/lustre/projects/csd940/zalibhai/biomodal/modality/metadata.tsv[39m
[38;5;23m2026-01-21 17:24:15[39m  [38;5;248mBedfile[39m: /expanse/lustre/projects/csd940/zalibhai/biomodal/modality/mm10/gencode.vM25.mouse.genes.annotation.bed.gz[39m
[38;5;23m2026-01-21 17:24:15[39m  [38;5;248mFields[39m: ['num_total_c'][39m
[38;5;23m2026-01-21 17:24:15[39m  [38;5;248mOrder By Group[39m: condition[39m
[38;5;23m2026-01-21 17:24:15[39m  [38;5;248mOutput Dir[39m: /expanse/lustre/projects/csd940/zalibhai/biomodal/modality/outputs_CHG/Results/gencode.vM25.mouse.genes.annotation[39m
[38;5;23m2026-01-21 17:24:15[39m  [38;5;248mMin Coverage[39m: 0[39m
[38;5;23m2026-01-21 17:24:15[39m  [38;5;248mNum Contexts[39m: 0[39m
[38;5;23m2026-01-21 17:24:15[39m  [38;5;248mDisable Strand Merging[39m: False[39m
[38;5;23m2026-01-21 17:24:15[39m  [38;5;248mWindow Size[39m: None[39m
[38;5;23m2026-01-21 17:24:15[39m  [38;5;248mTabix[39m: False[39m
[38;5;23m2026-01-21 17:24:15[39m  [38;5;248mRegion[39m: None[39m
[38;5;23m2026-01-21 17:24:15[39m  [38;5;248mAggregate By Group[39m: None[39m
[38;5;23m2026-01-21 17:24:15[39m  [38;5;248mCase Sensitive[39m: False[39m
[38;5;23m2026-01-21 17:24:15[39m  [38;5;248mHeatmap[39m: False[39m
[38;5;23m2026-01-21 17:24:15[39m | [38;5;23mINFO[39m | Sample sheet: /expanse/lustre/projects/csd940/zalibhai/biomodal/modality/metadata.tsv[39m
[38;5;23m2026-01-21 17:24:15[39m | [38;5;23mINFO[39m | Order samples by: condition, case-insensitive[39m
[38;5;23m2026-01-21 17:24:15[39m | [38;5;23mINFO[39m | Loading Zarr dataset...[39m
[38;5;23m2026-01-21 17:24:45[39m | [38;5;23mINFO[39m | Performing ['mean'] on variables ['num_total_c'] and min coverage 0.[39m
[38;5;23m2026-01-21 17:24:45[39m | [38;5;23mINFO[39m | ['num_total_c'][39m
[38;5;23m2026-01-21 17:24:45[39m | [38;5;23mINFO[39m | Adding Ranges_ID column to validate merging.[39m
[38;5;23m2026-01-21 17:25:06[39m | [38;5;23mINFO[39m | Summarized over 21673 regions.[39m
[38;5;23m2026-01-21 17:25:06[39m | [38;5;23mINFO[39m | Applying post-processor <lambda> to DataFrame.[39m
[38;5;23m2026-01-21 17:25:06[39m | [38;5;23mINFO[39m | Dataframe has 21673 rows, processing large dataset[39m
[38;5;23m2026-01-21 17:25:06[39m | [38;5;23mINFO[39m | Concatenating files without compression.[39m
[38;5;23m2026-01-21 17:25:06[39m | [38;5;23mINFO[39m | Exported total_c stats for mean to <modality.infrastructure.file_name_service.ExtractDataFileName object at 0x1554e4f8b090>.[39m
[38;5;23m2026-01-21 17:25:06[39m | [38;5;23mINFO[39m | Results written to file[39m
[38;5;23m2026-01-21 17:25:06[39m  21673 regions extracted.[39m
[38;5;23m2026-01-21 17:25:06[39m  [1m[38;5;154mData extracted successfully to /expanse/lustre/projects/csd940/zalibhai/biomodal/modality/outputs_CHG/Results/gencode.vM25.mouse.genes.annotation/Extract_20260121_172506[39m
[38;5;23m2026-01-21 17:25:06[39m  Generating plots: violin, correlation[39m
[38;5;23m2026-01-21 17:25:07[39m | [38;5;23mINFO[39m | Feature report saved to /expanse/lustre/projects/csd940/zalibhai/biomodal/modality/outputs_CHG/Results/gencode.vM25.mouse.genes.annotation/Extract_20260121_172506/total_c_mean_extract_report_20260121_172506.html[39m
[38;5;23m2026-01-21 17:25:07[39m | [38;5;23mINFO[39m | JSON report saved to /expanse/lustre/projects/csd940/zalibhai/biomodal/modality/outputs_CHG/Results/gencode.vM25.mouse.genes.annotation/Extract_20260121_172506/total_c_mean_extract_report_20260121_172506.json[39m
[38;5;23m2026-01-21 17:25:07[39m  [1m[38;5;154mFeature report with violin, correlation visualizations generated successfully at /expanse/lustre/projects/csd940/zalibhai/biomodal/modality/outputs_CHG/Results/gencode.vM25.mouse.genes.annotation/Extract_20260121_172506/total_c_mean_extract_report_20260121_172506.html.[39m
[38;5;23m2026-01-21 17:25:07[39m  Wrote provenance sidecar file to /expanse/lustre/projects/csd940/zalibhai/biomodal/modality/outputs_CHG/Results/gencode.vM25.mouse.genes.annotation/Extract_20260121_172506/modality_metadata_20260121_172507.json[39m
[INFO] 2026-01-21 17:25:07 - Running feature extraction: regional-frac for mc and hmc with minimum depth 10 (plots generated automatically)...
Logged in using stored credentials
[38;5;23m2026-01-21 17:25:12[39m  [1m[38;5;123mProvenance information:[39m
[38;5;23m2026-01-21 17:25:12[39m  cmd='/home/zalibhai/miniforge3/envs/modality/bin/modality -v get regional-frac --zarr-path /expanse/lustre/projects/csd940/zalibhai/biomodal/evoC-run/output/duet-1.5.0_evoC_Bap1_run_6bp/sample_outputs/zarr_store/CHG/evoC_Bap1_run.genome.GRCm38_primary_assembly.dedup.CHG.zarrz --sample-sheet /expanse/lustre/projects/csd940/zalibhai/biomodal/modality/metadata.tsv --bedfile /expanse/lustre/projects/csd940/zalibhai/biomodal/modality/mm10/gencode.vM25.mouse.genes.annotation.bed.gz --fields mc hmc --min-coverage 10 --order-by-group condition --output-dir /expanse/lustre/projects/csd940/zalibhai/biomodal/modality/outputs_CHG/Results/gencode.vM25.mouse.genes.annotation'
timestamp=2026-01-21T17:25:12.051777
version=1.0.0
user=zalibhai

[39m
[38;5;23m2026-01-21 17:25:12[39m  [1m[38;5;123mExtracting methylation features:[39m
[38;5;23m2026-01-21 17:25:12[39m  [38;5;248mZarr path(s)[39m: ['/expanse/lustre/projects/csd940/zalibhai/biomodal/evoC-run/output/duet-1.5.0_evoC_Bap1_run_6bp/sample_outputs/zarr_store/CHG/evoC_Bap1_run.genome.GRCm38_primary_assembly.dedup.CHG.zarrz'][39m
[38;5;23m2026-01-21 17:25:12[39m  [38;5;248mSample Sheet[39m: /expanse/lustre/projects/csd940/zalibhai/biomodal/modality/metadata.tsv[39m
[38;5;23m2026-01-21 17:25:12[39m  [38;5;248mBedfile[39m: /expanse/lustre/projects/csd940/zalibhai/biomodal/modality/mm10/gencode.vM25.mouse.genes.annotation.bed.gz[39m
[38;5;23m2026-01-21 17:25:12[39m  [38;5;248mFields[39m: ['num_mc', 'num_hmc'][39m
[38;5;23m2026-01-21 17:25:12[39m  [38;5;248mMin Coverage[39m: 10[39m
[38;5;23m2026-01-21 17:25:12[39m  [38;5;248mOrder By Group[39m: condition[39m
[38;5;23m2026-01-21 17:25:12[39m  [38;5;248mOutput Dir[39m: /expanse/lustre/projects/csd940/zalibhai/biomodal/modality/outputs_CHG/Results/gencode.vM25.mouse.genes.annotation[39m
[38;5;23m2026-01-21 17:25:12[39m  [38;5;248mNum Contexts[39m: 0[39m
[38;5;23m2026-01-21 17:25:12[39m  [38;5;248mDisable Strand Merging[39m: False[39m
[38;5;23m2026-01-21 17:25:12[39m  [38;5;248mWindow Size[39m: None[39m
[38;5;23m2026-01-21 17:25:12[39m  [38;5;248mTabix[39m: False[39m
[38;5;23m2026-01-21 17:25:12[39m  [38;5;248mRegion[39m: None[39m
[38;5;23m2026-01-21 17:25:12[39m  [38;5;248mAggregate By Group[39m: None[39m
[38;5;23m2026-01-21 17:25:12[39m  [38;5;248mCase Sensitive[39m: False[39m
[38;5;23m2026-01-21 17:25:12[39m  [38;5;248mHeatmap[39m: False[39m
[38;5;23m2026-01-21 17:25:12[39m | [38;5;23mINFO[39m | Sample sheet: /expanse/lustre/projects/csd940/zalibhai/biomodal/modality/metadata.tsv[39m
[38;5;23m2026-01-21 17:25:12[39m | [38;5;23mINFO[39m | Order samples by: condition, case-insensitive[39m
[38;5;23m2026-01-21 17:25:12[39m | [38;5;23mINFO[39m | Loading Zarr dataset...[39m
[38;5;23m2026-01-21 17:26:42[39m | [38;5;23mINFO[39m | Performing ['regional-frac'] on variables ['num_mc', 'num_hmc'] and min coverage 10.[39m
[38;5;23m2026-01-21 17:26:42[39m | [38;5;23mINFO[39m | ['num_mc', 'num_hmc', 'num_total_c'][39m
[38;5;23m2026-01-21 17:26:42[39m | [38;5;23mINFO[39m | Adding Ranges_ID column to validate merging.[39m
[38;5;23m2026-01-21 17:27:05[39m | [38;5;23mINFO[39m | Summarized over 21673 regions.[39m
[38;5;23m2026-01-21 17:27:05[39m | [38;5;23mINFO[39m | Applying post-processor <lambda> to DataFrame.[39m
[38;5;23m2026-01-21 17:27:05[39m | [38;5;23mINFO[39m | Dataframe has 21673 rows, processing large dataset[39m
[38;5;23m2026-01-21 17:27:06[39m | [38;5;23mINFO[39m | Concatenating files without compression.[39m
[38;5;23m2026-01-21 17:27:06[39m | [38;5;23mINFO[39m | Exported mc stats for regional-frac to <modality.infrastructure.file_name_service.ExtractDataFileName object at 0x1554e0010310>.[39m
[38;5;23m2026-01-21 17:27:06[39m | [38;5;23mINFO[39m | Applying post-processor <lambda> to DataFrame.[39m
[38;5;23m2026-01-21 17:27:06[39m | [38;5;23mINFO[39m | Dataframe has 21673 rows, processing large dataset[39m
[38;5;23m2026-01-21 17:27:07[39m | [38;5;23mINFO[39m | Concatenating files without compression.[39m
[38;5;23m2026-01-21 17:27:07[39m | [38;5;23mINFO[39m | Exported hmc stats for regional-frac to <modality.infrastructure.file_name_service.ExtractDataFileName object at 0x1554e5315cd0>.[39m
[38;5;23m2026-01-21 17:27:07[39m | [38;5;23mINFO[39m | Results written to file[39m
[38;5;23m2026-01-21 17:27:07[39m  21673 regions extracted.[39m
[38;5;23m2026-01-21 17:27:07[39m  [1m[38;5;154mData extracted successfully to /expanse/lustre/projects/csd940/zalibhai/biomodal/modality/outputs_CHG/Results/gencode.vM25.mouse.genes.annotation/Extract_20260121_172705[39m
[38;5;23m2026-01-21 17:27:07[39m  Generating plots: correlation, violin[39m
[38;5;23m2026-01-21 17:27:07[39m | [38;5;23mINFO[39m | Feature report saved to /expanse/lustre/projects/csd940/zalibhai/biomodal/modality/outputs_CHG/Results/gencode.vM25.mouse.genes.annotation/Extract_20260121_172705/hmc-mc_regional-frac_extract_report_20260121_172705.html[39m
[38;5;23m2026-01-21 17:27:07[39m | [38;5;23mINFO[39m | JSON report saved to /expanse/lustre/projects/csd940/zalibhai/biomodal/modality/outputs_CHG/Results/gencode.vM25.mouse.genes.annotation/Extract_20260121_172705/hmc-mc_regional-frac_extract_report_20260121_172705.json[39m
[38;5;23m2026-01-21 17:27:07[39m  [1m[38;5;154mFeature report with correlation, violin visualizations generated successfully at /expanse/lustre/projects/csd940/zalibhai/biomodal/modality/outputs_CHG/Results/gencode.vM25.mouse.genes.annotation/Extract_20260121_172705/hmc-mc_regional-frac_extract_report_20260121_172705.html.[39m
[38;5;23m2026-01-21 17:27:07[39m  Wrote provenance sidecar file to /expanse/lustre/projects/csd940/zalibhai/biomodal/modality/outputs_CHG/Results/gencode.vM25.mouse.genes.annotation/Extract_20260121_172705/modality_metadata_20260121_172707.json[39m
[INFO] 2026-01-21 17:27:08 - Feature extraction completed for gencode.vM25.mouse.genes.annotation
[INFO] 2026-01-21 17:27:08 - Processing region file: /expanse/lustre/projects/csd940/zalibhai/biomodal/modality/mm10/gencode.vM25.mouse.promoters.annotation.bed.gz
[INFO] 2026-01-21 17:27:08 - Running feature extraction: count total_c...
Logged in using stored credentials
[38;5;23m2026-01-21 17:27:12[39m  [1m[38;5;123mProvenance information:[39m
[38;5;23m2026-01-21 17:27:12[39m  cmd='/home/zalibhai/miniforge3/envs/modality/bin/modality -v get count --zarr-path /expanse/lustre/projects/csd940/zalibhai/biomodal/evoC-run/output/duet-1.5.0_evoC_Bap1_run_6bp/sample_outputs/zarr_store/CHG/evoC_Bap1_run.genome.GRCm38_primary_assembly.dedup.CHG.zarrz --sample-sheet /expanse/lustre/projects/csd940/zalibhai/biomodal/modality/metadata.tsv --bedfile /expanse/lustre/projects/csd940/zalibhai/biomodal/modality/mm10/gencode.vM25.mouse.promoters.annotation.bed.gz --fields total_c --output-dir /expanse/lustre/projects/csd940/zalibhai/biomodal/modality/outputs_CHG/Results/gencode.vM25.mouse.promoters.annotation'
timestamp=2026-01-21T17:27:12.276520
version=1.0.0
user=zalibhai

[39m
[38;5;23m2026-01-21 17:27:12[39m  [1m[38;5;123mExtracting methylation features:[39m
[38;5;23m2026-01-21 17:27:12[39m  [38;5;248mZarr path(s)[39m: ['/expanse/lustre/projects/csd940/zalibhai/biomodal/evoC-run/output/duet-1.5.0_evoC_Bap1_run_6bp/sample_outputs/zarr_store/CHG/evoC_Bap1_run.genome.GRCm38_primary_assembly.dedup.CHG.zarrz'][39m
[38;5;23m2026-01-21 17:27:12[39m  [38;5;248mSample Sheet[39m: /expanse/lustre/projects/csd940/zalibhai/biomodal/modality/metadata.tsv[39m
[38;5;23m2026-01-21 17:27:12[39m  [38;5;248mBedfile[39m: /expanse/lustre/projects/csd940/zalibhai/biomodal/modality/mm10/gencode.vM25.mouse.promoters.annotation.bed.gz[39m
[38;5;23m2026-01-21 17:27:12[39m  [38;5;248mFields[39m: ['num_total_c'][39m
[38;5;23m2026-01-21 17:27:12[39m  [38;5;248mOutput Dir[39m: /expanse/lustre/projects/csd940/zalibhai/biomodal/modality/outputs_CHG/Results/gencode.vM25.mouse.promoters.annotation[39m
[38;5;23m2026-01-21 17:27:12[39m  [38;5;248mMin Coverage[39m: 0[39m
[38;5;23m2026-01-21 17:27:12[39m  [38;5;248mNum Contexts[39m: 0[39m
[38;5;23m2026-01-21 17:27:12[39m  [38;5;248mDisable Strand Merging[39m: False[39m
[38;5;23m2026-01-21 17:27:12[39m  [38;5;248mWindow Size[39m: None[39m
[38;5;23m2026-01-21 17:27:12[39m  [38;5;248mTabix[39m: False[39m
[38;5;23m2026-01-21 17:27:12[39m  [38;5;248mRegion[39m: None[39m
[38;5;23m2026-01-21 17:27:12[39m | [38;5;23mINFO[39m | Loading Zarr dataset...[39m
[38;5;23m2026-01-21 17:27:38[39m | [38;5;23mINFO[39m | Performing ['count'] on variables ['num_total_c'] and min coverage 0.[39m
[38;5;23m2026-01-21 17:27:38[39m | [38;5;23mINFO[39m | ['num_total_c'][39m
[38;5;23m2026-01-21 17:27:38[39m | [38;5;23mINFO[39m | Adding Ranges_ID column to validate merging.[39m
[38;5;23m2026-01-21 17:27:53[39m | [38;5;23mINFO[39m | Summarized over 21673 regions.[39m
[38;5;23m2026-01-21 17:27:53[39m | [38;5;23mINFO[39m | Applying post-processor <lambda> to DataFrame.[39m
[38;5;23m2026-01-21 17:27:53[39m | [38;5;23mINFO[39m | Dataframe has 21703 rows, processing large dataset[39m
[38;5;23m2026-01-21 17:27:54[39m | [38;5;23mINFO[39m | Concatenating files without compression.[39m
[38;5;23m2026-01-21 17:27:54[39m | [38;5;23mINFO[39m | Exported total_c stats for count to <modality.infrastructure.file_name_service.ExtractDataFileName object at 0x1554e53c9850>.[39m
[38;5;23m2026-01-21 17:27:54[39m | [38;5;23mINFO[39m | Results written to file[39m
[38;5;23m2026-01-21 17:27:54[39m  21673 regions extracted.[39m
[38;5;23m2026-01-21 17:27:54[39m  [1m[38;5;154mData extracted successfully to /expanse/lustre/projects/csd940/zalibhai/biomodal/modality/outputs_CHG/Results/gencode.vM25.mouse.promoters.annotation/Extract_20260121_172753[39m
[38;5;23m2026-01-21 17:27:54[39m | [38;5;23mINFO[39m | No plots generated. Sample sheet / group provided but no plots requested.[39m
[38;5;23m2026-01-21 17:27:54[39m  Wrote provenance sidecar file to /expanse/lustre/projects/csd940/zalibhai/biomodal/modality/outputs_CHG/Results/gencode.vM25.mouse.promoters.annotation/Extract_20260121_172753/modality_metadata_20260121_172754.json[39m
[INFO] 2026-01-21 17:27:54 - Running feature extraction: mean total_c (plots generated automatically)...
Logged in using stored credentials
[38;5;23m2026-01-21 17:27:57[39m  [1m[38;5;123mProvenance information:[39m
[38;5;23m2026-01-21 17:27:57[39m  cmd='/home/zalibhai/miniforge3/envs/modality/bin/modality -v get mean --zarr-path /expanse/lustre/projects/csd940/zalibhai/biomodal/evoC-run/output/duet-1.5.0_evoC_Bap1_run_6bp/sample_outputs/zarr_store/CHG/evoC_Bap1_run.genome.GRCm38_primary_assembly.dedup.CHG.zarrz --sample-sheet /expanse/lustre/projects/csd940/zalibhai/biomodal/modality/metadata.tsv --bedfile /expanse/lustre/projects/csd940/zalibhai/biomodal/modality/mm10/gencode.vM25.mouse.promoters.annotation.bed.gz --fields total_c --order-by-group condition --output-dir /expanse/lustre/projects/csd940/zalibhai/biomodal/modality/outputs_CHG/Results/gencode.vM25.mouse.promoters.annotation'
timestamp=2026-01-21T17:27:57.774410
version=1.0.0
user=zalibhai

[39m
[38;5;23m2026-01-21 17:27:57[39m  [1m[38;5;123mExtracting methylation features:[39m
[38;5;23m2026-01-21 17:27:57[39m  [38;5;248mZarr path(s)[39m: ['/expanse/lustre/projects/csd940/zalibhai/biomodal/evoC-run/output/duet-1.5.0_evoC_Bap1_run_6bp/sample_outputs/zarr_store/CHG/evoC_Bap1_run.genome.GRCm38_primary_assembly.dedup.CHG.zarrz'][39m
[38;5;23m2026-01-21 17:27:57[39m  [38;5;248mSample Sheet[39m: /expanse/lustre/projects/csd940/zalibhai/biomodal/modality/metadata.tsv[39m
[38;5;23m2026-01-21 17:27:57[39m  [38;5;248mBedfile[39m: /expanse/lustre/projects/csd940/zalibhai/biomodal/modality/mm10/gencode.vM25.mouse.promoters.annotation.bed.gz[39m
[38;5;23m2026-01-21 17:27:57[39m  [38;5;248mFields[39m: ['num_total_c'][39m
[38;5;23m2026-01-21 17:27:57[39m  [38;5;248mOrder By Group[39m: condition[39m
[38;5;23m2026-01-21 17:27:57[39m  [38;5;248mOutput Dir[39m: /expanse/lustre/projects/csd940/zalibhai/biomodal/modality/outputs_CHG/Results/gencode.vM25.mouse.promoters.annotation[39m
[38;5;23m2026-01-21 17:27:57[39m  [38;5;248mMin Coverage[39m: 0[39m
[38;5;23m2026-01-21 17:27:57[39m  [38;5;248mNum Contexts[39m: 0[39m
[38;5;23m2026-01-21 17:27:57[39m  [38;5;248mDisable Strand Merging[39m: False[39m
[38;5;23m2026-01-21 17:27:57[39m  [38;5;248mWindow Size[39m: None[39m
[38;5;23m2026-01-21 17:27:57[39m  [38;5;248mTabix[39m: False[39m
[38;5;23m2026-01-21 17:27:57[39m  [38;5;248mRegion[39m: None[39m
[38;5;23m2026-01-21 17:27:57[39m  [38;5;248mAggregate By Group[39m: None[39m
[38;5;23m2026-01-21 17:27:57[39m  [38;5;248mCase Sensitive[39m: False[39m
[38;5;23m2026-01-21 17:27:57[39m  [38;5;248mHeatmap[39m: False[39m
[38;5;23m2026-01-21 17:27:57[39m | [38;5;23mINFO[39m | Sample sheet: /expanse/lustre/projects/csd940/zalibhai/biomodal/modality/metadata.tsv[39m
[38;5;23m2026-01-21 17:27:57[39m | [38;5;23mINFO[39m | Order samples by: condition, case-insensitive[39m
[38;5;23m2026-01-21 17:27:57[39m | [38;5;23mINFO[39m | Loading Zarr dataset...[39m
[38;5;23m2026-01-21 17:28:26[39m | [38;5;23mINFO[39m | Performing ['mean'] on variables ['num_total_c'] and min coverage 0.[39m
[38;5;23m2026-01-21 17:28:26[39m | [38;5;23mINFO[39m | ['num_total_c'][39m
[38;5;23m2026-01-21 17:28:26[39m | [38;5;23mINFO[39m | Adding Ranges_ID column to validate merging.[39m
[38;5;23m2026-01-21 17:28:47[39m | [38;5;23mINFO[39m | Summarized over 21673 regions.[39m
[38;5;23m2026-01-21 17:28:48[39m | [38;5;23mINFO[39m | Applying post-processor <lambda> to DataFrame.[39m
[38;5;23m2026-01-21 17:28:48[39m | [38;5;23mINFO[39m | Dataframe has 21703 rows, processing large dataset[39m
[38;5;23m2026-01-21 17:28:48[39m | [38;5;23mINFO[39m | Concatenating files without compression.[39m
[38;5;23m2026-01-21 17:28:48[39m | [38;5;23mINFO[39m | Exported total_c stats for mean to <modality.infrastructure.file_name_service.ExtractDataFileName object at 0x1554e5b51690>.[39m
[38;5;23m2026-01-21 17:28:48[39m | [38;5;23mINFO[39m | Results written to file[39m
[38;5;23m2026-01-21 17:28:48[39m  21673 regions extracted.[39m
[38;5;23m2026-01-21 17:28:48[39m  [1m[38;5;154mData extracted successfully to /expanse/lustre/projects/csd940/zalibhai/biomodal/modality/outputs_CHG/Results/gencode.vM25.mouse.promoters.annotation/Extract_20260121_172848[39m
[38;5;23m2026-01-21 17:28:48[39m  Generating plots: correlation, violin[39m
[38;5;23m2026-01-21 17:28:48[39m | [38;5;23mINFO[39m | Feature report saved to /expanse/lustre/projects/csd940/zalibhai/biomodal/modality/outputs_CHG/Results/gencode.vM25.mouse.promoters.annotation/Extract_20260121_172848/total_c_mean_extract_report_20260121_172848.html[39m
[38;5;23m2026-01-21 17:28:48[39m | [38;5;23mINFO[39m | JSON report saved to /expanse/lustre/projects/csd940/zalibhai/biomodal/modality/outputs_CHG/Results/gencode.vM25.mouse.promoters.annotation/Extract_20260121_172848/total_c_mean_extract_report_20260121_172848.json[39m
[38;5;23m2026-01-21 17:28:48[39m  [1m[38;5;154mFeature report with correlation, violin visualizations generated successfully at /expanse/lustre/projects/csd940/zalibhai/biomodal/modality/outputs_CHG/Results/gencode.vM25.mouse.promoters.annotation/Extract_20260121_172848/total_c_mean_extract_report_20260121_172848.html.[39m
[38;5;23m2026-01-21 17:28:48[39m  Wrote provenance sidecar file to /expanse/lustre/projects/csd940/zalibhai/biomodal/modality/outputs_CHG/Results/gencode.vM25.mouse.promoters.annotation/Extract_20260121_172848/modality_metadata_20260121_172848.json[39m
[INFO] 2026-01-21 17:28:49 - Running feature extraction: regional-frac for mc and hmc with minimum depth 10 (plots generated automatically)...
Logged in using stored credentials
[38;5;23m2026-01-21 17:28:53[39m  [1m[38;5;123mProvenance information:[39m
[38;5;23m2026-01-21 17:28:53[39m  cmd='/home/zalibhai/miniforge3/envs/modality/bin/modality -v get regional-frac --zarr-path /expanse/lustre/projects/csd940/zalibhai/biomodal/evoC-run/output/duet-1.5.0_evoC_Bap1_run_6bp/sample_outputs/zarr_store/CHG/evoC_Bap1_run.genome.GRCm38_primary_assembly.dedup.CHG.zarrz --sample-sheet /expanse/lustre/projects/csd940/zalibhai/biomodal/modality/metadata.tsv --bedfile /expanse/lustre/projects/csd940/zalibhai/biomodal/modality/mm10/gencode.vM25.mouse.promoters.annotation.bed.gz --fields mc hmc --min-coverage 10 --order-by-group condition --output-dir /expanse/lustre/projects/csd940/zalibhai/biomodal/modality/outputs_CHG/Results/gencode.vM25.mouse.promoters.annotation'
timestamp=2026-01-21T17:28:53.349978
version=1.0.0
user=zalibhai

[39m
[38;5;23m2026-01-21 17:28:53[39m  [1m[38;5;123mExtracting methylation features:[39m
[38;5;23m2026-01-21 17:28:53[39m  [38;5;248mZarr path(s)[39m: ['/expanse/lustre/projects/csd940/zalibhai/biomodal/evoC-run/output/duet-1.5.0_evoC_Bap1_run_6bp/sample_outputs/zarr_store/CHG/evoC_Bap1_run.genome.GRCm38_primary_assembly.dedup.CHG.zarrz'][39m
[38;5;23m2026-01-21 17:28:53[39m  [38;5;248mSample Sheet[39m: /expanse/lustre/projects/csd940/zalibhai/biomodal/modality/metadata.tsv[39m
[38;5;23m2026-01-21 17:28:53[39m  [38;5;248mBedfile[39m: /expanse/lustre/projects/csd940/zalibhai/biomodal/modality/mm10/gencode.vM25.mouse.promoters.annotation.bed.gz[39m
[38;5;23m2026-01-21 17:28:53[39m  [38;5;248mFields[39m: ['num_mc', 'num_hmc'][39m
[38;5;23m2026-01-21 17:28:53[39m  [38;5;248mMin Coverage[39m: 10[39m
[38;5;23m2026-01-21 17:28:53[39m  [38;5;248mOrder By Group[39m: condition[39m
[38;5;23m2026-01-21 17:28:53[39m  [38;5;248mOutput Dir[39m: /expanse/lustre/projects/csd940/zalibhai/biomodal/modality/outputs_CHG/Results/gencode.vM25.mouse.promoters.annotation[39m
[38;5;23m2026-01-21 17:28:53[39m  [38;5;248mNum Contexts[39m: 0[39m
[38;5;23m2026-01-21 17:28:53[39m  [38;5;248mDisable Strand Merging[39m: False[39m
[38;5;23m2026-01-21 17:28:53[39m  [38;5;248mWindow Size[39m: None[39m
[38;5;23m2026-01-21 17:28:53[39m  [38;5;248mTabix[39m: False[39m
[38;5;23m2026-01-21 17:28:53[39m  [38;5;248mRegion[39m: None[39m
[38;5;23m2026-01-21 17:28:53[39m  [38;5;248mAggregate By Group[39m: None[39m
[38;5;23m2026-01-21 17:28:53[39m  [38;5;248mCase Sensitive[39m: False[39m
[38;5;23m2026-01-21 17:28:53[39m  [38;5;248mHeatmap[39m: False[39m
[38;5;23m2026-01-21 17:28:53[39m | [38;5;23mINFO[39m | Sample sheet: /expanse/lustre/projects/csd940/zalibhai/biomodal/modality/metadata.tsv[39m
[38;5;23m2026-01-21 17:28:53[39m | [38;5;23mINFO[39m | Order samples by: condition, case-insensitive[39m
[38;5;23m2026-01-21 17:28:53[39m | [38;5;23mINFO[39m | Loading Zarr dataset...[39m
[38;5;23m2026-01-21 17:30:22[39m | [38;5;23mINFO[39m | Performing ['regional-frac'] on variables ['num_mc', 'num_hmc'] and min coverage 10.[39m
[38;5;23m2026-01-21 17:30:22[39m | [38;5;23mINFO[39m | ['num_mc', 'num_hmc', 'num_total_c'][39m
[38;5;23m2026-01-21 17:30:22[39m | [38;5;23mINFO[39m | Adding Ranges_ID column to validate merging.[39m
[38;5;23m2026-01-21 17:30:45[39m | [38;5;23mINFO[39m | Summarized over 21673 regions.[39m
[38;5;23m2026-01-21 17:30:45[39m | [38;5;23mINFO[39m | Applying post-processor <lambda> to DataFrame.[39m
[38;5;23m2026-01-21 17:30:45[39m | [38;5;23mINFO[39m | Dataframe has 21703 rows, processing large dataset[39m
[38;5;23m2026-01-21 17:30:45[39m | [38;5;23mINFO[39m | Concatenating files without compression.[39m
[38;5;23m2026-01-21 17:30:45[39m | [38;5;23mINFO[39m | Exported mc stats for regional-frac to <modality.infrastructure.file_name_service.ExtractDataFileName object at 0x1554e3b4ff90>.[39m
[38;5;23m2026-01-21 17:30:46[39m | [38;5;23mINFO[39m | Applying post-processor <lambda> to DataFrame.[39m
[38;5;23m2026-01-21 17:30:46[39m | [38;5;23mINFO[39m | Dataframe has 21703 rows, processing large dataset[39m
[38;5;23m2026-01-21 17:30:46[39m | [38;5;23mINFO[39m | Concatenating files without compression.[39m
[38;5;23m2026-01-21 17:30:46[39m | [38;5;23mINFO[39m | Exported hmc stats for regional-frac to <modality.infrastructure.file_name_service.ExtractDataFileName object at 0x1554e4b30f10>.[39m
[38;5;23m2026-01-21 17:30:46[39m | [38;5;23mINFO[39m | Results written to file[39m
[38;5;23m2026-01-21 17:30:46[39m  21673 regions extracted.[39m
[38;5;23m2026-01-21 17:30:46[39m  [1m[38;5;154mData extracted successfully to /expanse/lustre/projects/csd940/zalibhai/biomodal/modality/outputs_CHG/Results/gencode.vM25.mouse.promoters.annotation/Extract_20260121_173045[39m
[38;5;23m2026-01-21 17:30:46[39m  Generating plots: correlation, violin[39m
[38;5;23m2026-01-21 17:30:47[39m | [38;5;23mINFO[39m | Feature report saved to /expanse/lustre/projects/csd940/zalibhai/biomodal/modality/outputs_CHG/Results/gencode.vM25.mouse.promoters.annotation/Extract_20260121_173045/hmc-mc_regional-frac_extract_report_20260121_173045.html[39m
[38;5;23m2026-01-21 17:30:47[39m | [38;5;23mINFO[39m | JSON report saved to /expanse/lustre/projects/csd940/zalibhai/biomodal/modality/outputs_CHG/Results/gencode.vM25.mouse.promoters.annotation/Extract_20260121_173045/hmc-mc_regional-frac_extract_report_20260121_173045.json[39m
[38;5;23m2026-01-21 17:30:47[39m  [1m[38;5;154mFeature report with correlation, violin visualizations generated successfully at /expanse/lustre/projects/csd940/zalibhai/biomodal/modality/outputs_CHG/Results/gencode.vM25.mouse.promoters.annotation/Extract_20260121_173045/hmc-mc_regional-frac_extract_report_20260121_173045.html.[39m
[38;5;23m2026-01-21 17:30:47[39m  Wrote provenance sidecar file to /expanse/lustre/projects/csd940/zalibhai/biomodal/modality/outputs_CHG/Results/gencode.vM25.mouse.promoters.annotation/Extract_20260121_173045/modality_metadata_20260121_173047.json[39m
[INFO] 2026-01-21 17:30:48 - Feature extraction completed for gencode.vM25.mouse.promoters.annotation
[INFO] 2026-01-21 17:30:48 - Processing region file: /expanse/lustre/projects/csd940/zalibhai/biomodal/modality/mm10/gencode.vM25.mouse.tss_region.annotation.bed.gz
[INFO] 2026-01-21 17:30:48 - Running feature extraction: count total_c...
Logged in using stored credentials
[38;5;23m2026-01-21 17:30:53[39m  [1m[38;5;123mProvenance information:[39m
[38;5;23m2026-01-21 17:30:53[39m  cmd='/home/zalibhai/miniforge3/envs/modality/bin/modality -v get count --zarr-path /expanse/lustre/projects/csd940/zalibhai/biomodal/evoC-run/output/duet-1.5.0_evoC_Bap1_run_6bp/sample_outputs/zarr_store/CHG/evoC_Bap1_run.genome.GRCm38_primary_assembly.dedup.CHG.zarrz --sample-sheet /expanse/lustre/projects/csd940/zalibhai/biomodal/modality/metadata.tsv --bedfile /expanse/lustre/projects/csd940/zalibhai/biomodal/modality/mm10/gencode.vM25.mouse.tss_region.annotation.bed.gz --fields total_c --output-dir /expanse/lustre/projects/csd940/zalibhai/biomodal/modality/outputs_CHG/Results/gencode.vM25.mouse.tss_region.annotation'
timestamp=2026-01-21T17:30:53.394637
version=1.0.0
user=zalibhai

[39m
[38;5;23m2026-01-21 17:30:53[39m  [1m[38;5;123mExtracting methylation features:[39m
[38;5;23m2026-01-21 17:30:53[39m  [38;5;248mZarr path(s)[39m: ['/expanse/lustre/projects/csd940/zalibhai/biomodal/evoC-run/output/duet-1.5.0_evoC_Bap1_run_6bp/sample_outputs/zarr_store/CHG/evoC_Bap1_run.genome.GRCm38_primary_assembly.dedup.CHG.zarrz'][39m
[38;5;23m2026-01-21 17:30:53[39m  [38;5;248mSample Sheet[39m: /expanse/lustre/projects/csd940/zalibhai/biomodal/modality/metadata.tsv[39m
[38;5;23m2026-01-21 17:30:53[39m  [38;5;248mBedfile[39m: /expanse/lustre/projects/csd940/zalibhai/biomodal/modality/mm10/gencode.vM25.mouse.tss_region.annotation.bed.gz[39m
[38;5;23m2026-01-21 17:30:53[39m  [38;5;248mFields[39m: ['num_total_c'][39m
[38;5;23m2026-01-21 17:30:53[39m  [38;5;248mOutput Dir[39m: /expanse/lustre/projects/csd940/zalibhai/biomodal/modality/outputs_CHG/Results/gencode.vM25.mouse.tss_region.annotation[39m
[38;5;23m2026-01-21 17:30:53[39m  [38;5;248mMin Coverage[39m: 0[39m
[38;5;23m2026-01-21 17:30:53[39m  [38;5;248mNum Contexts[39m: 0[39m
[38;5;23m2026-01-21 17:30:53[39m  [38;5;248mDisable Strand Merging[39m: False[39m
[38;5;23m2026-01-21 17:30:53[39m  [38;5;248mWindow Size[39m: None[39m
[38;5;23m2026-01-21 17:30:53[39m  [38;5;248mTabix[39m: False[39m
[38;5;23m2026-01-21 17:30:53[39m  [38;5;248mRegion[39m: None[39m
[38;5;23m2026-01-21 17:30:53[39m | [38;5;23mINFO[39m | Loading Zarr dataset...[39m
[38;5;23m2026-01-21 17:31:22[39m | [38;5;23mINFO[39m | Performing ['count'] on variables ['num_total_c'] and min coverage 0.[39m
[38;5;23m2026-01-21 17:31:22[39m | [38;5;23mINFO[39m | ['num_total_c'][39m
[38;5;23m2026-01-21 17:31:22[39m | [38;5;23mINFO[39m | Adding Ranges_ID column to validate merging.[39m
[38;5;23m2026-01-21 17:31:39[39m | [38;5;23mINFO[39m | Summarized over 21673 regions.[39m
[38;5;23m2026-01-21 17:31:39[39m | [38;5;23mINFO[39m | Applying post-processor <lambda> to DataFrame.[39m
[38;5;23m2026-01-21 17:31:39[39m | [38;5;23mINFO[39m | Dataframe has 21705 rows, processing large dataset[39m
[38;5;23m2026-01-21 17:31:40[39m | [38;5;23mINFO[39m | Concatenating files without compression.[39m
[38;5;23m2026-01-21 17:31:40[39m | [38;5;23mINFO[39m | Exported total_c stats for count to <modality.infrastructure.file_name_service.ExtractDataFileName object at 0x1554e67c0290>.[39m
[38;5;23m2026-01-21 17:31:40[39m | [38;5;23mINFO[39m | Results written to file[39m
[38;5;23m2026-01-21 17:31:40[39m  21673 regions extracted.[39m
[38;5;23m2026-01-21 17:31:40[39m  [1m[38;5;154mData extracted successfully to /expanse/lustre/projects/csd940/zalibhai/biomodal/modality/outputs_CHG/Results/gencode.vM25.mouse.tss_region.annotation/Extract_20260121_173139[39m
[38;5;23m2026-01-21 17:31:40[39m | [38;5;23mINFO[39m | No plots generated. Sample sheet / group provided but no plots requested.[39m
[38;5;23m2026-01-21 17:31:40[39m  Wrote provenance sidecar file to /expanse/lustre/projects/csd940/zalibhai/biomodal/modality/outputs_CHG/Results/gencode.vM25.mouse.tss_region.annotation/Extract_20260121_173139/modality_metadata_20260121_173140.json[39m
[INFO] 2026-01-21 17:31:40 - Running feature extraction: mean total_c (plots generated automatically)...
Logged in using stored credentials
[38;5;23m2026-01-21 17:31:45[39m  [1m[38;5;123mProvenance information:[39m
[38;5;23m2026-01-21 17:31:45[39m  cmd='/home/zalibhai/miniforge3/envs/modality/bin/modality -v get mean --zarr-path /expanse/lustre/projects/csd940/zalibhai/biomodal/evoC-run/output/duet-1.5.0_evoC_Bap1_run_6bp/sample_outputs/zarr_store/CHG/evoC_Bap1_run.genome.GRCm38_primary_assembly.dedup.CHG.zarrz --sample-sheet /expanse/lustre/projects/csd940/zalibhai/biomodal/modality/metadata.tsv --bedfile /expanse/lustre/projects/csd940/zalibhai/biomodal/modality/mm10/gencode.vM25.mouse.tss_region.annotation.bed.gz --fields total_c --order-by-group condition --output-dir /expanse/lustre/projects/csd940/zalibhai/biomodal/modality/outputs_CHG/Results/gencode.vM25.mouse.tss_region.annotation'
timestamp=2026-01-21T17:31:45.373226
version=1.0.0
user=zalibhai

[39m
[38;5;23m2026-01-21 17:31:45[39m  [1m[38;5;123mExtracting methylation features:[39m
[38;5;23m2026-01-21 17:31:45[39m  [38;5;248mZarr path(s)[39m: ['/expanse/lustre/projects/csd940/zalibhai/biomodal/evoC-run/output/duet-1.5.0_evoC_Bap1_run_6bp/sample_outputs/zarr_store/CHG/evoC_Bap1_run.genome.GRCm38_primary_assembly.dedup.CHG.zarrz'][39m
[38;5;23m2026-01-21 17:31:45[39m  [38;5;248mSample Sheet[39m: /expanse/lustre/projects/csd940/zalibhai/biomodal/modality/metadata.tsv[39m
[38;5;23m2026-01-21 17:31:45[39m  [38;5;248mBedfile[39m: /expanse/lustre/projects/csd940/zalibhai/biomodal/modality/mm10/gencode.vM25.mouse.tss_region.annotation.bed.gz[39m
[38;5;23m2026-01-21 17:31:45[39m  [38;5;248mFields[39m: ['num_total_c'][39m
[38;5;23m2026-01-21 17:31:45[39m  [38;5;248mOrder By Group[39m: condition[39m
[38;5;23m2026-01-21 17:31:45[39m  [38;5;248mOutput Dir[39m: /expanse/lustre/projects/csd940/zalibhai/biomodal/modality/outputs_CHG/Results/gencode.vM25.mouse.tss_region.annotation[39m
[38;5;23m2026-01-21 17:31:45[39m  [38;5;248mMin Coverage[39m: 0[39m
[38;5;23m2026-01-21 17:31:45[39m  [38;5;248mNum Contexts[39m: 0[39m
[38;5;23m2026-01-21 17:31:45[39m  [38;5;248mDisable Strand Merging[39m: False[39m
[38;5;23m2026-01-21 17:31:45[39m  [38;5;248mWindow Size[39m: None[39m
[38;5;23m2026-01-21 17:31:45[39m  [38;5;248mTabix[39m: False[39m
[38;5;23m2026-01-21 17:31:45[39m  [38;5;248mRegion[39m: None[39m
[38;5;23m2026-01-21 17:31:45[39m  [38;5;248mAggregate By Group[39m: None[39m
[38;5;23m2026-01-21 17:31:45[39m  [38;5;248mCase Sensitive[39m: False[39m
[38;5;23m2026-01-21 17:31:45[39m  [38;5;248mHeatmap[39m: False[39m
[38;5;23m2026-01-21 17:31:45[39m | [38;5;23mINFO[39m | Sample sheet: /expanse/lustre/projects/csd940/zalibhai/biomodal/modality/metadata.tsv[39m
[38;5;23m2026-01-21 17:31:45[39m | [38;5;23mINFO[39m | Order samples by: condition, case-insensitive[39m
[38;5;23m2026-01-21 17:31:45[39m | [38;5;23mINFO[39m | Loading Zarr dataset...[39m
[38;5;23m2026-01-21 17:32:13[39m | [38;5;23mINFO[39m | Performing ['mean'] on variables ['num_total_c'] and min coverage 0.[39m
[38;5;23m2026-01-21 17:32:13[39m | [38;5;23mINFO[39m | ['num_total_c'][39m
[38;5;23m2026-01-21 17:32:13[39m | [38;5;23mINFO[39m | Adding Ranges_ID column to validate merging.[39m
[38;5;23m2026-01-21 17:32:29[39m | [38;5;23mINFO[39m | Summarized over 21673 regions.[39m
[38;5;23m2026-01-21 17:32:29[39m | [38;5;23mINFO[39m | Applying post-processor <lambda> to DataFrame.[39m
[38;5;23m2026-01-21 17:32:30[39m | [38;5;23mINFO[39m | Dataframe has 21705 rows, processing large dataset[39m
[38;5;23m2026-01-21 17:32:30[39m | [38;5;23mINFO[39m | Concatenating files without compression.[39m
[38;5;23m2026-01-21 17:32:30[39m | [38;5;23mINFO[39m | Exported total_c stats for mean to <modality.infrastructure.file_name_service.ExtractDataFileName object at 0x1554e4fcb310>.[39m
[38;5;23m2026-01-21 17:32:30[39m | [38;5;23mINFO[39m | Results written to file[39m
[38;5;23m2026-01-21 17:32:30[39m  21673 regions extracted.[39m
[38;5;23m2026-01-21 17:32:30[39m  [1m[38;5;154mData extracted successfully to /expanse/lustre/projects/csd940/zalibhai/biomodal/modality/outputs_CHG/Results/gencode.vM25.mouse.tss_region.annotation/Extract_20260121_173230[39m
[38;5;23m2026-01-21 17:32:30[39m  Generating plots: violin, correlation[39m
[38;5;23m2026-01-21 17:32:31[39m | [38;5;23mINFO[39m | Feature report saved to /expanse/lustre/projects/csd940/zalibhai/biomodal/modality/outputs_CHG/Results/gencode.vM25.mouse.tss_region.annotation/Extract_20260121_173230/total_c_mean_extract_report_20260121_173230.html[39m
[38;5;23m2026-01-21 17:32:31[39m | [38;5;23mINFO[39m | JSON report saved to /expanse/lustre/projects/csd940/zalibhai/biomodal/modality/outputs_CHG/Results/gencode.vM25.mouse.tss_region.annotation/Extract_20260121_173230/total_c_mean_extract_report_20260121_173230.json[39m
[38;5;23m2026-01-21 17:32:31[39m  [1m[38;5;154mFeature report with violin, correlation visualizations generated successfully at /expanse/lustre/projects/csd940/zalibhai/biomodal/modality/outputs_CHG/Results/gencode.vM25.mouse.tss_region.annotation/Extract_20260121_173230/total_c_mean_extract_report_20260121_173230.html.[39m
[38;5;23m2026-01-21 17:32:31[39m  Wrote provenance sidecar file to /expanse/lustre/projects/csd940/zalibhai/biomodal/modality/outputs_CHG/Results/gencode.vM25.mouse.tss_region.annotation/Extract_20260121_173230/modality_metadata_20260121_173231.json[39m
[INFO] 2026-01-21 17:32:32 - Running feature extraction: regional-frac for mc and hmc with minimum depth 10 (plots generated automatically)...
Logged in using stored credentials
[38;5;23m2026-01-21 17:32:37[39m  [1m[38;5;123mProvenance information:[39m
[38;5;23m2026-01-21 17:32:37[39m  cmd='/home/zalibhai/miniforge3/envs/modality/bin/modality -v get regional-frac --zarr-path /expanse/lustre/projects/csd940/zalibhai/biomodal/evoC-run/output/duet-1.5.0_evoC_Bap1_run_6bp/sample_outputs/zarr_store/CHG/evoC_Bap1_run.genome.GRCm38_primary_assembly.dedup.CHG.zarrz --sample-sheet /expanse/lustre/projects/csd940/zalibhai/biomodal/modality/metadata.tsv --bedfile /expanse/lustre/projects/csd940/zalibhai/biomodal/modality/mm10/gencode.vM25.mouse.tss_region.annotation.bed.gz --fields mc hmc --min-coverage 10 --order-by-group condition --output-dir /expanse/lustre/projects/csd940/zalibhai/biomodal/modality/outputs_CHG/Results/gencode.vM25.mouse.tss_region.annotation'
timestamp=2026-01-21T17:32:37.533930
version=1.0.0
user=zalibhai

[39m
[38;5;23m2026-01-21 17:32:37[39m  [1m[38;5;123mExtracting methylation features:[39m
[38;5;23m2026-01-21 17:32:37[39m  [38;5;248mZarr path(s)[39m: ['/expanse/lustre/projects/csd940/zalibhai/biomodal/evoC-run/output/duet-1.5.0_evoC_Bap1_run_6bp/sample_outputs/zarr_store/CHG/evoC_Bap1_run.genome.GRCm38_primary_assembly.dedup.CHG.zarrz'][39m
[38;5;23m2026-01-21 17:32:37[39m  [38;5;248mSample Sheet[39m: /expanse/lustre/projects/csd940/zalibhai/biomodal/modality/metadata.tsv[39m
[38;5;23m2026-01-21 17:32:37[39m  [38;5;248mBedfile[39m: /expanse/lustre/projects/csd940/zalibhai/biomodal/modality/mm10/gencode.vM25.mouse.tss_region.annotation.bed.gz[39m
[38;5;23m2026-01-21 17:32:37[39m  [38;5;248mFields[39m: ['num_mc', 'num_hmc'][39m
[38;5;23m2026-01-21 17:32:37[39m  [38;5;248mMin Coverage[39m: 10[39m
[38;5;23m2026-01-21 17:32:37[39m  [38;5;248mOrder By Group[39m: condition[39m
[38;5;23m2026-01-21 17:32:37[39m  [38;5;248mOutput Dir[39m: /expanse/lustre/projects/csd940/zalibhai/biomodal/modality/outputs_CHG/Results/gencode.vM25.mouse.tss_region.annotation[39m
[38;5;23m2026-01-21 17:32:37[39m  [38;5;248mNum Contexts[39m: 0[39m
[38;5;23m2026-01-21 17:32:37[39m  [38;5;248mDisable Strand Merging[39m: False[39m
[38;5;23m2026-01-21 17:32:37[39m  [38;5;248mWindow Size[39m: None[39m
[38;5;23m2026-01-21 17:32:37[39m  [38;5;248mTabix[39m: False[39m
[38;5;23m2026-01-21 17:32:37[39m  [38;5;248mRegion[39m: None[39m
[38;5;23m2026-01-21 17:32:37[39m  [38;5;248mAggregate By Group[39m: None[39m
[38;5;23m2026-01-21 17:32:37[39m  [38;5;248mCase Sensitive[39m: False[39m
[38;5;23m2026-01-21 17:32:37[39m  [38;5;248mHeatmap[39m: False[39m
[38;5;23m2026-01-21 17:32:37[39m | [38;5;23mINFO[39m | Sample sheet: /expanse/lustre/projects/csd940/zalibhai/biomodal/modality/metadata.tsv[39m
[38;5;23m2026-01-21 17:32:37[39m | [38;5;23mINFO[39m | Order samples by: condition, case-insensitive[39m
[38;5;23m2026-01-21 17:32:37[39m | [38;5;23mINFO[39m | Loading Zarr dataset...[39m
[38;5;23m2026-01-21 17:34:05[39m | [38;5;23mINFO[39m | Performing ['regional-frac'] on variables ['num_mc', 'num_hmc'] and min coverage 10.[39m
[38;5;23m2026-01-21 17:34:05[39m | [38;5;23mINFO[39m | ['num_mc', 'num_hmc', 'num_total_c'][39m
[38;5;23m2026-01-21 17:34:05[39m | [38;5;23mINFO[39m | Adding Ranges_ID column to validate merging.[39m
[38;5;23m2026-01-21 17:34:31[39m | [38;5;23mINFO[39m | Summarized over 21673 regions.[39m
[38;5;23m2026-01-21 17:34:31[39m | [38;5;23mINFO[39m | Applying post-processor <lambda> to DataFrame.[39m
[38;5;23m2026-01-21 17:34:31[39m | [38;5;23mINFO[39m | Dataframe has 21705 rows, processing large dataset[39m
[38;5;23m2026-01-21 17:34:32[39m | [38;5;23mINFO[39m | Concatenating files without compression.[39m
[38;5;23m2026-01-21 17:34:32[39m | [38;5;23mINFO[39m | Exported mc stats for regional-frac to <modality.infrastructure.file_name_service.ExtractDataFileName object at 0x1554e2f97d10>.[39m
[38;5;23m2026-01-21 17:34:32[39m | [38;5;23mINFO[39m | Applying post-processor <lambda> to DataFrame.[39m
[38;5;23m2026-01-21 17:34:32[39m | [38;5;23mINFO[39m | Dataframe has 21705 rows, processing large dataset[39m
[38;5;23m2026-01-21 17:34:32[39m | [38;5;23mINFO[39m | Concatenating files without compression.[39m
[38;5;23m2026-01-21 17:34:33[39m | [38;5;23mINFO[39m | Exported hmc stats for regional-frac to <modality.infrastructure.file_name_service.ExtractDataFileName object at 0x1554e5bdc610>.[39m
[38;5;23m2026-01-21 17:34:33[39m | [38;5;23mINFO[39m | Results written to file[39m
[38;5;23m2026-01-21 17:34:33[39m  21673 regions extracted.[39m
[38;5;23m2026-01-21 17:34:33[39m  [1m[38;5;154mData extracted successfully to /expanse/lustre/projects/csd940/zalibhai/biomodal/modality/outputs_CHG/Results/gencode.vM25.mouse.tss_region.annotation/Extract_20260121_173431[39m
[38;5;23m2026-01-21 17:34:33[39m  Generating plots: violin, correlation[39m
[38;5;23m2026-01-21 17:34:33[39m | [38;5;23mINFO[39m | Feature report saved to /expanse/lustre/projects/csd940/zalibhai/biomodal/modality/outputs_CHG/Results/gencode.vM25.mouse.tss_region.annotation/Extract_20260121_173431/hmc-mc_regional-frac_extract_report_20260121_173431.html[39m
[38;5;23m2026-01-21 17:34:33[39m | [38;5;23mINFO[39m | JSON report saved to /expanse/lustre/projects/csd940/zalibhai/biomodal/modality/outputs_CHG/Results/gencode.vM25.mouse.tss_region.annotation/Extract_20260121_173431/hmc-mc_regional-frac_extract_report_20260121_173431.json[39m
[38;5;23m2026-01-21 17:34:33[39m  [1m[38;5;154mFeature report with violin, correlation visualizations generated successfully at /expanse/lustre/projects/csd940/zalibhai/biomodal/modality/outputs_CHG/Results/gencode.vM25.mouse.tss_region.annotation/Extract_20260121_173431/hmc-mc_regional-frac_extract_report_20260121_173431.html.[39m
[38;5;23m2026-01-21 17:34:33[39m  Wrote provenance sidecar file to /expanse/lustre/projects/csd940/zalibhai/biomodal/modality/outputs_CHG/Results/gencode.vM25.mouse.tss_region.annotation/Extract_20260121_173431/modality_metadata_20260121_173433.json[39m
[INFO] 2026-01-21 17:34:34 - Feature extraction completed for gencode.vM25.mouse.tss_region.annotation
[INFO] 2026-01-21 17:34:34 - Feature extraction HTML reports copied to region-specific directories


===========================
STEP 3: RUNNING DMR CALLING
===========================
[INFO] 2026-01-21 17:34:34 - Running DMR calling on region file: /expanse/lustre/projects/csd940/zalibhai/biomodal/modality/mm10/gencode.vM25.mouse.cpg_islands.annotation.bed
Logged in using stored credentials
[38;5;23m2026-01-21 17:34:40[39m  [1m[38;5;123mProvenance information:[39m
[38;5;23m2026-01-21 17:34:40[39m  cmd='/home/zalibhai/miniforge3/envs/modality/bin/modality -v dmr call --zarr-path /expanse/lustre/projects/csd940/zalibhai/biomodal/evoC-run/output/duet-1.5.0_evoC_Bap1_run_6bp/sample_outputs/zarr_store/CHG/evoC_Bap1_run.genome.GRCm38_primary_assembly.dedup.CHG.zarrz --sample-sheet /expanse/lustre/projects/csd940/zalibhai/biomodal/modality/metadata.tsv --condition-array-name condition --methylation-contexts num_mc num_hmc --bedfile /expanse/lustre/projects/csd940/zalibhai/biomodal/modality/mm10/gencode.vM25.mouse.cpg_islands.annotation.bed --filter-context-depth 10 --condition-order control mutant --output-dir /expanse/lustre/projects/csd940/zalibhai/biomodal/modality/outputs_CHG/Results/gencode.vM25.mouse.cpg_islands.annotation'
timestamp=2026-01-21T17:34:40.203620
version=1.0.0
user=zalibhai

[39m
[38;5;23m2026-01-21 17:34:40[39m  [1m[38;5;123mStarting differential methylation analysis:[39m
[38;5;23m2026-01-21 17:34:40[39m  [38;5;248mZarr path(s)[39m: ['/expanse/lustre/projects/csd940/zalibhai/biomodal/evoC-run/output/duet-1.5.0_evoC_Bap1_run_6bp/sample_outputs/zarr_store/CHG/evoC_Bap1_run.genome.GRCm38_primary_assembly.dedup.CHG.zarrz'][39m
[38;5;23m2026-01-21 17:34:40[39m  [38;5;248mSample Sheet[39m: /expanse/lustre/projects/csd940/zalibhai/biomodal/modality/metadata.tsv[39m
[38;5;23m2026-01-21 17:34:40[39m  [38;5;248mCondition Array Name[39m: condition[39m
[38;5;23m2026-01-21 17:34:40[39m  [38;5;248mMethylation Contexts[39m: ['num_mc', 'num_hmc'][39m
[38;5;23m2026-01-21 17:34:40[39m  [38;5;248mBedfile[39m: /expanse/lustre/projects/csd940/zalibhai/biomodal/modality/mm10/gencode.vM25.mouse.cpg_islands.annotation.bed[39m
[38;5;23m2026-01-21 17:34:40[39m  [38;5;248mMin Coverage[39m: 10[39m
[38;5;23m2026-01-21 17:34:40[39m  [38;5;248mCondition Order[39m: ['control', 'mutant'][39m
[38;5;23m2026-01-21 17:34:40[39m  [38;5;248mOutput Dir[39m: /expanse/lustre/projects/csd940/zalibhai/biomodal/modality/outputs_CHG/Results/gencode.vM25.mouse.cpg_islands.annotation[39m
[38;5;23m2026-01-21 17:34:40[39m  [38;5;248mWindow Size[39m: None[39m
[38;5;23m2026-01-21 17:34:40[39m  [38;5;248mCovariates[39m: [][39m
[38;5;23m2026-01-21 17:34:40[39m  [38;5;248mNum Contexts[39m: 0[39m
[38;5;23m2026-01-21 17:34:40[39m  [38;5;248mRegion[39m: None[39m
[38;5;23m2026-01-21 17:34:40[39m  [38;5;248mOverdispersion[39m: False[39m
[38;5;23m2026-01-21 17:34:40[39m  [38;5;248mStatistical Test[39m: wald[39m
[38;5;23m2026-01-21 17:34:40[39m  [38;5;248mDisable Strand Merging[39m: False[39m
[38;5;23m2026-01-21 17:34:40[39m  [38;5;248mCompress[39m: False[39m
[38;5;23m2026-01-21 17:34:40[39m | [38;5;23mINFO[39m | Loading Zarr dataset...[39m
[38;5;23m2026-01-21 17:34:59[39m | [38;5;23mINFO[39m | Starting DMR calling process, this could take a few minutes...[39m
[38;5;23m2026-01-21 17:34:59[39m | [38;5;23mINFO[39m | Aligning sample sheet with dataset...[39m
[                                        ] | 0% Completed | 1.03 s[                                        ] | 0% Completed | 1.14 s[                                        ] | 0% Completed | 1.25 s[                                        ] | 0% Completed | 1.36 s[                                        ] | 0% Completed | 1.47 s[                                        ] | 0% Completed | 1.58 s[                                        ] | 0% Completed | 1.69 s[                                        ] | 0% Completed | 1.80 s[                                        ] | 0% Completed | 1.91 s[                                        ] | 0% Completed | 2.02 s[                                        ] | 0% Completed | 2.13 s[                                        ] | 0% Completed | 2.24 s[                                        ] | 0% Completed | 2.35 s[                                        ] | 0% Completed | 2.63 s[                                        ] | 0% Completed | 2.74 s[                                        ] | 0% Completed | 2.96 s[                                        ] | 0% Completed | 3.07 s[                                        ] | 0% Completed | 3.17 s[                                        ] | 1% Completed | 3.27 s[                                        ] | 1% Completed | 3.37 s[                                        ] | 1% Completed | 3.47 s[                                        ] | 2% Completed | 3.57 s[#                                       ] | 2% Completed | 3.67 s[#                                       ] | 2% Completed | 3.77 s[#                                       ] | 3% Completed | 3.87 s[#                                       ] | 3% Completed | 3.97 s[#                                       ] | 4% Completed | 4.07 s[#                                       ] | 4% Completed | 4.17 s[#                                       ] | 4% Completed | 4.27 s[##                                      ] | 5% Completed | 4.37 s[##                                      ] | 5% Completed | 4.47 s[##                                      ] | 5% Completed | 4.57 s[##                                      ] | 6% Completed | 4.67 s[##                                      ] | 6% Completed | 4.77 s[##                                      ] | 7% Completed | 4.87 s[###                                     ] | 7% Completed | 4.97 s[###                                     ] | 8% Completed | 5.07 s[###                                     ] | 8% Completed | 5.17 s[###                                     ] | 9% Completed | 5.27 s[###                                     ] | 9% Completed | 5.37 s[####                                    ] | 10% Completed | 5.47 s[####                                    ] | 10% Completed | 5.57 s[####                                    ] | 11% Completed | 5.67 s[####                                    ] | 11% Completed | 5.77 s[####                                    ] | 12% Completed | 5.87 s[#####                                   ] | 12% Completed | 5.97 s[#####                                   ] | 13% Completed | 6.07 s[#####                                   ] | 14% Completed | 6.17 s[#####                                   ] | 14% Completed | 6.27 s[######                                  ] | 15% Completed | 6.37 s[######                                  ] | 16% Completed | 6.47 s[######                                  ] | 16% Completed | 6.57 s[######                                  ] | 17% Completed | 6.67 s[#######                                 ] | 18% Completed | 6.77 s[#######                                 ] | 18% Completed | 6.87 s[#######                                 ] | 19% Completed | 6.97 s[########                                ] | 20% Completed | 7.07 s[########                                ] | 20% Completed | 7.18 s[########                                ] | 21% Completed | 7.28 s[########                                ] | 22% Completed | 7.38 s[#########                               ] | 22% Completed | 7.48 s[#########                               ] | 23% Completed | 7.58 s[#########                               ] | 24% Completed | 7.68 s[#########                               ] | 24% Completed | 7.78 s[##########                              ] | 25% Completed | 7.88 s[##########                              ] | 26% Completed | 7.98 s[##########                              ] | 26% Completed | 8.08 s[###########                             ] | 27% Completed | 8.18 s[###########                             ] | 28% Completed | 8.28 s[###########                             ] | 28% Completed | 8.38 s[###########                             ] | 29% Completed | 8.48 s[############                            ] | 30% Completed | 8.58 s[############                            ] | 30% Completed | 8.68 s[############                            ] | 31% Completed | 8.78 s[############                            ] | 32% Completed | 8.88 s[#############                           ] | 32% Completed | 8.98 s[#############                           ] | 33% Completed | 9.08 s[#############                           ] | 34% Completed | 9.18 s[##############                          ] | 35% Completed | 9.28 s[##############                          ] | 35% Completed | 9.38 s[##############                          ] | 36% Completed | 9.48 s[##############                          ] | 37% Completed | 9.58 s[###############                         ] | 37% Completed | 9.68 s[###############                         ] | 38% Completed | 9.78 s[###############                         ] | 39% Completed | 9.88 s[################                        ] | 40% Completed | 9.98 s[################                        ] | 40% Completed | 10.08 s[################                        ] | 41% Completed | 10.18 s[################                        ] | 42% Completed | 10.28 s[#################                       ] | 43% Completed | 10.38 s[#################                       ] | 44% Completed | 10.48 s[##################                      ] | 45% Completed | 10.58 s[##################                      ] | 45% Completed | 10.68 s[##################                      ] | 46% Completed | 10.78 s[###################                     ] | 47% Completed | 10.88 s[###################                     ] | 48% Completed | 10.98 s[###################                     ] | 49% Completed | 11.08 s[####################                    ] | 50% Completed | 11.18 s[####################                    ] | 50% Completed | 11.28 s[####################                    ] | 51% Completed | 11.38 s[#####################                   ] | 52% Completed | 11.48 s[#####################                   ] | 53% Completed | 11.58 s[#####################                   ] | 54% Completed | 11.68 s[######################                  ] | 55% Completed | 11.78 s[######################                  ] | 56% Completed | 11.88 s[######################                  ] | 57% Completed | 11.98 s[#######################                 ] | 58% Completed | 12.08 s[#######################                 ] | 59% Completed | 12.18 s[########################                ] | 60% Completed | 12.28 s[########################                ] | 61% Completed | 12.38 s[########################                ] | 62% Completed | 12.48 s[#########################               ] | 63% Completed | 12.58 s[#########################               ] | 64% Completed | 12.68 s[##########################              ] | 65% Completed | 12.78 s[##########################              ] | 66% Completed | 12.88 s[###########################             ] | 67% Completed | 12.98 s[###########################             ] | 68% Completed | 13.08 s[###########################             ] | 69% Completed | 13.18 s[############################            ] | 70% Completed | 13.28 s[############################            ] | 71% Completed | 13.38 s[#############################           ] | 72% Completed | 13.48 s[#############################           ] | 73% Completed | 13.58 s[#############################           ] | 74% Completed | 13.68 s[##############################          ] | 75% Completed | 13.78 s[##############################          ] | 76% Completed | 13.88 s[##############################          ] | 77% Completed | 13.99 s[###############################         ] | 78% Completed | 14.09 s[##################################      ] | 85% Completed | 14.26 s[########################################] | 100% Completed | 14.50 s
[38;5;23m2026-01-21 17:35:17[39m | [38;5;23mINFO[39m | filtering low coverage contexts (this may take multiple steps)...[39m
[##########                              ] | 26% Completed | 1.00 s[############                            ] | 30% Completed | 1.10 s[#############                           ] | 33% Completed | 1.20 s[##############                          ] | 36% Completed | 1.30 s[###############                         ] | 39% Completed | 1.40 s[################                        ] | 41% Completed | 1.50 s[#################                       ] | 44% Completed | 1.60 s[###################                     ] | 47% Completed | 1.70 s[####################                    ] | 50% Completed | 1.80 s[#####################                   ] | 53% Completed | 1.90 s[######################                  ] | 55% Completed | 2.00 s[#######################                 ] | 58% Completed | 2.10 s[########################                ] | 61% Completed | 2.20 s[#########################               ] | 64% Completed | 2.30 s[##########################              ] | 66% Completed | 2.40 s[###########################             ] | 69% Completed | 2.50 s[############################            ] | 72% Completed | 2.60 s[##############################          ] | 75% Completed | 2.70 s[###############################         ] | 77% Completed | 2.80 s[################################        ] | 80% Completed | 2.90 s[#################################       ] | 83% Completed | 3.00 s[##################################      ] | 86% Completed | 3.10 s[###################################     ] | 88% Completed | 3.20 s[####################################    ] | 91% Completed | 3.30 s[#####################################   ] | 94% Completed | 3.40 s[######################################  ] | 97% Completed | 3.50 s[########################################] | 100% Completed | 3.60 s
[                                        ] | 0% Completed | 1.00 s[                                        ] | 0% Completed | 1.10 s[                                        ] | 0% Completed | 1.20 s[                                        ] | 0% Completed | 1.30 s[                                        ] | 0% Completed | 1.40 s[                                        ] | 0% Completed | 1.50 s[                                        ] | 0% Completed | 1.60 s[                                        ] | 0% Completed | 1.70 s[                                        ] | 0% Completed | 1.80 s[                                        ] | 0% Completed | 1.90 s[                                        ] | 0% Completed | 2.00 s[                                        ] | 0% Completed | 2.10 s[                                        ] | 0% Completed | 2.20 s[                                        ] | 0% Completed | 2.30 s[                                        ] | 0% Completed | 2.40 s[                                        ] | 0% Completed | 2.50 s[                                        ] | 0% Completed | 2.60 s[                                        ] | 0% Completed | 2.70 s[                                        ] | 0% Completed | 2.80 s[                                        ] | 0% Completed | 2.90 s[                                        ] | 0% Completed | 3.00 s[                                        ] | 0% Completed | 3.10 s[                                        ] | 0% Completed | 3.20 s[                                        ] | 0% Completed | 3.30 s[                                        ] | 0% Completed | 3.40 s[                                        ] | 0% Completed | 3.50 s[                                        ] | 0% Completed | 3.60 s[                                        ] | 0% Completed | 3.70 s[                                        ] | 0% Completed | 3.80 s[                                        ] | 0% Completed | 3.90 s[                                        ] | 0% Completed | 4.00 s[                                        ] | 0% Completed | 4.10 s[                                        ] | 0% Completed | 4.20 s[                                        ] | 0% Completed | 4.30 s[                                        ] | 0% Completed | 4.40 s[                                        ] | 0% Completed | 4.50 s[                                        ] | 0% Completed | 4.60 s[                                        ] | 0% Completed | 4.70 s[                                        ] | 0% Completed | 4.80 s[                                        ] | 0% Completed | 4.90 s[                                        ] | 0% Completed | 5.00 s[                                        ] | 0% Completed | 5.10 s[                                        ] | 0% Completed | 5.21 s[                                        ] | 0% Completed | 5.31 s[                                        ] | 0% Completed | 5.41 s[                                        ] | 0% Completed | 5.51 s[                                        ] | 0% Completed | 5.61 s[                                        ] | 0% Completed | 5.71 s[                                        ] | 0% Completed | 5.81 s[                                        ] | 0% Completed | 5.91 s[                                        ] | 0% Completed | 6.01 s[                                        ] | 0% Completed | 6.11 s[                                        ] | 0% Completed | 6.21 s[                                        ] | 0% Completed | 6.31 s[                                        ] | 0% Completed | 6.41 s[                                        ] | 0% Completed | 6.51 s[                                        ] | 0% Completed | 6.61 s[                                        ] | 0% Completed | 6.71 s[                                        ] | 0% Completed | 6.81 s[                                        ] | 0% Completed | 6.91 s[                                        ] | 0% Completed | 7.01 s[                                        ] | 0% Completed | 7.11 s[                                        ] | 0% Completed | 7.21 s[                                        ] | 0% Completed | 7.31 s[                                        ] | 0% Completed | 7.41 s[                                        ] | 0% Completed | 7.51 s[                                        ] | 0% Completed | 7.61 s[                                        ] | 0% Completed | 7.71 s[                                        ] | 0% Completed | 7.81 s[                                        ] | 0% Completed | 7.91 s[                                        ] | 0% Completed | 8.01 s[                                        ] | 0% Completed | 8.11 s[                                        ] | 0% Completed | 8.21 s[                                        ] | 0% Completed | 8.31 s[                                        ] | 0% Completed | 8.41 s[                                        ] | 0% Completed | 8.51 s[                                        ] | 0% Completed | 8.61 s[                                        ] | 0% Completed | 8.71 s[                                        ] | 0% Completed | 8.81 s[                                        ] | 0% Completed | 8.91 s[                                        ] | 0% Completed | 9.01 s[                                        ] | 0% Completed | 9.11 s[                                        ] | 0% Completed | 9.21 s[                                        ] | 0% Completed | 9.31 s[                                        ] | 0% Completed | 9.41 s[                                        ] | 0% Completed | 9.51 s[                                        ] | 0% Completed | 9.61 s[                                        ] | 0% Completed | 9.71 s[                                        ] | 0% Completed | 9.81 s[                                        ] | 0% Completed | 9.91 s[                                        ] | 0% Completed | 10.01 s[                                        ] | 0% Completed | 10.11 s[                                        ] | 0% Completed | 10.21 s[                                        ] | 0% Completed | 10.31 s[                                        ] | 0% Completed | 10.41 s[                                        ] | 0% Completed | 10.51 s[                                        ] | 0% Completed | 10.61 s[                                        ] | 0% Completed | 10.71 s[                                        ] | 0% Completed | 10.81 s[                                        ] | 0% Completed | 10.91 s[                                        ] | 0% Completed | 11.01 s[                                        ] | 0% Completed | 11.11 s[                                        ] | 0% Completed | 11.21 s[                                        ] | 0% Completed | 11.31 s[                                        ] | 0% Completed | 11.41 s[                                        ] | 0% Completed | 11.51 s[                                        ] | 0% Completed | 11.61 s[                                        ] | 0% Completed | 11.71 s[                                        ] | 0% Completed | 11.81 s[                                        ] | 0% Completed | 11.91 s[                                        ] | 0% Completed | 12.01 s[                                        ] | 0% Completed | 12.11 s[                                        ] | 0% Completed | 12.21 s[                                        ] | 0% Completed | 12.31 s[                                        ] | 0% Completed | 12.41 s[                                        ] | 0% Completed | 12.51 s[                                        ] | 0% Completed | 12.61 s[                                        ] | 0% Completed | 12.71 s[                                        ] | 0% Completed | 12.81 s[                                        ] | 0% Completed | 12.91 s[                                        ] | 0% Completed | 13.01 s[                                        ] | 0% Completed | 13.11 s[                                        ] | 0% Completed | 13.21 s[                                        ] | 0% Completed | 13.31 s[                                        ] | 0% Completed | 13.41 s[                                        ] | 0% Completed | 13.51 s[                                        ] | 0% Completed | 13.61 s[                                        ] | 0% Completed | 13.71 s[                                        ] | 0% Completed | 13.81 s[                                        ] | 0% Completed | 13.91 s[                                        ] | 0% Completed | 14.01 s[                                        ] | 0% Completed | 14.11 s[                                        ] | 0% Completed | 14.21 s[                                        ] | 0% Completed | 14.31 s[                                        ] | 0% Completed | 14.41 s[                                        ] | 0% Completed | 14.51 s[                                        ] | 0% Completed | 14.61 s[                                        ] | 0% Completed | 14.71 s[                                        ] | 0% Completed | 14.81 s[                                        ] | 0% Completed | 14.91 s[                                        ] | 0% Completed | 15.01 s[                                        ] | 0% Completed | 15.11 s[                                        ] | 0% Completed | 15.21 s[                                        ] | 0% Completed | 15.31 s[                                        ] | 0% Completed | 15.41 s[                                        ] | 0% Completed | 15.51 s[                                        ] | 0% Completed | 15.61 s[                                        ] | 0% Completed | 15.71 s[                                        ] | 0% Completed | 15.81 s[                                        ] | 0% Completed | 15.91 s[                                        ] | 0% Completed | 16.01 s[                                        ] | 0% Completed | 16.12 s[                                        ] | 0% Completed | 16.22 s[                                        ] | 0% Completed | 16.32 s[                                        ] | 0% Completed | 16.42 s[                                        ] | 0% Completed | 16.52 s[                                        ] | 0% Completed | 16.62 s[                                        ] | 0% Completed | 16.72 s[                                        ] | 0% Completed | 16.82 s[                                        ] | 0% Completed | 16.92 s[                                        ] | 0% Completed | 17.02 s[                                        ] | 0% Completed | 17.12 s[                                        ] | 0% Completed | 17.22 s[                                        ] | 0% Completed | 17.32 s[                                        ] | 0% Completed | 17.42 s[                                        ] | 0% Completed | 17.52 s[                                        ] | 0% Completed | 17.62 s[                                        ] | 0% Completed | 17.72 s[                                        ] | 0% Completed | 17.82 s[                                        ] | 0% Completed | 17.92 s[                                        ] | 0% Completed | 18.02 s[                                        ] | 0% Completed | 18.12 s[                                        ] | 0% Completed | 18.22 s[                                        ] | 0% Completed | 18.32 s[                                        ] | 0% Completed | 18.42 s[                                        ] | 0% Completed | 18.52 s[                                        ] | 0% Completed | 18.62 s[                                        ] | 0% Completed | 18.72 s[                                        ] | 0% Completed | 18.82 s[                                        ] | 0% Completed | 18.92 s[                                        ] | 0% Completed | 19.02 s[                                        ] | 0% Completed | 19.12 s[                                        ] | 0% Completed | 19.22 s[                                        ] | 0% Completed | 19.32 s[                                        ] | 0% Completed | 19.42 s[                                        ] | 0% Completed | 19.52 s[                                        ] | 0% Completed | 19.62 s[                                        ] | 0% Completed | 19.72 s[                                        ] | 0% Completed | 19.82 s[                                        ] | 0% Completed | 19.92 s[                                        ] | 0% Completed | 20.02 s[                                        ] | 0% Completed | 20.12 s[                                        ] | 0% Completed | 20.22 s[                                        ] | 0% Completed | 20.32 s[                                        ] | 0% Completed | 20.42 s[                                        ] | 0% Completed | 20.52 s[                                        ] | 0% Completed | 20.62 s[                                        ] | 0% Completed | 20.72 s[                                        ] | 0% Completed | 20.82 s[                                        ] | 0% Completed | 20.92 s[                                        ] | 0% Completed | 21.02 s[                                        ] | 0% Completed | 21.12 s[                                        ] | 0% Completed | 21.22 s[                                        ] | 0% Completed | 21.32 s[                                        ] | 0% Completed | 21.42 s[                                        ] | 0% Completed | 21.52 s[                                        ] | 0% Completed | 21.62 s[                                        ] | 0% Completed | 21.72 s[                                        ] | 0% Completed | 21.82 s[                                        ] | 0% Completed | 21.92 s[                                        ] | 0% Completed | 22.02 s[                                        ] | 0% Completed | 22.12 s[                                        ] | 0% Completed | 22.22 s[                                        ] | 0% Completed | 22.32 s[                                        ] | 0% Completed | 22.42 s[                                        ] | 0% Completed | 22.52 s[                                        ] | 0% Completed | 22.62 s[                                        ] | 0% Completed | 22.72 s[                                        ] | 0% Completed | 22.82 s[                                        ] | 0% Completed | 22.92 s[                                        ] | 0% Completed | 23.02 s[                                        ] | 0% Completed | 23.12 s[                                        ] | 0% Completed | 23.22 s[                                        ] | 0% Completed | 23.32 s[                                        ] | 0% Completed | 23.42 s[                                        ] | 0% Completed | 23.52 s[                                        ] | 0% Completed | 23.62 s[                                        ] | 0% Completed | 23.72 s[                                        ] | 0% Completed | 23.82 s[                                        ] | 0% Completed | 23.92 s[                                        ] | 0% Completed | 24.02 s[                                        ] | 0% Completed | 24.12 s[                                        ] | 0% Completed | 24.22 s[                                        ] | 0% Completed | 24.32 s[                                        ] | 0% Completed | 24.42 s[                                        ] | 0% Completed | 24.52 s[                                        ] | 0% Completed | 24.62 s[                                        ] | 0% Completed | 24.72 s[                                        ] | 0% Completed | 24.82 s[                                        ] | 0% Completed | 24.92 s[                                        ] | 0% Completed | 25.02 s[                                        ] | 0% Completed | 25.12 s[                                        ] | 0% Completed | 25.22 s[                                        ] | 0% Completed | 25.32 s[                                        ] | 0% Completed | 25.42 s[                                        ] | 0% Completed | 25.52 s[                                        ] | 0% Completed | 25.62 s[                                        ] | 0% Completed | 25.72 s[                                        ] | 0% Completed | 25.82 s[                                        ] | 0% Completed | 25.92 s[                                        ] | 0% Completed | 26.02 s[                                        ] | 0% Completed | 26.12 s[                                        ] | 0% Completed | 26.22 s[                                        ] | 0% Completed | 26.32 s[                                        ] | 0% Completed | 26.42 s[                                        ] | 0% Completed | 26.52 s[                                        ] | 0% Completed | 26.62 s[                                        ] | 0% Completed | 26.72 s[                                        ] | 0% Completed | 26.82 s[########################################] | 100% Completed | 26.92 s
[                                        ] | 0% Completed | 1.03 s[                                        ] | 0% Completed | 1.14 s[                                        ] | 0% Completed | 1.34 s[                                        ] | 0% Completed | 1.45 s[                                        ] | 0% Completed | 1.56 s[                                        ] | 0% Completed | 1.67 s[                                        ] | 0% Completed | 1.78 s[                                        ] | 0% Completed | 1.89 s[                                        ] | 0% Completed | 2.00 s[                                        ] | 0% Completed | 2.11 s[                                        ] | 0% Completed | 2.22 s[                                        ] | 0% Completed | 2.33 s[                                        ] | 0% Completed | 2.44 s[                                        ] | 0% Completed | 2.55 s[                                        ] | 0% Completed | 2.79 s[                                        ] | 0% Completed | 2.89 s[                                        ] | 1% Completed | 2.99 s[                                        ] | 2% Completed | 3.09 s[#                                       ] | 3% Completed | 3.19 s[##                                      ] | 5% Completed | 3.29 s[##                                      ] | 6% Completed | 3.39 s[###                                     ] | 8% Completed | 3.49 s[###                                     ] | 9% Completed | 3.59 s[####                                    ] | 11% Completed | 3.69 s[#####                                   ] | 12% Completed | 3.80 s[#####                                   ] | 14% Completed | 3.90 s[######                                  ] | 15% Completed | 4.00 s[######                                  ] | 17% Completed | 4.10 s[#######                                 ] | 18% Completed | 4.20 s[########                                ] | 20% Completed | 4.30 s[########                                ] | 21% Completed | 4.40 s[#########                               ] | 23% Completed | 4.50 s[#########                               ] | 24% Completed | 4.60 s[##########                              ] | 26% Completed | 4.70 s[###########                             ] | 28% Completed | 4.80 s[###########                             ] | 29% Completed | 4.90 s[############                            ] | 31% Completed | 5.00 s[#############                           ] | 33% Completed | 5.10 s[#############                           ] | 34% Completed | 5.20 s[##############                          ] | 36% Completed | 5.30 s[###############                         ] | 37% Completed | 5.40 s[###############                         ] | 39% Completed | 5.50 s[################                        ] | 40% Completed | 5.60 s[################                        ] | 42% Completed | 5.70 s[#################                       ] | 43% Completed | 5.80 s[##################                      ] | 45% Completed | 5.90 s[##################                      ] | 46% Completed | 6.00 s[###################                     ] | 48% Completed | 6.10 s[###################                     ] | 49% Completed | 6.20 s[####################                    ] | 51% Completed | 6.30 s[#####################                   ] | 52% Completed | 6.40 s[#####################                   ] | 54% Completed | 6.50 s[######################                  ] | 56% Completed | 6.60 s[#######################                 ] | 57% Completed | 6.70 s[#######################                 ] | 59% Completed | 6.80 s[########################                ] | 60% Completed | 6.90 s[########################                ] | 62% Completed | 7.00 s[#########################               ] | 64% Completed | 7.10 s[##########################              ] | 65% Completed | 7.20 s[##########################              ] | 67% Completed | 7.30 s[###########################             ] | 68% Completed | 7.40 s[############################            ] | 70% Completed | 7.50 s[############################            ] | 71% Completed | 7.60 s[#############################           ] | 73% Completed | 7.70 s[##############################          ] | 75% Completed | 7.80 s[##############################          ] | 76% Completed | 7.90 s[###############################         ] | 78% Completed | 8.00 s[#####################################   ] | 94% Completed | 8.35 s[########################################] | 100% Completed | 8.45 s
[##########                              ] | 25% Completed | 1.03 s[###########                             ] | 29% Completed | 1.13 s[#############                           ] | 32% Completed | 1.23 s[##############                          ] | 36% Completed | 1.33 s[################                        ] | 40% Completed | 1.43 s[#################                       ] | 44% Completed | 1.53 s[###################                     ] | 48% Completed | 1.63 s[#####################                   ] | 52% Completed | 1.73 s[######################                  ] | 56% Completed | 1.83 s[########################                ] | 60% Completed | 1.93 s[#########################               ] | 64% Completed | 2.03 s[##########################              ] | 67% Completed | 2.13 s[############################            ] | 70% Completed | 2.23 s[#############################           ] | 73% Completed | 2.33 s[##############################          ] | 76% Completed | 2.43 s[################################        ] | 80% Completed | 2.53 s[#################################       ] | 84% Completed | 2.63 s[###################################     ] | 88% Completed | 2.73 s[####################################    ] | 92% Completed | 2.83 s[######################################  ] | 95% Completed | 2.93 s[########################################] | 100% Completed | 3.03 s
[###########                             ] | 28% Completed | 1.00 s[############                            ] | 31% Completed | 1.10 s[#############                           ] | 34% Completed | 1.20 s[###############                         ] | 37% Completed | 1.30 s[################                        ] | 40% Completed | 1.40 s[#################                       ] | 43% Completed | 1.50 s[##################                      ] | 46% Completed | 1.60 s[####################                    ] | 50% Completed | 1.70 s[#####################                   ] | 53% Completed | 1.80 s[######################                  ] | 56% Completed | 1.90 s[#######################                 ] | 59% Completed | 2.00 s[########################                ] | 62% Completed | 2.10 s[#########################               ] | 64% Completed | 2.20 s[###########################             ] | 67% Completed | 2.30 s[############################            ] | 70% Completed | 2.40 s[#############################           ] | 73% Completed | 2.50 s[##############################          ] | 76% Completed | 2.60 s[###############################         ] | 78% Completed | 2.70 s[################################        ] | 81% Completed | 2.80 s[#################################       ] | 84% Completed | 2.90 s[###################################     ] | 87% Completed | 3.00 s[####################################    ] | 90% Completed | 3.11 s[#####################################   ] | 93% Completed | 3.21 s[######################################  ] | 96% Completed | 3.31 s[####################################### ] | 99% Completed | 3.41 s[########################################] | 100% Completed | 3.51 s
[38;5;23m2026-01-21 17:36:14[39m | [38;5;23mINFO[39m | Aggregating dataset for DMR calling (this may take multiple steps)...[39m
[38;5;23m2026-01-21 17:36:14[39m | [38;5;23mINFO[39m | Adding Ranges_ID column to validate merging.[39m
[#############                           ] | 34% Completed | 1.01 s[###############                         ] | 39% Completed | 1.11 s[##################                      ] | 45% Completed | 1.21 s[####################                    ] | 50% Completed | 1.31 s[######################                  ] | 56% Completed | 1.41 s[########################                ] | 62% Completed | 1.51 s[###########################             ] | 68% Completed | 1.61 s[#############################           ] | 73% Completed | 1.71 s[###############################         ] | 79% Completed | 1.81 s[##################################      ] | 85% Completed | 1.91 s[####################################    ] | 91% Completed | 2.01 s[######################################  ] | 97% Completed | 2.11 s[########################################] | 100% Completed | 2.21 s
[##########                              ] | 26% Completed | 1.02 s[############                            ] | 30% Completed | 1.12 s[#############                           ] | 34% Completed | 1.22 s[###############                         ] | 37% Completed | 1.32 s[################                        ] | 40% Completed | 1.42 s[#################                       ] | 44% Completed | 1.53 s[###################                     ] | 48% Completed | 1.63 s[####################                    ] | 52% Completed | 1.73 s[######################                  ] | 56% Completed | 1.83 s[########################                ] | 60% Completed | 1.93 s[#########################               ] | 63% Completed | 2.03 s[###########################             ] | 67% Completed | 2.13 s[############################            ] | 71% Completed | 2.23 s[##############################          ] | 75% Completed | 2.33 s[###############################         ] | 79% Completed | 2.43 s[#################################       ] | 83% Completed | 2.53 s[##################################      ] | 87% Completed | 2.63 s[####################################    ] | 91% Completed | 2.73 s[######################################  ] | 95% Completed | 2.83 s[####################################### ] | 99% Completed | 2.93 s[########################################] | 100% Completed | 3.03 s
[38;5;23m2026-01-21 17:36:40[39m | [38;5;23mINFO[39m | Performing DMR calling (control vs mutant)[39m
[38;5;23m2026-01-21 17:36:41[39m | [33mWARNING[39m | [33mExtra columns detected: Index(['Annotation'], dtype='object'). These will be retained but are not validated.[39m
[38;5;23m2026-01-21 17:36:41[39m | [38;5;23mINFO[39m | Writing DMRs to /expanse/lustre/projects/csd940/zalibhai/biomodal/modality/outputs_CHG/Results/gencode.vM25.mouse.cpg_islands.annotation/DMR_20260121_173641/DMR_mc_control__mutant_20260121_173641.bed.
Columns are :
`Chromosome Start End Name Score Strand num_contexts mean_coverage_across_samples mean_mod_group_1mean_mod_group_2 mod_fold_change mod_difference test_statistic dmr_pvalue dmr_qvalue
Please note that:
 - Name, Score, Strand are not used and are set to `.` for compatibility with pyranges
[39m
[38;5;23m2026-01-21 17:36:41[39m | [38;5;23mINFO[39m | Aggregating dataset for DMR calling (this may take multiple steps)...[39m
[#########                               ] | 23% Completed | 1.01 s[##########                              ] | 26% Completed | 1.11 s[###########                             ] | 29% Completed | 1.21 s[############                            ] | 31% Completed | 1.31 s[#############                           ] | 34% Completed | 1.41 s[###############                         ] | 37% Completed | 1.51 s[################                        ] | 40% Completed | 1.61 s[#################                       ] | 43% Completed | 1.71 s[##################                      ] | 46% Completed | 1.81 s[###################                     ] | 48% Completed | 1.91 s[####################                    ] | 51% Completed | 2.01 s[#####################                   ] | 54% Completed | 2.11 s[######################                  ] | 57% Completed | 2.21 s[#######################                 ] | 59% Completed | 2.31 s[#########################               ] | 62% Completed | 2.41 s[##########################              ] | 65% Completed | 2.51 s[###########################             ] | 68% Completed | 2.61 s[############################            ] | 71% Completed | 2.71 s[#############################           ] | 74% Completed | 2.81 s[##############################          ] | 77% Completed | 2.91 s[################################        ] | 80% Completed | 3.01 s[#################################       ] | 83% Completed | 3.11 s[##################################      ] | 86% Completed | 3.21 s[###################################     ] | 88% Completed | 3.31 s[####################################    ] | 91% Completed | 3.41 s[#####################################   ] | 94% Completed | 3.51 s[####################################### ] | 98% Completed | 3.61 s[########################################] | 100% Completed | 3.71 s
[#############                           ] | 32% Completed | 1.00 s[##############                          ] | 36% Completed | 1.10 s[###############                         ] | 39% Completed | 1.20 s[#################                       ] | 43% Completed | 1.30 s[###################                     ] | 47% Completed | 1.40 s[####################                    ] | 52% Completed | 1.50 s[######################                  ] | 56% Completed | 1.60 s[########################                ] | 60% Completed | 1.70 s[#########################               ] | 64% Completed | 1.80 s[###########################             ] | 68% Completed | 1.90 s[#############################           ] | 72% Completed | 2.00 s[##############################          ] | 76% Completed | 2.10 s[################################        ] | 80% Completed | 2.20 s[#################################       ] | 84% Completed | 2.30 s[###################################     ] | 88% Completed | 2.40 s[####################################    ] | 91% Completed | 2.50 s[######################################  ] | 95% Completed | 2.60 s[####################################### ] | 99% Completed | 2.70 s[########################################] | 100% Completed | 2.80 s
[38;5;23m2026-01-21 17:37:03[39m | [38;5;23mINFO[39m | Performing DMR calling (control vs mutant)[39m
[38;5;23m2026-01-21 17:37:03[39m | [33mWARNING[39m | [33mExtra columns detected: Index(['Annotation'], dtype='object'). These will be retained but are not validated.[39m
[38;5;23m2026-01-21 17:37:03[39m | [38;5;23mINFO[39m | Writing DMRs to /expanse/lustre/projects/csd940/zalibhai/biomodal/modality/outputs_CHG/Results/gencode.vM25.mouse.cpg_islands.annotation/DMR_20260121_173641/DMR_hmc_control__mutant_20260121_173641.bed.
Columns are :
`Chromosome Start End Name Score Strand num_contexts mean_coverage_across_samples mean_mod_group_1mean_mod_group_2 mod_fold_change mod_difference test_statistic dmr_pvalue dmr_qvalue
Please note that:
 - Name, Score, Strand are not used and are set to `.` for compatibility with pyranges
[39m
[38;5;23m2026-01-21 17:37:03[39m  [1m[38;5;154mDMR calling completed successfully! Outputs saved to: /expanse/lustre/projects/csd940/zalibhai/biomodal/modality/outputs_CHG/Results/gencode.vM25.mouse.cpg_islands.annotation[39m
[38;5;23m2026-01-21 17:37:03[39m | [38;5;23mINFO[39m | DMR track configuration files saved successfully.[39m
[38;5;23m2026-01-21 17:37:03[39m  Wrote provenance sidecar file to /expanse/lustre/projects/csd940/zalibhai/biomodal/modality/outputs_CHG/Results/gencode.vM25.mouse.cpg_islands.annotation/DMR_20260121_173641/modality_metadata_20260121_173703.json[39m
/expanse/lustre/projects/csd940/zalibhai/biomodal/modality/outputs_CHG/Results/gencode.vM25.mouse.cpg_islands.annotation/DMR_20260121_173641/DMR_mc_control__mutant_20260121_173641.bed /expanse/lustre/projects/csd940/zalibhai/biomodal/modality/outputs_CHG/Results/gencode.vM25.mouse.cpg_islands.annotation/DMR_20260121_173641/DMR_hmc_control__mutant_20260121_173641.bed
[INFO] 2026-01-21 17:37:04 - DMR calling completed for /expanse/lustre/projects/csd940/zalibhai/biomodal/modality/mm10/gencode.vM25.mouse.cpg_islands.annotation.bed
[INFO] 2026-01-21 17:37:04 - Running DMR calling on region file: /expanse/lustre/projects/csd940/zalibhai/biomodal/modality/mm10/gencode.vM25.mouse.cpg_islands.annotation.bed.gz
Logged in using stored credentials
[38;5;23m2026-01-21 17:37:08[39m  [1m[38;5;123mProvenance information:[39m
[38;5;23m2026-01-21 17:37:08[39m  cmd='/home/zalibhai/miniforge3/envs/modality/bin/modality -v dmr call --zarr-path /expanse/lustre/projects/csd940/zalibhai/biomodal/evoC-run/output/duet-1.5.0_evoC_Bap1_run_6bp/sample_outputs/zarr_store/CHG/evoC_Bap1_run.genome.GRCm38_primary_assembly.dedup.CHG.zarrz --sample-sheet /expanse/lustre/projects/csd940/zalibhai/biomodal/modality/metadata.tsv --condition-array-name condition --methylation-contexts num_mc num_hmc --bedfile /expanse/lustre/projects/csd940/zalibhai/biomodal/modality/mm10/gencode.vM25.mouse.cpg_islands.annotation.bed.gz --filter-context-depth 10 --condition-order control mutant --output-dir /expanse/lustre/projects/csd940/zalibhai/biomodal/modality/outputs_CHG/Results/gencode.vM25.mouse.cpg_islands.annotation'
timestamp=2026-01-21T17:37:08.356618
version=1.0.0
user=zalibhai

[39m
[38;5;23m2026-01-21 17:37:08[39m  [1m[38;5;123mStarting differential methylation analysis:[39m
[38;5;23m2026-01-21 17:37:08[39m  [38;5;248mZarr path(s)[39m: ['/expanse/lustre/projects/csd940/zalibhai/biomodal/evoC-run/output/duet-1.5.0_evoC_Bap1_run_6bp/sample_outputs/zarr_store/CHG/evoC_Bap1_run.genome.GRCm38_primary_assembly.dedup.CHG.zarrz'][39m
[38;5;23m2026-01-21 17:37:08[39m  [38;5;248mSample Sheet[39m: /expanse/lustre/projects/csd940/zalibhai/biomodal/modality/metadata.tsv[39m
[38;5;23m2026-01-21 17:37:08[39m  [38;5;248mCondition Array Name[39m: condition[39m
[38;5;23m2026-01-21 17:37:08[39m  [38;5;248mMethylation Contexts[39m: ['num_mc', 'num_hmc'][39m
[38;5;23m2026-01-21 17:37:08[39m  [38;5;248mBedfile[39m: /expanse/lustre/projects/csd940/zalibhai/biomodal/modality/mm10/gencode.vM25.mouse.cpg_islands.annotation.bed.gz[39m
[38;5;23m2026-01-21 17:37:08[39m  [38;5;248mMin Coverage[39m: 10[39m
[38;5;23m2026-01-21 17:37:08[39m  [38;5;248mCondition Order[39m: ['control', 'mutant'][39m
[38;5;23m2026-01-21 17:37:08[39m  [38;5;248mOutput Dir[39m: /expanse/lustre/projects/csd940/zalibhai/biomodal/modality/outputs_CHG/Results/gencode.vM25.mouse.cpg_islands.annotation[39m
[38;5;23m2026-01-21 17:37:08[39m  [38;5;248mWindow Size[39m: None[39m
[38;5;23m2026-01-21 17:37:08[39m  [38;5;248mCovariates[39m: [][39m
[38;5;23m2026-01-21 17:37:08[39m  [38;5;248mNum Contexts[39m: 0[39m
[38;5;23m2026-01-21 17:37:08[39m  [38;5;248mRegion[39m: None[39m
[38;5;23m2026-01-21 17:37:08[39m  [38;5;248mOverdispersion[39m: False[39m
[38;5;23m2026-01-21 17:37:08[39m  [38;5;248mStatistical Test[39m: wald[39m
[38;5;23m2026-01-21 17:37:08[39m  [38;5;248mDisable Strand Merging[39m: False[39m
[38;5;23m2026-01-21 17:37:08[39m  [38;5;248mCompress[39m: False[39m
[38;5;23m2026-01-21 17:37:08[39m | [38;5;23mINFO[39m | Loading Zarr dataset...[39m
[38;5;23m2026-01-21 17:37:30[39m | [38;5;23mINFO[39m | Starting DMR calling process, this could take a few minutes...[39m
[38;5;23m2026-01-21 17:37:30[39m | [38;5;23mINFO[39m | Aligning sample sheet with dataset...[39m
[                                        ] | 0% Completed | 1.00 s[                                        ] | 0% Completed | 1.11 s[                                        ] | 0% Completed | 1.22 s[                                        ] | 0% Completed | 1.33 s[                                        ] | 0% Completed | 1.44 s[                                        ] | 0% Completed | 1.55 s[                                        ] | 0% Completed | 1.66 s[                                        ] | 0% Completed | 1.77 s[                                        ] | 0% Completed | 1.88 s[                                        ] | 0% Completed | 2.00 s[                                        ] | 0% Completed | 2.12 s[                                        ] | 0% Completed | 2.23 s[                                        ] | 0% Completed | 2.52 s[                                        ] | 0% Completed | 2.64 s[                                        ] | 0% Completed | 2.84 s[                                        ] | 0% Completed | 2.95 s[                                        ] | 0% Completed | 3.05 s[                                        ] | 1% Completed | 3.15 s[                                        ] | 1% Completed | 3.25 s[                                        ] | 1% Completed | 3.35 s[                                        ] | 2% Completed | 3.45 s[#                                       ] | 2% Completed | 3.55 s[#                                       ] | 2% Completed | 3.65 s[#                                       ] | 3% Completed | 3.75 s[#                                       ] | 3% Completed | 3.85 s[#                                       ] | 4% Completed | 3.95 s[#                                       ] | 4% Completed | 4.05 s[#                                       ] | 4% Completed | 4.15 s[##                                      ] | 5% Completed | 4.25 s[##                                      ] | 5% Completed | 4.35 s[##                                      ] | 6% Completed | 4.45 s[##                                      ] | 6% Completed | 4.55 s[##                                      ] | 6% Completed | 4.65 s[##                                      ] | 7% Completed | 4.75 s[###                                     ] | 7% Completed | 4.85 s[###                                     ] | 8% Completed | 4.95 s[###                                     ] | 9% Completed | 5.05 s[###                                     ] | 9% Completed | 5.15 s[####                                    ] | 10% Completed | 5.25 s[####                                    ] | 11% Completed | 5.35 s[####                                    ] | 12% Completed | 5.45 s[#####                                   ] | 12% Completed | 5.55 s[#####                                   ] | 13% Completed | 5.65 s[#####                                   ] | 14% Completed | 5.75 s[######                                  ] | 15% Completed | 5.85 s[######                                  ] | 15% Completed | 5.95 s[######                                  ] | 16% Completed | 6.05 s[#######                                 ] | 17% Completed | 6.15 s[#######                                 ] | 18% Completed | 6.25 s[#######                                 ] | 19% Completed | 6.35 s[########                                ] | 20% Completed | 6.45 s[########                                ] | 21% Completed | 6.55 s[########                                ] | 22% Completed | 6.65 s[#########                               ] | 22% Completed | 6.76 s[#########                               ] | 23% Completed | 6.86 s[#########                               ] | 24% Completed | 6.96 s[##########                              ] | 25% Completed | 7.06 s[##########                              ] | 26% Completed | 7.16 s[##########                              ] | 27% Completed | 7.26 s[###########                             ] | 28% Completed | 7.36 s[###########                             ] | 29% Completed | 7.46 s[############                            ] | 30% Completed | 7.56 s[############                            ] | 30% Completed | 7.66 s[############                            ] | 31% Completed | 7.76 s[#############                           ] | 32% Completed | 7.86 s[#############                           ] | 33% Completed | 7.96 s[#############                           ] | 34% Completed | 8.06 s[##############                          ] | 35% Completed | 8.16 s[##############                          ] | 35% Completed | 8.26 s[##############                          ] | 36% Completed | 8.36 s[###############                         ] | 37% Completed | 8.46 s[###############                         ] | 38% Completed | 8.56 s[###############                         ] | 39% Completed | 8.66 s[################                        ] | 40% Completed | 8.76 s[################                        ] | 41% Completed | 8.86 s[################                        ] | 42% Completed | 8.96 s[#################                       ] | 43% Completed | 9.06 s[#################                       ] | 44% Completed | 9.16 s[#################                       ] | 44% Completed | 9.26 s[##################                      ] | 45% Completed | 9.36 s[##################                      ] | 46% Completed | 9.46 s[###################                     ] | 47% Completed | 9.56 s[###################                     ] | 48% Completed | 9.66 s[###################                     ] | 49% Completed | 9.76 s[####################                    ] | 50% Completed | 9.86 s[####################                    ] | 51% Completed | 9.96 s[####################                    ] | 52% Completed | 10.06 s[#####################                   ] | 53% Completed | 10.16 s[#####################                   ] | 54% Completed | 10.26 s[######################                  ] | 55% Completed | 10.36 s[######################                  ] | 56% Completed | 10.46 s[######################                  ] | 56% Completed | 10.56 s[#######################                 ] | 57% Completed | 10.66 s[#######################                 ] | 58% Completed | 10.76 s[#######################                 ] | 59% Completed | 10.86 s[########################                ] | 60% Completed | 10.96 s[########################                ] | 61% Completed | 11.06 s[#########################               ] | 62% Completed | 11.16 s[#########################               ] | 63% Completed | 11.26 s[#########################               ] | 64% Completed | 11.36 s[##########################              ] | 65% Completed | 11.46 s[##########################              ] | 66% Completed | 11.56 s[##########################              ] | 67% Completed | 11.66 s[###########################             ] | 68% Completed | 11.76 s[###########################             ] | 68% Completed | 11.86 s[###########################             ] | 69% Completed | 11.96 s[############################            ] | 70% Completed | 12.06 s[############################            ] | 71% Completed | 12.16 s[#############################           ] | 72% Completed | 12.26 s[#############################           ] | 73% Completed | 12.36 s[#############################           ] | 74% Completed | 12.46 s[##############################          ] | 75% Completed | 12.56 s[##############################          ] | 76% Completed | 12.66 s[##############################          ] | 77% Completed | 12.76 s[###############################         ] | 78% Completed | 12.86 s[#################################       ] | 84% Completed | 13.04 s[########################################] | 100% Completed | 13.29 s
[38;5;23m2026-01-21 17:37:45[39m | [38;5;23mINFO[39m | filtering low coverage contexts (this may take multiple steps)...[39m
[#######                                 ] | 18% Completed | 1.00 s[#######                                 ] | 19% Completed | 1.10 s[########                                ] | 21% Completed | 1.20 s[#########                               ] | 22% Completed | 1.30 s[#########                               ] | 24% Completed | 1.40 s[##########                              ] | 26% Completed | 1.50 s[###########                             ] | 27% Completed | 1.60 s[###########                             ] | 29% Completed | 1.70 s[############                            ] | 31% Completed | 1.80 s[#############                           ] | 33% Completed | 1.90 s[#############                           ] | 34% Completed | 2.00 s[##############                          ] | 36% Completed | 2.10 s[###############                         ] | 38% Completed | 2.20 s[###############                         ] | 39% Completed | 2.30 s[################                        ] | 41% Completed | 2.40 s[#################                       ] | 42% Completed | 2.50 s[#################                       ] | 44% Completed | 2.60 s[##################                      ] | 46% Completed | 2.70 s[###################                     ] | 47% Completed | 2.80 s[###################                     ] | 49% Completed | 2.90 s[####################                    ] | 51% Completed | 3.00 s[#####################                   ] | 52% Completed | 3.10 s[#####################                   ] | 54% Completed | 3.20 s[######################                  ] | 56% Completed | 3.30 s[#######################                 ] | 58% Completed | 3.40 s[########################                ] | 60% Completed | 3.50 s[########################                ] | 62% Completed | 3.60 s[#########################               ] | 64% Completed | 3.70 s[##########################              ] | 67% Completed | 3.80 s[############################            ] | 70% Completed | 3.90 s[#############################           ] | 73% Completed | 4.00 s[##############################          ] | 76% Completed | 4.11 s[###############################         ] | 79% Completed | 4.21 s[#################################       ] | 82% Completed | 4.31 s[##################################      ] | 85% Completed | 4.41 s[###################################     ] | 89% Completed | 4.51 s[####################################    ] | 92% Completed | 4.61 s[######################################  ] | 95% Completed | 4.71 s[####################################### ] | 98% Completed | 4.81 s[########################################] | 100% Completed | 4.91 s
[                                        ] | 0% Completed | 1.00 s[                                        ] | 0% Completed | 1.10 s[                                        ] | 0% Completed | 1.20 s[                                        ] | 0% Completed | 1.30 s[                                        ] | 0% Completed | 1.40 s[                                        ] | 0% Completed | 1.50 s[                                        ] | 0% Completed | 1.60 s[                                        ] | 0% Completed | 1.70 s[                                        ] | 0% Completed | 1.80 s[                                        ] | 0% Completed | 1.90 s[                                        ] | 0% Completed | 2.00 s[                                        ] | 0% Completed | 2.10 s[                                        ] | 0% Completed | 2.20 s[                                        ] | 0% Completed | 2.30 s[                                        ] | 0% Completed | 2.40 s[                                        ] | 0% Completed | 2.50 s[                                        ] | 0% Completed | 2.60 s[                                        ] | 0% Completed | 2.70 s[                                        ] | 0% Completed | 2.80 s[                                        ] | 0% Completed | 2.90 s[                                        ] | 0% Completed | 3.00 s[                                        ] | 0% Completed | 3.10 s[                                        ] | 0% Completed | 3.20 s[                                        ] | 0% Completed | 3.30 s[                                        ] | 0% Completed | 3.40 s[                                        ] | 0% Completed | 3.50 s[                                        ] | 0% Completed | 3.60 s[                                        ] | 0% Completed | 3.70 s[                                        ] | 0% Completed | 3.80 s[                                        ] | 0% Completed | 3.90 s[                                        ] | 0% Completed | 4.00 s[                                        ] | 0% Completed | 4.10 s[                                        ] | 0% Completed | 4.20 s[                                        ] | 0% Completed | 4.30 s[                                        ] | 0% Completed | 4.40 s[                                        ] | 0% Completed | 4.50 s[                                        ] | 0% Completed | 4.60 s[                                        ] | 0% Completed | 4.70 s[                                        ] | 0% Completed | 4.80 s[                                        ] | 0% Completed | 4.90 s[                                        ] | 0% Completed | 5.00 s[                                        ] | 0% Completed | 5.10 s[                                        ] | 0% Completed | 5.20 s[                                        ] | 0% Completed | 5.30 s[                                        ] | 0% Completed | 5.41 s[                                        ] | 0% Completed | 5.51 s[                                        ] | 0% Completed | 5.61 s[                                        ] | 0% Completed | 5.71 s[                                        ] | 0% Completed | 5.81 s[                                        ] | 0% Completed | 5.91 s[                                        ] | 0% Completed | 6.01 s[                                        ] | 0% Completed | 6.11 s[                                        ] | 0% Completed | 6.21 s[                                        ] | 0% Completed | 6.31 s[                                        ] | 0% Completed | 6.41 s[                                        ] | 0% Completed | 6.51 s[                                        ] | 0% Completed | 6.61 s[                                        ] | 0% Completed | 6.71 s[                                        ] | 0% Completed | 6.81 s[                                        ] | 0% Completed | 6.91 s[                                        ] | 0% Completed | 7.01 s[                                        ] | 0% Completed | 7.11 s[                                        ] | 0% Completed | 7.21 s[                                        ] | 0% Completed | 7.31 s[                                        ] | 0% Completed | 7.41 s[                                        ] | 0% Completed | 7.51 s[                                        ] | 0% Completed | 7.61 s[                                        ] | 0% Completed | 7.71 s[                                        ] | 0% Completed | 7.81 s[                                        ] | 0% Completed | 7.91 s[                                        ] | 0% Completed | 8.01 s[                                        ] | 0% Completed | 8.11 s[                                        ] | 0% Completed | 8.21 s[                                        ] | 0% Completed | 8.31 s[                                        ] | 0% Completed | 8.41 s[                                        ] | 0% Completed | 8.51 s[                                        ] | 0% Completed | 8.61 s[                                        ] | 0% Completed | 8.71 s[                                        ] | 0% Completed | 8.81 s[                                        ] | 0% Completed | 8.91 s[                                        ] | 0% Completed | 9.01 s[                                        ] | 0% Completed | 9.11 s[                                        ] | 0% Completed | 9.21 s[                                        ] | 0% Completed | 9.31 s[                                        ] | 0% Completed | 9.41 s[                                        ] | 0% Completed | 9.51 s[                                        ] | 0% Completed | 9.61 s[                                        ] | 0% Completed | 9.71 s[                                        ] | 0% Completed | 9.81 s[                                        ] | 0% Completed | 9.91 s[                                        ] | 0% Completed | 10.01 s[                                        ] | 0% Completed | 10.11 s[                                        ] | 0% Completed | 10.21 s[                                        ] | 0% Completed | 10.31 s[                                        ] | 0% Completed | 10.41 s[                                        ] | 0% Completed | 10.51 s[                                        ] | 0% Completed | 10.61 s[                                        ] | 0% Completed | 10.71 s[                                        ] | 0% Completed | 10.81 s[                                        ] | 0% Completed | 10.91 s[                                        ] | 0% Completed | 11.01 s[                                        ] | 0% Completed | 11.11 s[                                        ] | 0% Completed | 11.21 s[                                        ] | 0% Completed | 11.31 s[                                        ] | 0% Completed | 11.41 s[                                        ] | 0% Completed | 11.51 s[                                        ] | 0% Completed | 11.61 s[                                        ] | 0% Completed | 11.71 s[                                        ] | 0% Completed | 11.81 s[                                        ] | 0% Completed | 11.91 s[                                        ] | 0% Completed | 12.01 s[                                        ] | 0% Completed | 12.11 s[                                        ] | 0% Completed | 12.21 s[                                        ] | 0% Completed | 12.31 s[                                        ] | 0% Completed | 12.41 s[                                        ] | 0% Completed | 12.51 s[                                        ] | 0% Completed | 12.61 s[                                        ] | 0% Completed | 12.71 s[                                        ] | 0% Completed | 12.81 s[                                        ] | 0% Completed | 12.91 s[                                        ] | 0% Completed | 13.01 s[                                        ] | 0% Completed | 13.11 s[                                        ] | 0% Completed | 13.21 s[                                        ] | 0% Completed | 13.31 s[                                        ] | 0% Completed | 13.41 s[                                        ] | 0% Completed | 13.51 s[                                        ] | 0% Completed | 13.61 s[                                        ] | 0% Completed | 13.71 s[                                        ] | 0% Completed | 13.81 s[                                        ] | 0% Completed | 13.91 s[                                        ] | 0% Completed | 14.01 s[                                        ] | 0% Completed | 14.11 s[                                        ] | 0% Completed | 14.21 s[                                        ] | 0% Completed | 14.31 s[                                        ] | 0% Completed | 14.41 s[                                        ] | 0% Completed | 14.51 s[                                        ] | 0% Completed | 14.61 s[                                        ] | 0% Completed | 14.71 s[                                        ] | 0% Completed | 14.81 s[                                        ] | 0% Completed | 14.91 s[                                        ] | 0% Completed | 15.01 s[                                        ] | 0% Completed | 15.11 s[                                        ] | 0% Completed | 15.21 s[                                        ] | 0% Completed | 15.31 s[                                        ] | 0% Completed | 15.41 s[                                        ] | 0% Completed | 15.51 s[                                        ] | 0% Completed | 15.61 s[                                        ] | 0% Completed | 15.71 s[                                        ] | 0% Completed | 15.81 s[                                        ] | 0% Completed | 15.91 s[                                        ] | 0% Completed | 16.01 s[                                        ] | 0% Completed | 16.12 s[                                        ] | 0% Completed | 16.22 s[                                        ] | 0% Completed | 16.32 s[                                        ] | 0% Completed | 16.42 s[                                        ] | 0% Completed | 16.52 s[                                        ] | 0% Completed | 16.62 s[                                        ] | 0% Completed | 16.72 s[                                        ] | 0% Completed | 16.82 s[                                        ] | 0% Completed | 16.92 s[                                        ] | 0% Completed | 17.02 s[                                        ] | 0% Completed | 17.12 s[                                        ] | 0% Completed | 17.22 s[                                        ] | 0% Completed | 17.32 s[                                        ] | 0% Completed | 17.42 s[                                        ] | 0% Completed | 17.52 s[                                        ] | 0% Completed | 17.62 s[                                        ] | 0% Completed | 17.72 s[                                        ] | 0% Completed | 17.82 s[                                        ] | 0% Completed | 17.92 s[                                        ] | 0% Completed | 18.02 s[                                        ] | 0% Completed | 18.12 s[                                        ] | 0% Completed | 18.22 s[                                        ] | 0% Completed | 18.32 s[                                        ] | 0% Completed | 18.42 s[                                        ] | 0% Completed | 18.52 s[                                        ] | 0% Completed | 18.62 s[                                        ] | 0% Completed | 18.72 s[########################################] | 100% Completed | 18.82 s
[                                        ] | 0% Completed | 1.12 s[                                        ] | 0% Completed | 1.23 s[                                        ] | 0% Completed | 1.34 s[                                        ] | 0% Completed | 1.45 s[                                        ] | 0% Completed | 1.56 s[                                        ] | 1% Completed | 1.86 s[#                                       ] | 2% Completed | 1.96 s[#                                       ] | 4% Completed | 2.06 s[##                                      ] | 5% Completed | 2.16 s[##                                      ] | 7% Completed | 2.26 s[###                                     ] | 9% Completed | 2.36 s[####                                    ] | 10% Completed | 2.46 s[####                                    ] | 12% Completed | 2.56 s[#####                                   ] | 13% Completed | 2.66 s[######                                  ] | 15% Completed | 2.76 s[######                                  ] | 17% Completed | 2.86 s[#######                                 ] | 18% Completed | 2.96 s[########                                ] | 20% Completed | 3.06 s[########                                ] | 22% Completed | 3.16 s[#########                               ] | 23% Completed | 3.26 s[##########                              ] | 25% Completed | 3.36 s[##########                              ] | 27% Completed | 3.46 s[###########                             ] | 28% Completed | 3.56 s[############                            ] | 30% Completed | 3.66 s[############                            ] | 32% Completed | 3.76 s[#############                           ] | 33% Completed | 3.86 s[##############                          ] | 35% Completed | 3.96 s[##############                          ] | 36% Completed | 4.06 s[###############                         ] | 38% Completed | 4.16 s[################                        ] | 40% Completed | 4.26 s[################                        ] | 41% Completed | 4.36 s[#################                       ] | 43% Completed | 4.46 s[##################                      ] | 45% Completed | 4.56 s[##################                      ] | 46% Completed | 4.66 s[###################                     ] | 48% Completed | 4.76 s[####################                    ] | 50% Completed | 4.86 s[####################                    ] | 51% Completed | 4.96 s[#####################                   ] | 53% Completed | 5.06 s[#####################                   ] | 54% Completed | 5.16 s[######################                  ] | 56% Completed | 5.26 s[#######################                 ] | 58% Completed | 5.36 s[#######################                 ] | 59% Completed | 5.46 s[########################                ] | 61% Completed | 5.56 s[#########################               ] | 62% Completed | 5.66 s[#########################               ] | 64% Completed | 5.76 s[##########################              ] | 66% Completed | 5.86 s[###########################             ] | 67% Completed | 5.96 s[###########################             ] | 69% Completed | 6.06 s[############################            ] | 71% Completed | 6.16 s[#############################           ] | 72% Completed | 6.26 s[#############################           ] | 74% Completed | 6.36 s[##############################          ] | 75% Completed | 6.46 s[###############################         ] | 77% Completed | 6.56 s[###############################         ] | 79% Completed | 6.66 s[########################################] | 100% Completed | 7.04 s
[#########                               ] | 23% Completed | 1.09 s[##########                              ] | 26% Completed | 1.19 s[###########                             ] | 29% Completed | 1.29 s[############                            ] | 32% Completed | 1.39 s[##############                          ] | 35% Completed | 1.49 s[###############                         ] | 38% Completed | 1.59 s[################                        ] | 42% Completed | 1.69 s[##################                      ] | 45% Completed | 1.79 s[###################                     ] | 48% Completed | 1.89 s[####################                    ] | 52% Completed | 1.99 s[######################                  ] | 55% Completed | 2.09 s[#######################                 ] | 58% Completed | 2.19 s[########################                ] | 61% Completed | 2.29 s[#########################               ] | 64% Completed | 2.39 s[##########################              ] | 66% Completed | 2.49 s[###########################             ] | 69% Completed | 2.59 s[############################            ] | 72% Completed | 2.69 s[#############################           ] | 74% Completed | 2.79 s[###############################         ] | 77% Completed | 2.89 s[################################        ] | 81% Completed | 2.99 s[#################################       ] | 84% Completed | 3.09 s[##################################      ] | 87% Completed | 3.19 s[####################################    ] | 90% Completed | 3.29 s[#####################################   ] | 93% Completed | 3.39 s[######################################  ] | 96% Completed | 3.49 s[####################################### ] | 99% Completed | 3.59 s[########################################] | 100% Completed | 3.69 s
[#########                               ] | 23% Completed | 1.00 s[##########                              ] | 25% Completed | 1.10 s[###########                             ] | 28% Completed | 1.20 s[############                            ] | 30% Completed | 1.30 s[#############                           ] | 33% Completed | 1.40 s[##############                          ] | 35% Completed | 1.50 s[###############                         ] | 38% Completed | 1.60 s[################                        ] | 40% Completed | 1.70 s[#################                       ] | 43% Completed | 1.80 s[##################                      ] | 45% Completed | 1.90 s[###################                     ] | 48% Completed | 2.00 s[####################                    ] | 50% Completed | 2.10 s[#####################                   ] | 53% Completed | 2.20 s[######################                  ] | 55% Completed | 2.30 s[#######################                 ] | 58% Completed | 2.40 s[########################                ] | 60% Completed | 2.50 s[#########################               ] | 63% Completed | 2.60 s[##########################              ] | 65% Completed | 2.70 s[###########################             ] | 67% Completed | 2.80 s[###########################             ] | 69% Completed | 2.90 s[############################            ] | 71% Completed | 3.00 s[#############################           ] | 74% Completed | 3.10 s[##############################          ] | 76% Completed | 3.20 s[###############################         ] | 78% Completed | 3.30 s[################################        ] | 81% Completed | 3.40 s[#################################       ] | 83% Completed | 3.50 s[##################################      ] | 86% Completed | 3.60 s[###################################     ] | 88% Completed | 3.70 s[####################################    ] | 90% Completed | 3.80 s[#####################################   ] | 93% Completed | 3.90 s[######################################  ] | 95% Completed | 4.00 s[####################################### ] | 98% Completed | 4.10 s[########################################] | 100% Completed | 4.20 s
[38;5;23m2026-01-21 17:38:31[39m | [38;5;23mINFO[39m | Aggregating dataset for DMR calling (this may take multiple steps)...[39m
[38;5;23m2026-01-21 17:38:31[39m | [38;5;23mINFO[39m | Adding Ranges_ID column to validate merging.[39m
[#######################                 ] | 58% Completed | 1.00 s[#########################               ] | 64% Completed | 1.10 s[############################            ] | 71% Completed | 1.20 s[##############################          ] | 77% Completed | 1.30 s[#################################       ] | 83% Completed | 1.40 s[###################################     ] | 89% Completed | 1.50 s[######################################  ] | 96% Completed | 1.60 s[########################################] | 100% Completed | 1.70 s
[#############                           ] | 33% Completed | 1.00 s[##############                          ] | 36% Completed | 1.10 s[################                        ] | 40% Completed | 1.20 s[#################                       ] | 44% Completed | 1.30 s[###################                     ] | 48% Completed | 1.40 s[#####################                   ] | 52% Completed | 1.50 s[######################                  ] | 56% Completed | 1.60 s[########################                ] | 61% Completed | 1.70 s[##########################              ] | 65% Completed | 1.80 s[###########################             ] | 69% Completed | 1.90 s[#############################           ] | 73% Completed | 2.00 s[###############################         ] | 78% Completed | 2.10 s[################################        ] | 82% Completed | 2.20 s[##################################      ] | 86% Completed | 2.30 s[####################################    ] | 90% Completed | 2.40 s[######################################  ] | 95% Completed | 2.50 s[####################################### ] | 99% Completed | 2.60 s[########################################] | 100% Completed | 2.70 s
[38;5;23m2026-01-21 17:38:55[39m | [38;5;23mINFO[39m | Performing DMR calling (control vs mutant)[39m
[38;5;23m2026-01-21 17:38:55[39m | [33mWARNING[39m | [33mExtra columns detected: Index(['Annotation'], dtype='object'). These will be retained but are not validated.[39m
[38;5;23m2026-01-21 17:38:55[39m | [38;5;23mINFO[39m | Writing DMRs to /expanse/lustre/projects/csd940/zalibhai/biomodal/modality/outputs_CHG/Results/gencode.vM25.mouse.cpg_islands.annotation/DMR_20260121_173855/DMR_mc_control__mutant_20260121_173855.bed.
Columns are :
`Chromosome Start End Name Score Strand num_contexts mean_coverage_across_samples mean_mod_group_1mean_mod_group_2 mod_fold_change mod_difference test_statistic dmr_pvalue dmr_qvalue
Please note that:
 - Name, Score, Strand are not used and are set to `.` for compatibility with pyranges
[39m
[38;5;23m2026-01-21 17:38:55[39m | [38;5;23mINFO[39m | Aggregating dataset for DMR calling (this may take multiple steps)...[39m
[#########                               ] | 23% Completed | 1.01 s[##########                              ] | 26% Completed | 1.11 s[###########                             ] | 29% Completed | 1.21 s[############                            ] | 32% Completed | 1.31 s[##############                          ] | 35% Completed | 1.41 s[###############                         ] | 37% Completed | 1.51 s[################                        ] | 40% Completed | 1.61 s[#################                       ] | 43% Completed | 1.71 s[##################                      ] | 46% Completed | 1.81 s[###################                     ] | 49% Completed | 1.91 s[####################                    ] | 52% Completed | 2.01 s[#####################                   ] | 54% Completed | 2.11 s[#######################                 ] | 57% Completed | 2.21 s[########################                ] | 60% Completed | 2.31 s[#########################               ] | 63% Completed | 2.41 s[##########################              ] | 66% Completed | 2.51 s[###########################             ] | 69% Completed | 2.61 s[############################            ] | 71% Completed | 2.71 s[#############################           ] | 74% Completed | 2.81 s[###############################         ] | 77% Completed | 2.91 s[################################        ] | 80% Completed | 3.01 s[#################################       ] | 83% Completed | 3.11 s[##################################      ] | 85% Completed | 3.21 s[###################################     ] | 88% Completed | 3.31 s[####################################    ] | 91% Completed | 3.41 s[#####################################   ] | 94% Completed | 3.51 s[######################################  ] | 97% Completed | 3.61 s[########################################] | 100% Completed | 3.71 s
[#####                                   ] | 14% Completed | 1.01 s[######                                  ] | 16% Completed | 1.11 s[#######                                 ] | 18% Completed | 1.21 s[########                                ] | 20% Completed | 1.31 s[#########                               ] | 23% Completed | 1.41 s[##########                              ] | 25% Completed | 1.51 s[##########                              ] | 27% Completed | 1.61 s[###########                             ] | 29% Completed | 1.71 s[############                            ] | 31% Completed | 1.81 s[#############                           ] | 33% Completed | 1.91 s[##############                          ] | 35% Completed | 2.01 s[##############                          ] | 37% Completed | 2.11 s[###############                         ] | 39% Completed | 2.21 s[################                        ] | 41% Completed | 2.31 s[#################                       ] | 43% Completed | 2.41 s[##################                      ] | 45% Completed | 2.51 s[###################                     ] | 47% Completed | 2.61 s[###################                     ] | 49% Completed | 2.71 s[####################                    ] | 52% Completed | 2.81 s[#####################                   ] | 54% Completed | 2.91 s[######################                  ] | 56% Completed | 3.01 s[#######################                 ] | 58% Completed | 3.11 s[########################                ] | 61% Completed | 3.21 s[#########################               ] | 63% Completed | 3.31 s[##########################              ] | 66% Completed | 3.41 s[############################            ] | 70% Completed | 3.51 s[#############################           ] | 73% Completed | 3.61 s[###############################         ] | 77% Completed | 3.71 s[################################        ] | 82% Completed | 3.81 s[##################################      ] | 86% Completed | 3.91 s[####################################    ] | 90% Completed | 4.01 s[######################################  ] | 95% Completed | 4.11 s[########################################] | 100% Completed | 4.21 s
[38;5;23m2026-01-21 17:39:17[39m | [38;5;23mINFO[39m | Performing DMR calling (control vs mutant)[39m
[38;5;23m2026-01-21 17:39:18[39m | [33mWARNING[39m | [33mExtra columns detected: Index(['Annotation'], dtype='object'). These will be retained but are not validated.[39m
[38;5;23m2026-01-21 17:39:18[39m | [38;5;23mINFO[39m | Writing DMRs to /expanse/lustre/projects/csd940/zalibhai/biomodal/modality/outputs_CHG/Results/gencode.vM25.mouse.cpg_islands.annotation/DMR_20260121_173855/DMR_hmc_control__mutant_20260121_173855.bed.
Columns are :
`Chromosome Start End Name Score Strand num_contexts mean_coverage_across_samples mean_mod_group_1mean_mod_group_2 mod_fold_change mod_difference test_statistic dmr_pvalue dmr_qvalue
Please note that:
 - Name, Score, Strand are not used and are set to `.` for compatibility with pyranges
[39m
[38;5;23m2026-01-21 17:39:18[39m  [1m[38;5;154mDMR calling completed successfully! Outputs saved to: /expanse/lustre/projects/csd940/zalibhai/biomodal/modality/outputs_CHG/Results/gencode.vM25.mouse.cpg_islands.annotation[39m
[38;5;23m2026-01-21 17:39:18[39m | [38;5;23mINFO[39m | DMR track configuration files saved successfully.[39m
[38;5;23m2026-01-21 17:39:18[39m  Wrote provenance sidecar file to /expanse/lustre/projects/csd940/zalibhai/biomodal/modality/outputs_CHG/Results/gencode.vM25.mouse.cpg_islands.annotation/DMR_20260121_173855/modality_metadata_20260121_173918.json[39m
/expanse/lustre/projects/csd940/zalibhai/biomodal/modality/outputs_CHG/Results/gencode.vM25.mouse.cpg_islands.annotation/DMR_20260121_173855/DMR_mc_control__mutant_20260121_173855.bed /expanse/lustre/projects/csd940/zalibhai/biomodal/modality/outputs_CHG/Results/gencode.vM25.mouse.cpg_islands.annotation/DMR_20260121_173855/DMR_hmc_control__mutant_20260121_173855.bed
[INFO] 2026-01-21 17:39:18 - DMR calling completed for /expanse/lustre/projects/csd940/zalibhai/biomodal/modality/mm10/gencode.vM25.mouse.cpg_islands.annotation.bed.gz
[INFO] 2026-01-21 17:39:18 - Running DMR calling on region file: /expanse/lustre/projects/csd940/zalibhai/biomodal/modality/mm10/gencode.vM25.mouse.cpg_shelves.annotation.bed.gz
Logged in using stored credentials
[38;5;23m2026-01-21 17:39:22[39m  [1m[38;5;123mProvenance information:[39m
[38;5;23m2026-01-21 17:39:22[39m  cmd='/home/zalibhai/miniforge3/envs/modality/bin/modality -v dmr call --zarr-path /expanse/lustre/projects/csd940/zalibhai/biomodal/evoC-run/output/duet-1.5.0_evoC_Bap1_run_6bp/sample_outputs/zarr_store/CHG/evoC_Bap1_run.genome.GRCm38_primary_assembly.dedup.CHG.zarrz --sample-sheet /expanse/lustre/projects/csd940/zalibhai/biomodal/modality/metadata.tsv --condition-array-name condition --methylation-contexts num_mc num_hmc --bedfile /expanse/lustre/projects/csd940/zalibhai/biomodal/modality/mm10/gencode.vM25.mouse.cpg_shelves.annotation.bed.gz --filter-context-depth 10 --condition-order control mutant --output-dir /expanse/lustre/projects/csd940/zalibhai/biomodal/modality/outputs_CHG/Results/gencode.vM25.mouse.cpg_shelves.annotation'
timestamp=2026-01-21T17:39:22.605952
version=1.0.0
user=zalibhai

[39m
[38;5;23m2026-01-21 17:39:22[39m  [1m[38;5;123mStarting differential methylation analysis:[39m
[38;5;23m2026-01-21 17:39:22[39m  [38;5;248mZarr path(s)[39m: ['/expanse/lustre/projects/csd940/zalibhai/biomodal/evoC-run/output/duet-1.5.0_evoC_Bap1_run_6bp/sample_outputs/zarr_store/CHG/evoC_Bap1_run.genome.GRCm38_primary_assembly.dedup.CHG.zarrz'][39m
[38;5;23m2026-01-21 17:39:22[39m  [38;5;248mSample Sheet[39m: /expanse/lustre/projects/csd940/zalibhai/biomodal/modality/metadata.tsv[39m
[38;5;23m2026-01-21 17:39:22[39m  [38;5;248mCondition Array Name[39m: condition[39m
[38;5;23m2026-01-21 17:39:22[39m  [38;5;248mMethylation Contexts[39m: ['num_mc', 'num_hmc'][39m
[38;5;23m2026-01-21 17:39:22[39m  [38;5;248mBedfile[39m: /expanse/lustre/projects/csd940/zalibhai/biomodal/modality/mm10/gencode.vM25.mouse.cpg_shelves.annotation.bed.gz[39m
[38;5;23m2026-01-21 17:39:22[39m  [38;5;248mMin Coverage[39m: 10[39m
[38;5;23m2026-01-21 17:39:22[39m  [38;5;248mCondition Order[39m: ['control', 'mutant'][39m
[38;5;23m2026-01-21 17:39:22[39m  [38;5;248mOutput Dir[39m: /expanse/lustre/projects/csd940/zalibhai/biomodal/modality/outputs_CHG/Results/gencode.vM25.mouse.cpg_shelves.annotation[39m
[38;5;23m2026-01-21 17:39:22[39m  [38;5;248mWindow Size[39m: None[39m
[38;5;23m2026-01-21 17:39:22[39m  [38;5;248mCovariates[39m: [][39m
[38;5;23m2026-01-21 17:39:22[39m  [38;5;248mNum Contexts[39m: 0[39m
[38;5;23m2026-01-21 17:39:22[39m  [38;5;248mRegion[39m: None[39m
[38;5;23m2026-01-21 17:39:22[39m  [38;5;248mOverdispersion[39m: False[39m
[38;5;23m2026-01-21 17:39:22[39m  [38;5;248mStatistical Test[39m: wald[39m
[38;5;23m2026-01-21 17:39:22[39m  [38;5;248mDisable Strand Merging[39m: False[39m
[38;5;23m2026-01-21 17:39:22[39m  [38;5;248mCompress[39m: False[39m
[38;5;23m2026-01-21 17:39:22[39m | [38;5;23mINFO[39m | Loading Zarr dataset...[39m
[38;5;23m2026-01-21 17:39:42[39m | [38;5;23mINFO[39m | Starting DMR calling process, this could take a few minutes...[39m
[38;5;23m2026-01-21 17:39:42[39m | [38;5;23mINFO[39m | Aligning sample sheet with dataset...[39m
[                                        ] | 0% Completed | 1.10 s[                                        ] | 0% Completed | 1.21 s[                                        ] | 0% Completed | 1.32 s[                                        ] | 0% Completed | 1.49 s[                                        ] | 0% Completed | 1.73 s[                                        ] | 0% Completed | 1.84 s[                                        ] | 1% Completed | 1.94 s[#                                       ] | 2% Completed | 2.04 s[#                                       ] | 3% Completed | 2.14 s[#                                       ] | 4% Completed | 2.24 s[##                                      ] | 5% Completed | 2.34 s[##                                      ] | 6% Completed | 2.44 s[###                                     ] | 7% Completed | 2.54 s[###                                     ] | 8% Completed | 2.64 s[###                                     ] | 9% Completed | 2.74 s[####                                    ] | 10% Completed | 2.84 s[####                                    ] | 11% Completed | 2.94 s[####                                    ] | 12% Completed | 3.04 s[#####                                   ] | 13% Completed | 3.14 s[#####                                   ] | 14% Completed | 3.24 s[######                                  ] | 15% Completed | 3.34 s[######                                  ] | 16% Completed | 3.44 s[######                                  ] | 17% Completed | 3.54 s[#######                                 ] | 18% Completed | 3.64 s[#######                                 ] | 18% Completed | 3.74 s[#######                                 ] | 19% Completed | 3.84 s[########                                ] | 20% Completed | 3.94 s[########                                ] | 21% Completed | 4.04 s[#########                               ] | 22% Completed | 4.14 s[#########                               ] | 23% Completed | 4.24 s[#########                               ] | 24% Completed | 4.34 s[##########                              ] | 25% Completed | 4.44 s[##########                              ] | 26% Completed | 4.54 s[###########                             ] | 27% Completed | 4.64 s[###########                             ] | 28% Completed | 4.74 s[###########                             ] | 29% Completed | 4.84 s[############                            ] | 30% Completed | 4.94 s[############                            ] | 31% Completed | 5.04 s[############                            ] | 32% Completed | 5.14 s[#############                           ] | 33% Completed | 5.24 s[#############                           ] | 34% Completed | 5.34 s[##############                          ] | 35% Completed | 5.44 s[##############                          ] | 36% Completed | 5.54 s[##############                          ] | 37% Completed | 5.64 s[###############                         ] | 38% Completed | 5.74 s[###############                         ] | 39% Completed | 5.84 s[################                        ] | 40% Completed | 5.94 s[################                        ] | 41% Completed | 6.04 s[################                        ] | 42% Completed | 6.14 s[#################                       ] | 43% Completed | 6.24 s[#################                       ] | 44% Completed | 6.34 s[##################                      ] | 45% Completed | 6.44 s[##################                      ] | 45% Completed | 6.54 s[##################                      ] | 46% Completed | 6.64 s[###################                     ] | 47% Completed | 6.74 s[###################                     ] | 48% Completed | 6.84 s[###################                     ] | 49% Completed | 6.94 s[####################                    ] | 50% Completed | 7.04 s[####################                    ] | 51% Completed | 7.14 s[#####################                   ] | 52% Completed | 7.24 s[#####################                   ] | 53% Completed | 7.34 s[#####################                   ] | 54% Completed | 7.44 s[######################                  ] | 55% Completed | 7.54 s[######################                  ] | 56% Completed | 7.64 s[#######################                 ] | 57% Completed | 7.74 s[#######################                 ] | 58% Completed | 7.84 s[#######################                 ] | 59% Completed | 7.94 s[########################                ] | 60% Completed | 8.04 s[########################                ] | 61% Completed | 8.14 s[########################                ] | 62% Completed | 8.24 s[#########################               ] | 63% Completed | 8.34 s[#########################               ] | 64% Completed | 8.44 s[##########################              ] | 65% Completed | 8.54 s[##########################              ] | 66% Completed | 8.64 s[##########################              ] | 67% Completed | 8.74 s[###########################             ] | 68% Completed | 8.85 s[###########################             ] | 69% Completed | 8.95 s[############################            ] | 70% Completed | 9.05 s[############################            ] | 71% Completed | 9.15 s[############################            ] | 72% Completed | 9.25 s[#############################           ] | 73% Completed | 9.35 s[#############################           ] | 74% Completed | 9.45 s[##############################          ] | 75% Completed | 9.55 s[##############################          ] | 76% Completed | 9.65 s[##############################          ] | 77% Completed | 9.75 s[###############################         ] | 78% Completed | 9.85 s[####################################    ] | 90% Completed | 10.11 s[########################################] | 100% Completed | 10.28 s
[38;5;23m2026-01-21 17:39:55[39m | [38;5;23mINFO[39m | filtering low coverage contexts (this may take multiple steps)...[39m
[#####                                   ] | 14% Completed | 1.01 s[######                                  ] | 16% Completed | 1.11 s[#######                                 ] | 17% Completed | 1.21 s[#######                                 ] | 19% Completed | 1.31 s[########                                ] | 20% Completed | 1.41 s[#########                               ] | 22% Completed | 1.51 s[#########                               ] | 24% Completed | 1.61 s[##########                              ] | 25% Completed | 1.71 s[###########                             ] | 27% Completed | 1.81 s[###########                             ] | 29% Completed | 1.91 s[############                            ] | 31% Completed | 2.01 s[#############                           ] | 33% Completed | 2.11 s[#############                           ] | 34% Completed | 2.21 s[##############                          ] | 36% Completed | 2.31 s[###############                         ] | 38% Completed | 2.41 s[###############                         ] | 39% Completed | 2.51 s[################                        ] | 41% Completed | 2.61 s[#################                       ] | 42% Completed | 2.71 s[#################                       ] | 44% Completed | 2.81 s[##################                      ] | 46% Completed | 2.91 s[###################                     ] | 47% Completed | 3.01 s[###################                     ] | 49% Completed | 3.11 s[####################                    ] | 51% Completed | 3.21 s[#####################                   ] | 52% Completed | 3.31 s[#####################                   ] | 54% Completed | 3.41 s[######################                  ] | 56% Completed | 3.51 s[#######################                 ] | 57% Completed | 3.61 s[#######################                 ] | 59% Completed | 3.71 s[########################                ] | 61% Completed | 3.81 s[#########################               ] | 62% Completed | 3.91 s[#########################               ] | 64% Completed | 4.01 s[##########################              ] | 67% Completed | 4.11 s[###########################             ] | 69% Completed | 4.21 s[############################            ] | 72% Completed | 4.31 s[#############################           ] | 74% Completed | 4.41 s[###############################         ] | 77% Completed | 4.51 s[################################        ] | 80% Completed | 4.61 s[#################################       ] | 83% Completed | 4.71 s[##################################      ] | 85% Completed | 4.81 s[###################################     ] | 88% Completed | 4.91 s[####################################    ] | 91% Completed | 5.01 s[#####################################   ] | 93% Completed | 5.11 s[######################################  ] | 96% Completed | 5.21 s[####################################### ] | 98% Completed | 5.31 s[########################################] | 100% Completed | 5.41 s
[                                        ] | 0% Completed | 1.00 s[                                        ] | 0% Completed | 1.10 s[                                        ] | 0% Completed | 1.20 s[                                        ] | 0% Completed | 1.30 s[                                        ] | 0% Completed | 1.40 s[                                        ] | 0% Completed | 1.50 s[                                        ] | 0% Completed | 1.60 s[                                        ] | 0% Completed | 1.70 s[                                        ] | 0% Completed | 1.80 s[                                        ] | 0% Completed | 1.90 s[                                        ] | 0% Completed | 2.00 s[                                        ] | 0% Completed | 2.10 s[                                        ] | 0% Completed | 2.20 s[                                        ] | 0% Completed | 2.30 s[                                        ] | 0% Completed | 2.40 s[                                        ] | 0% Completed | 2.50 s[                                        ] | 0% Completed | 2.60 s[                                        ] | 0% Completed | 2.70 s[                                        ] | 0% Completed | 2.80 s[                                        ] | 0% Completed | 2.90 s[                                        ] | 0% Completed | 3.00 s[                                        ] | 0% Completed | 3.10 s[                                        ] | 0% Completed | 3.20 s[                                        ] | 0% Completed | 3.30 s[                                        ] | 0% Completed | 3.40 s[                                        ] | 0% Completed | 3.50 s[                                        ] | 0% Completed | 3.60 s[                                        ] | 0% Completed | 3.70 s[                                        ] | 0% Completed | 3.80 s[                                        ] | 0% Completed | 3.90 s[                                        ] | 0% Completed | 4.00 s[                                        ] | 0% Completed | 4.10 s[                                        ] | 0% Completed | 4.20 s[                                        ] | 0% Completed | 4.30 s[                                        ] | 0% Completed | 4.40 s[                                        ] | 0% Completed | 4.50 s[                                        ] | 0% Completed | 4.60 s[                                        ] | 0% Completed | 4.70 s[                                        ] | 0% Completed | 4.80 s[                                        ] | 0% Completed | 4.90 s[                                        ] | 0% Completed | 5.00 s[                                        ] | 0% Completed | 5.10 s[                                        ] | 0% Completed | 5.20 s[                                        ] | 0% Completed | 5.31 s[                                        ] | 0% Completed | 5.41 s[                                        ] | 0% Completed | 5.51 s[                                        ] | 0% Completed | 5.61 s[                                        ] | 0% Completed | 5.71 s[                                        ] | 0% Completed | 5.81 s[                                        ] | 0% Completed | 5.91 s[                                        ] | 0% Completed | 6.01 s[                                        ] | 0% Completed | 6.11 s[                                        ] | 0% Completed | 6.21 s[                                        ] | 0% Completed | 6.31 s[                                        ] | 0% Completed | 6.41 s[                                        ] | 0% Completed | 6.51 s[                                        ] | 0% Completed | 6.61 s[                                        ] | 0% Completed | 6.71 s[                                        ] | 0% Completed | 6.81 s[                                        ] | 0% Completed | 6.91 s[                                        ] | 0% Completed | 7.01 s[                                        ] | 0% Completed | 7.11 s[                                        ] | 0% Completed | 7.21 s[                                        ] | 0% Completed | 7.31 s[                                        ] | 0% Completed | 7.41 s[                                        ] | 0% Completed | 7.51 s[                                        ] | 0% Completed | 7.61 s[                                        ] | 0% Completed | 7.71 s[                                        ] | 0% Completed | 7.81 s[                                        ] | 0% Completed | 7.91 s[                                        ] | 0% Completed | 8.01 s[                                        ] | 0% Completed | 8.11 s[                                        ] | 0% Completed | 8.21 s[                                        ] | 0% Completed | 8.31 s[                                        ] | 0% Completed | 8.41 s[                                        ] | 0% Completed | 8.51 s[                                        ] | 0% Completed | 8.61 s[                                        ] | 0% Completed | 8.71 s[                                        ] | 0% Completed | 8.81 s[                                        ] | 0% Completed | 8.91 s[                                        ] | 0% Completed | 9.01 s[                                        ] | 0% Completed | 9.11 s[                                        ] | 0% Completed | 9.21 s[                                        ] | 0% Completed | 9.31 s[                                        ] | 0% Completed | 9.41 s[                                        ] | 0% Completed | 9.51 s[                                        ] | 0% Completed | 9.61 s[                                        ] | 0% Completed | 9.71 s[                                        ] | 0% Completed | 9.81 s[                                        ] | 0% Completed | 9.91 s[                                        ] | 0% Completed | 10.01 s[                                        ] | 0% Completed | 10.11 s[                                        ] | 0% Completed | 10.21 s[                                        ] | 0% Completed | 10.31 s[                                        ] | 0% Completed | 10.41 s[                                        ] | 0% Completed | 10.51 s[                                        ] | 0% Completed | 10.61 s[                                        ] | 0% Completed | 10.71 s[                                        ] | 0% Completed | 10.81 s[                                        ] | 0% Completed | 10.91 s[                                        ] | 0% Completed | 11.01 s[                                        ] | 0% Completed | 11.11 s[                                        ] | 0% Completed | 11.21 s[                                        ] | 0% Completed | 11.31 s[                                        ] | 0% Completed | 11.41 s[                                        ] | 0% Completed | 11.51 s[                                        ] | 0% Completed | 11.61 s[                                        ] | 0% Completed | 11.71 s[                                        ] | 0% Completed | 11.81 s[                                        ] | 0% Completed | 11.91 s[                                        ] | 0% Completed | 12.01 s[                                        ] | 0% Completed | 12.11 s[                                        ] | 0% Completed | 12.21 s[                                        ] | 0% Completed | 12.31 s[                                        ] | 0% Completed | 12.41 s[                                        ] | 0% Completed | 12.51 s[                                        ] | 0% Completed | 12.61 s[                                        ] | 0% Completed | 12.71 s[                                        ] | 0% Completed | 12.81 s[                                        ] | 0% Completed | 12.91 s[                                        ] | 0% Completed | 13.01 s[                                        ] | 0% Completed | 13.11 s[                                        ] | 0% Completed | 13.21 s[                                        ] | 0% Completed | 13.31 s[                                        ] | 0% Completed | 13.41 s[                                        ] | 0% Completed | 13.51 s[                                        ] | 0% Completed | 13.61 s[                                        ] | 0% Completed | 13.71 s[                                        ] | 0% Completed | 13.81 s[                                        ] | 0% Completed | 13.91 s[                                        ] | 0% Completed | 14.01 s[                                        ] | 0% Completed | 14.11 s[                                        ] | 0% Completed | 14.21 s[                                        ] | 0% Completed | 14.31 s[                                        ] | 0% Completed | 14.41 s[                                        ] | 0% Completed | 14.51 s[                                        ] | 0% Completed | 14.61 s[                                        ] | 0% Completed | 14.71 s[                                        ] | 0% Completed | 14.81 s[                                        ] | 0% Completed | 14.91 s[                                        ] | 0% Completed | 15.01 s[                                        ] | 0% Completed | 15.11 s[                                        ] | 0% Completed | 15.21 s[                                        ] | 0% Completed | 15.31 s[                                        ] | 0% Completed | 15.41 s[                                        ] | 0% Completed | 15.51 s[                                        ] | 0% Completed | 15.61 s[                                        ] | 0% Completed | 15.71 s[                                        ] | 0% Completed | 15.81 s[                                        ] | 0% Completed | 15.91 s[                                        ] | 0% Completed | 16.01 s[                                        ] | 0% Completed | 16.11 s[                                        ] | 0% Completed | 16.21 s[                                        ] | 0% Completed | 16.31 s[                                        ] | 0% Completed | 16.41 s[                                        ] | 0% Completed | 16.51 s[                                        ] | 0% Completed | 16.61 s[                                        ] | 0% Completed | 16.71 s[                                        ] | 0% Completed | 16.81 s[                                        ] | 0% Completed | 16.92 s[                                        ] | 0% Completed | 17.02 s[                                        ] | 0% Completed | 17.12 s[                                        ] | 0% Completed | 17.22 s[                                        ] | 0% Completed | 17.32 s[                                        ] | 0% Completed | 17.42 s[                                        ] | 0% Completed | 17.52 s[                                        ] | 0% Completed | 17.62 s[                                        ] | 0% Completed | 17.72 s[                                        ] | 0% Completed | 17.82 s[                                        ] | 0% Completed | 17.92 s[                                        ] | 0% Completed | 18.02 s[                                        ] | 0% Completed | 18.12 s[                                        ] | 0% Completed | 18.22 s[                                        ] | 0% Completed | 18.32 s[                                        ] | 0% Completed | 18.42 s[                                        ] | 0% Completed | 18.52 s[                                        ] | 0% Completed | 18.62 s[                                        ] | 0% Completed | 18.72 s[                                        ] | 0% Completed | 18.82 s[                                        ] | 0% Completed | 18.92 s[                                        ] | 0% Completed | 19.02 s[                                        ] | 0% Completed | 19.12 s[                                        ] | 0% Completed | 19.22 s[                                        ] | 0% Completed | 19.32 s[                                        ] | 0% Completed | 19.42 s[                                        ] | 0% Completed | 19.52 s[                                        ] | 0% Completed | 19.62 s[                                        ] | 0% Completed | 19.72 s[                                        ] | 0% Completed | 19.82 s[                                        ] | 0% Completed | 19.92 s[                                        ] | 0% Completed | 20.02 s[                                        ] | 0% Completed | 20.12 s[                                        ] | 0% Completed | 20.22 s[                                        ] | 0% Completed | 20.32 s[                                        ] | 0% Completed | 20.42 s[                                        ] | 0% Completed | 20.52 s[                                        ] | 0% Completed | 20.62 s[                                        ] | 0% Completed | 20.72 s[                                        ] | 0% Completed | 20.82 s[                                        ] | 0% Completed | 20.92 s[                                        ] | 0% Completed | 21.02 s[                                        ] | 0% Completed | 21.12 s[                                        ] | 0% Completed | 21.22 s[                                        ] | 0% Completed | 21.32 s[                                        ] | 0% Completed | 21.42 s[                                        ] | 0% Completed | 21.52 s[                                        ] | 0% Completed | 21.62 s[                                        ] | 0% Completed | 21.72 s[                                        ] | 0% Completed | 21.82 s[                                        ] | 0% Completed | 21.92 s[                                        ] | 0% Completed | 22.02 s[                                        ] | 0% Completed | 22.12 s[                                        ] | 0% Completed | 22.22 s[                                        ] | 0% Completed | 22.32 s[                                        ] | 0% Completed | 22.42 s[                                        ] | 0% Completed | 22.52 s[                                        ] | 0% Completed | 22.62 s[                                        ] | 0% Completed | 22.72 s[                                        ] | 0% Completed | 22.82 s[                                        ] | 0% Completed | 22.92 s[                                        ] | 0% Completed | 23.02 s[                                        ] | 0% Completed | 23.12 s[                                        ] | 0% Completed | 23.22 s[                                        ] | 0% Completed | 23.32 s[                                        ] | 0% Completed | 23.42 s[                                        ] | 0% Completed | 23.52 s[                                        ] | 0% Completed | 23.62 s[                                        ] | 0% Completed | 23.72 s[                                        ] | 0% Completed | 23.82 s[                                        ] | 0% Completed | 23.92 s[                                        ] | 0% Completed | 24.02 s[                                        ] | 0% Completed | 24.12 s[########################################] | 100% Completed | 24.22 s
[                                        ] | 0% Completed | 1.02 s[                                        ] | 0% Completed | 1.31 s[                                        ] | 0% Completed | 1.42 s[                                        ] | 0% Completed | 1.53 s[                                        ] | 0% Completed | 1.64 s[                                        ] | 0% Completed | 1.75 s[                                        ] | 0% Completed | 1.86 s[                                        ] | 0% Completed | 2.11 s[                                        ] | 0% Completed | 2.21 s[                                        ] | 2% Completed | 2.31 s[#                                       ] | 3% Completed | 2.41 s[##                                      ] | 5% Completed | 2.51 s[##                                      ] | 7% Completed | 2.61 s[###                                     ] | 8% Completed | 2.71 s[####                                    ] | 10% Completed | 2.81 s[####                                    ] | 12% Completed | 2.91 s[#####                                   ] | 13% Completed | 3.01 s[######                                  ] | 15% Completed | 3.11 s[######                                  ] | 17% Completed | 3.21 s[#######                                 ] | 18% Completed | 3.31 s[########                                ] | 20% Completed | 3.41 s[########                                ] | 22% Completed | 3.51 s[#########                               ] | 23% Completed | 3.61 s[##########                              ] | 25% Completed | 3.71 s[##########                              ] | 27% Completed | 3.81 s[###########                             ] | 29% Completed | 3.91 s[############                            ] | 30% Completed | 4.01 s[#############                           ] | 32% Completed | 4.11 s[#############                           ] | 34% Completed | 4.21 s[##############                          ] | 35% Completed | 4.31 s[###############                         ] | 37% Completed | 4.42 s[###############                         ] | 39% Completed | 4.52 s[################                        ] | 41% Completed | 4.62 s[#################                       ] | 42% Completed | 4.72 s[#################                       ] | 44% Completed | 4.82 s[##################                      ] | 46% Completed | 4.92 s[###################                     ] | 47% Completed | 5.02 s[###################                     ] | 49% Completed | 5.12 s[####################                    ] | 51% Completed | 5.22 s[#####################                   ] | 52% Completed | 5.32 s[#####################                   ] | 54% Completed | 5.42 s[######################                  ] | 56% Completed | 5.52 s[#######################                 ] | 57% Completed | 5.62 s[#######################                 ] | 59% Completed | 5.72 s[########################                ] | 60% Completed | 5.82 s[#########################               ] | 62% Completed | 5.92 s[#########################               ] | 64% Completed | 6.02 s[##########################              ] | 65% Completed | 6.12 s[###########################             ] | 67% Completed | 6.22 s[###########################             ] | 69% Completed | 6.32 s[############################            ] | 70% Completed | 6.42 s[#############################           ] | 72% Completed | 6.52 s[#############################           ] | 74% Completed | 6.62 s[##############################          ] | 76% Completed | 6.72 s[###############################         ] | 77% Completed | 6.82 s[###############################         ] | 79% Completed | 6.92 s[########################################] | 100% Completed | 7.27 s
[#########                               ] | 22% Completed | 1.02 s[##########                              ] | 25% Completed | 1.12 s[###########                             ] | 28% Completed | 1.22 s[############                            ] | 31% Completed | 1.32 s[#############                           ] | 34% Completed | 1.42 s[###############                         ] | 37% Completed | 1.52 s[################                        ] | 40% Completed | 1.62 s[#################                       ] | 44% Completed | 1.72 s[###################                     ] | 47% Completed | 1.82 s[####################                    ] | 51% Completed | 1.93 s[#####################                   ] | 54% Completed | 2.03 s[#######################                 ] | 57% Completed | 2.13 s[########################                ] | 61% Completed | 2.23 s[#########################               ] | 63% Completed | 2.33 s[##########################              ] | 66% Completed | 2.43 s[###########################             ] | 69% Completed | 2.53 s[############################            ] | 71% Completed | 2.63 s[#############################           ] | 74% Completed | 2.73 s[##############################          ] | 77% Completed | 2.83 s[################################        ] | 80% Completed | 2.93 s[#################################       ] | 83% Completed | 3.03 s[##################################      ] | 86% Completed | 3.13 s[###################################     ] | 89% Completed | 3.23 s[####################################    ] | 92% Completed | 3.33 s[######################################  ] | 95% Completed | 3.43 s[####################################### ] | 97% Completed | 3.53 s[########################################] | 100% Completed | 3.63 s
[##########                              ] | 25% Completed | 1.00 s[###########                             ] | 27% Completed | 1.10 s[############                            ] | 30% Completed | 1.20 s[#############                           ] | 32% Completed | 1.30 s[##############                          ] | 35% Completed | 1.40 s[###############                         ] | 38% Completed | 1.50 s[################                        ] | 41% Completed | 1.60 s[#################                       ] | 43% Completed | 1.70 s[##################                      ] | 46% Completed | 1.80 s[###################                     ] | 49% Completed | 1.90 s[####################                    ] | 51% Completed | 2.00 s[#####################                   ] | 54% Completed | 2.10 s[######################                  ] | 57% Completed | 2.20 s[#######################                 ] | 59% Completed | 2.30 s[########################                ] | 62% Completed | 2.40 s[#########################               ] | 64% Completed | 2.50 s[##########################              ] | 67% Completed | 2.60 s[###########################             ] | 69% Completed | 2.70 s[############################            ] | 72% Completed | 2.80 s[#############################           ] | 74% Completed | 2.90 s[##############################          ] | 77% Completed | 3.00 s[################################        ] | 80% Completed | 3.10 s[#################################       ] | 82% Completed | 3.20 s[##################################      ] | 85% Completed | 3.30 s[###################################     ] | 88% Completed | 3.40 s[####################################    ] | 90% Completed | 3.50 s[#####################################   ] | 93% Completed | 3.60 s[######################################  ] | 95% Completed | 3.70 s[####################################### ] | 98% Completed | 3.80 s[########################################] | 100% Completed | 3.90 s
[38;5;23m2026-01-21 17:40:55[39m | [38;5;23mINFO[39m | Aggregating dataset for DMR calling (this may take multiple steps)...[39m
[38;5;23m2026-01-21 17:40:55[39m | [38;5;23mINFO[39m | Adding Ranges_ID column to validate merging.[39m
[#####################                   ] | 54% Completed | 1.09 s[########################                ] | 61% Completed | 1.19 s[###########################             ] | 67% Completed | 1.29 s[#############################           ] | 74% Completed | 1.39 s[################################        ] | 81% Completed | 1.49 s[###################################     ] | 87% Completed | 1.59 s[#####################################   ] | 94% Completed | 1.69 s[########################################] | 100% Completed | 1.79 s
[############                            ] | 32% Completed | 1.00 s[#############                           ] | 34% Completed | 1.10 s[##############                          ] | 37% Completed | 1.20 s[###############                         ] | 39% Completed | 1.30 s[################                        ] | 41% Completed | 1.40 s[#################                       ] | 43% Completed | 1.50 s[##################                      ] | 45% Completed | 1.60 s[###################                     ] | 48% Completed | 1.70 s[####################                    ] | 50% Completed | 1.80 s[####################                    ] | 52% Completed | 1.90 s[#####################                   ] | 54% Completed | 2.00 s[######################                  ] | 56% Completed | 2.10 s[#######################                 ] | 58% Completed | 2.20 s[########################                ] | 60% Completed | 2.30 s[#########################               ] | 63% Completed | 2.40 s[##########################              ] | 65% Completed | 2.50 s[###########################             ] | 68% Completed | 2.60 s[############################            ] | 70% Completed | 2.70 s[#############################           ] | 73% Completed | 2.80 s[##############################          ] | 76% Completed | 2.90 s[###############################         ] | 79% Completed | 3.00 s[#################################       ] | 82% Completed | 3.10 s[##################################      ] | 85% Completed | 3.20 s[###################################     ] | 88% Completed | 3.30 s[####################################    ] | 92% Completed | 3.40 s[######################################  ] | 95% Completed | 3.50 s[####################################### ] | 99% Completed | 3.61 s[########################################] | 100% Completed | 3.71 s
[38;5;23m2026-01-21 17:41:20[39m | [38;5;23mINFO[39m | Performing DMR calling (control vs mutant)[39m
[#############                           ] | 33% Completed | 1.00 s[#############                           ] | 33% Completed | 1.10 s[#############                           ] | 33% Completed | 1.20 s[#############                           ] | 33% Completed | 1.30 s[#############                           ] | 33% Completed | 1.40 s[#############                           ] | 33% Completed | 1.51 s[#############                           ] | 33% Completed | 1.61 s[#############                           ] | 33% Completed | 1.71 s[#############                           ] | 33% Completed | 1.81 s[#############                           ] | 33% Completed | 1.91 s[#############                           ] | 33% Completed | 2.01 s[#############                           ] | 33% Completed | 2.11 s[#############                           ] | 33% Completed | 2.21 s[#############                           ] | 33% Completed | 2.31 s[#############                           ] | 33% Completed | 2.41 s[#############                           ] | 33% Completed | 2.51 s[#############                           ] | 33% Completed | 2.61 s[#############                           ] | 33% Completed | 2.71 s[#############                           ] | 33% Completed | 2.81 s[#############                           ] | 33% Completed | 2.91 s[#############                           ] | 33% Completed | 3.01 s[#############                           ] | 33% Completed | 3.11 s[#############                           ] | 33% Completed | 3.21 s[#############                           ] | 33% Completed | 3.31 s[#############                           ] | 33% Completed | 3.41 s[#############                           ] | 33% Completed | 3.51 s[#############                           ] | 33% Completed | 3.61 s[#############                           ] | 33% Completed | 3.71 s[########################################] | 100% Completed | 3.81 s
[38;5;23m2026-01-21 17:41:24[39m | [33mWARNING[39m | [33mExtra columns detected: Index(['Annotation'], dtype='object'). These will be retained but are not validated.[39m
[38;5;23m2026-01-21 17:41:24[39m | [38;5;23mINFO[39m | Writing DMRs to /expanse/lustre/projects/csd940/zalibhai/biomodal/modality/outputs_CHG/Results/gencode.vM25.mouse.cpg_shelves.annotation/DMR_20260121_174124/DMR_mc_control__mutant_20260121_174124.bed.
Columns are :
`Chromosome Start End Name Score Strand num_contexts mean_coverage_across_samples mean_mod_group_1mean_mod_group_2 mod_fold_change mod_difference test_statistic dmr_pvalue dmr_qvalue
Please note that:
 - Name, Score, Strand are not used and are set to `.` for compatibility with pyranges
[39m
[38;5;23m2026-01-21 17:41:24[39m | [38;5;23mINFO[39m | Aggregating dataset for DMR calling (this may take multiple steps)...[39m
[########################                ] | 61% Completed | 1.00 s[###########################             ] | 68% Completed | 1.10 s[##############################          ] | 75% Completed | 1.20 s[################################        ] | 82% Completed | 1.30 s[###################################     ] | 89% Completed | 1.40 s[######################################  ] | 95% Completed | 1.50 s[########################################] | 100% Completed | 1.60 s
[#############                           ] | 34% Completed | 1.00 s[###############                         ] | 39% Completed | 1.10 s[#################                       ] | 43% Completed | 1.20 s[###################                     ] | 47% Completed | 1.30 s[####################                    ] | 51% Completed | 1.40 s[######################                  ] | 55% Completed | 1.50 s[#######################                 ] | 59% Completed | 1.60 s[#########################               ] | 64% Completed | 1.70 s[###########################             ] | 68% Completed | 1.80 s[#############################           ] | 73% Completed | 1.90 s[###############################         ] | 78% Completed | 2.00 s[################################        ] | 81% Completed | 2.10 s[#################################       ] | 84% Completed | 2.20 s[###################################     ] | 88% Completed | 2.30 s[####################################    ] | 90% Completed | 2.40 s[#####################################   ] | 93% Completed | 2.50 s[######################################  ] | 95% Completed | 2.60 s[####################################### ] | 97% Completed | 2.70 s[####################################### ] | 99% Completed | 2.81 s[########################################] | 100% Completed | 2.91 s
[38;5;23m2026-01-21 17:41:44[39m | [38;5;23mINFO[39m | Performing DMR calling (control vs mutant)[39m
[#############                           ] | 33% Completed | 1.00 s[#############                           ] | 33% Completed | 1.10 s[#############                           ] | 33% Completed | 1.20 s[#############                           ] | 33% Completed | 1.30 s[#############                           ] | 33% Completed | 1.40 s[#############                           ] | 33% Completed | 1.50 s[#############                           ] | 33% Completed | 1.60 s[#############                           ] | 33% Completed | 1.71 s[#############                           ] | 33% Completed | 1.81 s[#############                           ] | 33% Completed | 1.91 s[#############                           ] | 33% Completed | 2.01 s[#############                           ] | 33% Completed | 2.11 s[#############                           ] | 33% Completed | 2.21 s[#############                           ] | 33% Completed | 2.31 s[#############                           ] | 33% Completed | 2.41 s[#############                           ] | 33% Completed | 2.51 s[#############                           ] | 33% Completed | 2.61 s[#############                           ] | 33% Completed | 2.71 s[#############                           ] | 33% Completed | 2.81 s[#############                           ] | 33% Completed | 2.91 s[#############                           ] | 33% Completed | 3.01 s[#############                           ] | 33% Completed | 3.11 s[#############                           ] | 33% Completed | 3.21 s[#############                           ] | 33% Completed | 3.31 s[#############                           ] | 33% Completed | 3.41 s[#############                           ] | 33% Completed | 3.51 s[#############                           ] | 33% Completed | 3.61 s[#############                           ] | 33% Completed | 3.71 s[#############                           ] | 33% Completed | 3.81 s[#############                           ] | 33% Completed | 3.91 s[#############                           ] | 33% Completed | 4.02 s[########################################] | 100% Completed | 4.12 s
[38;5;23m2026-01-21 17:41:48[39m | [33mWARNING[39m | [33mExtra columns detected: Index(['Annotation'], dtype='object'). These will be retained but are not validated.[39m
[38;5;23m2026-01-21 17:41:48[39m | [38;5;23mINFO[39m | Writing DMRs to /expanse/lustre/projects/csd940/zalibhai/biomodal/modality/outputs_CHG/Results/gencode.vM25.mouse.cpg_shelves.annotation/DMR_20260121_174124/DMR_hmc_control__mutant_20260121_174124.bed.
Columns are :
`Chromosome Start End Name Score Strand num_contexts mean_coverage_across_samples mean_mod_group_1mean_mod_group_2 mod_fold_change mod_difference test_statistic dmr_pvalue dmr_qvalue
Please note that:
 - Name, Score, Strand are not used and are set to `.` for compatibility with pyranges
[39m
[38;5;23m2026-01-21 17:41:48[39m  [1m[38;5;154mDMR calling completed successfully! Outputs saved to: /expanse/lustre/projects/csd940/zalibhai/biomodal/modality/outputs_CHG/Results/gencode.vM25.mouse.cpg_shelves.annotation[39m
[38;5;23m2026-01-21 17:41:48[39m | [38;5;23mINFO[39m | DMR track configuration files saved successfully.[39m
[38;5;23m2026-01-21 17:41:48[39m  Wrote provenance sidecar file to /expanse/lustre/projects/csd940/zalibhai/biomodal/modality/outputs_CHG/Results/gencode.vM25.mouse.cpg_shelves.annotation/DMR_20260121_174124/modality_metadata_20260121_174148.json[39m
/expanse/lustre/projects/csd940/zalibhai/biomodal/modality/outputs_CHG/Results/gencode.vM25.mouse.cpg_shelves.annotation/DMR_20260121_174124/DMR_mc_control__mutant_20260121_174124.bed /expanse/lustre/projects/csd940/zalibhai/biomodal/modality/outputs_CHG/Results/gencode.vM25.mouse.cpg_shelves.annotation/DMR_20260121_174124/DMR_hmc_control__mutant_20260121_174124.bed
[INFO] 2026-01-21 17:41:49 - DMR calling completed for /expanse/lustre/projects/csd940/zalibhai/biomodal/modality/mm10/gencode.vM25.mouse.cpg_shelves.annotation.bed.gz
[INFO] 2026-01-21 17:41:49 - Running DMR calling on region file: /expanse/lustre/projects/csd940/zalibhai/biomodal/modality/mm10/gencode.vM25.mouse.cpg_shores.annotation.bed.gz
Logged in using stored credentials
[38;5;23m2026-01-21 17:41:54[39m  [1m[38;5;123mProvenance information:[39m
[38;5;23m2026-01-21 17:41:54[39m  cmd='/home/zalibhai/miniforge3/envs/modality/bin/modality -v dmr call --zarr-path /expanse/lustre/projects/csd940/zalibhai/biomodal/evoC-run/output/duet-1.5.0_evoC_Bap1_run_6bp/sample_outputs/zarr_store/CHG/evoC_Bap1_run.genome.GRCm38_primary_assembly.dedup.CHG.zarrz --sample-sheet /expanse/lustre/projects/csd940/zalibhai/biomodal/modality/metadata.tsv --condition-array-name condition --methylation-contexts num_mc num_hmc --bedfile /expanse/lustre/projects/csd940/zalibhai/biomodal/modality/mm10/gencode.vM25.mouse.cpg_shores.annotation.bed.gz --filter-context-depth 10 --condition-order control mutant --output-dir /expanse/lustre/projects/csd940/zalibhai/biomodal/modality/outputs_CHG/Results/gencode.vM25.mouse.cpg_shores.annotation'
timestamp=2026-01-21T17:41:54.850945
version=1.0.0
user=zalibhai

[39m
[38;5;23m2026-01-21 17:41:54[39m  [1m[38;5;123mStarting differential methylation analysis:[39m
[38;5;23m2026-01-21 17:41:54[39m  [38;5;248mZarr path(s)[39m: ['/expanse/lustre/projects/csd940/zalibhai/biomodal/evoC-run/output/duet-1.5.0_evoC_Bap1_run_6bp/sample_outputs/zarr_store/CHG/evoC_Bap1_run.genome.GRCm38_primary_assembly.dedup.CHG.zarrz'][39m
[38;5;23m2026-01-21 17:41:54[39m  [38;5;248mSample Sheet[39m: /expanse/lustre/projects/csd940/zalibhai/biomodal/modality/metadata.tsv[39m
[38;5;23m2026-01-21 17:41:54[39m  [38;5;248mCondition Array Name[39m: condition[39m
[38;5;23m2026-01-21 17:41:54[39m  [38;5;248mMethylation Contexts[39m: ['num_mc', 'num_hmc'][39m
[38;5;23m2026-01-21 17:41:54[39m  [38;5;248mBedfile[39m: /expanse/lustre/projects/csd940/zalibhai/biomodal/modality/mm10/gencode.vM25.mouse.cpg_shores.annotation.bed.gz[39m
[38;5;23m2026-01-21 17:41:54[39m  [38;5;248mMin Coverage[39m: 10[39m
[38;5;23m2026-01-21 17:41:54[39m  [38;5;248mCondition Order[39m: ['control', 'mutant'][39m
[38;5;23m2026-01-21 17:41:54[39m  [38;5;248mOutput Dir[39m: /expanse/lustre/projects/csd940/zalibhai/biomodal/modality/outputs_CHG/Results/gencode.vM25.mouse.cpg_shores.annotation[39m
[38;5;23m2026-01-21 17:41:54[39m  [38;5;248mWindow Size[39m: None[39m
[38;5;23m2026-01-21 17:41:54[39m  [38;5;248mCovariates[39m: [][39m
[38;5;23m2026-01-21 17:41:54[39m  [38;5;248mNum Contexts[39m: 0[39m
[38;5;23m2026-01-21 17:41:54[39m  [38;5;248mRegion[39m: None[39m
[38;5;23m2026-01-21 17:41:54[39m  [38;5;248mOverdispersion[39m: False[39m
[38;5;23m2026-01-21 17:41:54[39m  [38;5;248mStatistical Test[39m: wald[39m
[38;5;23m2026-01-21 17:41:54[39m  [38;5;248mDisable Strand Merging[39m: False[39m
[38;5;23m2026-01-21 17:41:54[39m  [38;5;248mCompress[39m: False[39m
[38;5;23m2026-01-21 17:41:54[39m | [38;5;23mINFO[39m | Loading Zarr dataset...[39m
[38;5;23m2026-01-21 17:42:10[39m | [38;5;23mINFO[39m | Starting DMR calling process, this could take a few minutes...[39m
[38;5;23m2026-01-21 17:42:10[39m | [38;5;23mINFO[39m | Aligning sample sheet with dataset...[39m
[                                        ] | 0% Completed | 1.09 s[                                        ] | 0% Completed | 1.36 s[                                        ] | 0% Completed | 1.60 s[                                        ] | 0% Completed | 1.70 s[                                        ] | 1% Completed | 1.80 s[                                        ] | 1% Completed | 1.90 s[#                                       ] | 2% Completed | 2.00 s[#                                       ] | 3% Completed | 2.10 s[#                                       ] | 4% Completed | 2.20 s[##                                      ] | 5% Completed | 2.30 s[##                                      ] | 5% Completed | 2.40 s[##                                      ] | 6% Completed | 2.50 s[###                                     ] | 7% Completed | 2.60 s[###                                     ] | 8% Completed | 2.70 s[###                                     ] | 9% Completed | 2.80 s[####                                    ] | 10% Completed | 2.90 s[####                                    ] | 11% Completed | 3.00 s[####                                    ] | 12% Completed | 3.10 s[#####                                   ] | 12% Completed | 3.20 s[#####                                   ] | 13% Completed | 3.30 s[#####                                   ] | 14% Completed | 3.40 s[######                                  ] | 15% Completed | 3.50 s[######                                  ] | 16% Completed | 3.60 s[######                                  ] | 17% Completed | 3.70 s[#######                                 ] | 18% Completed | 3.80 s[#######                                 ] | 18% Completed | 3.90 s[#######                                 ] | 19% Completed | 4.00 s[########                                ] | 20% Completed | 4.10 s[########                                ] | 21% Completed | 4.20 s[#########                               ] | 22% Completed | 4.30 s[#########                               ] | 23% Completed | 4.40 s[#########                               ] | 24% Completed | 4.50 s[##########                              ] | 25% Completed | 4.60 s[##########                              ] | 26% Completed | 4.70 s[##########                              ] | 27% Completed | 4.80 s[###########                             ] | 27% Completed | 4.90 s[###########                             ] | 28% Completed | 5.01 s[###########                             ] | 29% Completed | 5.11 s[############                            ] | 30% Completed | 5.21 s[############                            ] | 31% Completed | 5.31 s[############                            ] | 32% Completed | 5.41 s[#############                           ] | 33% Completed | 5.51 s[#############                           ] | 33% Completed | 5.61 s[#############                           ] | 34% Completed | 5.71 s[##############                          ] | 35% Completed | 5.81 s[##############                          ] | 36% Completed | 5.91 s[##############                          ] | 37% Completed | 6.01 s[###############                         ] | 38% Completed | 6.11 s[###############                         ] | 39% Completed | 6.21 s[###############                         ] | 39% Completed | 6.31 s[################                        ] | 40% Completed | 6.41 s[################                        ] | 41% Completed | 6.51 s[#################                       ] | 42% Completed | 6.61 s[#################                       ] | 43% Completed | 6.71 s[#################                       ] | 44% Completed | 6.81 s[##################                      ] | 45% Completed | 6.91 s[##################                      ] | 46% Completed | 7.01 s[##################                      ] | 46% Completed | 7.11 s[###################                     ] | 47% Completed | 7.21 s[###################                     ] | 48% Completed | 7.31 s[###################                     ] | 49% Completed | 7.41 s[####################                    ] | 50% Completed | 7.51 s[####################                    ] | 51% Completed | 7.61 s[####################                    ] | 52% Completed | 7.71 s[#####################                   ] | 52% Completed | 7.81 s[#####################                   ] | 53% Completed | 7.91 s[#####################                   ] | 54% Completed | 8.01 s[######################                  ] | 55% Completed | 8.11 s[######################                  ] | 56% Completed | 8.21 s[######################                  ] | 57% Completed | 8.31 s[#######################                 ] | 58% Completed | 8.41 s[#######################                 ] | 58% Completed | 8.51 s[#######################                 ] | 59% Completed | 8.61 s[########################                ] | 60% Completed | 8.71 s[########################                ] | 61% Completed | 8.81 s[########################                ] | 62% Completed | 8.91 s[#########################               ] | 63% Completed | 9.01 s[#########################               ] | 64% Completed | 9.11 s[#########################               ] | 64% Completed | 9.21 s[##########################              ] | 65% Completed | 9.31 s[##########################              ] | 66% Completed | 9.41 s[##########################              ] | 67% Completed | 9.51 s[###########################             ] | 68% Completed | 9.61 s[###########################             ] | 69% Completed | 9.71 s[###########################             ] | 69% Completed | 9.81 s[############################            ] | 70% Completed | 9.91 s[############################            ] | 71% Completed | 10.01 s[#############################           ] | 72% Completed | 10.11 s[#############################           ] | 73% Completed | 10.21 s[#############################           ] | 74% Completed | 10.31 s[##############################          ] | 75% Completed | 10.41 s[##############################          ] | 76% Completed | 10.51 s[##############################          ] | 77% Completed | 10.61 s[###############################         ] | 78% Completed | 10.71 s[###################################     ] | 88% Completed | 10.93 s[########################################] | 100% Completed | 11.11 s
[38;5;23m2026-01-21 17:42:23[39m | [38;5;23mINFO[39m | filtering low coverage contexts (this may take multiple steps)...[39m
[#########                               ] | 24% Completed | 1.00 s[###########                             ] | 27% Completed | 1.10 s[############                            ] | 30% Completed | 1.20 s[#############                           ] | 33% Completed | 1.30 s[##############                          ] | 36% Completed | 1.40 s[###############                         ] | 39% Completed | 1.50 s[################                        ] | 41% Completed | 1.60 s[#################                       ] | 44% Completed | 1.70 s[##################                      ] | 47% Completed | 1.80 s[####################                    ] | 50% Completed | 1.90 s[#####################                   ] | 53% Completed | 2.00 s[######################                  ] | 55% Completed | 2.10 s[#######################                 ] | 58% Completed | 2.20 s[########################                ] | 61% Completed | 2.30 s[#########################               ] | 64% Completed | 2.40 s[###########################             ] | 67% Completed | 2.50 s[############################            ] | 70% Completed | 2.60 s[#############################           ] | 73% Completed | 2.70 s[##############################          ] | 76% Completed | 2.80 s[###############################         ] | 79% Completed | 2.90 s[################################        ] | 82% Completed | 3.00 s[##################################      ] | 85% Completed | 3.10 s[###################################     ] | 87% Completed | 3.20 s[####################################    ] | 90% Completed | 3.30 s[#####################################   ] | 93% Completed | 3.40 s[######################################  ] | 96% Completed | 3.50 s[####################################### ] | 99% Completed | 3.60 s[########################################] | 100% Completed | 3.70 s
[                                        ] | 0% Completed | 1.00 s[                                        ] | 0% Completed | 1.10 s[                                        ] | 0% Completed | 1.20 s[                                        ] | 0% Completed | 1.30 s[                                        ] | 0% Completed | 1.40 s[                                        ] | 0% Completed | 1.50 s[                                        ] | 0% Completed | 1.60 s[                                        ] | 0% Completed | 1.70 s[                                        ] | 0% Completed | 1.80 s[                                        ] | 0% Completed | 1.90 s[                                        ] | 0% Completed | 2.00 s[                                        ] | 0% Completed | 2.10 s[                                        ] | 0% Completed | 2.20 s[                                        ] | 0% Completed | 2.30 s[                                        ] | 0% Completed | 2.40 s[                                        ] | 0% Completed | 2.50 s[                                        ] | 0% Completed | 2.60 s[                                        ] | 0% Completed | 2.70 s[                                        ] | 0% Completed | 2.80 s[                                        ] | 0% Completed | 2.90 s[                                        ] | 0% Completed | 3.00 s[                                        ] | 0% Completed | 3.10 s[                                        ] | 0% Completed | 3.20 s[                                        ] | 0% Completed | 3.30 s[                                        ] | 0% Completed | 3.40 s[                                        ] | 0% Completed | 3.50 s[                                        ] | 0% Completed | 3.60 s[                                        ] | 0% Completed | 3.70 s[                                        ] | 0% Completed | 3.80 s[                                        ] | 0% Completed | 3.90 s[                                        ] | 0% Completed | 4.00 s[                                        ] | 0% Completed | 4.10 s[                                        ] | 0% Completed | 4.20 s[                                        ] | 0% Completed | 4.30 s[                                        ] | 0% Completed | 4.40 s[                                        ] | 0% Completed | 4.50 s[                                        ] | 0% Completed | 4.60 s[                                        ] | 0% Completed | 4.70 s[                                        ] | 0% Completed | 4.80 s[                                        ] | 0% Completed | 4.90 s[                                        ] | 0% Completed | 5.00 s[                                        ] | 0% Completed | 5.10 s[                                        ] | 0% Completed | 5.20 s[                                        ] | 0% Completed | 5.30 s[                                        ] | 0% Completed | 5.40 s[                                        ] | 0% Completed | 5.50 s[                                        ] | 0% Completed | 5.60 s[                                        ] | 0% Completed | 5.70 s[                                        ] | 0% Completed | 5.80 s[                                        ] | 0% Completed | 5.91 s[                                        ] | 0% Completed | 6.01 s[                                        ] | 0% Completed | 6.11 s[                                        ] | 0% Completed | 6.21 s[                                        ] | 0% Completed | 6.31 s[                                        ] | 0% Completed | 6.41 s[                                        ] | 0% Completed | 6.51 s[                                        ] | 0% Completed | 6.61 s[                                        ] | 0% Completed | 6.71 s[                                        ] | 0% Completed | 6.81 s[                                        ] | 0% Completed | 6.91 s[                                        ] | 0% Completed | 7.01 s[                                        ] | 0% Completed | 7.11 s[                                        ] | 0% Completed | 7.21 s[                                        ] | 0% Completed | 7.31 s[                                        ] | 0% Completed | 7.41 s[                                        ] | 0% Completed | 7.51 s[                                        ] | 0% Completed | 7.61 s[                                        ] | 0% Completed | 7.71 s[                                        ] | 0% Completed | 7.81 s[                                        ] | 0% Completed | 7.91 s[                                        ] | 0% Completed | 8.01 s[                                        ] | 0% Completed | 8.11 s[                                        ] | 0% Completed | 8.21 s[                                        ] | 0% Completed | 8.31 s[                                        ] | 0% Completed | 8.41 s[                                        ] | 0% Completed | 8.51 s[                                        ] | 0% Completed | 8.61 s[                                        ] | 0% Completed | 8.71 s[                                        ] | 0% Completed | 8.81 s[                                        ] | 0% Completed | 8.91 s[                                        ] | 0% Completed | 9.01 s[                                        ] | 0% Completed | 9.11 s[                                        ] | 0% Completed | 9.21 s[                                        ] | 0% Completed | 9.31 s[                                        ] | 0% Completed | 9.41 s[                                        ] | 0% Completed | 9.51 s[                                        ] | 0% Completed | 9.61 s[                                        ] | 0% Completed | 9.71 s[                                        ] | 0% Completed | 9.81 s[                                        ] | 0% Completed | 9.91 s[                                        ] | 0% Completed | 10.01 s[                                        ] | 0% Completed | 10.11 s[                                        ] | 0% Completed | 10.21 s[                                        ] | 0% Completed | 10.31 s[                                        ] | 0% Completed | 10.41 s[                                        ] | 0% Completed | 10.51 s[                                        ] | 0% Completed | 10.61 s[                                        ] | 0% Completed | 10.71 s[                                        ] | 0% Completed | 10.81 s[                                        ] | 0% Completed | 10.91 s[                                        ] | 0% Completed | 11.01 s[                                        ] | 0% Completed | 11.11 s[                                        ] | 0% Completed | 11.21 s[                                        ] | 0% Completed | 11.31 s[                                        ] | 0% Completed | 11.41 s[                                        ] | 0% Completed | 11.51 s[                                        ] | 0% Completed | 11.61 s[                                        ] | 0% Completed | 11.71 s[                                        ] | 0% Completed | 11.81 s[                                        ] | 0% Completed | 11.91 s[                                        ] | 0% Completed | 12.01 s[                                        ] | 0% Completed | 12.11 s[                                        ] | 0% Completed | 12.21 s[                                        ] | 0% Completed | 12.31 s[                                        ] | 0% Completed | 12.41 s[                                        ] | 0% Completed | 12.51 s[                                        ] | 0% Completed | 12.61 s[                                        ] | 0% Completed | 12.71 s[                                        ] | 0% Completed | 12.81 s[                                        ] | 0% Completed | 12.91 s[                                        ] | 0% Completed | 13.01 s[                                        ] | 0% Completed | 13.11 s[                                        ] | 0% Completed | 13.21 s[                                        ] | 0% Completed | 13.31 s[                                        ] | 0% Completed | 13.41 s[                                        ] | 0% Completed | 13.51 s[                                        ] | 0% Completed | 13.61 s[                                        ] | 0% Completed | 13.71 s[                                        ] | 0% Completed | 13.81 s[                                        ] | 0% Completed | 13.91 s[                                        ] | 0% Completed | 14.01 s[                                        ] | 0% Completed | 14.11 s[                                        ] | 0% Completed | 14.21 s[                                        ] | 0% Completed | 14.31 s[                                        ] | 0% Completed | 14.41 s[                                        ] | 0% Completed | 14.51 s[                                        ] | 0% Completed | 14.61 s[                                        ] | 0% Completed | 14.71 s[                                        ] | 0% Completed | 14.81 s[                                        ] | 0% Completed | 14.91 s[                                        ] | 0% Completed | 15.01 s[                                        ] | 0% Completed | 15.11 s[                                        ] | 0% Completed | 15.21 s[                                        ] | 0% Completed | 15.31 s[                                        ] | 0% Completed | 15.41 s[                                        ] | 0% Completed | 15.51 s[                                        ] | 0% Completed | 15.61 s[                                        ] | 0% Completed | 15.71 s[                                        ] | 0% Completed | 15.81 s[                                        ] | 0% Completed | 15.91 s[                                        ] | 0% Completed | 16.01 s[                                        ] | 0% Completed | 16.11 s[                                        ] | 0% Completed | 16.21 s[                                        ] | 0% Completed | 16.31 s[                                        ] | 0% Completed | 16.41 s[                                        ] | 0% Completed | 16.51 s[                                        ] | 0% Completed | 16.61 s[                                        ] | 0% Completed | 16.71 s[                                        ] | 0% Completed | 16.81 s[                                        ] | 0% Completed | 16.91 s[                                        ] | 0% Completed | 17.01 s[                                        ] | 0% Completed | 17.11 s[                                        ] | 0% Completed | 17.21 s[                                        ] | 0% Completed | 17.32 s[                                        ] | 0% Completed | 17.42 s[                                        ] | 0% Completed | 17.52 s[                                        ] | 0% Completed | 17.62 s[                                        ] | 0% Completed | 17.72 s[                                        ] | 0% Completed | 17.82 s[                                        ] | 0% Completed | 17.92 s[                                        ] | 0% Completed | 18.02 s[                                        ] | 0% Completed | 18.12 s[                                        ] | 0% Completed | 18.22 s[                                        ] | 0% Completed | 18.32 s[                                        ] | 0% Completed | 18.42 s[                                        ] | 0% Completed | 18.52 s[                                        ] | 0% Completed | 18.62 s[                                        ] | 0% Completed | 18.72 s[                                        ] | 0% Completed | 18.82 s[                                        ] | 0% Completed | 18.92 s[                                        ] | 0% Completed | 19.02 s[                                        ] | 0% Completed | 19.12 s[                                        ] | 0% Completed | 19.22 s[                                        ] | 0% Completed | 19.32 s[                                        ] | 0% Completed | 19.42 s[                                        ] | 0% Completed | 19.52 s[                                        ] | 0% Completed | 19.62 s[                                        ] | 0% Completed | 19.72 s[                                        ] | 0% Completed | 19.82 s[                                        ] | 0% Completed | 19.92 s[                                        ] | 0% Completed | 20.02 s[                                        ] | 0% Completed | 20.12 s[                                        ] | 0% Completed | 20.22 s[                                        ] | 0% Completed | 20.32 s[                                        ] | 0% Completed | 20.42 s[                                        ] | 0% Completed | 20.52 s[                                        ] | 0% Completed | 20.62 s[                                        ] | 0% Completed | 20.72 s[                                        ] | 0% Completed | 20.82 s[                                        ] | 0% Completed | 20.92 s[                                        ] | 0% Completed | 21.02 s[                                        ] | 0% Completed | 21.12 s[                                        ] | 0% Completed | 21.22 s[                                        ] | 0% Completed | 21.32 s[                                        ] | 0% Completed | 21.42 s[                                        ] | 0% Completed | 21.52 s[                                        ] | 0% Completed | 21.62 s[                                        ] | 0% Completed | 21.72 s[                                        ] | 0% Completed | 21.82 s[                                        ] | 0% Completed | 21.92 s[                                        ] | 0% Completed | 22.02 s[                                        ] | 0% Completed | 22.12 s[                                        ] | 0% Completed | 22.22 s[                                        ] | 0% Completed | 22.32 s[                                        ] | 0% Completed | 22.42 s[                                        ] | 0% Completed | 22.52 s[                                        ] | 0% Completed | 22.62 s[                                        ] | 0% Completed | 22.72 s[                                        ] | 0% Completed | 22.82 s[                                        ] | 0% Completed | 22.92 s[                                        ] | 0% Completed | 23.02 s[                                        ] | 0% Completed | 23.12 s[                                        ] | 0% Completed | 23.22 s[                                        ] | 0% Completed | 23.32 s[                                        ] | 0% Completed | 23.42 s[                                        ] | 0% Completed | 23.52 s[                                        ] | 0% Completed | 23.62 s[                                        ] | 0% Completed | 23.72 s[                                        ] | 0% Completed | 23.82 s[                                        ] | 0% Completed | 23.92 s[                                        ] | 0% Completed | 24.02 s[                                        ] | 0% Completed | 24.12 s[                                        ] | 0% Completed | 24.22 s[                                        ] | 0% Completed | 24.32 s[                                        ] | 0% Completed | 24.42 s[                                        ] | 0% Completed | 24.52 s[                                        ] | 0% Completed | 24.62 s[                                        ] | 0% Completed | 24.72 s[                                        ] | 0% Completed | 24.82 s[                                        ] | 0% Completed | 24.92 s[########################################] | 100% Completed | 25.02 s
[                                        ] | 0% Completed | 1.07 s[                                        ] | 0% Completed | 1.18 s[                                        ] | 0% Completed | 1.29 s[                                        ] | 0% Completed | 1.40 s[                                        ] | 0% Completed | 1.64 s[                                        ] | 0% Completed | 1.75 s[#                                       ] | 2% Completed | 1.85 s[#                                       ] | 4% Completed | 1.95 s[##                                      ] | 6% Completed | 2.05 s[###                                     ] | 8% Completed | 2.15 s[####                                    ] | 10% Completed | 2.25 s[#####                                   ] | 12% Completed | 2.35 s[#####                                   ] | 14% Completed | 2.45 s[######                                  ] | 16% Completed | 2.55 s[#######                                 ] | 19% Completed | 2.65 s[########                                ] | 21% Completed | 2.75 s[#########                               ] | 23% Completed | 2.85 s[##########                              ] | 25% Completed | 2.95 s[##########                              ] | 27% Completed | 3.05 s[###########                             ] | 29% Completed | 3.15 s[############                            ] | 31% Completed | 3.25 s[#############                           ] | 33% Completed | 3.35 s[##############                          ] | 35% Completed | 3.45 s[##############                          ] | 37% Completed | 3.55 s[###############                         ] | 38% Completed | 3.65 s[################                        ] | 40% Completed | 3.75 s[################                        ] | 41% Completed | 3.85 s[#################                       ] | 43% Completed | 3.95 s[#################                       ] | 44% Completed | 4.05 s[##################                      ] | 46% Completed | 4.15 s[###################                     ] | 47% Completed | 4.25 s[###################                     ] | 49% Completed | 4.35 s[####################                    ] | 50% Completed | 4.45 s[####################                    ] | 52% Completed | 4.55 s[#####################                   ] | 53% Completed | 4.65 s[######################                  ] | 55% Completed | 4.75 s[######################                  ] | 56% Completed | 4.85 s[#######################                 ] | 57% Completed | 4.95 s[#######################                 ] | 59% Completed | 5.05 s[########################                ] | 60% Completed | 5.16 s[########################                ] | 62% Completed | 5.26 s[#########################               ] | 63% Completed | 5.36 s[#########################               ] | 64% Completed | 5.46 s[##########################              ] | 66% Completed | 5.56 s[###########################             ] | 67% Completed | 5.66 s[###########################             ] | 69% Completed | 5.76 s[############################            ] | 70% Completed | 5.86 s[############################            ] | 72% Completed | 5.96 s[#############################           ] | 73% Completed | 6.06 s[##############################          ] | 75% Completed | 6.16 s[##############################          ] | 76% Completed | 6.26 s[###############################         ] | 78% Completed | 6.36 s[###############################         ] | 79% Completed | 6.46 s[########################################] | 100% Completed | 6.80 s
[########                                ] | 20% Completed | 1.02 s[########                                ] | 22% Completed | 1.12 s[#########                               ] | 24% Completed | 1.23 s[##########                              ] | 27% Completed | 1.33 s[###########                             ] | 29% Completed | 1.43 s[############                            ] | 31% Completed | 1.53 s[#############                           ] | 34% Completed | 1.63 s[##############                          ] | 37% Completed | 1.73 s[###############                         ] | 39% Completed | 1.83 s[#################                       ] | 42% Completed | 1.93 s[##################                      ] | 45% Completed | 2.03 s[###################                     ] | 48% Completed | 2.13 s[####################                    ] | 50% Completed | 2.23 s[#####################                   ] | 53% Completed | 2.33 s[######################                  ] | 56% Completed | 2.43 s[#######################                 ] | 58% Completed | 2.53 s[########################                ] | 61% Completed | 2.63 s[#########################               ] | 63% Completed | 2.73 s[##########################              ] | 65% Completed | 2.83 s[###########################             ] | 68% Completed | 2.93 s[############################            ] | 70% Completed | 3.03 s[#############################           ] | 72% Completed | 3.13 s[#############################           ] | 74% Completed | 3.23 s[##############################          ] | 77% Completed | 3.33 s[###############################         ] | 79% Completed | 3.43 s[#################################       ] | 82% Completed | 3.53 s[##################################      ] | 85% Completed | 3.63 s[###################################     ] | 87% Completed | 3.73 s[####################################    ] | 90% Completed | 3.83 s[#####################################   ] | 93% Completed | 3.93 s[######################################  ] | 95% Completed | 4.03 s[####################################### ] | 98% Completed | 4.13 s[########################################] | 100% Completed | 4.23 s
[########                                ] | 22% Completed | 1.00 s[#########                               ] | 24% Completed | 1.10 s[##########                              ] | 27% Completed | 1.20 s[###########                             ] | 29% Completed | 1.30 s[############                            ] | 31% Completed | 1.40 s[#############                           ] | 34% Completed | 1.50 s[##############                          ] | 36% Completed | 1.60 s[###############                         ] | 39% Completed | 1.70 s[################                        ] | 41% Completed | 1.80 s[#################                       ] | 44% Completed | 1.90 s[##################                      ] | 46% Completed | 2.00 s[###################                     ] | 48% Completed | 2.10 s[####################                    ] | 51% Completed | 2.20 s[#####################                   ] | 53% Completed | 2.30 s[######################                  ] | 56% Completed | 2.40 s[#######################                 ] | 58% Completed | 2.50 s[########################                ] | 61% Completed | 2.60 s[#########################               ] | 63% Completed | 2.70 s[##########################              ] | 66% Completed | 2.80 s[###########################             ] | 68% Completed | 2.90 s[############################            ] | 70% Completed | 3.00 s[#############################           ] | 73% Completed | 3.10 s[##############################          ] | 75% Completed | 3.20 s[###############################         ] | 77% Completed | 3.30 s[################################        ] | 80% Completed | 3.40 s[#################################       ] | 82% Completed | 3.50 s[#################################       ] | 84% Completed | 3.60 s[##################################      ] | 87% Completed | 3.70 s[###################################     ] | 89% Completed | 3.80 s[####################################    ] | 92% Completed | 3.90 s[#####################################   ] | 94% Completed | 4.00 s[######################################  ] | 97% Completed | 4.10 s[####################################### ] | 99% Completed | 4.20 s[########################################] | 100% Completed | 4.30 s
[38;5;23m2026-01-21 17:43:18[39m | [38;5;23mINFO[39m | Aggregating dataset for DMR calling (this may take multiple steps)...[39m
[38;5;23m2026-01-21 17:43:18[39m | [38;5;23mINFO[39m | Adding Ranges_ID column to validate merging.[39m
[#######                                 ] | 18% Completed | 1.05 s[########                                ] | 21% Completed | 1.15 s[#########                               ] | 24% Completed | 1.25 s[##########                              ] | 27% Completed | 1.35 s[###########                             ] | 29% Completed | 1.45 s[#############                           ] | 32% Completed | 1.55 s[##############                          ] | 35% Completed | 1.65 s[###############                         ] | 38% Completed | 1.75 s[################                        ] | 41% Completed | 1.85 s[#################                       ] | 43% Completed | 1.95 s[##################                      ] | 46% Completed | 2.05 s[###################                     ] | 49% Completed | 2.15 s[####################                    ] | 52% Completed | 2.25 s[######################                  ] | 55% Completed | 2.35 s[#######################                 ] | 58% Completed | 2.45 s[########################                ] | 60% Completed | 2.55 s[#########################               ] | 63% Completed | 2.65 s[##########################              ] | 66% Completed | 2.75 s[###########################             ] | 69% Completed | 2.85 s[############################            ] | 72% Completed | 2.95 s[#############################           ] | 74% Completed | 3.05 s[###############################         ] | 77% Completed | 3.15 s[################################        ] | 80% Completed | 3.25 s[#################################       ] | 83% Completed | 3.35 s[##################################      ] | 86% Completed | 3.45 s[###################################     ] | 88% Completed | 3.55 s[####################################    ] | 91% Completed | 3.65 s[#####################################   ] | 94% Completed | 3.75 s[######################################  ] | 97% Completed | 3.85 s[########################################] | 100% Completed | 3.95 s
[######                                  ] | 15% Completed | 1.01 s[######                                  ] | 17% Completed | 1.11 s[#######                                 ] | 19% Completed | 1.21 s[########                                ] | 21% Completed | 1.31 s[#########                               ] | 23% Completed | 1.41 s[##########                              ] | 25% Completed | 1.51 s[###########                             ] | 28% Completed | 1.61 s[############                            ] | 30% Completed | 1.71 s[#############                           ] | 32% Completed | 1.81 s[##############                          ] | 35% Completed | 1.91 s[###############                         ] | 37% Completed | 2.01 s[################                        ] | 40% Completed | 2.11 s[#################                       ] | 42% Completed | 2.21 s[##################                      ] | 45% Completed | 2.31 s[###################                     ] | 48% Completed | 2.41 s[####################                    ] | 51% Completed | 2.51 s[#####################                   ] | 54% Completed | 2.61 s[#######################                 ] | 57% Completed | 2.71 s[########################                ] | 60% Completed | 2.81 s[#########################               ] | 64% Completed | 2.91 s[##########################              ] | 67% Completed | 3.01 s[############################            ] | 70% Completed | 3.11 s[#############################           ] | 73% Completed | 3.21 s[##############################          ] | 77% Completed | 3.31 s[################################        ] | 80% Completed | 3.41 s[#################################       ] | 82% Completed | 3.51 s[##################################      ] | 85% Completed | 3.61 s[###################################     ] | 89% Completed | 3.71 s[#####################################   ] | 92% Completed | 3.81 s[######################################  ] | 96% Completed | 3.91 s[####################################### ] | 99% Completed | 4.01 s[########################################] | 100% Completed | 4.11 s
[38;5;23m2026-01-21 17:43:45[39m | [38;5;23mINFO[39m | Performing DMR calling (control vs mutant)[39m
[#############                           ] | 33% Completed | 1.00 s[#############                           ] | 33% Completed | 1.10 s[#############                           ] | 33% Completed | 1.20 s[#############                           ] | 33% Completed | 1.30 s[#############                           ] | 33% Completed | 1.40 s[#############                           ] | 33% Completed | 1.51 s[#############                           ] | 33% Completed | 1.61 s[#############                           ] | 33% Completed | 1.71 s[#############                           ] | 33% Completed | 1.81 s[#############                           ] | 33% Completed | 1.91 s[#############                           ] | 33% Completed | 2.01 s[#############                           ] | 33% Completed | 2.11 s[#############                           ] | 33% Completed | 2.21 s[#############                           ] | 33% Completed | 2.31 s[#############                           ] | 33% Completed | 2.41 s[#############                           ] | 33% Completed | 2.51 s[#############                           ] | 33% Completed | 2.61 s[#############                           ] | 33% Completed | 2.71 s[#############                           ] | 33% Completed | 2.81 s[#############                           ] | 33% Completed | 2.91 s[#############                           ] | 33% Completed | 3.01 s[#############                           ] | 33% Completed | 3.11 s[#############                           ] | 33% Completed | 3.21 s[#############                           ] | 33% Completed | 3.31 s[#############                           ] | 33% Completed | 3.41 s[########################################] | 100% Completed | 3.51 s
[38;5;23m2026-01-21 17:43:49[39m | [33mWARNING[39m | [33mExtra columns detected: Index(['Annotation'], dtype='object'). These will be retained but are not validated.[39m
[38;5;23m2026-01-21 17:43:49[39m | [38;5;23mINFO[39m | Writing DMRs to /expanse/lustre/projects/csd940/zalibhai/biomodal/modality/outputs_CHG/Results/gencode.vM25.mouse.cpg_shores.annotation/DMR_20260121_174349/DMR_mc_control__mutant_20260121_174349.bed.
Columns are :
`Chromosome Start End Name Score Strand num_contexts mean_coverage_across_samples mean_mod_group_1mean_mod_group_2 mod_fold_change mod_difference test_statistic dmr_pvalue dmr_qvalue
Please note that:
 - Name, Score, Strand are not used and are set to `.` for compatibility with pyranges
[39m
[38;5;23m2026-01-21 17:43:49[39m | [38;5;23mINFO[39m | Aggregating dataset for DMR calling (this may take multiple steps)...[39m
[#############                           ] | 33% Completed | 1.03 s[###############                         ] | 38% Completed | 1.13 s[#################                       ] | 42% Completed | 1.23 s[##################                      ] | 47% Completed | 1.33 s[####################                    ] | 51% Completed | 1.43 s[######################                  ] | 56% Completed | 1.53 s[########################                ] | 60% Completed | 1.63 s[##########################              ] | 65% Completed | 1.73 s[###########################             ] | 69% Completed | 1.83 s[#############################           ] | 74% Completed | 1.93 s[###############################         ] | 79% Completed | 2.03 s[#################################       ] | 83% Completed | 2.13 s[###################################     ] | 88% Completed | 2.23 s[#####################################   ] | 92% Completed | 2.33 s[######################################  ] | 97% Completed | 2.43 s[########################################] | 100% Completed | 2.53 s
[######                                  ] | 16% Completed | 1.00 s[#######                                 ] | 18% Completed | 1.10 s[########                                ] | 20% Completed | 1.20 s[########                                ] | 22% Completed | 1.30 s[#########                               ] | 24% Completed | 1.40 s[##########                              ] | 26% Completed | 1.50 s[###########                             ] | 29% Completed | 1.60 s[############                            ] | 31% Completed | 1.70 s[#############                           ] | 33% Completed | 1.80 s[##############                          ] | 35% Completed | 1.90 s[##############                          ] | 37% Completed | 2.00 s[###############                         ] | 39% Completed | 2.10 s[################                        ] | 41% Completed | 2.20 s[#################                       ] | 44% Completed | 2.30 s[##################                      ] | 46% Completed | 2.40 s[###################                     ] | 48% Completed | 2.50 s[####################                    ] | 51% Completed | 2.60 s[#####################                   ] | 53% Completed | 2.70 s[######################                  ] | 56% Completed | 2.80 s[########################                ] | 60% Completed | 2.90 s[#########################               ] | 63% Completed | 3.00 s[###########################             ] | 67% Completed | 3.10 s[############################            ] | 71% Completed | 3.20 s[#############################           ] | 74% Completed | 3.30 s[##############################          ] | 76% Completed | 3.40 s[###############################         ] | 78% Completed | 3.50 s[################################        ] | 80% Completed | 3.60 s[################################        ] | 82% Completed | 3.70 s[#################################       ] | 84% Completed | 3.80 s[##################################      ] | 85% Completed | 3.90 s[###################################     ] | 87% Completed | 4.00 s[####################################    ] | 90% Completed | 4.11 s[####################################    ] | 92% Completed | 4.21 s[#####################################   ] | 94% Completed | 4.31 s[######################################  ] | 96% Completed | 4.41 s[####################################### ] | 98% Completed | 4.51 s[########################################] | 100% Completed | 4.61 s
[38;5;23m2026-01-21 17:44:07[39m | [38;5;23mINFO[39m | Performing DMR calling (control vs mutant)[39m
[#############                           ] | 33% Completed | 1.00 s[#############                           ] | 33% Completed | 1.10 s[#############                           ] | 33% Completed | 1.20 s[#############                           ] | 33% Completed | 1.30 s[#############                           ] | 33% Completed | 1.40 s[#############                           ] | 33% Completed | 1.50 s[#############                           ] | 33% Completed | 1.60 s[#############                           ] | 33% Completed | 1.70 s[#############                           ] | 33% Completed | 1.81 s[#############                           ] | 33% Completed | 1.91 s[#############                           ] | 33% Completed | 2.01 s[#############                           ] | 33% Completed | 2.11 s[#############                           ] | 33% Completed | 2.21 s[#############                           ] | 33% Completed | 2.31 s[#############                           ] | 33% Completed | 2.41 s[#############                           ] | 33% Completed | 2.51 s[#############                           ] | 33% Completed | 2.61 s[#############                           ] | 33% Completed | 2.71 s[#############                           ] | 33% Completed | 2.81 s[#############                           ] | 33% Completed | 2.91 s[#############                           ] | 33% Completed | 3.01 s[#############                           ] | 33% Completed | 3.11 s[#############                           ] | 33% Completed | 3.21 s[#############                           ] | 33% Completed | 3.31 s[#############                           ] | 33% Completed | 3.41 s[#############                           ] | 33% Completed | 3.51 s[#############                           ] | 33% Completed | 3.61 s[#############                           ] | 33% Completed | 3.71 s[########################################] | 100% Completed | 3.81 s
[38;5;23m2026-01-21 17:44:11[39m | [33mWARNING[39m | [33mExtra columns detected: Index(['Annotation'], dtype='object'). These will be retained but are not validated.[39m
[38;5;23m2026-01-21 17:44:11[39m | [38;5;23mINFO[39m | Writing DMRs to /expanse/lustre/projects/csd940/zalibhai/biomodal/modality/outputs_CHG/Results/gencode.vM25.mouse.cpg_shores.annotation/DMR_20260121_174349/DMR_hmc_control__mutant_20260121_174349.bed.
Columns are :
`Chromosome Start End Name Score Strand num_contexts mean_coverage_across_samples mean_mod_group_1mean_mod_group_2 mod_fold_change mod_difference test_statistic dmr_pvalue dmr_qvalue
Please note that:
 - Name, Score, Strand are not used and are set to `.` for compatibility with pyranges
[39m
[38;5;23m2026-01-21 17:44:11[39m  [1m[38;5;154mDMR calling completed successfully! Outputs saved to: /expanse/lustre/projects/csd940/zalibhai/biomodal/modality/outputs_CHG/Results/gencode.vM25.mouse.cpg_shores.annotation[39m
[38;5;23m2026-01-21 17:44:11[39m | [38;5;23mINFO[39m | DMR track configuration files saved successfully.[39m
[38;5;23m2026-01-21 17:44:11[39m  Wrote provenance sidecar file to /expanse/lustre/projects/csd940/zalibhai/biomodal/modality/outputs_CHG/Results/gencode.vM25.mouse.cpg_shores.annotation/DMR_20260121_174349/modality_metadata_20260121_174411.json[39m
/expanse/lustre/projects/csd940/zalibhai/biomodal/modality/outputs_CHG/Results/gencode.vM25.mouse.cpg_shores.annotation/DMR_20260121_174349/DMR_mc_control__mutant_20260121_174349.bed /expanse/lustre/projects/csd940/zalibhai/biomodal/modality/outputs_CHG/Results/gencode.vM25.mouse.cpg_shores.annotation/DMR_20260121_174349/DMR_hmc_control__mutant_20260121_174349.bed
[INFO] 2026-01-21 17:44:12 - DMR calling completed for /expanse/lustre/projects/csd940/zalibhai/biomodal/modality/mm10/gencode.vM25.mouse.cpg_shores.annotation.bed.gz
[INFO] 2026-01-21 17:44:12 - Running DMR calling on region file: /expanse/lustre/projects/csd940/zalibhai/biomodal/modality/mm10/gencode.vM25.mouse.genes.annotation.bed.gz
Logged in using stored credentials
[38;5;23m2026-01-21 17:44:16[39m  [1m[38;5;123mProvenance information:[39m
[38;5;23m2026-01-21 17:44:16[39m  cmd='/home/zalibhai/miniforge3/envs/modality/bin/modality -v dmr call --zarr-path /expanse/lustre/projects/csd940/zalibhai/biomodal/evoC-run/output/duet-1.5.0_evoC_Bap1_run_6bp/sample_outputs/zarr_store/CHG/evoC_Bap1_run.genome.GRCm38_primary_assembly.dedup.CHG.zarrz --sample-sheet /expanse/lustre/projects/csd940/zalibhai/biomodal/modality/metadata.tsv --condition-array-name condition --methylation-contexts num_mc num_hmc --bedfile /expanse/lustre/projects/csd940/zalibhai/biomodal/modality/mm10/gencode.vM25.mouse.genes.annotation.bed.gz --filter-context-depth 10 --condition-order control mutant --output-dir /expanse/lustre/projects/csd940/zalibhai/biomodal/modality/outputs_CHG/Results/gencode.vM25.mouse.genes.annotation'
timestamp=2026-01-21T17:44:16.421399
version=1.0.0
user=zalibhai

[39m
[38;5;23m2026-01-21 17:44:16[39m  [1m[38;5;123mStarting differential methylation analysis:[39m
[38;5;23m2026-01-21 17:44:16[39m  [38;5;248mZarr path(s)[39m: ['/expanse/lustre/projects/csd940/zalibhai/biomodal/evoC-run/output/duet-1.5.0_evoC_Bap1_run_6bp/sample_outputs/zarr_store/CHG/evoC_Bap1_run.genome.GRCm38_primary_assembly.dedup.CHG.zarrz'][39m
[38;5;23m2026-01-21 17:44:16[39m  [38;5;248mSample Sheet[39m: /expanse/lustre/projects/csd940/zalibhai/biomodal/modality/metadata.tsv[39m
[38;5;23m2026-01-21 17:44:16[39m  [38;5;248mCondition Array Name[39m: condition[39m
[38;5;23m2026-01-21 17:44:16[39m  [38;5;248mMethylation Contexts[39m: ['num_mc', 'num_hmc'][39m
[38;5;23m2026-01-21 17:44:16[39m  [38;5;248mBedfile[39m: /expanse/lustre/projects/csd940/zalibhai/biomodal/modality/mm10/gencode.vM25.mouse.genes.annotation.bed.gz[39m
[38;5;23m2026-01-21 17:44:16[39m  [38;5;248mMin Coverage[39m: 10[39m
[38;5;23m2026-01-21 17:44:16[39m  [38;5;248mCondition Order[39m: ['control', 'mutant'][39m
[38;5;23m2026-01-21 17:44:16[39m  [38;5;248mOutput Dir[39m: /expanse/lustre/projects/csd940/zalibhai/biomodal/modality/outputs_CHG/Results/gencode.vM25.mouse.genes.annotation[39m
[38;5;23m2026-01-21 17:44:16[39m  [38;5;248mWindow Size[39m: None[39m
[38;5;23m2026-01-21 17:44:16[39m  [38;5;248mCovariates[39m: [][39m
[38;5;23m2026-01-21 17:44:16[39m  [38;5;248mNum Contexts[39m: 0[39m
[38;5;23m2026-01-21 17:44:16[39m  [38;5;248mRegion[39m: None[39m
[38;5;23m2026-01-21 17:44:16[39m  [38;5;248mOverdispersion[39m: False[39m
[38;5;23m2026-01-21 17:44:16[39m  [38;5;248mStatistical Test[39m: wald[39m
[38;5;23m2026-01-21 17:44:16[39m  [38;5;248mDisable Strand Merging[39m: False[39m
[38;5;23m2026-01-21 17:44:16[39m  [38;5;248mCompress[39m: False[39m
[38;5;23m2026-01-21 17:44:16[39m | [38;5;23mINFO[39m | Loading Zarr dataset...[39m
[38;5;23m2026-01-21 17:44:32[39m | [38;5;23mINFO[39m | Starting DMR calling process, this could take a few minutes...[39m
[38;5;23m2026-01-21 17:44:32[39m | [38;5;23mINFO[39m | Aligning sample sheet with dataset...[39m
[                                        ] | 0% Completed | 1.02 s[                                        ] | 0% Completed | 1.13 s[                                        ] | 0% Completed | 1.24 s[                                        ] | 0% Completed | 1.35 s[                                        ] | 0% Completed | 1.46 s[                                        ] | 0% Completed | 1.57 s[                                        ] | 0% Completed | 1.68 s[                                        ] | 0% Completed | 1.79 s[                                        ] | 0% Completed | 1.90 s[                                        ] | 0% Completed | 2.01 s[                                        ] | 0% Completed | 2.12 s[                                        ] | 0% Completed | 2.23 s[                                        ] | 0% Completed | 2.34 s[                                        ] | 0% Completed | 2.59 s[                                        ] | 0% Completed | 2.70 s[                                        ] | 0% Completed | 2.92 s[                                        ] | 0% Completed | 3.03 s[                                        ] | 0% Completed | 3.13 s[                                        ] | 1% Completed | 3.23 s[                                        ] | 1% Completed | 3.33 s[                                        ] | 1% Completed | 3.43 s[                                        ] | 2% Completed | 3.53 s[#                                       ] | 2% Completed | 3.63 s[#                                       ] | 2% Completed | 3.73 s[#                                       ] | 3% Completed | 3.83 s[#                                       ] | 3% Completed | 3.93 s[#                                       ] | 4% Completed | 4.03 s[#                                       ] | 4% Completed | 4.13 s[##                                      ] | 5% Completed | 4.23 s[##                                      ] | 5% Completed | 4.33 s[##                                      ] | 6% Completed | 4.43 s[##                                      ] | 7% Completed | 4.53 s[###                                     ] | 8% Completed | 4.63 s[###                                     ] | 8% Completed | 4.73 s[###                                     ] | 9% Completed | 4.83 s[####                                    ] | 10% Completed | 4.93 s[####                                    ] | 11% Completed | 5.03 s[#####                                   ] | 12% Completed | 5.13 s[#####                                   ] | 13% Completed | 5.23 s[#####                                   ] | 14% Completed | 5.33 s[######                                  ] | 15% Completed | 5.43 s[######                                  ] | 16% Completed | 5.53 s[#######                                 ] | 17% Completed | 5.63 s[#######                                 ] | 18% Completed | 5.73 s[#######                                 ] | 19% Completed | 5.83 s[########                                ] | 20% Completed | 5.93 s[########                                ] | 21% Completed | 6.03 s[#########                               ] | 22% Completed | 6.13 s[#########                               ] | 23% Completed | 6.23 s[#########                               ] | 24% Completed | 6.33 s[##########                              ] | 25% Completed | 6.43 s[##########                              ] | 26% Completed | 6.53 s[##########                              ] | 27% Completed | 6.63 s[###########                             ] | 28% Completed | 6.73 s[###########                             ] | 29% Completed | 6.83 s[############                            ] | 30% Completed | 6.93 s[############                            ] | 31% Completed | 7.03 s[############                            ] | 32% Completed | 7.13 s[#############                           ] | 33% Completed | 7.23 s[#############                           ] | 34% Completed | 7.33 s[##############                          ] | 35% Completed | 7.43 s[##############                          ] | 36% Completed | 7.53 s[##############                          ] | 37% Completed | 7.63 s[###############                         ] | 38% Completed | 7.73 s[###############                         ] | 39% Completed | 7.83 s[################                        ] | 40% Completed | 7.93 s[################                        ] | 41% Completed | 8.03 s[################                        ] | 42% Completed | 8.13 s[#################                       ] | 43% Completed | 8.23 s[#################                       ] | 44% Completed | 8.33 s[##################                      ] | 45% Completed | 8.43 s[##################                      ] | 46% Completed | 8.53 s[##################                      ] | 47% Completed | 8.63 s[###################                     ] | 48% Completed | 8.73 s[###################                     ] | 49% Completed | 8.83 s[####################                    ] | 50% Completed | 8.93 s[####################                    ] | 51% Completed | 9.03 s[####################                    ] | 51% Completed | 9.13 s[#####################                   ] | 52% Completed | 9.23 s[#####################                   ] | 53% Completed | 9.33 s[#####################                   ] | 54% Completed | 9.43 s[######################                  ] | 55% Completed | 9.53 s[######################                  ] | 56% Completed | 9.63 s[#######################                 ] | 57% Completed | 9.73 s[#######################                 ] | 58% Completed | 9.83 s[#######################                 ] | 59% Completed | 9.93 s[########################                ] | 60% Completed | 10.03 s[########################                ] | 61% Completed | 10.13 s[########################                ] | 62% Completed | 10.23 s[#########################               ] | 63% Completed | 10.33 s[#########################               ] | 64% Completed | 10.43 s[##########################              ] | 65% Completed | 10.53 s[##########################              ] | 66% Completed | 10.63 s[##########################              ] | 67% Completed | 10.74 s[###########################             ] | 68% Completed | 10.84 s[###########################             ] | 69% Completed | 10.94 s[############################            ] | 70% Completed | 11.04 s[############################            ] | 71% Completed | 11.14 s[############################            ] | 72% Completed | 11.24 s[#############################           ] | 72% Completed | 11.34 s[#############################           ] | 73% Completed | 11.44 s[#############################           ] | 74% Completed | 11.54 s[##############################          ] | 75% Completed | 11.64 s[##############################          ] | 76% Completed | 11.74 s[###############################         ] | 77% Completed | 11.84 s[###############################         ] | 78% Completed | 11.94 s[########################################] | 100% Completed | 12.31 s
[38;5;23m2026-01-21 17:44:48[39m | [38;5;23mINFO[39m | filtering low coverage contexts (this may take multiple steps)...[39m
[##########                              ] | 26% Completed | 1.00 s[###########                             ] | 28% Completed | 1.10 s[############                            ] | 30% Completed | 1.20 s[############                            ] | 32% Completed | 1.30 s[#############                           ] | 34% Completed | 1.40 s[##############                          ] | 35% Completed | 1.50 s[##############                          ] | 37% Completed | 1.60 s[###############                         ] | 39% Completed | 1.70 s[################                        ] | 40% Completed | 1.80 s[################                        ] | 42% Completed | 1.90 s[#################                       ] | 43% Completed | 2.00 s[##################                      ] | 45% Completed | 2.10 s[##################                      ] | 47% Completed | 2.20 s[###################                     ] | 48% Completed | 2.30 s[####################                    ] | 50% Completed | 2.40 s[####################                    ] | 52% Completed | 2.50 s[#####################                   ] | 53% Completed | 2.60 s[######################                  ] | 55% Completed | 2.70 s[######################                  ] | 56% Completed | 2.80 s[#######################                 ] | 58% Completed | 2.90 s[########################                ] | 60% Completed | 3.00 s[########################                ] | 61% Completed | 3.10 s[#########################               ] | 63% Completed | 3.20 s[##########################              ] | 65% Completed | 3.30 s[##########################              ] | 66% Completed | 3.40 s[###########################             ] | 68% Completed | 3.50 s[###########################             ] | 69% Completed | 3.60 s[############################            ] | 71% Completed | 3.70 s[#############################           ] | 73% Completed | 3.80 s[#############################           ] | 74% Completed | 3.90 s[##############################          ] | 76% Completed | 4.00 s[###############################         ] | 77% Completed | 4.10 s[###############################         ] | 79% Completed | 4.21 s[################################        ] | 81% Completed | 4.31 s[#################################       ] | 82% Completed | 4.41 s[#################################       ] | 84% Completed | 4.51 s[##################################      ] | 85% Completed | 4.61 s[###################################     ] | 87% Completed | 4.71 s[###################################     ] | 89% Completed | 4.81 s[####################################    ] | 90% Completed | 4.91 s[####################################    ] | 92% Completed | 5.01 s[#####################################   ] | 93% Completed | 5.11 s[######################################  ] | 95% Completed | 5.21 s[######################################  ] | 97% Completed | 5.31 s[####################################### ] | 98% Completed | 5.41 s[########################################] | 100% Completed | 5.51 s
[                                        ] | 0% Completed | 1.00 s[                                        ] | 0% Completed | 1.10 s[                                        ] | 0% Completed | 1.20 s[                                        ] | 0% Completed | 1.30 s[                                        ] | 0% Completed | 1.40 s[                                        ] | 0% Completed | 1.50 s[                                        ] | 0% Completed | 1.60 s[                                        ] | 0% Completed | 1.70 s[                                        ] | 0% Completed | 1.80 s[                                        ] | 0% Completed | 1.90 s[                                        ] | 0% Completed | 2.00 s[                                        ] | 0% Completed | 2.10 s[                                        ] | 0% Completed | 2.20 s[                                        ] | 0% Completed | 2.30 s[                                        ] | 0% Completed | 2.40 s[                                        ] | 0% Completed | 2.50 s[                                        ] | 0% Completed | 2.60 s[                                        ] | 0% Completed | 2.70 s[                                        ] | 0% Completed | 2.80 s[                                        ] | 0% Completed | 2.90 s[                                        ] | 0% Completed | 3.00 s[                                        ] | 0% Completed | 3.10 s[                                        ] | 0% Completed | 3.20 s[                                        ] | 0% Completed | 3.30 s[                                        ] | 0% Completed | 3.40 s[                                        ] | 0% Completed | 3.50 s[                                        ] | 0% Completed | 3.60 s[                                        ] | 0% Completed | 3.70 s[                                        ] | 0% Completed | 3.80 s[                                        ] | 0% Completed | 3.90 s[                                        ] | 0% Completed | 4.00 s[                                        ] | 0% Completed | 4.10 s[                                        ] | 0% Completed | 4.20 s[                                        ] | 0% Completed | 4.30 s[                                        ] | 0% Completed | 4.40 s[                                        ] | 0% Completed | 4.50 s[                                        ] | 0% Completed | 4.60 s[                                        ] | 0% Completed | 4.70 s[                                        ] | 0% Completed | 4.80 s[                                        ] | 0% Completed | 4.90 s[                                        ] | 0% Completed | 5.01 s[                                        ] | 0% Completed | 5.11 s[                                        ] | 0% Completed | 5.21 s[                                        ] | 0% Completed | 5.31 s[                                        ] | 0% Completed | 5.41 s[                                        ] | 0% Completed | 5.51 s[                                        ] | 0% Completed | 5.61 s[                                        ] | 0% Completed | 5.71 s[                                        ] | 0% Completed | 5.81 s[                                        ] | 0% Completed | 5.91 s[                                        ] | 0% Completed | 6.01 s[                                        ] | 0% Completed | 6.11 s[                                        ] | 0% Completed | 6.21 s[                                        ] | 0% Completed | 6.31 s[                                        ] | 0% Completed | 6.41 s[                                        ] | 0% Completed | 6.51 s[                                        ] | 0% Completed | 6.61 s[                                        ] | 0% Completed | 6.71 s[                                        ] | 0% Completed | 6.81 s[                                        ] | 0% Completed | 6.91 s[                                        ] | 0% Completed | 7.01 s[                                        ] | 0% Completed | 7.11 s[                                        ] | 0% Completed | 7.21 s[                                        ] | 0% Completed | 7.31 s[                                        ] | 0% Completed | 7.41 s[                                        ] | 0% Completed | 7.51 s[                                        ] | 0% Completed | 7.61 s[                                        ] | 0% Completed | 7.71 s[                                        ] | 0% Completed | 7.81 s[                                        ] | 0% Completed | 7.91 s[                                        ] | 0% Completed | 8.01 s[                                        ] | 0% Completed | 8.11 s[                                        ] | 0% Completed | 8.21 s[                                        ] | 0% Completed | 8.31 s[                                        ] | 0% Completed | 8.41 s[                                        ] | 0% Completed | 8.51 s[                                        ] | 0% Completed | 8.61 s[                                        ] | 0% Completed | 8.71 s[                                        ] | 0% Completed | 8.81 s[                                        ] | 0% Completed | 8.91 s[                                        ] | 0% Completed | 9.01 s[                                        ] | 0% Completed | 9.11 s[                                        ] | 0% Completed | 9.21 s[                                        ] | 0% Completed | 9.31 s[                                        ] | 0% Completed | 9.41 s[                                        ] | 0% Completed | 9.51 s[                                        ] | 0% Completed | 9.61 s[                                        ] | 0% Completed | 9.71 s[                                        ] | 0% Completed | 9.81 s[                                        ] | 0% Completed | 9.91 s[                                        ] | 0% Completed | 10.01 s[                                        ] | 0% Completed | 10.11 s[                                        ] | 0% Completed | 10.21 s[                                        ] | 0% Completed | 10.31 s[                                        ] | 0% Completed | 10.41 s[                                        ] | 0% Completed | 10.51 s[                                        ] | 0% Completed | 10.61 s[                                        ] | 0% Completed | 10.71 s[                                        ] | 0% Completed | 10.81 s[                                        ] | 0% Completed | 10.91 s[                                        ] | 0% Completed | 11.01 s[                                        ] | 0% Completed | 11.11 s[                                        ] | 0% Completed | 11.21 s[                                        ] | 0% Completed | 11.31 s[                                        ] | 0% Completed | 11.41 s[                                        ] | 0% Completed | 11.51 s[                                        ] | 0% Completed | 11.61 s[                                        ] | 0% Completed | 11.71 s[                                        ] | 0% Completed | 11.81 s[                                        ] | 0% Completed | 11.91 s[                                        ] | 0% Completed | 12.01 s[                                        ] | 0% Completed | 12.11 s[                                        ] | 0% Completed | 12.21 s[                                        ] | 0% Completed | 12.31 s[                                        ] | 0% Completed | 12.41 s[                                        ] | 0% Completed | 12.51 s[                                        ] | 0% Completed | 12.61 s[                                        ] | 0% Completed | 12.71 s[                                        ] | 0% Completed | 12.81 s[                                        ] | 0% Completed | 12.91 s[                                        ] | 0% Completed | 13.01 s[                                        ] | 0% Completed | 13.11 s[                                        ] | 0% Completed | 13.21 s[                                        ] | 0% Completed | 13.31 s[                                        ] | 0% Completed | 13.41 s[                                        ] | 0% Completed | 13.51 s[                                        ] | 0% Completed | 13.61 s[                                        ] | 0% Completed | 13.71 s[                                        ] | 0% Completed | 13.81 s[                                        ] | 0% Completed | 13.91 s[                                        ] | 0% Completed | 14.01 s[                                        ] | 0% Completed | 14.11 s[                                        ] | 0% Completed | 14.21 s[                                        ] | 0% Completed | 14.31 s[                                        ] | 0% Completed | 14.41 s[                                        ] | 0% Completed | 14.51 s[                                        ] | 0% Completed | 14.61 s[                                        ] | 0% Completed | 14.71 s[                                        ] | 0% Completed | 14.81 s[                                        ] | 0% Completed | 14.91 s[                                        ] | 0% Completed | 15.01 s[                                        ] | 0% Completed | 15.11 s[                                        ] | 0% Completed | 15.21 s[                                        ] | 0% Completed | 15.31 s[                                        ] | 0% Completed | 15.41 s[                                        ] | 0% Completed | 15.51 s[                                        ] | 0% Completed | 15.61 s[                                        ] | 0% Completed | 15.71 s[                                        ] | 0% Completed | 15.81 s[                                        ] | 0% Completed | 15.91 s[                                        ] | 0% Completed | 16.01 s[                                        ] | 0% Completed | 16.11 s[                                        ] | 0% Completed | 16.21 s[                                        ] | 0% Completed | 16.31 s[                                        ] | 0% Completed | 16.41 s[                                        ] | 0% Completed | 16.51 s[                                        ] | 0% Completed | 16.61 s[                                        ] | 0% Completed | 16.71 s[                                        ] | 0% Completed | 16.82 s[                                        ] | 0% Completed | 16.92 s[                                        ] | 0% Completed | 17.02 s[                                        ] | 0% Completed | 17.12 s[                                        ] | 0% Completed | 17.22 s[                                        ] | 0% Completed | 17.32 s[                                        ] | 0% Completed | 17.42 s[                                        ] | 0% Completed | 17.52 s[                                        ] | 0% Completed | 17.62 s[                                        ] | 0% Completed | 17.72 s[                                        ] | 0% Completed | 17.82 s[                                        ] | 0% Completed | 17.92 s[                                        ] | 0% Completed | 18.02 s[                                        ] | 0% Completed | 18.12 s[                                        ] | 0% Completed | 18.22 s[                                        ] | 0% Completed | 18.32 s[                                        ] | 0% Completed | 18.42 s[                                        ] | 0% Completed | 18.52 s[                                        ] | 0% Completed | 18.62 s[                                        ] | 0% Completed | 18.72 s[                                        ] | 0% Completed | 18.82 s[                                        ] | 0% Completed | 18.92 s[                                        ] | 0% Completed | 19.02 s[                                        ] | 0% Completed | 19.12 s[                                        ] | 0% Completed | 19.22 s[                                        ] | 0% Completed | 19.32 s[                                        ] | 0% Completed | 19.42 s[                                        ] | 0% Completed | 19.52 s[                                        ] | 0% Completed | 19.62 s[                                        ] | 0% Completed | 19.72 s[                                        ] | 0% Completed | 19.82 s[                                        ] | 0% Completed | 19.92 s[                                        ] | 0% Completed | 20.02 s[                                        ] | 0% Completed | 20.12 s[                                        ] | 0% Completed | 20.22 s[                                        ] | 0% Completed | 20.32 s[                                        ] | 0% Completed | 20.42 s[                                        ] | 0% Completed | 20.52 s[                                        ] | 0% Completed | 20.62 s[                                        ] | 0% Completed | 20.72 s[                                        ] | 0% Completed | 20.82 s[                                        ] | 0% Completed | 20.92 s[                                        ] | 0% Completed | 21.02 s[                                        ] | 0% Completed | 21.12 s[                                        ] | 0% Completed | 21.22 s[                                        ] | 0% Completed | 21.32 s[                                        ] | 0% Completed | 21.42 s[                                        ] | 0% Completed | 21.52 s[                                        ] | 0% Completed | 21.62 s[                                        ] | 0% Completed | 21.72 s[                                        ] | 0% Completed | 21.82 s[                                        ] | 0% Completed | 21.92 s[                                        ] | 0% Completed | 22.02 s[                                        ] | 0% Completed | 22.12 s[                                        ] | 0% Completed | 22.22 s[                                        ] | 0% Completed | 22.32 s[                                        ] | 0% Completed | 22.42 s[                                        ] | 0% Completed | 22.52 s[                                        ] | 0% Completed | 22.62 s[                                        ] | 0% Completed | 22.72 s[                                        ] | 0% Completed | 22.82 s[                                        ] | 0% Completed | 22.92 s[                                        ] | 0% Completed | 23.02 s[                                        ] | 0% Completed | 23.12 s[                                        ] | 0% Completed | 23.22 s[                                        ] | 0% Completed | 23.32 s[                                        ] | 0% Completed | 23.42 s[                                        ] | 0% Completed | 23.52 s[                                        ] | 0% Completed | 23.62 s[                                        ] | 0% Completed | 23.72 s[                                        ] | 0% Completed | 23.82 s[                                        ] | 0% Completed | 23.92 s[                                        ] | 0% Completed | 24.02 s[                                        ] | 0% Completed | 24.12 s[                                        ] | 0% Completed | 24.22 s[                                        ] | 0% Completed | 24.32 s[                                        ] | 0% Completed | 24.42 s[                                        ] | 0% Completed | 24.52 s[                                        ] | 0% Completed | 24.62 s[                                        ] | 0% Completed | 24.72 s[                                        ] | 0% Completed | 24.82 s[                                        ] | 0% Completed | 24.94 s[                                        ] | 0% Completed | 25.04 s[                                        ] | 0% Completed | 25.14 s[########################################] | 100% Completed | 25.24 s
[                                        ] | 0% Completed | 1.05 s[                                        ] | 0% Completed | 1.16 s[                                        ] | 0% Completed | 1.27 s[                                        ] | 0% Completed | 1.39 s[                                        ] | 0% Completed | 1.67 s[                                        ] | 0% Completed | 1.77 s[                                        ] | 2% Completed | 1.87 s[#                                       ] | 3% Completed | 1.97 s[##                                      ] | 5% Completed | 2.07 s[##                                      ] | 6% Completed | 2.17 s[###                                     ] | 8% Completed | 2.28 s[####                                    ] | 10% Completed | 2.38 s[####                                    ] | 11% Completed | 2.48 s[#####                                   ] | 13% Completed | 2.58 s[#####                                   ] | 14% Completed | 2.68 s[######                                  ] | 16% Completed | 2.78 s[#######                                 ] | 17% Completed | 2.88 s[#######                                 ] | 19% Completed | 2.98 s[########                                ] | 21% Completed | 3.08 s[#########                               ] | 22% Completed | 3.18 s[#########                               ] | 24% Completed | 3.28 s[##########                              ] | 25% Completed | 3.38 s[##########                              ] | 27% Completed | 3.48 s[###########                             ] | 28% Completed | 3.58 s[############                            ] | 30% Completed | 3.68 s[############                            ] | 32% Completed | 3.78 s[#############                           ] | 33% Completed | 3.88 s[##############                          ] | 35% Completed | 3.98 s[##############                          ] | 36% Completed | 4.08 s[###############                         ] | 38% Completed | 4.18 s[###############                         ] | 39% Completed | 4.28 s[################                        ] | 41% Completed | 4.38 s[#################                       ] | 42% Completed | 4.48 s[#################                       ] | 44% Completed | 4.58 s[##################                      ] | 46% Completed | 4.68 s[###################                     ] | 47% Completed | 4.78 s[###################                     ] | 49% Completed | 4.88 s[####################                    ] | 51% Completed | 4.98 s[#####################                   ] | 52% Completed | 5.08 s[#####################                   ] | 54% Completed | 5.18 s[######################                  ] | 55% Completed | 5.28 s[######################                  ] | 57% Completed | 5.38 s[#######################                 ] | 59% Completed | 5.48 s[########################                ] | 60% Completed | 5.58 s[########################                ] | 62% Completed | 5.68 s[#########################               ] | 64% Completed | 5.78 s[##########################              ] | 65% Completed | 5.88 s[##########################              ] | 67% Completed | 5.98 s[###########################             ] | 69% Completed | 6.08 s[############################            ] | 70% Completed | 6.18 s[############################            ] | 72% Completed | 6.28 s[#############################           ] | 74% Completed | 6.38 s[##############################          ] | 75% Completed | 6.48 s[##############################          ] | 77% Completed | 6.58 s[###############################         ] | 79% Completed | 6.68 s[########################################] | 100% Completed | 7.05 s
[########                                ] | 20% Completed | 1.02 s[#########                               ] | 23% Completed | 1.12 s[##########                              ] | 26% Completed | 1.22 s[###########                             ] | 28% Completed | 1.32 s[############                            ] | 30% Completed | 1.42 s[#############                           ] | 34% Completed | 1.52 s[##############                          ] | 37% Completed | 1.62 s[################                        ] | 40% Completed | 1.72 s[#################                       ] | 43% Completed | 1.82 s[##################                      ] | 46% Completed | 1.92 s[###################                     ] | 49% Completed | 2.02 s[#####################                   ] | 52% Completed | 2.13 s[######################                  ] | 55% Completed | 2.23 s[#######################                 ] | 58% Completed | 2.33 s[########################                ] | 61% Completed | 2.43 s[#########################               ] | 63% Completed | 2.53 s[##########################              ] | 66% Completed | 2.63 s[###########################             ] | 68% Completed | 2.73 s[############################            ] | 71% Completed | 2.83 s[#############################           ] | 73% Completed | 2.93 s[##############################          ] | 76% Completed | 3.03 s[###############################         ] | 79% Completed | 3.13 s[################################        ] | 82% Completed | 3.23 s[##################################      ] | 85% Completed | 3.33 s[###################################     ] | 88% Completed | 3.43 s[####################################    ] | 91% Completed | 3.53 s[#####################################   ] | 94% Completed | 3.63 s[######################################  ] | 97% Completed | 3.73 s[########################################] | 100% Completed | 3.83 s
[#########                               ] | 24% Completed | 1.00 s[###########                             ] | 27% Completed | 1.10 s[############                            ] | 30% Completed | 1.20 s[#############                           ] | 32% Completed | 1.30 s[##############                          ] | 35% Completed | 1.40 s[###############                         ] | 37% Completed | 1.50 s[################                        ] | 40% Completed | 1.60 s[#################                       ] | 43% Completed | 1.70 s[##################                      ] | 46% Completed | 1.80 s[###################                     ] | 48% Completed | 1.90 s[####################                    ] | 51% Completed | 2.00 s[#####################                   ] | 54% Completed | 2.10 s[######################                  ] | 56% Completed | 2.20 s[#######################                 ] | 59% Completed | 2.30 s[########################                ] | 62% Completed | 2.40 s[#########################               ] | 64% Completed | 2.50 s[##########################              ] | 67% Completed | 2.60 s[###########################             ] | 69% Completed | 2.70 s[############################            ] | 72% Completed | 2.80 s[#############################           ] | 74% Completed | 2.90 s[##############################          ] | 77% Completed | 3.00 s[###############################         ] | 79% Completed | 3.10 s[#################################       ] | 82% Completed | 3.20 s[##################################      ] | 85% Completed | 3.30 s[###################################     ] | 88% Completed | 3.40 s[####################################    ] | 90% Completed | 3.50 s[#####################################   ] | 93% Completed | 3.60 s[######################################  ] | 96% Completed | 3.70 s[####################################### ] | 99% Completed | 3.80 s[########################################] | 100% Completed | 3.90 s
[38;5;23m2026-01-21 17:45:48[39m | [38;5;23mINFO[39m | Aggregating dataset for DMR calling (this may take multiple steps)...[39m
[38;5;23m2026-01-21 17:45:48[39m | [38;5;23mINFO[39m | Adding Ranges_ID column to validate merging.[39m
[#################                       ] | 42% Completed | 1.09 s[##################                      ] | 46% Completed | 1.19 s[###################                     ] | 49% Completed | 1.29 s[####################                    ] | 52% Completed | 1.39 s[######################                  ] | 55% Completed | 1.49 s[#######################                 ] | 57% Completed | 1.59 s[########################                ] | 60% Completed | 1.69 s[#########################               ] | 63% Completed | 1.79 s[##########################              ] | 66% Completed | 1.89 s[###########################             ] | 68% Completed | 1.99 s[############################            ] | 71% Completed | 2.09 s[#############################           ] | 74% Completed | 2.19 s[##############################          ] | 77% Completed | 2.29 s[###############################         ] | 79% Completed | 2.39 s[#################################       ] | 82% Completed | 2.49 s[##################################      ] | 85% Completed | 2.59 s[###################################     ] | 88% Completed | 2.69 s[####################################    ] | 90% Completed | 2.79 s[#####################################   ] | 93% Completed | 2.89 s[######################################  ] | 96% Completed | 2.99 s[####################################### ] | 99% Completed | 3.09 s[########################################] | 100% Completed | 3.19 s
[#####                                   ] | 14% Completed | 1.01 s[######                                  ] | 16% Completed | 1.11 s[#######                                 ] | 18% Completed | 1.21 s[########                                ] | 20% Completed | 1.31 s[########                                ] | 22% Completed | 1.41 s[#########                               ] | 24% Completed | 1.51 s[##########                              ] | 26% Completed | 1.61 s[###########                             ] | 28% Completed | 1.71 s[############                            ] | 30% Completed | 1.81 s[#############                           ] | 32% Completed | 1.91 s[#############                           ] | 34% Completed | 2.01 s[##############                          ] | 36% Completed | 2.11 s[###############                         ] | 38% Completed | 2.21 s[################                        ] | 40% Completed | 2.31 s[#################                       ] | 42% Completed | 2.41 s[#################                       ] | 44% Completed | 2.51 s[##################                      ] | 46% Completed | 2.61 s[###################                     ] | 48% Completed | 2.71 s[####################                    ] | 51% Completed | 2.81 s[#####################                   ] | 53% Completed | 2.91 s[######################                  ] | 55% Completed | 3.01 s[######################                  ] | 57% Completed | 3.11 s[#######################                 ] | 59% Completed | 3.21 s[########################                ] | 61% Completed | 3.31 s[#########################               ] | 63% Completed | 3.41 s[#########################               ] | 64% Completed | 3.51 s[##########################              ] | 67% Completed | 3.61 s[###########################             ] | 69% Completed | 3.71 s[############################            ] | 70% Completed | 3.81 s[#############################           ] | 72% Completed | 3.91 s[#############################           ] | 74% Completed | 4.01 s[##############################          ] | 76% Completed | 4.11 s[###############################         ] | 78% Completed | 4.21 s[################################        ] | 80% Completed | 4.31 s[#################################       ] | 82% Completed | 4.41 s[#################################       ] | 84% Completed | 4.51 s[##################################      ] | 86% Completed | 4.61 s[###################################     ] | 88% Completed | 4.71 s[####################################    ] | 90% Completed | 4.81 s[#####################################   ] | 93% Completed | 4.91 s[######################################  ] | 95% Completed | 5.01 s[######################################  ] | 97% Completed | 5.11 s[####################################### ] | 99% Completed | 5.21 s[########################################] | 100% Completed | 5.31 s
[38;5;23m2026-01-21 17:46:16[39m | [38;5;23mINFO[39m | Performing DMR calling (control vs mutant)[39m
[######                                  ] | 16% Completed | 1.00 s[######                                  ] | 16% Completed | 1.10 s[######                                  ] | 16% Completed | 1.20 s[######                                  ] | 16% Completed | 1.30 s[######                                  ] | 16% Completed | 1.40 s[######                                  ] | 16% Completed | 1.50 s[######                                  ] | 16% Completed | 1.60 s[######                                  ] | 16% Completed | 1.71 s[######                                  ] | 16% Completed | 1.81 s[######                                  ] | 16% Completed | 1.91 s[######                                  ] | 16% Completed | 2.01 s[######                                  ] | 16% Completed | 2.11 s[######                                  ] | 16% Completed | 2.21 s[######                                  ] | 16% Completed | 2.31 s[######                                  ] | 16% Completed | 2.41 s[######                                  ] | 16% Completed | 2.51 s[######                                  ] | 16% Completed | 2.61 s[######                                  ] | 16% Completed | 2.71 s[######                                  ] | 16% Completed | 2.81 s[######                                  ] | 16% Completed | 2.91 s[######                                  ] | 16% Completed | 3.01 s[######                                  ] | 16% Completed | 3.11 s[######                                  ] | 16% Completed | 3.21 s[######                                  ] | 16% Completed | 3.31 s[######                                  ] | 16% Completed | 3.41 s[######                                  ] | 16% Completed | 3.51 s[######                                  ] | 16% Completed | 3.61 s[######                                  ] | 16% Completed | 3.71 s[######                                  ] | 16% Completed | 3.81 s[######                                  ] | 16% Completed | 3.91 s[######                                  ] | 16% Completed | 4.01 s[######                                  ] | 16% Completed | 4.11 s[######                                  ] | 16% Completed | 4.22 s[######                                  ] | 16% Completed | 4.32 s[######                                  ] | 16% Completed | 4.42 s[######                                  ] | 16% Completed | 4.52 s[######                                  ] | 16% Completed | 4.62 s[######                                  ] | 16% Completed | 4.72 s[######                                  ] | 16% Completed | 4.82 s[######                                  ] | 16% Completed | 4.92 s[######                                  ] | 16% Completed | 5.02 s[######                                  ] | 16% Completed | 5.12 s[######                                  ] | 16% Completed | 5.22 s[######                                  ] | 16% Completed | 5.32 s[######                                  ] | 16% Completed | 5.42 s[######                                  ] | 16% Completed | 5.52 s[######                                  ] | 16% Completed | 5.62 s[######                                  ] | 16% Completed | 5.72 s[######                                  ] | 16% Completed | 5.82 s[######                                  ] | 16% Completed | 5.92 s[######                                  ] | 16% Completed | 6.02 s[######                                  ] | 16% Completed | 6.12 s[######                                  ] | 16% Completed | 6.22 s[######                                  ] | 16% Completed | 6.32 s[######                                  ] | 16% Completed | 6.42 s[######                                  ] | 16% Completed | 6.52 s[######                                  ] | 16% Completed | 6.62 s[######                                  ] | 16% Completed | 6.73 s[######                                  ] | 16% Completed | 6.83 s[######                                  ] | 16% Completed | 6.93 s[######                                  ] | 16% Completed | 7.03 s[######                                  ] | 16% Completed | 7.13 s[######                                  ] | 16% Completed | 7.23 s[######                                  ] | 16% Completed | 7.33 s[######                                  ] | 16% Completed | 7.43 s[######                                  ] | 16% Completed | 7.53 s[######                                  ] | 16% Completed | 7.63 s[######                                  ] | 16% Completed | 7.73 s[######                                  ] | 16% Completed | 7.83 s[######                                  ] | 16% Completed | 7.93 s[######                                  ] | 16% Completed | 8.03 s[######                                  ] | 16% Completed | 8.13 s[##########################              ] | 66% Completed | 8.23 s[##########################              ] | 66% Completed | 8.33 s[##########################              ] | 66% Completed | 8.43 s[##########################              ] | 66% Completed | 8.53 s[##########################              ] | 66% Completed | 8.63 s[##########################              ] | 66% Completed | 8.73 s[##########################              ] | 66% Completed | 8.83 s[##########################              ] | 66% Completed | 8.93 s[##########################              ] | 66% Completed | 9.03 s[##########################              ] | 66% Completed | 9.13 s[##########################              ] | 66% Completed | 9.23 s[##########################              ] | 66% Completed | 9.34 s[##########################              ] | 66% Completed | 9.44 s[##########################              ] | 66% Completed | 9.54 s[##########################              ] | 66% Completed | 9.64 s[##########################              ] | 66% Completed | 9.74 s[##########################              ] | 66% Completed | 9.84 s[##########################              ] | 66% Completed | 9.94 s[##########################              ] | 66% Completed | 10.04 s[##########################              ] | 66% Completed | 10.14 s[##########################              ] | 66% Completed | 10.24 s[##########################              ] | 66% Completed | 10.34 s[##########################              ] | 66% Completed | 10.44 s[##########################              ] | 66% Completed | 10.54 s[##########################              ] | 66% Completed | 10.64 s[##########################              ] | 66% Completed | 10.74 s[##########################              ] | 66% Completed | 10.84 s[##########################              ] | 66% Completed | 10.94 s[##########################              ] | 66% Completed | 11.04 s[##########################              ] | 66% Completed | 11.14 s[##########################              ] | 66% Completed | 11.24 s[##########################              ] | 66% Completed | 11.34 s[##########################              ] | 66% Completed | 11.44 s[##########################              ] | 66% Completed | 11.54 s[##########################              ] | 66% Completed | 11.64 s[##########################              ] | 66% Completed | 11.74 s[##########################              ] | 66% Completed | 11.84 s[##########################              ] | 66% Completed | 11.94 s[##########################              ] | 66% Completed | 12.05 s[##########################              ] | 66% Completed | 12.15 s[##########################              ] | 66% Completed | 12.25 s[##########################              ] | 66% Completed | 12.35 s[##########################              ] | 66% Completed | 12.45 s[##########################              ] | 66% Completed | 12.55 s[##########################              ] | 66% Completed | 12.65 s[##########################              ] | 66% Completed | 12.75 s[##########################              ] | 66% Completed | 12.85 s[##########################              ] | 66% Completed | 12.95 s[##########################              ] | 66% Completed | 13.05 s[##########################              ] | 66% Completed | 13.15 s[##########################              ] | 66% Completed | 13.25 s[##########################              ] | 66% Completed | 13.35 s[########################################] | 100% Completed | 13.45 s
[38;5;23m2026-01-21 17:46:29[39m | [33mWARNING[39m | [33mExtra columns detected: Index(['Annotation', 'Name'], dtype='object'). These will be retained but are not validated.[39m
[38;5;23m2026-01-21 17:46:29[39m | [38;5;23mINFO[39m | Writing DMRs to /expanse/lustre/projects/csd940/zalibhai/biomodal/modality/outputs_CHG/Results/gencode.vM25.mouse.genes.annotation/DMR_20260121_174629/DMR_mc_control__mutant_20260121_174629.bed.
Columns are :
`Chromosome Start End Name Score Strand num_contexts mean_coverage_across_samples mean_mod_group_1mean_mod_group_2 mod_fold_change mod_difference test_statistic dmr_pvalue dmr_qvalue
Please note that:
 - Name, Score, Strand are not used and are set to `.` for compatibility with pyranges
[39m
[38;5;23m2026-01-21 17:46:29[39m | [38;5;23mINFO[39m | Aggregating dataset for DMR calling (this may take multiple steps)...[39m
[#########                               ] | 23% Completed | 1.01 s[##########                              ] | 26% Completed | 1.11 s[###########                             ] | 29% Completed | 1.21 s[############                            ] | 31% Completed | 1.31 s[#############                           ] | 34% Completed | 1.41 s[##############                          ] | 37% Completed | 1.51 s[################                        ] | 40% Completed | 1.61 s[#################                       ] | 43% Completed | 1.71 s[##################                      ] | 45% Completed | 1.81 s[###################                     ] | 48% Completed | 1.91 s[####################                    ] | 51% Completed | 2.01 s[#####################                   ] | 54% Completed | 2.11 s[######################                  ] | 57% Completed | 2.21 s[#######################                 ] | 59% Completed | 2.31 s[########################                ] | 62% Completed | 2.41 s[##########################              ] | 65% Completed | 2.51 s[###########################             ] | 68% Completed | 2.61 s[############################            ] | 70% Completed | 2.71 s[#############################           ] | 73% Completed | 2.81 s[##############################          ] | 76% Completed | 2.91 s[###############################         ] | 79% Completed | 3.01 s[################################        ] | 82% Completed | 3.11 s[#################################       ] | 84% Completed | 3.21 s[##################################      ] | 87% Completed | 3.31 s[####################################    ] | 90% Completed | 3.41 s[#####################################   ] | 93% Completed | 3.51 s[######################################  ] | 95% Completed | 3.61 s[####################################### ] | 98% Completed | 3.71 s[########################################] | 100% Completed | 3.81 s
[#####                                   ] | 14% Completed | 1.01 s[######                                  ] | 16% Completed | 1.11 s[#######                                 ] | 18% Completed | 1.21 s[########                                ] | 20% Completed | 1.31 s[#########                               ] | 22% Completed | 1.41 s[#########                               ] | 24% Completed | 1.51 s[##########                              ] | 26% Completed | 1.61 s[###########                             ] | 28% Completed | 1.71 s[############                            ] | 30% Completed | 1.81 s[#############                           ] | 32% Completed | 1.91 s[#############                           ] | 34% Completed | 2.01 s[##############                          ] | 37% Completed | 2.11 s[###############                         ] | 39% Completed | 2.21 s[################                        ] | 41% Completed | 2.31 s[#################                       ] | 43% Completed | 2.41 s[##################                      ] | 45% Completed | 2.51 s[##################                      ] | 47% Completed | 2.61 s[###################                     ] | 49% Completed | 2.71 s[####################                    ] | 51% Completed | 2.81 s[#####################                   ] | 53% Completed | 2.91 s[######################                  ] | 56% Completed | 3.01 s[#######################                 ] | 58% Completed | 3.11 s[########################                ] | 60% Completed | 3.21 s[#########################               ] | 63% Completed | 3.31 s[##########################              ] | 65% Completed | 3.41 s[###########################             ] | 69% Completed | 3.51 s[############################            ] | 72% Completed | 3.61 s[##############################          ] | 75% Completed | 3.71 s[###############################         ] | 79% Completed | 3.81 s[#################################       ] | 83% Completed | 3.91 s[##################################      ] | 87% Completed | 4.01 s[####################################    ] | 91% Completed | 4.11 s[######################################  ] | 95% Completed | 4.21 s[####################################### ] | 99% Completed | 4.31 s[########################################] | 100% Completed | 4.41 s
[38;5;23m2026-01-21 17:46:52[39m | [38;5;23mINFO[39m | Performing DMR calling (control vs mutant)[39m
[######                                  ] | 16% Completed | 1.00 s[######                                  ] | 16% Completed | 1.10 s[######                                  ] | 16% Completed | 1.20 s[######                                  ] | 16% Completed | 1.30 s[######                                  ] | 16% Completed | 1.40 s[######                                  ] | 16% Completed | 1.50 s[######                                  ] | 16% Completed | 1.60 s[######                                  ] | 16% Completed | 1.70 s[######                                  ] | 16% Completed | 1.80 s[######                                  ] | 16% Completed | 1.90 s[######                                  ] | 16% Completed | 2.00 s[######                                  ] | 16% Completed | 2.10 s[######                                  ] | 16% Completed | 2.21 s[######                                  ] | 16% Completed | 2.31 s[######                                  ] | 16% Completed | 2.41 s[######                                  ] | 16% Completed | 2.51 s[######                                  ] | 16% Completed | 2.61 s[######                                  ] | 16% Completed | 2.71 s[######                                  ] | 16% Completed | 2.81 s[######                                  ] | 16% Completed | 2.91 s[######                                  ] | 16% Completed | 3.01 s[######                                  ] | 16% Completed | 3.11 s[######                                  ] | 16% Completed | 3.21 s[######                                  ] | 16% Completed | 3.31 s[######                                  ] | 16% Completed | 3.41 s[######                                  ] | 16% Completed | 3.51 s[######                                  ] | 16% Completed | 3.61 s[######                                  ] | 16% Completed | 3.71 s[######                                  ] | 16% Completed | 3.81 s[######                                  ] | 16% Completed | 3.91 s[######                                  ] | 16% Completed | 4.01 s[######                                  ] | 16% Completed | 4.11 s[######                                  ] | 16% Completed | 4.21 s[######                                  ] | 16% Completed | 4.31 s[######                                  ] | 16% Completed | 4.41 s[######                                  ] | 16% Completed | 4.51 s[##########################              ] | 66% Completed | 4.61 s[##########################              ] | 66% Completed | 4.71 s[##########################              ] | 66% Completed | 4.81 s[##########################              ] | 66% Completed | 4.91 s[##########################              ] | 66% Completed | 5.01 s[##########################              ] | 66% Completed | 5.11 s[##########################              ] | 66% Completed | 5.21 s[##########################              ] | 66% Completed | 5.31 s[##########################              ] | 66% Completed | 5.41 s[##########################              ] | 66% Completed | 5.51 s[##########################              ] | 66% Completed | 5.62 s[##########################              ] | 66% Completed | 5.72 s[##########################              ] | 66% Completed | 5.82 s[##########################              ] | 66% Completed | 5.92 s[##########################              ] | 66% Completed | 6.02 s[##########################              ] | 66% Completed | 6.12 s[##########################              ] | 66% Completed | 6.22 s[##########################              ] | 66% Completed | 6.32 s[##########################              ] | 66% Completed | 6.42 s[##########################              ] | 66% Completed | 6.52 s[##########################              ] | 66% Completed | 6.62 s[##########################              ] | 66% Completed | 6.72 s[##########################              ] | 66% Completed | 6.82 s[##########################              ] | 66% Completed | 6.92 s[##########################              ] | 66% Completed | 7.02 s[##########################              ] | 66% Completed | 7.12 s[##########################              ] | 66% Completed | 7.22 s[##########################              ] | 66% Completed | 7.32 s[##########################              ] | 66% Completed | 7.42 s[##########################              ] | 66% Completed | 7.52 s[##########################              ] | 66% Completed | 7.62 s[##########################              ] | 66% Completed | 7.72 s[##########################              ] | 66% Completed | 7.82 s[##########################              ] | 66% Completed | 7.92 s[##########################              ] | 66% Completed | 8.02 s[##########################              ] | 66% Completed | 8.12 s[##########################              ] | 66% Completed | 8.22 s[##########################              ] | 66% Completed | 8.32 s[##########################              ] | 66% Completed | 8.42 s[##########################              ] | 66% Completed | 8.52 s[##########################              ] | 66% Completed | 8.62 s[##########################              ] | 66% Completed | 8.72 s[##########################              ] | 66% Completed | 8.82 s[##########################              ] | 66% Completed | 8.93 s[##########################              ] | 66% Completed | 9.03 s[##########################              ] | 66% Completed | 9.13 s[##########################              ] | 66% Completed | 9.23 s[##########################              ] | 66% Completed | 9.33 s[##########################              ] | 66% Completed | 9.43 s[##########################              ] | 66% Completed | 9.53 s[##########################              ] | 66% Completed | 9.63 s[##########################              ] | 66% Completed | 9.73 s[##########################              ] | 66% Completed | 9.83 s[##########################              ] | 66% Completed | 9.93 s[##########################              ] | 66% Completed | 10.03 s[##########################              ] | 66% Completed | 10.13 s[##########################              ] | 66% Completed | 10.23 s[##########################              ] | 66% Completed | 10.33 s[##########################              ] | 66% Completed | 10.43 s[########################################] | 100% Completed | 10.53 s
[38;5;23m2026-01-21 17:47:02[39m | [33mWARNING[39m | [33mExtra columns detected: Index(['Annotation', 'Name'], dtype='object'). These will be retained but are not validated.[39m
[38;5;23m2026-01-21 17:47:02[39m | [38;5;23mINFO[39m | Writing DMRs to /expanse/lustre/projects/csd940/zalibhai/biomodal/modality/outputs_CHG/Results/gencode.vM25.mouse.genes.annotation/DMR_20260121_174629/DMR_hmc_control__mutant_20260121_174629.bed.
Columns are :
`Chromosome Start End Name Score Strand num_contexts mean_coverage_across_samples mean_mod_group_1mean_mod_group_2 mod_fold_change mod_difference test_statistic dmr_pvalue dmr_qvalue
Please note that:
 - Name, Score, Strand are not used and are set to `.` for compatibility with pyranges
[39m
[38;5;23m2026-01-21 17:47:02[39m  [1m[38;5;154mDMR calling completed successfully! Outputs saved to: /expanse/lustre/projects/csd940/zalibhai/biomodal/modality/outputs_CHG/Results/gencode.vM25.mouse.genes.annotation[39m
[38;5;23m2026-01-21 17:47:03[39m | [38;5;23mINFO[39m | DMR track configuration files saved successfully.[39m
[38;5;23m2026-01-21 17:47:03[39m  Wrote provenance sidecar file to /expanse/lustre/projects/csd940/zalibhai/biomodal/modality/outputs_CHG/Results/gencode.vM25.mouse.genes.annotation/DMR_20260121_174629/modality_metadata_20260121_174703.json[39m
/expanse/lustre/projects/csd940/zalibhai/biomodal/modality/outputs_CHG/Results/gencode.vM25.mouse.genes.annotation/DMR_20260121_174629/DMR_mc_control__mutant_20260121_174629.bed /expanse/lustre/projects/csd940/zalibhai/biomodal/modality/outputs_CHG/Results/gencode.vM25.mouse.genes.annotation/DMR_20260121_174629/DMR_hmc_control__mutant_20260121_174629.bed
[INFO] 2026-01-21 17:47:03 - DMR calling completed for /expanse/lustre/projects/csd940/zalibhai/biomodal/modality/mm10/gencode.vM25.mouse.genes.annotation.bed.gz
[INFO] 2026-01-21 17:47:03 - Running DMR calling on region file: /expanse/lustre/projects/csd940/zalibhai/biomodal/modality/mm10/gencode.vM25.mouse.promoters.annotation.bed.gz
Logged in using stored credentials
[38;5;23m2026-01-21 17:47:09[39m  [1m[38;5;123mProvenance information:[39m
[38;5;23m2026-01-21 17:47:09[39m  cmd='/home/zalibhai/miniforge3/envs/modality/bin/modality -v dmr call --zarr-path /expanse/lustre/projects/csd940/zalibhai/biomodal/evoC-run/output/duet-1.5.0_evoC_Bap1_run_6bp/sample_outputs/zarr_store/CHG/evoC_Bap1_run.genome.GRCm38_primary_assembly.dedup.CHG.zarrz --sample-sheet /expanse/lustre/projects/csd940/zalibhai/biomodal/modality/metadata.tsv --condition-array-name condition --methylation-contexts num_mc num_hmc --bedfile /expanse/lustre/projects/csd940/zalibhai/biomodal/modality/mm10/gencode.vM25.mouse.promoters.annotation.bed.gz --filter-context-depth 10 --condition-order control mutant --output-dir /expanse/lustre/projects/csd940/zalibhai/biomodal/modality/outputs_CHG/Results/gencode.vM25.mouse.promoters.annotation'
timestamp=2026-01-21T17:47:09.084532
version=1.0.0
user=zalibhai

[39m
[38;5;23m2026-01-21 17:47:09[39m  [1m[38;5;123mStarting differential methylation analysis:[39m
[38;5;23m2026-01-21 17:47:09[39m  [38;5;248mZarr path(s)[39m: ['/expanse/lustre/projects/csd940/zalibhai/biomodal/evoC-run/output/duet-1.5.0_evoC_Bap1_run_6bp/sample_outputs/zarr_store/CHG/evoC_Bap1_run.genome.GRCm38_primary_assembly.dedup.CHG.zarrz'][39m
[38;5;23m2026-01-21 17:47:09[39m  [38;5;248mSample Sheet[39m: /expanse/lustre/projects/csd940/zalibhai/biomodal/modality/metadata.tsv[39m
[38;5;23m2026-01-21 17:47:09[39m  [38;5;248mCondition Array Name[39m: condition[39m
[38;5;23m2026-01-21 17:47:09[39m  [38;5;248mMethylation Contexts[39m: ['num_mc', 'num_hmc'][39m
[38;5;23m2026-01-21 17:47:09[39m  [38;5;248mBedfile[39m: /expanse/lustre/projects/csd940/zalibhai/biomodal/modality/mm10/gencode.vM25.mouse.promoters.annotation.bed.gz[39m
[38;5;23m2026-01-21 17:47:09[39m  [38;5;248mMin Coverage[39m: 10[39m
[38;5;23m2026-01-21 17:47:09[39m  [38;5;248mCondition Order[39m: ['control', 'mutant'][39m
[38;5;23m2026-01-21 17:47:09[39m  [38;5;248mOutput Dir[39m: /expanse/lustre/projects/csd940/zalibhai/biomodal/modality/outputs_CHG/Results/gencode.vM25.mouse.promoters.annotation[39m
[38;5;23m2026-01-21 17:47:09[39m  [38;5;248mWindow Size[39m: None[39m
[38;5;23m2026-01-21 17:47:09[39m  [38;5;248mCovariates[39m: [][39m
[38;5;23m2026-01-21 17:47:09[39m  [38;5;248mNum Contexts[39m: 0[39m
[38;5;23m2026-01-21 17:47:09[39m  [38;5;248mRegion[39m: None[39m
[38;5;23m2026-01-21 17:47:09[39m  [38;5;248mOverdispersion[39m: False[39m
[38;5;23m2026-01-21 17:47:09[39m  [38;5;248mStatistical Test[39m: wald[39m
[38;5;23m2026-01-21 17:47:09[39m  [38;5;248mDisable Strand Merging[39m: False[39m
[38;5;23m2026-01-21 17:47:09[39m  [38;5;248mCompress[39m: False[39m
[38;5;23m2026-01-21 17:47:09[39m | [38;5;23mINFO[39m | Loading Zarr dataset...[39m
[38;5;23m2026-01-21 17:47:27[39m | [38;5;23mINFO[39m | Starting DMR calling process, this could take a few minutes...[39m
[38;5;23m2026-01-21 17:47:27[39m | [38;5;23mINFO[39m | Aligning sample sheet with dataset...[39m
[                                        ] | 0% Completed | 1.02 s[                                        ] | 0% Completed | 1.13 s[                                        ] | 0% Completed | 1.24 s[                                        ] | 0% Completed | 1.35 s[                                        ] | 0% Completed | 1.46 s[                                        ] | 0% Completed | 1.57 s[                                        ] | 0% Completed | 1.68 s[                                        ] | 0% Completed | 1.79 s[                                        ] | 0% Completed | 1.90 s[                                        ] | 0% Completed | 2.01 s[                                        ] | 0% Completed | 2.12 s[                                        ] | 0% Completed | 2.23 s[                                        ] | 0% Completed | 2.34 s[                                        ] | 0% Completed | 2.45 s[                                        ] | 0% Completed | 2.67 s[                                        ] | 0% Completed | 2.78 s[                                        ] | 0% Completed | 2.98 s[                                        ] | 0% Completed | 3.08 s[                                        ] | 0% Completed | 3.18 s[                                        ] | 1% Completed | 3.28 s[                                        ] | 1% Completed | 3.38 s[                                        ] | 1% Completed | 3.48 s[                                        ] | 2% Completed | 3.58 s[#                                       ] | 2% Completed | 3.68 s[#                                       ] | 3% Completed | 3.78 s[#                                       ] | 3% Completed | 3.88 s[#                                       ] | 3% Completed | 3.98 s[#                                       ] | 4% Completed | 4.08 s[#                                       ] | 4% Completed | 4.18 s[##                                      ] | 5% Completed | 4.28 s[##                                      ] | 5% Completed | 4.38 s[##                                      ] | 5% Completed | 4.48 s[##                                      ] | 6% Completed | 4.58 s[##                                      ] | 6% Completed | 4.69 s[##                                      ] | 7% Completed | 4.79 s[##                                      ] | 7% Completed | 4.89 s[###                                     ] | 7% Completed | 4.99 s[###                                     ] | 8% Completed | 5.09 s[###                                     ] | 8% Completed | 5.19 s[###                                     ] | 9% Completed | 5.29 s[###                                     ] | 9% Completed | 5.39 s[####                                    ] | 10% Completed | 5.49 s[####                                    ] | 10% Completed | 5.59 s[####                                    ] | 11% Completed | 5.69 s[####                                    ] | 11% Completed | 5.79 s[#####                                   ] | 12% Completed | 5.89 s[#####                                   ] | 13% Completed | 5.99 s[#####                                   ] | 14% Completed | 6.09 s[#####                                   ] | 14% Completed | 6.19 s[######                                  ] | 15% Completed | 6.29 s[######                                  ] | 16% Completed | 6.39 s[######                                  ] | 16% Completed | 6.49 s[#######                                 ] | 17% Completed | 6.59 s[#######                                 ] | 18% Completed | 6.69 s[#######                                 ] | 19% Completed | 6.79 s[########                                ] | 20% Completed | 6.89 s[########                                ] | 20% Completed | 6.99 s[########                                ] | 21% Completed | 7.09 s[#########                               ] | 22% Completed | 7.19 s[#########                               ] | 23% Completed | 7.29 s[#########                               ] | 24% Completed | 7.39 s[##########                              ] | 25% Completed | 7.49 s[##########                              ] | 25% Completed | 7.59 s[##########                              ] | 26% Completed | 7.69 s[###########                             ] | 27% Completed | 7.79 s[###########                             ] | 28% Completed | 7.89 s[###########                             ] | 29% Completed | 7.99 s[############                            ] | 30% Completed | 8.09 s[############                            ] | 31% Completed | 8.19 s[############                            ] | 32% Completed | 8.29 s[#############                           ] | 32% Completed | 8.39 s[#############                           ] | 33% Completed | 8.49 s[#############                           ] | 34% Completed | 8.59 s[##############                          ] | 35% Completed | 8.69 s[##############                          ] | 36% Completed | 8.79 s[##############                          ] | 37% Completed | 8.89 s[###############                         ] | 38% Completed | 8.99 s[###############                         ] | 39% Completed | 9.09 s[################                        ] | 40% Completed | 9.19 s[################                        ] | 41% Completed | 9.29 s[################                        ] | 41% Completed | 9.39 s[#################                       ] | 42% Completed | 9.49 s[#################                       ] | 43% Completed | 9.59 s[#################                       ] | 44% Completed | 9.69 s[##################                      ] | 45% Completed | 9.79 s[##################                      ] | 46% Completed | 9.89 s[##################                      ] | 47% Completed | 9.99 s[###################                     ] | 48% Completed | 10.09 s[###################                     ] | 49% Completed | 10.19 s[###################                     ] | 49% Completed | 10.29 s[####################                    ] | 50% Completed | 10.39 s[####################                    ] | 51% Completed | 10.49 s[#####################                   ] | 52% Completed | 10.59 s[#####################                   ] | 53% Completed | 10.69 s[#####################                   ] | 54% Completed | 10.79 s[######################                  ] | 55% Completed | 10.89 s[######################                  ] | 56% Completed | 10.99 s[######################                  ] | 57% Completed | 11.09 s[#######################                 ] | 58% Completed | 11.19 s[#######################                 ] | 59% Completed | 11.29 s[########################                ] | 60% Completed | 11.39 s[########################                ] | 61% Completed | 11.49 s[#########################               ] | 62% Completed | 11.59 s[#########################               ] | 63% Completed | 11.69 s[#########################               ] | 64% Completed | 11.79 s[##########################              ] | 65% Completed | 11.89 s[##########################              ] | 66% Completed | 11.99 s[###########################             ] | 67% Completed | 12.09 s[###########################             ] | 68% Completed | 12.19 s[###########################             ] | 69% Completed | 12.29 s[############################            ] | 70% Completed | 12.39 s[############################            ] | 71% Completed | 12.49 s[#############################           ] | 72% Completed | 12.59 s[#############################           ] | 73% Completed | 12.69 s[#############################           ] | 74% Completed | 12.79 s[##############################          ] | 75% Completed | 12.89 s[##############################          ] | 76% Completed | 12.99 s[###############################         ] | 77% Completed | 13.09 s[###############################         ] | 78% Completed | 13.19 s[########################################] | 100% Completed | 13.55 s
[38;5;23m2026-01-21 17:47:44[39m | [38;5;23mINFO[39m | filtering low coverage contexts (this may take multiple steps)...[39m
[##########                              ] | 26% Completed | 1.00 s[############                            ] | 30% Completed | 1.10 s[#############                           ] | 33% Completed | 1.20 s[##############                          ] | 36% Completed | 1.30 s[###############                         ] | 39% Completed | 1.40 s[################                        ] | 42% Completed | 1.50 s[##################                      ] | 45% Completed | 1.60 s[###################                     ] | 48% Completed | 1.70 s[####################                    ] | 51% Completed | 1.80 s[#####################                   ] | 54% Completed | 1.90 s[######################                  ] | 57% Completed | 2.00 s[########################                ] | 60% Completed | 2.10 s[#########################               ] | 63% Completed | 2.20 s[##########################              ] | 66% Completed | 2.30 s[###########################             ] | 69% Completed | 2.40 s[############################            ] | 72% Completed | 2.50 s[##############################          ] | 75% Completed | 2.60 s[###############################         ] | 78% Completed | 2.70 s[################################        ] | 81% Completed | 2.80 s[#################################       ] | 84% Completed | 2.90 s[##################################      ] | 87% Completed | 3.00 s[####################################    ] | 90% Completed | 3.10 s[#####################################   ] | 93% Completed | 3.20 s[######################################  ] | 96% Completed | 3.30 s[####################################### ] | 99% Completed | 3.40 s[########################################] | 100% Completed | 3.50 s
[                                        ] | 0% Completed | 1.00 s[                                        ] | 0% Completed | 1.10 s[                                        ] | 0% Completed | 1.20 s[                                        ] | 0% Completed | 1.30 s[                                        ] | 0% Completed | 1.40 s[                                        ] | 0% Completed | 1.50 s[                                        ] | 0% Completed | 1.60 s[                                        ] | 0% Completed | 1.70 s[                                        ] | 0% Completed | 1.80 s[                                        ] | 0% Completed | 1.90 s[                                        ] | 0% Completed | 2.00 s[                                        ] | 0% Completed | 2.10 s[                                        ] | 0% Completed | 2.20 s[                                        ] | 0% Completed | 2.30 s[                                        ] | 0% Completed | 2.40 s[                                        ] | 0% Completed | 2.50 s[                                        ] | 0% Completed | 2.60 s[                                        ] | 0% Completed | 2.70 s[                                        ] | 0% Completed | 2.80 s[                                        ] | 0% Completed | 2.90 s[                                        ] | 0% Completed | 3.00 s[                                        ] | 0% Completed | 3.10 s[                                        ] | 0% Completed | 3.20 s[                                        ] | 0% Completed | 3.30 s[                                        ] | 0% Completed | 3.40 s[                                        ] | 0% Completed | 3.50 s[                                        ] | 0% Completed | 3.60 s[                                        ] | 0% Completed | 3.70 s[                                        ] | 0% Completed | 3.80 s[                                        ] | 0% Completed | 3.90 s[                                        ] | 0% Completed | 4.00 s[                                        ] | 0% Completed | 4.10 s[                                        ] | 0% Completed | 4.20 s[                                        ] | 0% Completed | 4.30 s[                                        ] | 0% Completed | 4.40 s[                                        ] | 0% Completed | 4.50 s[                                        ] | 0% Completed | 4.60 s[                                        ] | 0% Completed | 4.70 s[                                        ] | 0% Completed | 4.80 s[                                        ] | 0% Completed | 4.90 s[                                        ] | 0% Completed | 5.00 s[                                        ] | 0% Completed | 5.10 s[                                        ] | 0% Completed | 5.20 s[                                        ] | 0% Completed | 5.30 s[                                        ] | 0% Completed | 5.41 s[                                        ] | 0% Completed | 5.51 s[                                        ] | 0% Completed | 5.61 s[                                        ] | 0% Completed | 5.71 s[                                        ] | 0% Completed | 5.81 s[                                        ] | 0% Completed | 5.91 s[                                        ] | 0% Completed | 6.01 s[                                        ] | 0% Completed | 6.11 s[                                        ] | 0% Completed | 6.21 s[                                        ] | 0% Completed | 6.31 s[                                        ] | 0% Completed | 6.41 s[                                        ] | 0% Completed | 6.51 s[                                        ] | 0% Completed | 6.61 s[                                        ] | 0% Completed | 6.71 s[                                        ] | 0% Completed | 6.81 s[                                        ] | 0% Completed | 6.91 s[                                        ] | 0% Completed | 7.01 s[                                        ] | 0% Completed | 7.11 s[                                        ] | 0% Completed | 7.21 s[                                        ] | 0% Completed | 7.31 s[                                        ] | 0% Completed | 7.41 s[                                        ] | 0% Completed | 7.51 s[                                        ] | 0% Completed | 7.61 s[                                        ] | 0% Completed | 7.71 s[                                        ] | 0% Completed | 7.81 s[                                        ] | 0% Completed | 7.91 s[                                        ] | 0% Completed | 8.01 s[                                        ] | 0% Completed | 8.11 s[                                        ] | 0% Completed | 8.21 s[                                        ] | 0% Completed | 8.31 s[                                        ] | 0% Completed | 8.41 s[                                        ] | 0% Completed | 8.51 s[                                        ] | 0% Completed | 8.61 s[                                        ] | 0% Completed | 8.71 s[                                        ] | 0% Completed | 8.81 s[                                        ] | 0% Completed | 8.91 s[                                        ] | 0% Completed | 9.01 s[                                        ] | 0% Completed | 9.11 s[                                        ] | 0% Completed | 9.21 s[                                        ] | 0% Completed | 9.31 s[                                        ] | 0% Completed | 9.41 s[                                        ] | 0% Completed | 9.51 s[                                        ] | 0% Completed | 9.61 s[                                        ] | 0% Completed | 9.71 s[                                        ] | 0% Completed | 9.81 s[                                        ] | 0% Completed | 9.91 s[                                        ] | 0% Completed | 10.01 s[                                        ] | 0% Completed | 10.11 s[                                        ] | 0% Completed | 10.21 s[                                        ] | 0% Completed | 10.31 s[                                        ] | 0% Completed | 10.41 s[                                        ] | 0% Completed | 10.51 s[                                        ] | 0% Completed | 10.61 s[                                        ] | 0% Completed | 10.71 s[                                        ] | 0% Completed | 10.81 s[                                        ] | 0% Completed | 10.91 s[                                        ] | 0% Completed | 11.01 s[                                        ] | 0% Completed | 11.11 s[                                        ] | 0% Completed | 11.21 s[                                        ] | 0% Completed | 11.31 s[                                        ] | 0% Completed | 11.41 s[                                        ] | 0% Completed | 11.51 s[                                        ] | 0% Completed | 11.61 s[                                        ] | 0% Completed | 11.71 s[                                        ] | 0% Completed | 11.81 s[                                        ] | 0% Completed | 11.91 s[                                        ] | 0% Completed | 12.01 s[                                        ] | 0% Completed | 12.11 s[                                        ] | 0% Completed | 12.21 s[                                        ] | 0% Completed | 12.31 s[                                        ] | 0% Completed | 12.41 s[                                        ] | 0% Completed | 12.51 s[                                        ] | 0% Completed | 12.61 s[                                        ] | 0% Completed | 12.71 s[                                        ] | 0% Completed | 12.81 s[                                        ] | 0% Completed | 12.91 s[                                        ] | 0% Completed | 13.01 s[                                        ] | 0% Completed | 13.11 s[                                        ] | 0% Completed | 13.21 s[                                        ] | 0% Completed | 13.31 s[                                        ] | 0% Completed | 13.41 s[                                        ] | 0% Completed | 13.51 s[                                        ] | 0% Completed | 13.61 s[                                        ] | 0% Completed | 13.71 s[                                        ] | 0% Completed | 13.81 s[                                        ] | 0% Completed | 13.91 s[                                        ] | 0% Completed | 14.01 s[                                        ] | 0% Completed | 14.11 s[                                        ] | 0% Completed | 14.22 s[                                        ] | 0% Completed | 14.32 s[                                        ] | 0% Completed | 14.42 s[                                        ] | 0% Completed | 14.52 s[                                        ] | 0% Completed | 14.62 s[                                        ] | 0% Completed | 14.72 s[                                        ] | 0% Completed | 14.82 s[                                        ] | 0% Completed | 14.92 s[                                        ] | 0% Completed | 15.02 s[                                        ] | 0% Completed | 15.12 s[                                        ] | 0% Completed | 15.22 s[                                        ] | 0% Completed | 15.32 s[                                        ] | 0% Completed | 15.42 s[                                        ] | 0% Completed | 15.52 s[                                        ] | 0% Completed | 15.62 s[                                        ] | 0% Completed | 15.72 s[                                        ] | 0% Completed | 15.82 s[                                        ] | 0% Completed | 15.92 s[                                        ] | 0% Completed | 16.02 s[                                        ] | 0% Completed | 16.12 s[                                        ] | 0% Completed | 16.22 s[                                        ] | 0% Completed | 16.32 s[                                        ] | 0% Completed | 16.42 s[                                        ] | 0% Completed | 16.52 s[                                        ] | 0% Completed | 16.62 s[                                        ] | 0% Completed | 16.72 s[                                        ] | 0% Completed | 16.82 s[                                        ] | 0% Completed | 16.92 s[                                        ] | 0% Completed | 17.02 s[                                        ] | 0% Completed | 17.12 s[                                        ] | 0% Completed | 17.22 s[                                        ] | 0% Completed | 17.32 s[                                        ] | 0% Completed | 17.42 s[                                        ] | 0% Completed | 17.52 s[                                        ] | 0% Completed | 17.62 s[                                        ] | 0% Completed | 17.72 s[                                        ] | 0% Completed | 17.82 s[                                        ] | 0% Completed | 17.92 s[                                        ] | 0% Completed | 18.02 s[                                        ] | 0% Completed | 18.12 s[                                        ] | 0% Completed | 18.22 s[                                        ] | 0% Completed | 18.32 s[                                        ] | 0% Completed | 18.42 s[                                        ] | 0% Completed | 18.52 s[                                        ] | 0% Completed | 18.62 s[                                        ] | 0% Completed | 18.72 s[                                        ] | 0% Completed | 18.82 s[                                        ] | 0% Completed | 18.92 s[                                        ] | 0% Completed | 19.02 s[                                        ] | 0% Completed | 19.12 s[                                        ] | 0% Completed | 19.22 s[                                        ] | 0% Completed | 19.32 s[                                        ] | 0% Completed | 19.42 s[                                        ] | 0% Completed | 19.52 s[                                        ] | 0% Completed | 19.62 s[                                        ] | 0% Completed | 19.72 s[                                        ] | 0% Completed | 19.82 s[                                        ] | 0% Completed | 19.92 s[                                        ] | 0% Completed | 20.02 s[                                        ] | 0% Completed | 20.12 s[                                        ] | 0% Completed | 20.22 s[                                        ] | 0% Completed | 20.32 s[                                        ] | 0% Completed | 20.42 s[                                        ] | 0% Completed | 20.52 s[                                        ] | 0% Completed | 20.62 s[                                        ] | 0% Completed | 20.72 s[                                        ] | 0% Completed | 20.82 s[                                        ] | 0% Completed | 20.92 s[                                        ] | 0% Completed | 21.02 s[                                        ] | 0% Completed | 21.12 s[                                        ] | 0% Completed | 21.22 s[                                        ] | 0% Completed | 21.32 s[                                        ] | 0% Completed | 21.42 s[                                        ] | 0% Completed | 21.52 s[                                        ] | 0% Completed | 21.62 s[                                        ] | 0% Completed | 21.72 s[                                        ] | 0% Completed | 21.82 s[                                        ] | 0% Completed | 21.92 s[                                        ] | 0% Completed | 22.02 s[                                        ] | 0% Completed | 22.12 s[                                        ] | 0% Completed | 22.22 s[                                        ] | 0% Completed | 22.32 s[                                        ] | 0% Completed | 22.42 s[                                        ] | 0% Completed | 22.52 s[                                        ] | 0% Completed | 22.62 s[                                        ] | 0% Completed | 22.72 s[                                        ] | 0% Completed | 22.82 s[                                        ] | 0% Completed | 22.92 s[                                        ] | 0% Completed | 23.02 s[                                        ] | 0% Completed | 23.12 s[                                        ] | 0% Completed | 23.22 s[                                        ] | 0% Completed | 23.32 s[                                        ] | 0% Completed | 23.42 s[                                        ] | 0% Completed | 23.52 s[                                        ] | 0% Completed | 23.62 s[                                        ] | 0% Completed | 23.72 s[                                        ] | 0% Completed | 23.82 s[                                        ] | 0% Completed | 23.92 s[                                        ] | 0% Completed | 24.02 s[                                        ] | 0% Completed | 24.12 s[                                        ] | 0% Completed | 24.22 s[                                        ] | 0% Completed | 24.32 s[                                        ] | 0% Completed | 24.42 s[                                        ] | 0% Completed | 24.52 s[                                        ] | 0% Completed | 24.62 s[                                        ] | 0% Completed | 24.72 s[                                        ] | 0% Completed | 24.82 s[                                        ] | 0% Completed | 24.92 s[                                        ] | 0% Completed | 25.02 s[                                        ] | 0% Completed | 25.12 s[                                        ] | 0% Completed | 25.22 s[########################################] | 100% Completed | 25.33 s
[                                        ] | 0% Completed | 1.02 s[                                        ] | 0% Completed | 1.13 s[                                        ] | 0% Completed | 1.37 s[                                        ] | 0% Completed | 1.49 s[                                        ] | 0% Completed | 1.60 s[                                        ] | 0% Completed | 1.71 s[                                        ] | 0% Completed | 1.82 s[                                        ] | 0% Completed | 1.93 s[                                        ] | 0% Completed | 2.04 s[                                        ] | 0% Completed | 2.15 s[                                        ] | 0% Completed | 2.26 s[                                        ] | 0% Completed | 2.37 s[                                        ] | 0% Completed | 2.48 s[                                        ] | 0% Completed | 2.59 s[                                        ] | 0% Completed | 2.70 s[                                        ] | 0% Completed | 2.95 s[                                        ] | 0% Completed | 3.05 s[                                        ] | 1% Completed | 3.15 s[                                        ] | 2% Completed | 3.25 s[#                                       ] | 3% Completed | 3.35 s[#                                       ] | 4% Completed | 3.45 s[##                                      ] | 6% Completed | 3.55 s[###                                     ] | 7% Completed | 3.65 s[###                                     ] | 9% Completed | 3.75 s[####                                    ] | 10% Completed | 3.85 s[####                                    ] | 12% Completed | 3.95 s[#####                                   ] | 13% Completed | 4.05 s[######                                  ] | 15% Completed | 4.15 s[######                                  ] | 17% Completed | 4.25 s[#######                                 ] | 18% Completed | 4.35 s[########                                ] | 20% Completed | 4.45 s[########                                ] | 22% Completed | 4.55 s[#########                               ] | 23% Completed | 4.65 s[##########                              ] | 25% Completed | 4.75 s[##########                              ] | 27% Completed | 4.85 s[###########                             ] | 28% Completed | 4.95 s[############                            ] | 30% Completed | 5.06 s[############                            ] | 32% Completed | 5.16 s[#############                           ] | 33% Completed | 5.26 s[##############                          ] | 35% Completed | 5.36 s[##############                          ] | 37% Completed | 5.46 s[###############                         ] | 38% Completed | 5.56 s[################                        ] | 40% Completed | 5.66 s[################                        ] | 42% Completed | 5.76 s[#################                       ] | 43% Completed | 5.86 s[##################                      ] | 45% Completed | 5.96 s[##################                      ] | 47% Completed | 6.06 s[###################                     ] | 48% Completed | 6.16 s[####################                    ] | 50% Completed | 6.26 s[####################                    ] | 51% Completed | 6.36 s[#####################                   ] | 53% Completed | 6.46 s[######################                  ] | 55% Completed | 6.56 s[######################                  ] | 56% Completed | 6.66 s[#######################                 ] | 58% Completed | 6.76 s[#######################                 ] | 59% Completed | 6.86 s[########################                ] | 61% Completed | 6.96 s[#########################               ] | 63% Completed | 7.06 s[#########################               ] | 64% Completed | 7.16 s[##########################              ] | 66% Completed | 7.26 s[###########################             ] | 67% Completed | 7.36 s[###########################             ] | 69% Completed | 7.46 s[############################            ] | 70% Completed | 7.56 s[############################            ] | 72% Completed | 7.66 s[#############################           ] | 73% Completed | 7.76 s[##############################          ] | 75% Completed | 7.86 s[##############################          ] | 77% Completed | 7.96 s[###############################         ] | 78% Completed | 8.06 s[########################################] | 100% Completed | 8.46 s
[########                                ] | 20% Completed | 1.02 s[#########                               ] | 22% Completed | 1.12 s[##########                              ] | 25% Completed | 1.22 s[###########                             ] | 27% Completed | 1.32 s[############                            ] | 30% Completed | 1.42 s[#############                           ] | 32% Completed | 1.52 s[##############                          ] | 35% Completed | 1.62 s[###############                         ] | 38% Completed | 1.72 s[################                        ] | 40% Completed | 1.82 s[#################                       ] | 43% Completed | 1.92 s[##################                      ] | 46% Completed | 2.02 s[###################                     ] | 49% Completed | 2.12 s[####################                    ] | 51% Completed | 2.22 s[#####################                   ] | 54% Completed | 2.32 s[######################                  ] | 57% Completed | 2.42 s[#######################                 ] | 59% Completed | 2.52 s[########################                ] | 62% Completed | 2.62 s[#########################               ] | 64% Completed | 2.72 s[##########################              ] | 66% Completed | 2.82 s[###########################             ] | 68% Completed | 2.92 s[############################            ] | 70% Completed | 3.02 s[#############################           ] | 72% Completed | 3.12 s[##############################          ] | 75% Completed | 3.23 s[###############################         ] | 77% Completed | 3.33 s[################################        ] | 80% Completed | 3.43 s[#################################       ] | 83% Completed | 3.53 s[##################################      ] | 85% Completed | 3.63 s[###################################     ] | 88% Completed | 3.73 s[####################################    ] | 91% Completed | 3.83 s[#####################################   ] | 94% Completed | 3.93 s[######################################  ] | 97% Completed | 4.03 s[########################################] | 100% Completed | 4.13 s
[###########                             ] | 28% Completed | 1.00 s[############                            ] | 31% Completed | 1.10 s[#############                           ] | 34% Completed | 1.20 s[###############                         ] | 37% Completed | 1.30 s[################                        ] | 40% Completed | 1.40 s[#################                       ] | 43% Completed | 1.50 s[##################                      ] | 46% Completed | 1.60 s[###################                     ] | 49% Completed | 1.70 s[#####################                   ] | 53% Completed | 1.80 s[######################                  ] | 56% Completed | 1.90 s[#######################                 ] | 59% Completed | 2.00 s[########################                ] | 62% Completed | 2.10 s[##########################              ] | 65% Completed | 2.20 s[###########################             ] | 67% Completed | 2.30 s[############################            ] | 70% Completed | 2.40 s[#############################           ] | 73% Completed | 2.50 s[##############################          ] | 76% Completed | 2.60 s[###############################         ] | 79% Completed | 2.70 s[#################################       ] | 82% Completed | 2.80 s[##################################      ] | 86% Completed | 2.90 s[###################################     ] | 89% Completed | 3.00 s[#####################################   ] | 92% Completed | 3.10 s[######################################  ] | 95% Completed | 3.20 s[####################################### ] | 99% Completed | 3.30 s[########################################] | 100% Completed | 3.40 s
[38;5;23m2026-01-21 17:48:39[39m | [38;5;23mINFO[39m | Aggregating dataset for DMR calling (this may take multiple steps)...[39m
[38;5;23m2026-01-21 17:48:39[39m | [38;5;23mINFO[39m | Adding Ranges_ID column to validate merging.[39m
[##################                      ] | 46% Completed | 1.06 s[#####################                   ] | 52% Completed | 1.16 s[#######################                 ] | 58% Completed | 1.26 s[#########################               ] | 64% Completed | 1.36 s[############################            ] | 71% Completed | 1.46 s[##############################          ] | 77% Completed | 1.56 s[#################################       ] | 83% Completed | 1.66 s[###################################     ] | 89% Completed | 1.76 s[######################################  ] | 96% Completed | 1.86 s[########################################] | 100% Completed | 1.96 s
[#############                           ] | 33% Completed | 1.00 s[###############                         ] | 38% Completed | 1.10 s[################                        ] | 42% Completed | 1.20 s[##################                      ] | 45% Completed | 1.30 s[####################                    ] | 50% Completed | 1.40 s[#####################                   ] | 54% Completed | 1.50 s[#######################                 ] | 59% Completed | 1.60 s[#########################               ] | 63% Completed | 1.70 s[###########################             ] | 67% Completed | 1.80 s[############################            ] | 72% Completed | 1.90 s[##############################          ] | 76% Completed | 2.00 s[################################        ] | 80% Completed | 2.10 s[##################################      ] | 85% Completed | 2.20 s[###################################     ] | 89% Completed | 2.30 s[#####################################   ] | 94% Completed | 2.40 s[####################################### ] | 98% Completed | 2.50 s[########################################] | 100% Completed | 2.60 s
[38;5;23m2026-01-21 17:49:05[39m | [38;5;23mINFO[39m | Performing DMR calling (control vs mutant)[39m
[38;5;23m2026-01-21 17:49:06[39m | [33mWARNING[39m | [33mExtra columns detected: Index(['Annotation', 'Name'], dtype='object'). These will be retained but are not validated.[39m
[38;5;23m2026-01-21 17:49:06[39m | [38;5;23mINFO[39m | Writing DMRs to /expanse/lustre/projects/csd940/zalibhai/biomodal/modality/outputs_CHG/Results/gencode.vM25.mouse.promoters.annotation/DMR_20260121_174906/DMR_mc_control__mutant_20260121_174906.bed.
Columns are :
`Chromosome Start End Name Score Strand num_contexts mean_coverage_across_samples mean_mod_group_1mean_mod_group_2 mod_fold_change mod_difference test_statistic dmr_pvalue dmr_qvalue
Please note that:
 - Name, Score, Strand are not used and are set to `.` for compatibility with pyranges
[39m
[38;5;23m2026-01-21 17:49:06[39m | [38;5;23mINFO[39m | Aggregating dataset for DMR calling (this may take multiple steps)...[39m
[#########                               ] | 23% Completed | 1.01 s[##########                              ] | 26% Completed | 1.11 s[###########                             ] | 29% Completed | 1.21 s[############                            ] | 32% Completed | 1.31 s[##############                          ] | 35% Completed | 1.41 s[###############                         ] | 38% Completed | 1.51 s[################                        ] | 41% Completed | 1.61 s[#################                       ] | 44% Completed | 1.71 s[##################                      ] | 47% Completed | 1.81 s[####################                    ] | 50% Completed | 1.91 s[#####################                   ] | 53% Completed | 2.01 s[######################                  ] | 56% Completed | 2.11 s[#######################                 ] | 59% Completed | 2.21 s[########################                ] | 62% Completed | 2.31 s[##########################              ] | 65% Completed | 2.41 s[###########################             ] | 68% Completed | 2.51 s[############################            ] | 71% Completed | 2.61 s[##############################          ] | 75% Completed | 2.71 s[################################        ] | 80% Completed | 2.81 s[##################################      ] | 86% Completed | 2.91 s[#####################################   ] | 92% Completed | 3.01 s[####################################### ] | 99% Completed | 3.11 s[########################################] | 100% Completed | 3.21 s
[###############                         ] | 37% Completed | 1.00 s[################                        ] | 41% Completed | 1.10 s[##################                      ] | 45% Completed | 1.20 s[###################                     ] | 49% Completed | 1.30 s[#####################                   ] | 54% Completed | 1.40 s[#######################                 ] | 59% Completed | 1.50 s[#########################               ] | 64% Completed | 1.60 s[###########################             ] | 68% Completed | 1.70 s[#############################           ] | 73% Completed | 1.80 s[###############################         ] | 78% Completed | 1.90 s[#################################       ] | 82% Completed | 2.00 s[##################################      ] | 87% Completed | 2.10 s[####################################    ] | 91% Completed | 2.20 s[######################################  ] | 96% Completed | 2.30 s[########################################] | 100% Completed | 2.40 s
[38;5;23m2026-01-21 17:49:28[39m | [38;5;23mINFO[39m | Performing DMR calling (control vs mutant)[39m
[38;5;23m2026-01-21 17:49:29[39m | [33mWARNING[39m | [33mExtra columns detected: Index(['Annotation', 'Name'], dtype='object'). These will be retained but are not validated.[39m
[38;5;23m2026-01-21 17:49:29[39m | [38;5;23mINFO[39m | Writing DMRs to /expanse/lustre/projects/csd940/zalibhai/biomodal/modality/outputs_CHG/Results/gencode.vM25.mouse.promoters.annotation/DMR_20260121_174906/DMR_hmc_control__mutant_20260121_174906.bed.
Columns are :
`Chromosome Start End Name Score Strand num_contexts mean_coverage_across_samples mean_mod_group_1mean_mod_group_2 mod_fold_change mod_difference test_statistic dmr_pvalue dmr_qvalue
Please note that:
 - Name, Score, Strand are not used and are set to `.` for compatibility with pyranges
[39m
[38;5;23m2026-01-21 17:49:29[39m  [1m[38;5;154mDMR calling completed successfully! Outputs saved to: /expanse/lustre/projects/csd940/zalibhai/biomodal/modality/outputs_CHG/Results/gencode.vM25.mouse.promoters.annotation[39m
[38;5;23m2026-01-21 17:49:29[39m | [38;5;23mINFO[39m | DMR track configuration files saved successfully.[39m
[38;5;23m2026-01-21 17:49:29[39m  Wrote provenance sidecar file to /expanse/lustre/projects/csd940/zalibhai/biomodal/modality/outputs_CHG/Results/gencode.vM25.mouse.promoters.annotation/DMR_20260121_174906/modality_metadata_20260121_174929.json[39m
/expanse/lustre/projects/csd940/zalibhai/biomodal/modality/outputs_CHG/Results/gencode.vM25.mouse.promoters.annotation/DMR_20260121_174906/DMR_mc_control__mutant_20260121_174906.bed /expanse/lustre/projects/csd940/zalibhai/biomodal/modality/outputs_CHG/Results/gencode.vM25.mouse.promoters.annotation/DMR_20260121_174906/DMR_hmc_control__mutant_20260121_174906.bed
[INFO] 2026-01-21 17:49:29 - DMR calling completed for /expanse/lustre/projects/csd940/zalibhai/biomodal/modality/mm10/gencode.vM25.mouse.promoters.annotation.bed.gz
[INFO] 2026-01-21 17:49:29 - Running DMR calling on region file: /expanse/lustre/projects/csd940/zalibhai/biomodal/modality/mm10/gencode.vM25.mouse.tss_region.annotation.bed.gz
Logged in using stored credentials
[38;5;23m2026-01-21 17:49:33[39m  [1m[38;5;123mProvenance information:[39m
[38;5;23m2026-01-21 17:49:33[39m  cmd='/home/zalibhai/miniforge3/envs/modality/bin/modality -v dmr call --zarr-path /expanse/lustre/projects/csd940/zalibhai/biomodal/evoC-run/output/duet-1.5.0_evoC_Bap1_run_6bp/sample_outputs/zarr_store/CHG/evoC_Bap1_run.genome.GRCm38_primary_assembly.dedup.CHG.zarrz --sample-sheet /expanse/lustre/projects/csd940/zalibhai/biomodal/modality/metadata.tsv --condition-array-name condition --methylation-contexts num_mc num_hmc --bedfile /expanse/lustre/projects/csd940/zalibhai/biomodal/modality/mm10/gencode.vM25.mouse.tss_region.annotation.bed.gz --filter-context-depth 10 --condition-order control mutant --output-dir /expanse/lustre/projects/csd940/zalibhai/biomodal/modality/outputs_CHG/Results/gencode.vM25.mouse.tss_region.annotation'
timestamp=2026-01-21T17:49:33.757269
version=1.0.0
user=zalibhai

[39m
[38;5;23m2026-01-21 17:49:33[39m  [1m[38;5;123mStarting differential methylation analysis:[39m
[38;5;23m2026-01-21 17:49:33[39m  [38;5;248mZarr path(s)[39m: ['/expanse/lustre/projects/csd940/zalibhai/biomodal/evoC-run/output/duet-1.5.0_evoC_Bap1_run_6bp/sample_outputs/zarr_store/CHG/evoC_Bap1_run.genome.GRCm38_primary_assembly.dedup.CHG.zarrz'][39m
[38;5;23m2026-01-21 17:49:33[39m  [38;5;248mSample Sheet[39m: /expanse/lustre/projects/csd940/zalibhai/biomodal/modality/metadata.tsv[39m
[38;5;23m2026-01-21 17:49:33[39m  [38;5;248mCondition Array Name[39m: condition[39m
[38;5;23m2026-01-21 17:49:33[39m  [38;5;248mMethylation Contexts[39m: ['num_mc', 'num_hmc'][39m
[38;5;23m2026-01-21 17:49:33[39m  [38;5;248mBedfile[39m: /expanse/lustre/projects/csd940/zalibhai/biomodal/modality/mm10/gencode.vM25.mouse.tss_region.annotation.bed.gz[39m
[38;5;23m2026-01-21 17:49:33[39m  [38;5;248mMin Coverage[39m: 10[39m
[38;5;23m2026-01-21 17:49:33[39m  [38;5;248mCondition Order[39m: ['control', 'mutant'][39m
[38;5;23m2026-01-21 17:49:33[39m  [38;5;248mOutput Dir[39m: /expanse/lustre/projects/csd940/zalibhai/biomodal/modality/outputs_CHG/Results/gencode.vM25.mouse.tss_region.annotation[39m
[38;5;23m2026-01-21 17:49:33[39m  [38;5;248mWindow Size[39m: None[39m
[38;5;23m2026-01-21 17:49:33[39m  [38;5;248mCovariates[39m: [][39m
[38;5;23m2026-01-21 17:49:33[39m  [38;5;248mNum Contexts[39m: 0[39m
[38;5;23m2026-01-21 17:49:33[39m  [38;5;248mRegion[39m: None[39m
[38;5;23m2026-01-21 17:49:33[39m  [38;5;248mOverdispersion[39m: False[39m
[38;5;23m2026-01-21 17:49:33[39m  [38;5;248mStatistical Test[39m: wald[39m
[38;5;23m2026-01-21 17:49:33[39m  [38;5;248mDisable Strand Merging[39m: False[39m
[38;5;23m2026-01-21 17:49:33[39m  [38;5;248mCompress[39m: False[39m
[38;5;23m2026-01-21 17:49:33[39m | [38;5;23mINFO[39m | Loading Zarr dataset...[39m
[38;5;23m2026-01-21 17:49:48[39m | [38;5;23mINFO[39m | Starting DMR calling process, this could take a few minutes...[39m
[38;5;23m2026-01-21 17:49:48[39m | [38;5;23mINFO[39m | Aligning sample sheet with dataset...[39m
[                                        ] | 0% Completed | 1.10 s[                                        ] | 0% Completed | 1.21 s[                                        ] | 0% Completed | 1.38 s[                                        ] | 0% Completed | 1.62 s[                                        ] | 0% Completed | 1.72 s[                                        ] | 1% Completed | 1.82 s[#                                       ] | 2% Completed | 1.92 s[#                                       ] | 3% Completed | 2.02 s[#                                       ] | 4% Completed | 2.12 s[##                                      ] | 5% Completed | 2.22 s[##                                      ] | 6% Completed | 2.32 s[##                                      ] | 7% Completed | 2.42 s[###                                     ] | 8% Completed | 2.52 s[###                                     ] | 9% Completed | 2.62 s[####                                    ] | 10% Completed | 2.72 s[####                                    ] | 10% Completed | 2.82 s[####                                    ] | 11% Completed | 2.92 s[#####                                   ] | 12% Completed | 3.02 s[#####                                   ] | 13% Completed | 3.12 s[#####                                   ] | 14% Completed | 3.22 s[######                                  ] | 15% Completed | 3.32 s[######                                  ] | 16% Completed | 3.42 s[#######                                 ] | 17% Completed | 3.52 s[#######                                 ] | 18% Completed | 3.62 s[#######                                 ] | 19% Completed | 3.73 s[########                                ] | 20% Completed | 3.83 s[########                                ] | 21% Completed | 3.93 s[########                                ] | 22% Completed | 4.03 s[#########                               ] | 23% Completed | 4.13 s[#########                               ] | 24% Completed | 4.23 s[##########                              ] | 25% Completed | 4.33 s[##########                              ] | 26% Completed | 4.43 s[##########                              ] | 27% Completed | 4.53 s[###########                             ] | 28% Completed | 4.63 s[###########                             ] | 29% Completed | 4.73 s[###########                             ] | 29% Completed | 4.83 s[############                            ] | 30% Completed | 4.93 s[############                            ] | 31% Completed | 5.03 s[#############                           ] | 32% Completed | 5.13 s[#############                           ] | 33% Completed | 5.23 s[#############                           ] | 34% Completed | 5.33 s[##############                          ] | 35% Completed | 5.43 s[##############                          ] | 36% Completed | 5.53 s[###############                         ] | 37% Completed | 5.63 s[###############                         ] | 38% Completed | 5.73 s[###############                         ] | 39% Completed | 5.83 s[################                        ] | 40% Completed | 5.93 s[################                        ] | 41% Completed | 6.03 s[################                        ] | 42% Completed | 6.13 s[#################                       ] | 43% Completed | 6.23 s[#################                       ] | 44% Completed | 6.33 s[##################                      ] | 45% Completed | 6.43 s[##################                      ] | 46% Completed | 6.53 s[##################                      ] | 47% Completed | 6.63 s[###################                     ] | 47% Completed | 6.73 s[###################                     ] | 48% Completed | 6.83 s[###################                     ] | 49% Completed | 6.93 s[####################                    ] | 50% Completed | 7.03 s[####################                    ] | 51% Completed | 7.13 s[#####################                   ] | 52% Completed | 7.23 s[#####################                   ] | 53% Completed | 7.33 s[#####################                   ] | 54% Completed | 7.43 s[######################                  ] | 55% Completed | 7.53 s[######################                  ] | 56% Completed | 7.63 s[######################                  ] | 57% Completed | 7.73 s[#######################                 ] | 58% Completed | 7.83 s[#######################                 ] | 59% Completed | 7.93 s[########################                ] | 60% Completed | 8.03 s[########################                ] | 61% Completed | 8.13 s[########################                ] | 62% Completed | 8.23 s[#########################               ] | 63% Completed | 8.33 s[#########################               ] | 64% Completed | 8.43 s[##########################              ] | 65% Completed | 8.53 s[##########################              ] | 65% Completed | 8.63 s[##########################              ] | 66% Completed | 8.73 s[###########################             ] | 67% Completed | 8.83 s[###########################             ] | 68% Completed | 8.93 s[###########################             ] | 69% Completed | 9.03 s[############################            ] | 70% Completed | 9.13 s[############################            ] | 71% Completed | 9.23 s[#############################           ] | 72% Completed | 9.33 s[#############################           ] | 73% Completed | 9.43 s[#############################           ] | 74% Completed | 9.53 s[##############################          ] | 75% Completed | 9.63 s[##############################          ] | 76% Completed | 9.73 s[###############################         ] | 77% Completed | 9.83 s[###############################         ] | 78% Completed | 9.93 s[########################################] | 100% Completed | 10.35 s
[38;5;23m2026-01-21 17:50:00[39m | [38;5;23mINFO[39m | filtering low coverage contexts (this may take multiple steps)...[39m
[##########                              ] | 27% Completed | 1.00 s[############                            ] | 30% Completed | 1.10 s[#############                           ] | 33% Completed | 1.20 s[##############                          ] | 36% Completed | 1.30 s[###############                         ] | 39% Completed | 1.40 s[#################                       ] | 42% Completed | 1.50 s[##################                      ] | 45% Completed | 1.60 s[###################                     ] | 49% Completed | 1.70 s[####################                    ] | 52% Completed | 1.80 s[######################                  ] | 55% Completed | 1.90 s[#######################                 ] | 58% Completed | 2.00 s[########################                ] | 61% Completed | 2.10 s[#########################               ] | 63% Completed | 2.20 s[##########################              ] | 66% Completed | 2.30 s[###########################             ] | 68% Completed | 2.40 s[############################            ] | 70% Completed | 2.50 s[#############################           ] | 72% Completed | 2.60 s[#############################           ] | 74% Completed | 2.70 s[##############################          ] | 76% Completed | 2.80 s[###############################         ] | 78% Completed | 2.90 s[###############################         ] | 79% Completed | 3.00 s[################################        ] | 81% Completed | 3.10 s[#################################       ] | 83% Completed | 3.20 s[##################################      ] | 85% Completed | 3.30 s[##################################      ] | 86% Completed | 3.40 s[###################################     ] | 88% Completed | 3.50 s[####################################    ] | 90% Completed | 3.60 s[####################################    ] | 91% Completed | 3.70 s[#####################################   ] | 93% Completed | 3.80 s[######################################  ] | 95% Completed | 3.91 s[######################################  ] | 97% Completed | 4.01 s[####################################### ] | 98% Completed | 4.11 s[########################################] | 100% Completed | 4.21 s
[                                        ] | 0% Completed | 1.00 s[                                        ] | 0% Completed | 1.10 s[                                        ] | 0% Completed | 1.20 s[                                        ] | 0% Completed | 1.30 s[                                        ] | 0% Completed | 1.40 s[                                        ] | 0% Completed | 1.50 s[                                        ] | 0% Completed | 1.60 s[                                        ] | 0% Completed | 1.70 s[                                        ] | 0% Completed | 1.80 s[                                        ] | 0% Completed | 1.90 s[                                        ] | 0% Completed | 2.00 s[                                        ] | 0% Completed | 2.10 s[                                        ] | 0% Completed | 2.20 s[                                        ] | 0% Completed | 2.30 s[                                        ] | 0% Completed | 2.40 s[                                        ] | 0% Completed | 2.50 s[                                        ] | 0% Completed | 2.60 s[                                        ] | 0% Completed | 2.70 s[                                        ] | 0% Completed | 2.80 s[                                        ] | 0% Completed | 2.90 s[                                        ] | 0% Completed | 3.00 s[                                        ] | 0% Completed | 3.10 s[                                        ] | 0% Completed | 3.20 s[                                        ] | 0% Completed | 3.30 s[                                        ] | 0% Completed | 3.40 s[                                        ] | 0% Completed | 3.50 s[                                        ] | 0% Completed | 3.60 s[                                        ] | 0% Completed | 3.70 s[                                        ] | 0% Completed | 3.80 s[                                        ] | 0% Completed | 3.90 s[                                        ] | 0% Completed | 4.00 s[                                        ] | 0% Completed | 4.10 s[                                        ] | 0% Completed | 4.20 s[                                        ] | 0% Completed | 4.30 s[                                        ] | 0% Completed | 4.40 s[                                        ] | 0% Completed | 4.50 s[                                        ] | 0% Completed | 4.60 s[                                        ] | 0% Completed | 4.70 s[                                        ] | 0% Completed | 4.80 s[                                        ] | 0% Completed | 4.90 s[                                        ] | 0% Completed | 5.00 s[                                        ] | 0% Completed | 5.10 s[                                        ] | 0% Completed | 5.20 s[                                        ] | 0% Completed | 5.30 s[                                        ] | 0% Completed | 5.41 s[                                        ] | 0% Completed | 5.51 s[                                        ] | 0% Completed | 5.61 s[                                        ] | 0% Completed | 5.71 s[                                        ] | 0% Completed | 5.81 s[                                        ] | 0% Completed | 5.91 s[                                        ] | 0% Completed | 6.01 s[                                        ] | 0% Completed | 6.11 s[                                        ] | 0% Completed | 6.21 s[                                        ] | 0% Completed | 6.31 s[                                        ] | 0% Completed | 6.41 s[                                        ] | 0% Completed | 6.51 s[                                        ] | 0% Completed | 6.61 s[                                        ] | 0% Completed | 6.71 s[                                        ] | 0% Completed | 6.81 s[                                        ] | 0% Completed | 6.91 s[                                        ] | 0% Completed | 7.01 s[                                        ] | 0% Completed | 7.11 s[                                        ] | 0% Completed | 7.21 s[                                        ] | 0% Completed | 7.31 s[                                        ] | 0% Completed | 7.41 s[                                        ] | 0% Completed | 7.51 s[                                        ] | 0% Completed | 7.61 s[                                        ] | 0% Completed | 7.71 s[                                        ] | 0% Completed | 7.81 s[                                        ] | 0% Completed | 7.91 s[                                        ] | 0% Completed | 8.01 s[                                        ] | 0% Completed | 8.11 s[                                        ] | 0% Completed | 8.21 s[                                        ] | 0% Completed | 8.31 s[                                        ] | 0% Completed | 8.41 s[                                        ] | 0% Completed | 8.51 s[                                        ] | 0% Completed | 8.61 s[                                        ] | 0% Completed | 8.71 s[                                        ] | 0% Completed | 8.81 s[                                        ] | 0% Completed | 8.91 s[                                        ] | 0% Completed | 9.01 s[                                        ] | 0% Completed | 9.11 s[                                        ] | 0% Completed | 9.21 s[                                        ] | 0% Completed | 9.31 s[                                        ] | 0% Completed | 9.41 s[                                        ] | 0% Completed | 9.51 s[                                        ] | 0% Completed | 9.61 s[                                        ] | 0% Completed | 9.71 s[                                        ] | 0% Completed | 9.81 s[                                        ] | 0% Completed | 9.91 s[                                        ] | 0% Completed | 10.01 s[                                        ] | 0% Completed | 10.11 s[                                        ] | 0% Completed | 10.21 s[                                        ] | 0% Completed | 10.31 s[                                        ] | 0% Completed | 10.41 s[                                        ] | 0% Completed | 10.51 s[                                        ] | 0% Completed | 10.61 s[                                        ] | 0% Completed | 10.71 s[                                        ] | 0% Completed | 10.81 s[                                        ] | 0% Completed | 10.91 s[                                        ] | 0% Completed | 11.01 s[                                        ] | 0% Completed | 11.11 s[                                        ] | 0% Completed | 11.21 s[                                        ] | 0% Completed | 11.31 s[                                        ] | 0% Completed | 11.41 s[                                        ] | 0% Completed | 11.51 s[                                        ] | 0% Completed | 11.61 s[                                        ] | 0% Completed | 11.71 s[                                        ] | 0% Completed | 11.81 s[                                        ] | 0% Completed | 11.91 s[                                        ] | 0% Completed | 12.01 s[                                        ] | 0% Completed | 12.11 s[                                        ] | 0% Completed | 12.21 s[                                        ] | 0% Completed | 12.31 s[                                        ] | 0% Completed | 12.41 s[                                        ] | 0% Completed | 12.51 s[                                        ] | 0% Completed | 12.61 s[                                        ] | 0% Completed | 12.71 s[                                        ] | 0% Completed | 12.81 s[                                        ] | 0% Completed | 12.91 s[                                        ] | 0% Completed | 13.01 s[                                        ] | 0% Completed | 13.11 s[                                        ] | 0% Completed | 13.21 s[                                        ] | 0% Completed | 13.31 s[                                        ] | 0% Completed | 13.41 s[                                        ] | 0% Completed | 13.51 s[                                        ] | 0% Completed | 13.61 s[                                        ] | 0% Completed | 13.71 s[                                        ] | 0% Completed | 13.81 s[                                        ] | 0% Completed | 13.91 s[                                        ] | 0% Completed | 14.01 s[                                        ] | 0% Completed | 14.11 s[                                        ] | 0% Completed | 14.21 s[                                        ] | 0% Completed | 14.31 s[                                        ] | 0% Completed | 14.41 s[                                        ] | 0% Completed | 14.51 s[                                        ] | 0% Completed | 14.61 s[                                        ] | 0% Completed | 14.71 s[                                        ] | 0% Completed | 14.81 s[                                        ] | 0% Completed | 14.91 s[                                        ] | 0% Completed | 15.01 s[                                        ] | 0% Completed | 15.11 s[                                        ] | 0% Completed | 15.21 s[                                        ] | 0% Completed | 15.31 s[                                        ] | 0% Completed | 15.41 s[                                        ] | 0% Completed | 15.51 s[                                        ] | 0% Completed | 15.61 s[                                        ] | 0% Completed | 15.71 s[                                        ] | 0% Completed | 15.81 s[                                        ] | 0% Completed | 15.91 s[                                        ] | 0% Completed | 16.01 s[                                        ] | 0% Completed | 16.11 s[                                        ] | 0% Completed | 16.21 s[                                        ] | 0% Completed | 16.32 s[                                        ] | 0% Completed | 16.42 s[                                        ] | 0% Completed | 16.52 s[                                        ] | 0% Completed | 16.62 s[                                        ] | 0% Completed | 16.72 s[                                        ] | 0% Completed | 16.82 s[                                        ] | 0% Completed | 16.92 s[                                        ] | 0% Completed | 17.02 s[                                        ] | 0% Completed | 17.12 s[                                        ] | 0% Completed | 17.22 s[                                        ] | 0% Completed | 17.32 s[                                        ] | 0% Completed | 17.42 s[                                        ] | 0% Completed | 17.52 s[                                        ] | 0% Completed | 17.62 s[                                        ] | 0% Completed | 17.72 s[                                        ] | 0% Completed | 17.82 s[                                        ] | 0% Completed | 17.92 s[                                        ] | 0% Completed | 18.02 s[                                        ] | 0% Completed | 18.12 s[                                        ] | 0% Completed | 18.22 s[                                        ] | 0% Completed | 18.32 s[                                        ] | 0% Completed | 18.42 s[                                        ] | 0% Completed | 18.52 s[                                        ] | 0% Completed | 18.62 s[                                        ] | 0% Completed | 18.72 s[                                        ] | 0% Completed | 18.82 s[                                        ] | 0% Completed | 18.92 s[                                        ] | 0% Completed | 19.02 s[                                        ] | 0% Completed | 19.12 s[                                        ] | 0% Completed | 19.22 s[                                        ] | 0% Completed | 19.32 s[                                        ] | 0% Completed | 19.42 s[                                        ] | 0% Completed | 19.52 s[                                        ] | 0% Completed | 19.62 s[                                        ] | 0% Completed | 19.72 s[                                        ] | 0% Completed | 19.82 s[                                        ] | 0% Completed | 19.92 s[                                        ] | 0% Completed | 20.02 s[                                        ] | 0% Completed | 20.12 s[                                        ] | 0% Completed | 20.22 s[                                        ] | 0% Completed | 20.32 s[                                        ] | 0% Completed | 20.42 s[                                        ] | 0% Completed | 20.52 s[                                        ] | 0% Completed | 20.62 s[                                        ] | 0% Completed | 20.72 s[                                        ] | 0% Completed | 20.82 s[                                        ] | 0% Completed | 20.93 s[                                        ] | 0% Completed | 21.03 s[########################################] | 100% Completed | 21.13 s
[                                        ] | 0% Completed | 1.02 s[                                        ] | 0% Completed | 1.13 s[                                        ] | 0% Completed | 1.37 s[                                        ] | 0% Completed | 1.49 s[                                        ] | 0% Completed | 1.60 s[                                        ] | 0% Completed | 1.71 s[                                        ] | 0% Completed | 1.82 s[                                        ] | 0% Completed | 1.93 s[                                        ] | 0% Completed | 2.04 s[                                        ] | 0% Completed | 2.15 s[                                        ] | 0% Completed | 2.26 s[                                        ] | 0% Completed | 2.37 s[                                        ] | 0% Completed | 2.48 s[                                        ] | 0% Completed | 2.59 s[                                        ] | 0% Completed | 2.70 s[                                        ] | 0% Completed | 2.97 s[                                        ] | 0% Completed | 3.07 s[                                        ] | 1% Completed | 3.17 s[                                        ] | 2% Completed | 3.27 s[#                                       ] | 3% Completed | 3.37 s[##                                      ] | 5% Completed | 3.47 s[##                                      ] | 6% Completed | 3.57 s[###                                     ] | 8% Completed | 3.67 s[###                                     ] | 9% Completed | 3.77 s[####                                    ] | 10% Completed | 3.87 s[####                                    ] | 12% Completed | 3.97 s[#####                                   ] | 13% Completed | 4.08 s[######                                  ] | 15% Completed | 4.18 s[######                                  ] | 16% Completed | 4.28 s[#######                                 ] | 18% Completed | 4.38 s[#######                                 ] | 19% Completed | 4.48 s[########                                ] | 21% Completed | 4.58 s[#########                               ] | 22% Completed | 4.68 s[#########                               ] | 24% Completed | 4.78 s[##########                              ] | 25% Completed | 4.88 s[##########                              ] | 27% Completed | 4.98 s[###########                             ] | 28% Completed | 5.08 s[############                            ] | 30% Completed | 5.18 s[############                            ] | 31% Completed | 5.28 s[#############                           ] | 33% Completed | 5.38 s[#############                           ] | 34% Completed | 5.48 s[##############                          ] | 35% Completed | 5.58 s[##############                          ] | 37% Completed | 5.68 s[###############                         ] | 38% Completed | 5.78 s[################                        ] | 40% Completed | 5.88 s[################                        ] | 41% Completed | 5.98 s[#################                       ] | 43% Completed | 6.08 s[#################                       ] | 44% Completed | 6.18 s[##################                      ] | 46% Completed | 6.28 s[###################                     ] | 47% Completed | 6.38 s[###################                     ] | 49% Completed | 6.48 s[####################                    ] | 50% Completed | 6.58 s[####################                    ] | 52% Completed | 6.68 s[#####################                   ] | 53% Completed | 6.78 s[######################                  ] | 55% Completed | 6.88 s[######################                  ] | 56% Completed | 6.98 s[#######################                 ] | 57% Completed | 7.08 s[#######################                 ] | 59% Completed | 7.18 s[########################                ] | 60% Completed | 7.28 s[########################                ] | 62% Completed | 7.38 s[#########################               ] | 63% Completed | 7.48 s[##########################              ] | 65% Completed | 7.58 s[##########################              ] | 66% Completed | 7.68 s[###########################             ] | 68% Completed | 7.78 s[###########################             ] | 69% Completed | 7.88 s[############################            ] | 71% Completed | 7.98 s[#############################           ] | 72% Completed | 8.08 s[#############################           ] | 73% Completed | 8.18 s[##############################          ] | 75% Completed | 8.28 s[##############################          ] | 76% Completed | 8.38 s[###############################         ] | 78% Completed | 8.48 s[###############################         ] | 79% Completed | 8.58 s[########################################] | 100% Completed | 8.93 s
[########                                ] | 20% Completed | 1.03 s[#########                               ] | 22% Completed | 1.13 s[#########                               ] | 24% Completed | 1.23 s[##########                              ] | 27% Completed | 1.33 s[###########                             ] | 29% Completed | 1.43 s[############                            ] | 31% Completed | 1.53 s[#############                           ] | 34% Completed | 1.63 s[##############                          ] | 36% Completed | 1.73 s[###############                         ] | 39% Completed | 1.83 s[#################                       ] | 42% Completed | 1.93 s[##################                      ] | 45% Completed | 2.03 s[###################                     ] | 48% Completed | 2.13 s[####################                    ] | 51% Completed | 2.23 s[#####################                   ] | 54% Completed | 2.33 s[######################                  ] | 57% Completed | 2.43 s[########################                ] | 60% Completed | 2.53 s[#########################               ] | 62% Completed | 2.63 s[##########################              ] | 65% Completed | 2.73 s[###########################             ] | 67% Completed | 2.83 s[############################            ] | 70% Completed | 2.93 s[############################            ] | 72% Completed | 3.03 s[#############################           ] | 74% Completed | 3.13 s[###############################         ] | 77% Completed | 3.23 s[################################        ] | 80% Completed | 3.33 s[#################################       ] | 83% Completed | 3.43 s[##################################      ] | 86% Completed | 3.53 s[###################################     ] | 89% Completed | 3.63 s[####################################    ] | 92% Completed | 3.73 s[######################################  ] | 95% Completed | 3.83 s[####################################### ] | 98% Completed | 3.93 s[########################################] | 100% Completed | 4.03 s
[#########                               ] | 24% Completed | 1.00 s[##########                              ] | 27% Completed | 1.10 s[###########                             ] | 29% Completed | 1.20 s[############                            ] | 32% Completed | 1.30 s[#############                           ] | 34% Completed | 1.40 s[##############                          ] | 37% Completed | 1.50 s[###############                         ] | 39% Completed | 1.60 s[#################                       ] | 42% Completed | 1.70 s[##################                      ] | 45% Completed | 1.80 s[###################                     ] | 47% Completed | 1.90 s[####################                    ] | 50% Completed | 2.00 s[#####################                   ] | 52% Completed | 2.10 s[######################                  ] | 55% Completed | 2.20 s[#######################                 ] | 58% Completed | 2.30 s[########################                ] | 60% Completed | 2.40 s[#########################               ] | 63% Completed | 2.50 s[##########################              ] | 66% Completed | 2.60 s[###########################             ] | 68% Completed | 2.70 s[############################            ] | 71% Completed | 2.80 s[#############################           ] | 73% Completed | 2.90 s[##############################          ] | 76% Completed | 3.00 s[###############################         ] | 78% Completed | 3.10 s[################################        ] | 81% Completed | 3.20 s[#################################       ] | 84% Completed | 3.30 s[###################################     ] | 87% Completed | 3.40 s[####################################    ] | 90% Completed | 3.50 s[#####################################   ] | 93% Completed | 3.60 s[######################################  ] | 96% Completed | 3.70 s[####################################### ] | 99% Completed | 3.80 s[########################################] | 100% Completed | 3.90 s
[38;5;23m2026-01-21 17:50:54[39m | [38;5;23mINFO[39m | Aggregating dataset for DMR calling (this may take multiple steps)...[39m
[38;5;23m2026-01-21 17:50:54[39m | [38;5;23mINFO[39m | Adding Ranges_ID column to validate merging.[39m
[#######                                 ] | 18% Completed | 1.05 s[########                                ] | 21% Completed | 1.15 s[#########                               ] | 24% Completed | 1.25 s[##########                              ] | 27% Completed | 1.35 s[###########                             ] | 29% Completed | 1.45 s[#############                           ] | 32% Completed | 1.55 s[##############                          ] | 35% Completed | 1.65 s[###############                         ] | 38% Completed | 1.75 s[################                        ] | 41% Completed | 1.85 s[#################                       ] | 43% Completed | 1.95 s[##################                      ] | 46% Completed | 2.05 s[###################                     ] | 49% Completed | 2.15 s[####################                    ] | 52% Completed | 2.25 s[######################                  ] | 55% Completed | 2.35 s[#######################                 ] | 58% Completed | 2.45 s[########################                ] | 60% Completed | 2.55 s[#########################               ] | 63% Completed | 2.65 s[##########################              ] | 66% Completed | 2.75 s[###########################             ] | 69% Completed | 2.86 s[############################            ] | 72% Completed | 2.96 s[##############################          ] | 75% Completed | 3.06 s[###############################         ] | 78% Completed | 3.16 s[################################        ] | 81% Completed | 3.26 s[#################################       ] | 83% Completed | 3.36 s[##################################      ] | 87% Completed | 3.46 s[####################################    ] | 91% Completed | 3.56 s[######################################  ] | 95% Completed | 3.66 s[####################################### ] | 99% Completed | 3.76 s[########################################] | 100% Completed | 3.86 s
[######                                  ] | 17% Completed | 1.00 s[#######                                 ] | 19% Completed | 1.10 s[########                                ] | 21% Completed | 1.20 s[#########                               ] | 23% Completed | 1.30 s[##########                              ] | 25% Completed | 1.40 s[###########                             ] | 27% Completed | 1.50 s[###########                             ] | 29% Completed | 1.60 s[############                            ] | 32% Completed | 1.70 s[#############                           ] | 34% Completed | 1.80 s[##############                          ] | 36% Completed | 1.90 s[###############                         ] | 38% Completed | 2.00 s[################                        ] | 40% Completed | 2.10 s[#################                       ] | 42% Completed | 2.20 s[#################                       ] | 44% Completed | 2.30 s[##################                      ] | 47% Completed | 2.40 s[###################                     ] | 49% Completed | 2.50 s[####################                    ] | 51% Completed | 2.60 s[#####################                   ] | 53% Completed | 2.70 s[######################                  ] | 55% Completed | 2.81 s[#######################                 ] | 57% Completed | 2.91 s[#######################                 ] | 59% Completed | 3.01 s[########################                ] | 62% Completed | 3.11 s[#########################               ] | 64% Completed | 3.21 s[##########################              ] | 67% Completed | 3.31 s[###########################             ] | 69% Completed | 3.41 s[############################            ] | 71% Completed | 3.51 s[#############################           ] | 74% Completed | 3.61 s[###############################         ] | 77% Completed | 3.71 s[################################        ] | 81% Completed | 3.81 s[##################################      ] | 85% Completed | 3.91 s[###################################     ] | 88% Completed | 4.01 s[#####################################   ] | 92% Completed | 4.11 s[######################################  ] | 96% Completed | 4.21 s[########################################] | 100% Completed | 4.31 s
[38;5;23m2026-01-21 17:51:21[39m | [38;5;23mINFO[39m | Performing DMR calling (control vs mutant)[39m
[38;5;23m2026-01-21 17:51:21[39m | [33mWARNING[39m | [33mExtra columns detected: Index(['Annotation', 'Name'], dtype='object'). These will be retained but are not validated.[39m
[38;5;23m2026-01-21 17:51:21[39m | [38;5;23mINFO[39m | Writing DMRs to /expanse/lustre/projects/csd940/zalibhai/biomodal/modality/outputs_CHG/Results/gencode.vM25.mouse.tss_region.annotation/DMR_20260121_175121/DMR_mc_control__mutant_20260121_175121.bed.
Columns are :
`Chromosome Start End Name Score Strand num_contexts mean_coverage_across_samples mean_mod_group_1mean_mod_group_2 mod_fold_change mod_difference test_statistic dmr_pvalue dmr_qvalue
Please note that:
 - Name, Score, Strand are not used and are set to `.` for compatibility with pyranges
[39m
[38;5;23m2026-01-21 17:51:21[39m | [38;5;23mINFO[39m | Aggregating dataset for DMR calling (this may take multiple steps)...[39m
[#########                               ] | 24% Completed | 1.01 s[##########                              ] | 27% Completed | 1.11 s[############                            ] | 30% Completed | 1.21 s[#############                           ] | 32% Completed | 1.31 s[##############                          ] | 35% Completed | 1.41 s[###############                         ] | 38% Completed | 1.51 s[################                        ] | 41% Completed | 1.61 s[#################                       ] | 44% Completed | 1.71 s[##################                      ] | 46% Completed | 1.81 s[###################                     ] | 49% Completed | 1.91 s[#####################                   ] | 52% Completed | 2.01 s[######################                  ] | 55% Completed | 2.11 s[#######################                 ] | 58% Completed | 2.21 s[########################                ] | 61% Completed | 2.31 s[#########################               ] | 63% Completed | 2.41 s[##########################              ] | 66% Completed | 2.51 s[###########################             ] | 69% Completed | 2.61 s[############################            ] | 72% Completed | 2.71 s[##############################          ] | 75% Completed | 2.81 s[###############################         ] | 78% Completed | 2.91 s[################################        ] | 80% Completed | 3.01 s[#################################       ] | 83% Completed | 3.11 s[##################################      ] | 86% Completed | 3.21 s[###################################     ] | 89% Completed | 3.31 s[####################################    ] | 92% Completed | 3.41 s[######################################  ] | 95% Completed | 3.51 s[####################################### ] | 97% Completed | 3.61 s[########################################] | 100% Completed | 3.71 s
[#####                                   ] | 14% Completed | 1.01 s[######                                  ] | 16% Completed | 1.11 s[#######                                 ] | 18% Completed | 1.21 s[########                                ] | 21% Completed | 1.31 s[#########                               ] | 23% Completed | 1.41 s[##########                              ] | 25% Completed | 1.51 s[##########                              ] | 27% Completed | 1.61 s[###########                             ] | 29% Completed | 1.71 s[############                            ] | 31% Completed | 1.81 s[#############                           ] | 33% Completed | 1.91 s[##############                          ] | 35% Completed | 2.01 s[###############                         ] | 38% Completed | 2.11 s[################                        ] | 40% Completed | 2.21 s[################                        ] | 42% Completed | 2.31 s[#################                       ] | 44% Completed | 2.41 s[##################                      ] | 46% Completed | 2.51 s[###################                     ] | 48% Completed | 2.61 s[####################                    ] | 50% Completed | 2.71 s[#####################                   ] | 52% Completed | 2.81 s[######################                  ] | 55% Completed | 2.91 s[######################                  ] | 57% Completed | 3.01 s[#######################                 ] | 59% Completed | 3.11 s[########################                ] | 61% Completed | 3.21 s[#########################               ] | 64% Completed | 3.31 s[##########################              ] | 66% Completed | 3.41 s[###########################             ] | 68% Completed | 3.51 s[############################            ] | 71% Completed | 3.61 s[#############################           ] | 74% Completed | 3.71 s[##############################          ] | 76% Completed | 3.81 s[###############################         ] | 79% Completed | 3.91 s[################################        ] | 82% Completed | 4.01 s[##################################      ] | 85% Completed | 4.11 s[###################################     ] | 87% Completed | 4.21 s[####################################    ] | 90% Completed | 4.31 s[#####################################   ] | 93% Completed | 4.41 s[######################################  ] | 96% Completed | 4.51 s[####################################### ] | 99% Completed | 4.61 s[########################################] | 100% Completed | 4.71 s
[38;5;23m2026-01-21 17:51:41[39m | [38;5;23mINFO[39m | Performing DMR calling (control vs mutant)[39m
[38;5;23m2026-01-21 17:51:42[39m | [33mWARNING[39m | [33mExtra columns detected: Index(['Annotation', 'Name'], dtype='object'). These will be retained but are not validated.[39m
[38;5;23m2026-01-21 17:51:42[39m | [38;5;23mINFO[39m | Writing DMRs to /expanse/lustre/projects/csd940/zalibhai/biomodal/modality/outputs_CHG/Results/gencode.vM25.mouse.tss_region.annotation/DMR_20260121_175121/DMR_hmc_control__mutant_20260121_175121.bed.
Columns are :
`Chromosome Start End Name Score Strand num_contexts mean_coverage_across_samples mean_mod_group_1mean_mod_group_2 mod_fold_change mod_difference test_statistic dmr_pvalue dmr_qvalue
Please note that:
 - Name, Score, Strand are not used and are set to `.` for compatibility with pyranges
[39m
[38;5;23m2026-01-21 17:51:42[39m  [1m[38;5;154mDMR calling completed successfully! Outputs saved to: /expanse/lustre/projects/csd940/zalibhai/biomodal/modality/outputs_CHG/Results/gencode.vM25.mouse.tss_region.annotation[39m
[38;5;23m2026-01-21 17:51:42[39m | [38;5;23mINFO[39m | DMR track configuration files saved successfully.[39m
[38;5;23m2026-01-21 17:51:42[39m  Wrote provenance sidecar file to /expanse/lustre/projects/csd940/zalibhai/biomodal/modality/outputs_CHG/Results/gencode.vM25.mouse.tss_region.annotation/DMR_20260121_175121/modality_metadata_20260121_175142.json[39m
/expanse/lustre/projects/csd940/zalibhai/biomodal/modality/outputs_CHG/Results/gencode.vM25.mouse.tss_region.annotation/DMR_20260121_175121/DMR_mc_control__mutant_20260121_175121.bed /expanse/lustre/projects/csd940/zalibhai/biomodal/modality/outputs_CHG/Results/gencode.vM25.mouse.tss_region.annotation/DMR_20260121_175121/DMR_hmc_control__mutant_20260121_175121.bed
[INFO] 2026-01-21 17:51:42 - DMR calling completed for /expanse/lustre/projects/csd940/zalibhai/biomodal/modality/mm10/gencode.vM25.mouse.tss_region.annotation.bed.gz
[INFO] 2026-01-21 17:51:42 - All DMR calling completed


=====================================
STEP 4: GENERATING DMR VISUALISATIONS
=====================================
[INFO] 2026-01-21 17:51:42 - Processing DMR visualisation for region: gencode.vM25.mouse.cpg_islands.annotation
[INFO] 2026-01-21 17:51:42 - Generating DMR plots for /expanse/lustre/projects/csd940/zalibhai/biomodal/modality/outputs_CHG/Results/gencode.vM25.mouse.cpg_islands.annotation/DMR_20260121_173641/DMR_hmc_control__mutant_20260121_173641.bed...
Logged in using stored credentials
[38;5;23m2026-01-21 17:51:48[39m  [1m[38;5;123mProvenance information:[39m
[38;5;23m2026-01-21 17:51:48[39m  cmd='/home/zalibhai/miniforge3/envs/modality/bin/modality -v dmr plot --dmr-results /expanse/lustre/projects/csd940/zalibhai/biomodal/modality/outputs_CHG/Results/gencode.vM25.mouse.cpg_islands.annotation/DMR_20260121_173641/DMR_hmc_control__mutant_20260121_173641.bed --output-dir /expanse/lustre/projects/csd940/zalibhai/biomodal/modality/outputs_CHG/Results/gencode.vM25.mouse.cpg_islands.annotation'
timestamp=2026-01-21T17:51:48.261090
version=1.0.0
user=zalibhai

[39m
[38;5;23m2026-01-21 17:51:48[39m  [1m[38;5;123mGenerating DMR plots:[39m
[38;5;23m2026-01-21 17:51:48[39m  [38;5;248mDmr Results[39m: ['/expanse/lustre/projects/csd940/zalibhai/biomodal/modality/outputs_CHG/Results/gencode.vM25.mouse.cpg_islands.annotation/DMR_20260121_173641/DMR_hmc_control__mutant_20260121_173641.bed'][39m
[38;5;23m2026-01-21 17:51:48[39m  [38;5;248mOutput Dir[39m: /expanse/lustre/projects/csd940/zalibhai/biomodal/modality/outputs_CHG/Results/gencode.vM25.mouse.cpg_islands.annotation[39m
[38;5;23m2026-01-21 17:51:48[39m  [38;5;248mFilter Qvalue[39m: None[39m
[38;5;23m2026-01-21 17:51:48[39m  [38;5;248mFilter Mod Difference[39m: None[39m
[38;5;23m2026-01-21 17:51:48[39m | [38;5;23mINFO[39m | Loading DMR file: /expanse/lustre/projects/csd940/zalibhai/biomodal/modality/outputs_CHG/Results/gencode.vM25.mouse.cpg_islands.annotation/DMR_20260121_173641/DMR_hmc_control__mutant_20260121_173641.bed[39m
[38;5;23m2026-01-21 17:51:48[39m | [33mWARNING[39m | [33mExtra columns detected: Index(['Annotation'], dtype='object'). These will be retained but are not validated.[39m
[38;5;23m2026-01-21 17:51:48[39m | [38;5;23mINFO[39m | Loaded DMR file with 36 rows[39m
[38;5;23m2026-01-21 17:51:48[39m | [38;5;23mINFO[39m | No filtering applied to DMRs[39m
[38;5;23m2026-01-21 17:51:48[39m | [38;5;23mINFO[39m | After filtering, DMR result has 36 rows[39m
[38;5;23m2026-01-21 17:51:48[39m | [38;5;23mINFO[39m | Data ranges - mod_difference: [-0.0009834836426576, 0.0004158004158004], min q-value: 0.0486237812507947[39m
[38;5;23m2026-01-21 17:51:48[39m | [38;5;23mINFO[39m | Preparing volcano plot data[39m
[38;5;23m2026-01-21 17:51:48[39m | [38;5;23mINFO[39m | Preparing histogram plot data[39m
[38;5;23m2026-01-21 17:51:48[39m | [38;5;23mINFO[39m | Histogram data for group 'CpG_island': 36 p-values[39m
[38;5;23m2026-01-21 17:51:48[39m | [38;5;23mINFO[39m | p-value range: [0.0013506605902998, 1.0][39m
[38;5;23m2026-01-21 17:51:48[39m | [38;5;23mINFO[39m | Volcano plot has 36 total points across 1 groups[39m
[38;5;23m2026-01-21 17:51:48[39m | [33mWARNING[39m | [33mExtra columns detected: Index(['Annotation'], dtype='object'). These will be retained but are not validated.[39m
[38;5;23m2026-01-21 17:51:48[39m | [38;5;23mINFO[39m | Generated DMR report: /expanse/lustre/projects/csd940/zalibhai/biomodal/modality/outputs_CHG/Results/gencode.vM25.mouse.cpg_islands.annotation/DMR_Report_20260121_175148/DMR_Report_hmc_control__mutant.dmr.volcano_20260121_175148.html[39m
[38;5;23m2026-01-21 17:51:48[39m | [38;5;23mINFO[39m | Generated 1 DMR reports.[39m
[38;5;23m2026-01-21 17:51:48[39m  [1m[38;5;154mDMR report successfully generated: /expanse/lustre/projects/csd940/zalibhai/biomodal/modality/outputs_CHG/Results/gencode.vM25.mouse.cpg_islands.annotation/DMR_Report_20260121_175148/DMR_Report_hmc_control__mutant.dmr.volcano_20260121_175148.html[39m
[38;5;23m2026-01-21 17:51:48[39m | [38;5;23mINFO[39m | No filtered DMR files were generated. Check your filter parameters.[39m
[38;5;23m2026-01-21 17:51:48[39m  Wrote provenance sidecar file to /expanse/lustre/projects/csd940/zalibhai/biomodal/modality/outputs_CHG/Results/gencode.vM25.mouse.cpg_islands.annotation/DMR_Report_20260121_175148/modality_metadata_20260121_175148.json[39m
Logged in using stored credentials
[38;5;23m2026-01-21 17:51:51[39m  [1m[38;5;123mProvenance information:[39m
[38;5;23m2026-01-21 17:51:51[39m  cmd='/home/zalibhai/miniforge3/envs/modality/bin/modality dmr plot --dmr-results /expanse/lustre/projects/csd940/zalibhai/biomodal/modality/outputs_CHG/Results/gencode.vM25.mouse.cpg_islands.annotation/DMR_20260121_173641/DMR_hmc_control__mutant_20260121_173641.bed --filter-qvalue 0.05 --output-dir /expanse/lustre/projects/csd940/zalibhai/biomodal/modality/outputs_CHG/Results/gencode.vM25.mouse.cpg_islands.annotation'
timestamp=2026-01-21T17:51:51.929129
version=1.0.0
user=zalibhai

[39m
[38;5;23m2026-01-21 17:51:51[39m  [1m[38;5;123mGenerating DMR plots:[39m
[38;5;23m2026-01-21 17:51:51[39m  [38;5;248mDmr Results[39m: ['/expanse/lustre/projects/csd940/zalibhai/biomodal/modality/outputs_CHG/Results/gencode.vM25.mouse.cpg_islands.annotation/DMR_20260121_173641/DMR_hmc_control__mutant_20260121_173641.bed'][39m
[38;5;23m2026-01-21 17:51:51[39m  [38;5;248mFilter Qvalue[39m: 0.05[39m
[38;5;23m2026-01-21 17:51:51[39m  [38;5;248mOutput Dir[39m: /expanse/lustre/projects/csd940/zalibhai/biomodal/modality/outputs_CHG/Results/gencode.vM25.mouse.cpg_islands.annotation[39m
[38;5;23m2026-01-21 17:51:51[39m  [38;5;248mFilter Mod Difference[39m: None[39m
[38;5;23m2026-01-21 17:51:51[39m | [33mWARNING[39m | [33mExtra columns detected: Index(['Annotation'], dtype='object'). These will be retained but are not validated.[39m
[38;5;23m2026-01-21 17:51:51[39m | [33mWARNING[39m | [33mExtra columns detected: Index(['Annotation'], dtype='object'). These will be retained but are not validated.[39m
[38;5;23m2026-01-21 17:51:51[39m | [33mWARNING[39m | [33mExtra columns detected: Index(['Annotation'], dtype='object'). These will be retained but are not validated.[39m
[38;5;23m2026-01-21 17:51:52[39m  [1m[38;5;154mDMR report successfully generated: /expanse/lustre/projects/csd940/zalibhai/biomodal/modality/outputs_CHG/Results/gencode.vM25.mouse.cpg_islands.annotation/DMR_Report_20260121_175151/DMR_Report_hmc_control__mutant.max_q_0_05.dmr.volcano_20260121_175151.html[39m
[38;5;23m2026-01-21 17:51:52[39m  [1m[38;5;154mFiltered DMR files saved: /expanse/lustre/projects/csd940/zalibhai/biomodal/modality/outputs_CHG/Results/gencode.vM25.mouse.cpg_islands.annotation/DMR_Report_20260121_175151/DMR_hmc_control__mutant_qval_0_05_filtered_20260121_175151.bed.gz[39m
[38;5;23m2026-01-21 17:51:52[39m  Wrote provenance sidecar file to /expanse/lustre/projects/csd940/zalibhai/biomodal/modality/outputs_CHG/Results/gencode.vM25.mouse.cpg_islands.annotation/DMR_Report_20260121_175151/modality_metadata_20260121_175152.json[39m
[INFO] 2026-01-21 17:51:52 - DMR plots generated for /expanse/lustre/projects/csd940/zalibhai/biomodal/modality/outputs_CHG/Results/gencode.vM25.mouse.cpg_islands.annotation/DMR_20260121_173641/DMR_hmc_control__mutant_20260121_173641.bed
[INFO] 2026-01-21 17:51:52 - Generating DMR plots for /expanse/lustre/projects/csd940/zalibhai/biomodal/modality/outputs_CHG/Results/gencode.vM25.mouse.cpg_islands.annotation/DMR_20260121_173641/DMR_mc_control__mutant_20260121_173641.bed...
Logged in using stored credentials
[38;5;23m2026-01-21 17:51:55[39m  [1m[38;5;123mProvenance information:[39m
[38;5;23m2026-01-21 17:51:55[39m  cmd='/home/zalibhai/miniforge3/envs/modality/bin/modality -v dmr plot --dmr-results /expanse/lustre/projects/csd940/zalibhai/biomodal/modality/outputs_CHG/Results/gencode.vM25.mouse.cpg_islands.annotation/DMR_20260121_173641/DMR_mc_control__mutant_20260121_173641.bed --output-dir /expanse/lustre/projects/csd940/zalibhai/biomodal/modality/outputs_CHG/Results/gencode.vM25.mouse.cpg_islands.annotation'
timestamp=2026-01-21T17:51:55.554053
version=1.0.0
user=zalibhai

[39m
[38;5;23m2026-01-21 17:51:55[39m  [1m[38;5;123mGenerating DMR plots:[39m
[38;5;23m2026-01-21 17:51:55[39m  [38;5;248mDmr Results[39m: ['/expanse/lustre/projects/csd940/zalibhai/biomodal/modality/outputs_CHG/Results/gencode.vM25.mouse.cpg_islands.annotation/DMR_20260121_173641/DMR_mc_control__mutant_20260121_173641.bed'][39m
[38;5;23m2026-01-21 17:51:55[39m  [38;5;248mOutput Dir[39m: /expanse/lustre/projects/csd940/zalibhai/biomodal/modality/outputs_CHG/Results/gencode.vM25.mouse.cpg_islands.annotation[39m
[38;5;23m2026-01-21 17:51:55[39m  [38;5;248mFilter Qvalue[39m: None[39m
[38;5;23m2026-01-21 17:51:55[39m  [38;5;248mFilter Mod Difference[39m: None[39m
[38;5;23m2026-01-21 17:51:55[39m | [38;5;23mINFO[39m | Loading DMR file: /expanse/lustre/projects/csd940/zalibhai/biomodal/modality/outputs_CHG/Results/gencode.vM25.mouse.cpg_islands.annotation/DMR_20260121_173641/DMR_mc_control__mutant_20260121_173641.bed[39m
[38;5;23m2026-01-21 17:51:55[39m | [33mWARNING[39m | [33mExtra columns detected: Index(['Annotation'], dtype='object'). These will be retained but are not validated.[39m
[38;5;23m2026-01-21 17:51:55[39m | [38;5;23mINFO[39m | Loaded DMR file with 36 rows[39m
[38;5;23m2026-01-21 17:51:55[39m | [38;5;23mINFO[39m | No filtering applied to DMRs[39m
[38;5;23m2026-01-21 17:51:55[39m | [38;5;23mINFO[39m | After filtering, DMR result has 36 rows[39m
[38;5;23m2026-01-21 17:51:55[39m | [38;5;23mINFO[39m | Data ranges - mod_difference: [-0.0178799434626293, 0.0064277763535397], min q-value: 0.0486237812507947[39m
[38;5;23m2026-01-21 17:51:55[39m | [38;5;23mINFO[39m | Preparing volcano plot data[39m
[38;5;23m2026-01-21 17:51:55[39m | [38;5;23mINFO[39m | Preparing histogram plot data[39m
[38;5;23m2026-01-21 17:51:55[39m | [38;5;23mINFO[39m | Histogram data for group 'CpG_island': 36 p-values[39m
[38;5;23m2026-01-21 17:51:55[39m | [38;5;23mINFO[39m | p-value range: [0.0013506605902998, 1.0][39m
[38;5;23m2026-01-21 17:51:55[39m | [38;5;23mINFO[39m | Volcano plot has 36 total points across 1 groups[39m
[38;5;23m2026-01-21 17:51:55[39m | [33mWARNING[39m | [33mExtra columns detected: Index(['Annotation'], dtype='object'). These will be retained but are not validated.[39m
[38;5;23m2026-01-21 17:51:55[39m | [38;5;23mINFO[39m | Generated DMR report: /expanse/lustre/projects/csd940/zalibhai/biomodal/modality/outputs_CHG/Results/gencode.vM25.mouse.cpg_islands.annotation/DMR_Report_20260121_175155/DMR_Report_mc_control__mutant.dmr.volcano_20260121_175155.html[39m
[38;5;23m2026-01-21 17:51:55[39m | [38;5;23mINFO[39m | Generated 1 DMR reports.[39m
[38;5;23m2026-01-21 17:51:55[39m  [1m[38;5;154mDMR report successfully generated: /expanse/lustre/projects/csd940/zalibhai/biomodal/modality/outputs_CHG/Results/gencode.vM25.mouse.cpg_islands.annotation/DMR_Report_20260121_175155/DMR_Report_mc_control__mutant.dmr.volcano_20260121_175155.html[39m
[38;5;23m2026-01-21 17:51:55[39m | [38;5;23mINFO[39m | No filtered DMR files were generated. Check your filter parameters.[39m
[38;5;23m2026-01-21 17:51:55[39m  Wrote provenance sidecar file to /expanse/lustre/projects/csd940/zalibhai/biomodal/modality/outputs_CHG/Results/gencode.vM25.mouse.cpg_islands.annotation/DMR_Report_20260121_175155/modality_metadata_20260121_175155.json[39m
Logged in using stored credentials
[38;5;23m2026-01-21 17:51:59[39m  [1m[38;5;123mProvenance information:[39m
[38;5;23m2026-01-21 17:51:59[39m  cmd='/home/zalibhai/miniforge3/envs/modality/bin/modality dmr plot --dmr-results /expanse/lustre/projects/csd940/zalibhai/biomodal/modality/outputs_CHG/Results/gencode.vM25.mouse.cpg_islands.annotation/DMR_20260121_173641/DMR_mc_control__mutant_20260121_173641.bed --filter-qvalue 0.05 --output-dir /expanse/lustre/projects/csd940/zalibhai/biomodal/modality/outputs_CHG/Results/gencode.vM25.mouse.cpg_islands.annotation'
timestamp=2026-01-21T17:51:59.472193
version=1.0.0
user=zalibhai

[39m
[38;5;23m2026-01-21 17:51:59[39m  [1m[38;5;123mGenerating DMR plots:[39m
[38;5;23m2026-01-21 17:51:59[39m  [38;5;248mDmr Results[39m: ['/expanse/lustre/projects/csd940/zalibhai/biomodal/modality/outputs_CHG/Results/gencode.vM25.mouse.cpg_islands.annotation/DMR_20260121_173641/DMR_mc_control__mutant_20260121_173641.bed'][39m
[38;5;23m2026-01-21 17:51:59[39m  [38;5;248mFilter Qvalue[39m: 0.05[39m
[38;5;23m2026-01-21 17:51:59[39m  [38;5;248mOutput Dir[39m: /expanse/lustre/projects/csd940/zalibhai/biomodal/modality/outputs_CHG/Results/gencode.vM25.mouse.cpg_islands.annotation[39m
[38;5;23m2026-01-21 17:51:59[39m  [38;5;248mFilter Mod Difference[39m: None[39m
[38;5;23m2026-01-21 17:51:59[39m | [33mWARNING[39m | [33mExtra columns detected: Index(['Annotation'], dtype='object'). These will be retained but are not validated.[39m
[38;5;23m2026-01-21 17:51:59[39m | [33mWARNING[39m | [33mExtra columns detected: Index(['Annotation'], dtype='object'). These will be retained but are not validated.[39m
[38;5;23m2026-01-21 17:51:59[39m | [33mWARNING[39m | [33mExtra columns detected: Index(['Annotation'], dtype='object'). These will be retained but are not validated.[39m
[38;5;23m2026-01-21 17:51:59[39m  [1m[38;5;154mDMR report successfully generated: /expanse/lustre/projects/csd940/zalibhai/biomodal/modality/outputs_CHG/Results/gencode.vM25.mouse.cpg_islands.annotation/DMR_Report_20260121_175159/DMR_Report_mc_control__mutant.max_q_0_05.dmr.volcano_20260121_175159.html[39m
[38;5;23m2026-01-21 17:51:59[39m  [1m[38;5;154mFiltered DMR files saved: /expanse/lustre/projects/csd940/zalibhai/biomodal/modality/outputs_CHG/Results/gencode.vM25.mouse.cpg_islands.annotation/DMR_Report_20260121_175159/DMR_mc_control__mutant_qval_0_05_filtered_20260121_175159.bed.gz[39m
[38;5;23m2026-01-21 17:51:59[39m  Wrote provenance sidecar file to /expanse/lustre/projects/csd940/zalibhai/biomodal/modality/outputs_CHG/Results/gencode.vM25.mouse.cpg_islands.annotation/DMR_Report_20260121_175159/modality_metadata_20260121_175159.json[39m
[INFO] 2026-01-21 17:52:00 - DMR plots generated for /expanse/lustre/projects/csd940/zalibhai/biomodal/modality/outputs_CHG/Results/gencode.vM25.mouse.cpg_islands.annotation/DMR_20260121_173641/DMR_mc_control__mutant_20260121_173641.bed
[INFO] 2026-01-21 17:52:00 - Generating DMR plots for /expanse/lustre/projects/csd940/zalibhai/biomodal/modality/outputs_CHG/Results/gencode.vM25.mouse.cpg_islands.annotation/DMR_20260121_173855/DMR_hmc_control__mutant_20260121_173855.bed...
Logged in using stored credentials
[38;5;23m2026-01-21 17:52:04[39m  [1m[38;5;123mProvenance information:[39m
[38;5;23m2026-01-21 17:52:04[39m  cmd='/home/zalibhai/miniforge3/envs/modality/bin/modality -v dmr plot --dmr-results /expanse/lustre/projects/csd940/zalibhai/biomodal/modality/outputs_CHG/Results/gencode.vM25.mouse.cpg_islands.annotation/DMR_20260121_173855/DMR_hmc_control__mutant_20260121_173855.bed --output-dir /expanse/lustre/projects/csd940/zalibhai/biomodal/modality/outputs_CHG/Results/gencode.vM25.mouse.cpg_islands.annotation'
timestamp=2026-01-21T17:52:04.796791
version=1.0.0
user=zalibhai

[39m
[38;5;23m2026-01-21 17:52:04[39m  [1m[38;5;123mGenerating DMR plots:[39m
[38;5;23m2026-01-21 17:52:04[39m  [38;5;248mDmr Results[39m: ['/expanse/lustre/projects/csd940/zalibhai/biomodal/modality/outputs_CHG/Results/gencode.vM25.mouse.cpg_islands.annotation/DMR_20260121_173855/DMR_hmc_control__mutant_20260121_173855.bed'][39m
[38;5;23m2026-01-21 17:52:04[39m  [38;5;248mOutput Dir[39m: /expanse/lustre/projects/csd940/zalibhai/biomodal/modality/outputs_CHG/Results/gencode.vM25.mouse.cpg_islands.annotation[39m
[38;5;23m2026-01-21 17:52:04[39m  [38;5;248mFilter Qvalue[39m: None[39m
[38;5;23m2026-01-21 17:52:04[39m  [38;5;248mFilter Mod Difference[39m: None[39m
[38;5;23m2026-01-21 17:52:04[39m | [38;5;23mINFO[39m | Loading DMR file: /expanse/lustre/projects/csd940/zalibhai/biomodal/modality/outputs_CHG/Results/gencode.vM25.mouse.cpg_islands.annotation/DMR_20260121_173855/DMR_hmc_control__mutant_20260121_173855.bed[39m
[38;5;23m2026-01-21 17:52:04[39m | [33mWARNING[39m | [33mExtra columns detected: Index(['Annotation'], dtype='object'). These will be retained but are not validated.[39m
[38;5;23m2026-01-21 17:52:04[39m | [38;5;23mINFO[39m | Loaded DMR file with 36 rows[39m
[38;5;23m2026-01-21 17:52:04[39m | [38;5;23mINFO[39m | No filtering applied to DMRs[39m
[38;5;23m2026-01-21 17:52:04[39m | [38;5;23mINFO[39m | After filtering, DMR result has 36 rows[39m
[38;5;23m2026-01-21 17:52:04[39m | [38;5;23mINFO[39m | Data ranges - mod_difference: [-0.0009834836426576, 0.0004158004158004], min q-value: 0.0486237812507947[39m
[38;5;23m2026-01-21 17:52:04[39m | [38;5;23mINFO[39m | Preparing volcano plot data[39m
[38;5;23m2026-01-21 17:52:04[39m | [38;5;23mINFO[39m | Preparing histogram plot data[39m
[38;5;23m2026-01-21 17:52:04[39m | [38;5;23mINFO[39m | Histogram data for group 'CpG_island': 36 p-values[39m
[38;5;23m2026-01-21 17:52:04[39m | [38;5;23mINFO[39m | p-value range: [0.0013506605902998, 1.0][39m
[38;5;23m2026-01-21 17:52:04[39m | [38;5;23mINFO[39m | Volcano plot has 36 total points across 1 groups[39m
[38;5;23m2026-01-21 17:52:04[39m | [33mWARNING[39m | [33mExtra columns detected: Index(['Annotation'], dtype='object'). These will be retained but are not validated.[39m
[38;5;23m2026-01-21 17:52:05[39m | [38;5;23mINFO[39m | Generated DMR report: /expanse/lustre/projects/csd940/zalibhai/biomodal/modality/outputs_CHG/Results/gencode.vM25.mouse.cpg_islands.annotation/DMR_Report_20260121_175204/DMR_Report_hmc_control__mutant.dmr.volcano_20260121_175204.html[39m
[38;5;23m2026-01-21 17:52:05[39m | [38;5;23mINFO[39m | Generated 1 DMR reports.[39m
[38;5;23m2026-01-21 17:52:05[39m  [1m[38;5;154mDMR report successfully generated: /expanse/lustre/projects/csd940/zalibhai/biomodal/modality/outputs_CHG/Results/gencode.vM25.mouse.cpg_islands.annotation/DMR_Report_20260121_175204/DMR_Report_hmc_control__mutant.dmr.volcano_20260121_175204.html[39m
[38;5;23m2026-01-21 17:52:05[39m | [38;5;23mINFO[39m | No filtered DMR files were generated. Check your filter parameters.[39m
[38;5;23m2026-01-21 17:52:05[39m  Wrote provenance sidecar file to /expanse/lustre/projects/csd940/zalibhai/biomodal/modality/outputs_CHG/Results/gencode.vM25.mouse.cpg_islands.annotation/DMR_Report_20260121_175204/modality_metadata_20260121_175205.json[39m
Logged in using stored credentials
[38;5;23m2026-01-21 17:52:10[39m  [1m[38;5;123mProvenance information:[39m
[38;5;23m2026-01-21 17:52:10[39m  cmd='/home/zalibhai/miniforge3/envs/modality/bin/modality dmr plot --dmr-results /expanse/lustre/projects/csd940/zalibhai/biomodal/modality/outputs_CHG/Results/gencode.vM25.mouse.cpg_islands.annotation/DMR_20260121_173855/DMR_hmc_control__mutant_20260121_173855.bed --filter-qvalue 0.05 --output-dir /expanse/lustre/projects/csd940/zalibhai/biomodal/modality/outputs_CHG/Results/gencode.vM25.mouse.cpg_islands.annotation'
timestamp=2026-01-21T17:52:10.291667
version=1.0.0
user=zalibhai

[39m
[38;5;23m2026-01-21 17:52:10[39m  [1m[38;5;123mGenerating DMR plots:[39m
[38;5;23m2026-01-21 17:52:10[39m  [38;5;248mDmr Results[39m: ['/expanse/lustre/projects/csd940/zalibhai/biomodal/modality/outputs_CHG/Results/gencode.vM25.mouse.cpg_islands.annotation/DMR_20260121_173855/DMR_hmc_control__mutant_20260121_173855.bed'][39m
[38;5;23m2026-01-21 17:52:10[39m  [38;5;248mFilter Qvalue[39m: 0.05[39m
[38;5;23m2026-01-21 17:52:10[39m  [38;5;248mOutput Dir[39m: /expanse/lustre/projects/csd940/zalibhai/biomodal/modality/outputs_CHG/Results/gencode.vM25.mouse.cpg_islands.annotation[39m
[38;5;23m2026-01-21 17:52:10[39m  [38;5;248mFilter Mod Difference[39m: None[39m
[38;5;23m2026-01-21 17:52:10[39m | [33mWARNING[39m | [33mExtra columns detected: Index(['Annotation'], dtype='object'). These will be retained but are not validated.[39m
[38;5;23m2026-01-21 17:52:10[39m | [33mWARNING[39m | [33mExtra columns detected: Index(['Annotation'], dtype='object'). These will be retained but are not validated.[39m
[38;5;23m2026-01-21 17:52:10[39m | [33mWARNING[39m | [33mExtra columns detected: Index(['Annotation'], dtype='object'). These will be retained but are not validated.[39m
[38;5;23m2026-01-21 17:52:10[39m  [1m[38;5;154mDMR report successfully generated: /expanse/lustre/projects/csd940/zalibhai/biomodal/modality/outputs_CHG/Results/gencode.vM25.mouse.cpg_islands.annotation/DMR_Report_20260121_175210/DMR_Report_hmc_control__mutant.max_q_0_05.dmr.volcano_20260121_175210.html[39m
[38;5;23m2026-01-21 17:52:10[39m  [1m[38;5;154mFiltered DMR files saved: /expanse/lustre/projects/csd940/zalibhai/biomodal/modality/outputs_CHG/Results/gencode.vM25.mouse.cpg_islands.annotation/DMR_Report_20260121_175210/DMR_hmc_control__mutant_qval_0_05_filtered_20260121_175210.bed.gz[39m
[38;5;23m2026-01-21 17:52:10[39m  Wrote provenance sidecar file to /expanse/lustre/projects/csd940/zalibhai/biomodal/modality/outputs_CHG/Results/gencode.vM25.mouse.cpg_islands.annotation/DMR_Report_20260121_175210/modality_metadata_20260121_175210.json[39m
[INFO] 2026-01-21 17:52:10 - DMR plots generated for /expanse/lustre/projects/csd940/zalibhai/biomodal/modality/outputs_CHG/Results/gencode.vM25.mouse.cpg_islands.annotation/DMR_20260121_173855/DMR_hmc_control__mutant_20260121_173855.bed
[INFO] 2026-01-21 17:52:10 - Generating DMR plots for /expanse/lustre/projects/csd940/zalibhai/biomodal/modality/outputs_CHG/Results/gencode.vM25.mouse.cpg_islands.annotation/DMR_20260121_173855/DMR_mc_control__mutant_20260121_173855.bed...
Logged in using stored credentials
[38;5;23m2026-01-21 17:52:15[39m  [1m[38;5;123mProvenance information:[39m
[38;5;23m2026-01-21 17:52:15[39m  cmd='/home/zalibhai/miniforge3/envs/modality/bin/modality -v dmr plot --dmr-results /expanse/lustre/projects/csd940/zalibhai/biomodal/modality/outputs_CHG/Results/gencode.vM25.mouse.cpg_islands.annotation/DMR_20260121_173855/DMR_mc_control__mutant_20260121_173855.bed --output-dir /expanse/lustre/projects/csd940/zalibhai/biomodal/modality/outputs_CHG/Results/gencode.vM25.mouse.cpg_islands.annotation'
timestamp=2026-01-21T17:52:15.640220
version=1.0.0
user=zalibhai

[39m
[38;5;23m2026-01-21 17:52:15[39m  [1m[38;5;123mGenerating DMR plots:[39m
[38;5;23m2026-01-21 17:52:15[39m  [38;5;248mDmr Results[39m: ['/expanse/lustre/projects/csd940/zalibhai/biomodal/modality/outputs_CHG/Results/gencode.vM25.mouse.cpg_islands.annotation/DMR_20260121_173855/DMR_mc_control__mutant_20260121_173855.bed'][39m
[38;5;23m2026-01-21 17:52:15[39m  [38;5;248mOutput Dir[39m: /expanse/lustre/projects/csd940/zalibhai/biomodal/modality/outputs_CHG/Results/gencode.vM25.mouse.cpg_islands.annotation[39m
[38;5;23m2026-01-21 17:52:15[39m  [38;5;248mFilter Qvalue[39m: None[39m
[38;5;23m2026-01-21 17:52:15[39m  [38;5;248mFilter Mod Difference[39m: None[39m
[38;5;23m2026-01-21 17:52:15[39m | [38;5;23mINFO[39m | Loading DMR file: /expanse/lustre/projects/csd940/zalibhai/biomodal/modality/outputs_CHG/Results/gencode.vM25.mouse.cpg_islands.annotation/DMR_20260121_173855/DMR_mc_control__mutant_20260121_173855.bed[39m
[38;5;23m2026-01-21 17:52:15[39m | [33mWARNING[39m | [33mExtra columns detected: Index(['Annotation'], dtype='object'). These will be retained but are not validated.[39m
[38;5;23m2026-01-21 17:52:15[39m | [38;5;23mINFO[39m | Loaded DMR file with 36 rows[39m
[38;5;23m2026-01-21 17:52:15[39m | [38;5;23mINFO[39m | No filtering applied to DMRs[39m
[38;5;23m2026-01-21 17:52:15[39m | [38;5;23mINFO[39m | After filtering, DMR result has 36 rows[39m
[38;5;23m2026-01-21 17:52:15[39m | [38;5;23mINFO[39m | Data ranges - mod_difference: [-0.0178799434626293, 0.0064277763535397], min q-value: 0.0486237812507947[39m
[38;5;23m2026-01-21 17:52:15[39m | [38;5;23mINFO[39m | Preparing volcano plot data[39m
[38;5;23m2026-01-21 17:52:15[39m | [38;5;23mINFO[39m | Preparing histogram plot data[39m
[38;5;23m2026-01-21 17:52:15[39m | [38;5;23mINFO[39m | Histogram data for group 'CpG_island': 36 p-values[39m
[38;5;23m2026-01-21 17:52:15[39m | [38;5;23mINFO[39m | p-value range: [0.0013506605902998, 1.0][39m
[38;5;23m2026-01-21 17:52:15[39m | [38;5;23mINFO[39m | Volcano plot has 36 total points across 1 groups[39m
[38;5;23m2026-01-21 17:52:15[39m | [33mWARNING[39m | [33mExtra columns detected: Index(['Annotation'], dtype='object'). These will be retained but are not validated.[39m
[38;5;23m2026-01-21 17:52:15[39m | [38;5;23mINFO[39m | Generated DMR report: /expanse/lustre/projects/csd940/zalibhai/biomodal/modality/outputs_CHG/Results/gencode.vM25.mouse.cpg_islands.annotation/DMR_Report_20260121_175215/DMR_Report_mc_control__mutant.dmr.volcano_20260121_175215.html[39m
[38;5;23m2026-01-21 17:52:15[39m | [38;5;23mINFO[39m | Generated 1 DMR reports.[39m
[38;5;23m2026-01-21 17:52:15[39m  [1m[38;5;154mDMR report successfully generated: /expanse/lustre/projects/csd940/zalibhai/biomodal/modality/outputs_CHG/Results/gencode.vM25.mouse.cpg_islands.annotation/DMR_Report_20260121_175215/DMR_Report_mc_control__mutant.dmr.volcano_20260121_175215.html[39m
[38;5;23m2026-01-21 17:52:15[39m | [38;5;23mINFO[39m | No filtered DMR files were generated. Check your filter parameters.[39m
[38;5;23m2026-01-21 17:52:15[39m  Wrote provenance sidecar file to /expanse/lustre/projects/csd940/zalibhai/biomodal/modality/outputs_CHG/Results/gencode.vM25.mouse.cpg_islands.annotation/DMR_Report_20260121_175215/modality_metadata_20260121_175215.json[39m
Logged in using stored credentials
[38;5;23m2026-01-21 17:52:19[39m  [1m[38;5;123mProvenance information:[39m
[38;5;23m2026-01-21 17:52:19[39m  cmd='/home/zalibhai/miniforge3/envs/modality/bin/modality dmr plot --dmr-results /expanse/lustre/projects/csd940/zalibhai/biomodal/modality/outputs_CHG/Results/gencode.vM25.mouse.cpg_islands.annotation/DMR_20260121_173855/DMR_mc_control__mutant_20260121_173855.bed --filter-qvalue 0.05 --output-dir /expanse/lustre/projects/csd940/zalibhai/biomodal/modality/outputs_CHG/Results/gencode.vM25.mouse.cpg_islands.annotation'
timestamp=2026-01-21T17:52:19.326226
version=1.0.0
user=zalibhai

[39m
[38;5;23m2026-01-21 17:52:19[39m  [1m[38;5;123mGenerating DMR plots:[39m
[38;5;23m2026-01-21 17:52:19[39m  [38;5;248mDmr Results[39m: ['/expanse/lustre/projects/csd940/zalibhai/biomodal/modality/outputs_CHG/Results/gencode.vM25.mouse.cpg_islands.annotation/DMR_20260121_173855/DMR_mc_control__mutant_20260121_173855.bed'][39m
[38;5;23m2026-01-21 17:52:19[39m  [38;5;248mFilter Qvalue[39m: 0.05[39m
[38;5;23m2026-01-21 17:52:19[39m  [38;5;248mOutput Dir[39m: /expanse/lustre/projects/csd940/zalibhai/biomodal/modality/outputs_CHG/Results/gencode.vM25.mouse.cpg_islands.annotation[39m
[38;5;23m2026-01-21 17:52:19[39m  [38;5;248mFilter Mod Difference[39m: None[39m
[38;5;23m2026-01-21 17:52:19[39m | [33mWARNING[39m | [33mExtra columns detected: Index(['Annotation'], dtype='object'). These will be retained but are not validated.[39m
[38;5;23m2026-01-21 17:52:19[39m | [33mWARNING[39m | [33mExtra columns detected: Index(['Annotation'], dtype='object'). These will be retained but are not validated.[39m
[38;5;23m2026-01-21 17:52:19[39m | [33mWARNING[39m | [33mExtra columns detected: Index(['Annotation'], dtype='object'). These will be retained but are not validated.[39m
[38;5;23m2026-01-21 17:52:19[39m  [1m[38;5;154mDMR report successfully generated: /expanse/lustre/projects/csd940/zalibhai/biomodal/modality/outputs_CHG/Results/gencode.vM25.mouse.cpg_islands.annotation/DMR_Report_20260121_175219/DMR_Report_mc_control__mutant.max_q_0_05.dmr.volcano_20260121_175219.html[39m
[38;5;23m2026-01-21 17:52:19[39m  [1m[38;5;154mFiltered DMR files saved: /expanse/lustre/projects/csd940/zalibhai/biomodal/modality/outputs_CHG/Results/gencode.vM25.mouse.cpg_islands.annotation/DMR_Report_20260121_175219/DMR_mc_control__mutant_qval_0_05_filtered_20260121_175219.bed.gz[39m
[38;5;23m2026-01-21 17:52:19[39m  Wrote provenance sidecar file to /expanse/lustre/projects/csd940/zalibhai/biomodal/modality/outputs_CHG/Results/gencode.vM25.mouse.cpg_islands.annotation/DMR_Report_20260121_175219/modality_metadata_20260121_175219.json[39m
[INFO] 2026-01-21 17:52:19 - DMR plots generated for /expanse/lustre/projects/csd940/zalibhai/biomodal/modality/outputs_CHG/Results/gencode.vM25.mouse.cpg_islands.annotation/DMR_20260121_173855/DMR_mc_control__mutant_20260121_173855.bed
[INFO] 2026-01-21 17:52:19 - DMR visualisation completed for region: gencode.vM25.mouse.cpg_islands.annotation
[INFO] 2026-01-21 17:52:19 - Processing DMR visualisation for region: gencode.vM25.mouse.cpg_shelves.annotation
[INFO] 2026-01-21 17:52:19 - Generating DMR plots for /expanse/lustre/projects/csd940/zalibhai/biomodal/modality/outputs_CHG/Results/gencode.vM25.mouse.cpg_shelves.annotation/DMR_20260121_174124/DMR_hmc_control__mutant_20260121_174124.bed...
Logged in using stored credentials
[38;5;23m2026-01-21 17:52:22[39m  [1m[38;5;123mProvenance information:[39m
[38;5;23m2026-01-21 17:52:22[39m  cmd='/home/zalibhai/miniforge3/envs/modality/bin/modality -v dmr plot --dmr-results /expanse/lustre/projects/csd940/zalibhai/biomodal/modality/outputs_CHG/Results/gencode.vM25.mouse.cpg_shelves.annotation/DMR_20260121_174124/DMR_hmc_control__mutant_20260121_174124.bed --output-dir /expanse/lustre/projects/csd940/zalibhai/biomodal/modality/outputs_CHG/Results/gencode.vM25.mouse.cpg_shelves.annotation'
timestamp=2026-01-21T17:52:22.943893
version=1.0.0
user=zalibhai

[39m
[38;5;23m2026-01-21 17:52:22[39m  [1m[38;5;123mGenerating DMR plots:[39m
[38;5;23m2026-01-21 17:52:22[39m  [38;5;248mDmr Results[39m: ['/expanse/lustre/projects/csd940/zalibhai/biomodal/modality/outputs_CHG/Results/gencode.vM25.mouse.cpg_shelves.annotation/DMR_20260121_174124/DMR_hmc_control__mutant_20260121_174124.bed'][39m
[38;5;23m2026-01-21 17:52:22[39m  [38;5;248mOutput Dir[39m: /expanse/lustre/projects/csd940/zalibhai/biomodal/modality/outputs_CHG/Results/gencode.vM25.mouse.cpg_shelves.annotation[39m
[38;5;23m2026-01-21 17:52:22[39m  [38;5;248mFilter Qvalue[39m: None[39m
[38;5;23m2026-01-21 17:52:22[39m  [38;5;248mFilter Mod Difference[39m: None[39m
[38;5;23m2026-01-21 17:52:22[39m | [38;5;23mINFO[39m | Loading DMR file: /expanse/lustre/projects/csd940/zalibhai/biomodal/modality/outputs_CHG/Results/gencode.vM25.mouse.cpg_shelves.annotation/DMR_20260121_174124/DMR_hmc_control__mutant_20260121_174124.bed[39m
[38;5;23m2026-01-21 17:52:22[39m | [33mWARNING[39m | [33mExtra columns detected: Index(['Annotation'], dtype='object'). These will be retained but are not validated.[39m
[38;5;23m2026-01-21 17:52:22[39m | [38;5;23mINFO[39m | Loaded DMR file with 2709 rows[39m
[38;5;23m2026-01-21 17:52:22[39m | [38;5;23mINFO[39m | No filtering applied to DMRs[39m
[38;5;23m2026-01-21 17:52:22[39m | [38;5;23mINFO[39m | After filtering, DMR result has 2709 rows[39m
[38;5;23m2026-01-21 17:52:22[39m | [38;5;23mINFO[39m | Data ranges - mod_difference: [-0.0208333333333333, 0.0535714285714285], min q-value: 1.0[39m
[38;5;23m2026-01-21 17:52:22[39m | [38;5;23mINFO[39m | Preparing volcano plot data[39m
[38;5;23m2026-01-21 17:52:22[39m | [38;5;23mINFO[39m | Preparing histogram plot data[39m
[38;5;23m2026-01-21 17:52:22[39m | [38;5;23mINFO[39m | Histogram data for group 'CpG_shelve': 2709 p-values[39m
[38;5;23m2026-01-21 17:52:22[39m | [38;5;23mINFO[39m | p-value range: [0.0201950676545786, 1.0][39m
[38;5;23m2026-01-21 17:52:22[39m | [38;5;23mINFO[39m | Volcano plot has 2709 total points across 1 groups[39m
[38;5;23m2026-01-21 17:52:22[39m | [33mWARNING[39m | [33mExtra columns detected: Index(['Annotation'], dtype='object'). These will be retained but are not validated.[39m
[38;5;23m2026-01-21 17:52:23[39m | [38;5;23mINFO[39m | Generated DMR report: /expanse/lustre/projects/csd940/zalibhai/biomodal/modality/outputs_CHG/Results/gencode.vM25.mouse.cpg_shelves.annotation/DMR_Report_20260121_175223/DMR_Report_hmc_control__mutant.dmr.volcano_20260121_175223.html[39m
[38;5;23m2026-01-21 17:52:23[39m | [38;5;23mINFO[39m | Generated 1 DMR reports.[39m
[38;5;23m2026-01-21 17:52:23[39m  [1m[38;5;154mDMR report successfully generated: /expanse/lustre/projects/csd940/zalibhai/biomodal/modality/outputs_CHG/Results/gencode.vM25.mouse.cpg_shelves.annotation/DMR_Report_20260121_175223/DMR_Report_hmc_control__mutant.dmr.volcano_20260121_175223.html[39m
[38;5;23m2026-01-21 17:52:23[39m | [38;5;23mINFO[39m | No filtered DMR files were generated. Check your filter parameters.[39m
[38;5;23m2026-01-21 17:52:23[39m  Wrote provenance sidecar file to /expanse/lustre/projects/csd940/zalibhai/biomodal/modality/outputs_CHG/Results/gencode.vM25.mouse.cpg_shelves.annotation/DMR_Report_20260121_175223/modality_metadata_20260121_175223.json[39m
Logged in using stored credentials
[38;5;23m2026-01-21 17:52:27[39m  [1m[38;5;123mProvenance information:[39m
[38;5;23m2026-01-21 17:52:27[39m  cmd='/home/zalibhai/miniforge3/envs/modality/bin/modality dmr plot --dmr-results /expanse/lustre/projects/csd940/zalibhai/biomodal/modality/outputs_CHG/Results/gencode.vM25.mouse.cpg_shelves.annotation/DMR_20260121_174124/DMR_hmc_control__mutant_20260121_174124.bed --filter-qvalue 0.05 --output-dir /expanse/lustre/projects/csd940/zalibhai/biomodal/modality/outputs_CHG/Results/gencode.vM25.mouse.cpg_shelves.annotation'
timestamp=2026-01-21T17:52:27.323361
version=1.0.0
user=zalibhai

[39m
[38;5;23m2026-01-21 17:52:27[39m  [1m[38;5;123mGenerating DMR plots:[39m
[38;5;23m2026-01-21 17:52:27[39m  [38;5;248mDmr Results[39m: ['/expanse/lustre/projects/csd940/zalibhai/biomodal/modality/outputs_CHG/Results/gencode.vM25.mouse.cpg_shelves.annotation/DMR_20260121_174124/DMR_hmc_control__mutant_20260121_174124.bed'][39m
[38;5;23m2026-01-21 17:52:27[39m  [38;5;248mFilter Qvalue[39m: 0.05[39m
[38;5;23m2026-01-21 17:52:27[39m  [38;5;248mOutput Dir[39m: /expanse/lustre/projects/csd940/zalibhai/biomodal/modality/outputs_CHG/Results/gencode.vM25.mouse.cpg_shelves.annotation[39m
[38;5;23m2026-01-21 17:52:27[39m  [38;5;248mFilter Mod Difference[39m: None[39m
[38;5;23m2026-01-21 17:52:27[39m | [33mWARNING[39m | [33mExtra columns detected: Index(['Annotation'], dtype='object'). These will be retained but are not validated.[39m
[38;5;23m2026-01-21 17:52:27[39m | [33mWARNING[39m | [33mDMR results empty after applying filters (filter_qvalue=0.05, filter_mod_difference=None) for condition-pair=control__mutant and methylation-context=hmc. No filtered output and plot will be produced.[39m
[38;5;23m2026-01-21 17:52:27[39m | [33mWARNING[39m | [33mNo DMR reports were generated. Check your input files and filter parameters.[39m
[INFO] 2026-01-21 17:52:27 - DMR plots generated for /expanse/lustre/projects/csd940/zalibhai/biomodal/modality/outputs_CHG/Results/gencode.vM25.mouse.cpg_shelves.annotation/DMR_20260121_174124/DMR_hmc_control__mutant_20260121_174124.bed
[INFO] 2026-01-21 17:52:27 - Generating DMR plots for /expanse/lustre/projects/csd940/zalibhai/biomodal/modality/outputs_CHG/Results/gencode.vM25.mouse.cpg_shelves.annotation/DMR_20260121_174124/DMR_mc_control__mutant_20260121_174124.bed...
Logged in using stored credentials
[38;5;23m2026-01-21 17:52:32[39m  [1m[38;5;123mProvenance information:[39m
[38;5;23m2026-01-21 17:52:32[39m  cmd='/home/zalibhai/miniforge3/envs/modality/bin/modality -v dmr plot --dmr-results /expanse/lustre/projects/csd940/zalibhai/biomodal/modality/outputs_CHG/Results/gencode.vM25.mouse.cpg_shelves.annotation/DMR_20260121_174124/DMR_mc_control__mutant_20260121_174124.bed --output-dir /expanse/lustre/projects/csd940/zalibhai/biomodal/modality/outputs_CHG/Results/gencode.vM25.mouse.cpg_shelves.annotation'
timestamp=2026-01-21T17:52:32.492569
version=1.0.0
user=zalibhai

[39m
[38;5;23m2026-01-21 17:52:32[39m  [1m[38;5;123mGenerating DMR plots:[39m
[38;5;23m2026-01-21 17:52:32[39m  [38;5;248mDmr Results[39m: ['/expanse/lustre/projects/csd940/zalibhai/biomodal/modality/outputs_CHG/Results/gencode.vM25.mouse.cpg_shelves.annotation/DMR_20260121_174124/DMR_mc_control__mutant_20260121_174124.bed'][39m
[38;5;23m2026-01-21 17:52:32[39m  [38;5;248mOutput Dir[39m: /expanse/lustre/projects/csd940/zalibhai/biomodal/modality/outputs_CHG/Results/gencode.vM25.mouse.cpg_shelves.annotation[39m
[38;5;23m2026-01-21 17:52:32[39m  [38;5;248mFilter Qvalue[39m: None[39m
[38;5;23m2026-01-21 17:52:32[39m  [38;5;248mFilter Mod Difference[39m: None[39m
[38;5;23m2026-01-21 17:52:32[39m | [38;5;23mINFO[39m | Loading DMR file: /expanse/lustre/projects/csd940/zalibhai/biomodal/modality/outputs_CHG/Results/gencode.vM25.mouse.cpg_shelves.annotation/DMR_20260121_174124/DMR_mc_control__mutant_20260121_174124.bed[39m
[38;5;23m2026-01-21 17:52:32[39m | [33mWARNING[39m | [33mExtra columns detected: Index(['Annotation'], dtype='object'). These will be retained but are not validated.[39m
[38;5;23m2026-01-21 17:52:32[39m | [38;5;23mINFO[39m | Loaded DMR file with 2709 rows[39m
[38;5;23m2026-01-21 17:52:32[39m | [38;5;23mINFO[39m | No filtering applied to DMRs[39m
[38;5;23m2026-01-21 17:52:32[39m | [38;5;23mINFO[39m | After filtering, DMR result has 2709 rows[39m
[38;5;23m2026-01-21 17:52:32[39m | [38;5;23mINFO[39m | Data ranges - mod_difference: [-0.0037046296118237, 0.1125541125541125], min q-value: 1.0[39m
[38;5;23m2026-01-21 17:52:32[39m | [38;5;23mINFO[39m | Preparing volcano plot data[39m
[38;5;23m2026-01-21 17:52:32[39m | [38;5;23mINFO[39m | Preparing histogram plot data[39m
[38;5;23m2026-01-21 17:52:32[39m | [38;5;23mINFO[39m | Histogram data for group 'CpG_shelve': 2709 p-values[39m
[38;5;23m2026-01-21 17:52:32[39m | [38;5;23mINFO[39m | p-value range: [0.0489285650269313, 1.0][39m
[38;5;23m2026-01-21 17:52:32[39m | [38;5;23mINFO[39m | Volcano plot has 2709 total points across 1 groups[39m
[38;5;23m2026-01-21 17:52:32[39m | [33mWARNING[39m | [33mExtra columns detected: Index(['Annotation'], dtype='object'). These will be retained but are not validated.[39m
[38;5;23m2026-01-21 17:52:32[39m | [38;5;23mINFO[39m | Generated DMR report: /expanse/lustre/projects/csd940/zalibhai/biomodal/modality/outputs_CHG/Results/gencode.vM25.mouse.cpg_shelves.annotation/DMR_Report_20260121_175232/DMR_Report_mc_control__mutant.dmr.volcano_20260121_175232.html[39m
[38;5;23m2026-01-21 17:52:32[39m | [38;5;23mINFO[39m | Generated 1 DMR reports.[39m
[38;5;23m2026-01-21 17:52:32[39m  [1m[38;5;154mDMR report successfully generated: /expanse/lustre/projects/csd940/zalibhai/biomodal/modality/outputs_CHG/Results/gencode.vM25.mouse.cpg_shelves.annotation/DMR_Report_20260121_175232/DMR_Report_mc_control__mutant.dmr.volcano_20260121_175232.html[39m
[38;5;23m2026-01-21 17:52:32[39m | [38;5;23mINFO[39m | No filtered DMR files were generated. Check your filter parameters.[39m
[38;5;23m2026-01-21 17:52:32[39m  Wrote provenance sidecar file to /expanse/lustre/projects/csd940/zalibhai/biomodal/modality/outputs_CHG/Results/gencode.vM25.mouse.cpg_shelves.annotation/DMR_Report_20260121_175232/modality_metadata_20260121_175232.json[39m
Logged in using stored credentials
[38;5;23m2026-01-21 17:52:37[39m  [1m[38;5;123mProvenance information:[39m
[38;5;23m2026-01-21 17:52:37[39m  cmd='/home/zalibhai/miniforge3/envs/modality/bin/modality dmr plot --dmr-results /expanse/lustre/projects/csd940/zalibhai/biomodal/modality/outputs_CHG/Results/gencode.vM25.mouse.cpg_shelves.annotation/DMR_20260121_174124/DMR_mc_control__mutant_20260121_174124.bed --filter-qvalue 0.05 --output-dir /expanse/lustre/projects/csd940/zalibhai/biomodal/modality/outputs_CHG/Results/gencode.vM25.mouse.cpg_shelves.annotation'
timestamp=2026-01-21T17:52:37.753570
version=1.0.0
user=zalibhai

[39m
[38;5;23m2026-01-21 17:52:37[39m  [1m[38;5;123mGenerating DMR plots:[39m
[38;5;23m2026-01-21 17:52:37[39m  [38;5;248mDmr Results[39m: ['/expanse/lustre/projects/csd940/zalibhai/biomodal/modality/outputs_CHG/Results/gencode.vM25.mouse.cpg_shelves.annotation/DMR_20260121_174124/DMR_mc_control__mutant_20260121_174124.bed'][39m
[38;5;23m2026-01-21 17:52:37[39m  [38;5;248mFilter Qvalue[39m: 0.05[39m
[38;5;23m2026-01-21 17:52:37[39m  [38;5;248mOutput Dir[39m: /expanse/lustre/projects/csd940/zalibhai/biomodal/modality/outputs_CHG/Results/gencode.vM25.mouse.cpg_shelves.annotation[39m
[38;5;23m2026-01-21 17:52:37[39m  [38;5;248mFilter Mod Difference[39m: None[39m
[38;5;23m2026-01-21 17:52:37[39m | [33mWARNING[39m | [33mExtra columns detected: Index(['Annotation'], dtype='object'). These will be retained but are not validated.[39m
[38;5;23m2026-01-21 17:52:37[39m | [33mWARNING[39m | [33mDMR results empty after applying filters (filter_qvalue=0.05, filter_mod_difference=None) for condition-pair=control__mutant and methylation-context=mc. No filtered output and plot will be produced.[39m
[38;5;23m2026-01-21 17:52:37[39m | [33mWARNING[39m | [33mNo DMR reports were generated. Check your input files and filter parameters.[39m
[INFO] 2026-01-21 17:52:38 - DMR plots generated for /expanse/lustre/projects/csd940/zalibhai/biomodal/modality/outputs_CHG/Results/gencode.vM25.mouse.cpg_shelves.annotation/DMR_20260121_174124/DMR_mc_control__mutant_20260121_174124.bed
[INFO] 2026-01-21 17:52:38 - DMR visualisation completed for region: gencode.vM25.mouse.cpg_shelves.annotation
[INFO] 2026-01-21 17:52:38 - Processing DMR visualisation for region: gencode.vM25.mouse.cpg_shores.annotation
[INFO] 2026-01-21 17:52:38 - Generating DMR plots for /expanse/lustre/projects/csd940/zalibhai/biomodal/modality/outputs_CHG/Results/gencode.vM25.mouse.cpg_shores.annotation/DMR_20260121_174349/DMR_hmc_control__mutant_20260121_174349.bed...
Logged in using stored credentials
[38;5;23m2026-01-21 17:52:42[39m  [1m[38;5;123mProvenance information:[39m
[38;5;23m2026-01-21 17:52:42[39m  cmd='/home/zalibhai/miniforge3/envs/modality/bin/modality -v dmr plot --dmr-results /expanse/lustre/projects/csd940/zalibhai/biomodal/modality/outputs_CHG/Results/gencode.vM25.mouse.cpg_shores.annotation/DMR_20260121_174349/DMR_hmc_control__mutant_20260121_174349.bed --output-dir /expanse/lustre/projects/csd940/zalibhai/biomodal/modality/outputs_CHG/Results/gencode.vM25.mouse.cpg_shores.annotation'
timestamp=2026-01-21T17:52:42.354689
version=1.0.0
user=zalibhai

[39m
[38;5;23m2026-01-21 17:52:42[39m  [1m[38;5;123mGenerating DMR plots:[39m
[38;5;23m2026-01-21 17:52:42[39m  [38;5;248mDmr Results[39m: ['/expanse/lustre/projects/csd940/zalibhai/biomodal/modality/outputs_CHG/Results/gencode.vM25.mouse.cpg_shores.annotation/DMR_20260121_174349/DMR_hmc_control__mutant_20260121_174349.bed'][39m
[38;5;23m2026-01-21 17:52:42[39m  [38;5;248mOutput Dir[39m: /expanse/lustre/projects/csd940/zalibhai/biomodal/modality/outputs_CHG/Results/gencode.vM25.mouse.cpg_shores.annotation[39m
[38;5;23m2026-01-21 17:52:42[39m  [38;5;248mFilter Qvalue[39m: None[39m
[38;5;23m2026-01-21 17:52:42[39m  [38;5;248mFilter Mod Difference[39m: None[39m
[38;5;23m2026-01-21 17:52:42[39m | [38;5;23mINFO[39m | Loading DMR file: /expanse/lustre/projects/csd940/zalibhai/biomodal/modality/outputs_CHG/Results/gencode.vM25.mouse.cpg_shores.annotation/DMR_20260121_174349/DMR_hmc_control__mutant_20260121_174349.bed[39m
[38;5;23m2026-01-21 17:52:42[39m | [33mWARNING[39m | [33mExtra columns detected: Index(['Annotation'], dtype='object'). These will be retained but are not validated.[39m
[38;5;23m2026-01-21 17:52:42[39m | [38;5;23mINFO[39m | Loaded DMR file with 2427 rows[39m
[38;5;23m2026-01-21 17:52:42[39m | [38;5;23mINFO[39m | No filtering applied to DMRs[39m
[38;5;23m2026-01-21 17:52:42[39m | [38;5;23mINFO[39m | After filtering, DMR result has 2427 rows[39m
[38;5;23m2026-01-21 17:52:42[39m | [38;5;23mINFO[39m | Data ranges - mod_difference: [-0.0065350488021295, 0.0005933810350795], min q-value: 1.0[39m
[38;5;23m2026-01-21 17:52:42[39m | [38;5;23mINFO[39m | Preparing volcano plot data[39m
[38;5;23m2026-01-21 17:52:42[39m | [38;5;23mINFO[39m | Preparing histogram plot data[39m
[38;5;23m2026-01-21 17:52:42[39m | [38;5;23mINFO[39m | Histogram data for group 'CpG_shore': 2427 p-values[39m
[38;5;23m2026-01-21 17:52:42[39m | [38;5;23mINFO[39m | p-value range: [0.0032367433525531, 1.0][39m
[38;5;23m2026-01-21 17:52:42[39m | [38;5;23mINFO[39m | Volcano plot has 2427 total points across 1 groups[39m
[38;5;23m2026-01-21 17:52:42[39m | [33mWARNING[39m | [33mExtra columns detected: Index(['Annotation'], dtype='object'). These will be retained but are not validated.[39m
[38;5;23m2026-01-21 17:52:42[39m | [38;5;23mINFO[39m | Generated DMR report: /expanse/lustre/projects/csd940/zalibhai/biomodal/modality/outputs_CHG/Results/gencode.vM25.mouse.cpg_shores.annotation/DMR_Report_20260121_175242/DMR_Report_hmc_control__mutant.dmr.volcano_20260121_175242.html[39m
[38;5;23m2026-01-21 17:52:42[39m | [38;5;23mINFO[39m | Generated 1 DMR reports.[39m
[38;5;23m2026-01-21 17:52:42[39m  [1m[38;5;154mDMR report successfully generated: /expanse/lustre/projects/csd940/zalibhai/biomodal/modality/outputs_CHG/Results/gencode.vM25.mouse.cpg_shores.annotation/DMR_Report_20260121_175242/DMR_Report_hmc_control__mutant.dmr.volcano_20260121_175242.html[39m
[38;5;23m2026-01-21 17:52:42[39m | [38;5;23mINFO[39m | No filtered DMR files were generated. Check your filter parameters.[39m
[38;5;23m2026-01-21 17:52:42[39m  Wrote provenance sidecar file to /expanse/lustre/projects/csd940/zalibhai/biomodal/modality/outputs_CHG/Results/gencode.vM25.mouse.cpg_shores.annotation/DMR_Report_20260121_175242/modality_metadata_20260121_175242.json[39m
Logged in using stored credentials
[38;5;23m2026-01-21 17:52:46[39m  [1m[38;5;123mProvenance information:[39m
[38;5;23m2026-01-21 17:52:46[39m  cmd='/home/zalibhai/miniforge3/envs/modality/bin/modality dmr plot --dmr-results /expanse/lustre/projects/csd940/zalibhai/biomodal/modality/outputs_CHG/Results/gencode.vM25.mouse.cpg_shores.annotation/DMR_20260121_174349/DMR_hmc_control__mutant_20260121_174349.bed --filter-qvalue 0.05 --output-dir /expanse/lustre/projects/csd940/zalibhai/biomodal/modality/outputs_CHG/Results/gencode.vM25.mouse.cpg_shores.annotation'
timestamp=2026-01-21T17:52:46.424980
version=1.0.0
user=zalibhai

[39m
[38;5;23m2026-01-21 17:52:46[39m  [1m[38;5;123mGenerating DMR plots:[39m
[38;5;23m2026-01-21 17:52:46[39m  [38;5;248mDmr Results[39m: ['/expanse/lustre/projects/csd940/zalibhai/biomodal/modality/outputs_CHG/Results/gencode.vM25.mouse.cpg_shores.annotation/DMR_20260121_174349/DMR_hmc_control__mutant_20260121_174349.bed'][39m
[38;5;23m2026-01-21 17:52:46[39m  [38;5;248mFilter Qvalue[39m: 0.05[39m
[38;5;23m2026-01-21 17:52:46[39m  [38;5;248mOutput Dir[39m: /expanse/lustre/projects/csd940/zalibhai/biomodal/modality/outputs_CHG/Results/gencode.vM25.mouse.cpg_shores.annotation[39m
[38;5;23m2026-01-21 17:52:46[39m  [38;5;248mFilter Mod Difference[39m: None[39m
[38;5;23m2026-01-21 17:52:46[39m | [33mWARNING[39m | [33mExtra columns detected: Index(['Annotation'], dtype='object'). These will be retained but are not validated.[39m
[38;5;23m2026-01-21 17:52:46[39m | [33mWARNING[39m | [33mDMR results empty after applying filters (filter_qvalue=0.05, filter_mod_difference=None) for condition-pair=control__mutant and methylation-context=hmc. No filtered output and plot will be produced.[39m
[38;5;23m2026-01-21 17:52:46[39m | [33mWARNING[39m | [33mNo DMR reports were generated. Check your input files and filter parameters.[39m
[INFO] 2026-01-21 17:52:46 - DMR plots generated for /expanse/lustre/projects/csd940/zalibhai/biomodal/modality/outputs_CHG/Results/gencode.vM25.mouse.cpg_shores.annotation/DMR_20260121_174349/DMR_hmc_control__mutant_20260121_174349.bed
[INFO] 2026-01-21 17:52:46 - Generating DMR plots for /expanse/lustre/projects/csd940/zalibhai/biomodal/modality/outputs_CHG/Results/gencode.vM25.mouse.cpg_shores.annotation/DMR_20260121_174349/DMR_mc_control__mutant_20260121_174349.bed...
Logged in using stored credentials
[38;5;23m2026-01-21 17:52:50[39m  [1m[38;5;123mProvenance information:[39m
[38;5;23m2026-01-21 17:52:50[39m  cmd='/home/zalibhai/miniforge3/envs/modality/bin/modality -v dmr plot --dmr-results /expanse/lustre/projects/csd940/zalibhai/biomodal/modality/outputs_CHG/Results/gencode.vM25.mouse.cpg_shores.annotation/DMR_20260121_174349/DMR_mc_control__mutant_20260121_174349.bed --output-dir /expanse/lustre/projects/csd940/zalibhai/biomodal/modality/outputs_CHG/Results/gencode.vM25.mouse.cpg_shores.annotation'
timestamp=2026-01-21T17:52:50.497733
version=1.0.0
user=zalibhai

[39m
[38;5;23m2026-01-21 17:52:50[39m  [1m[38;5;123mGenerating DMR plots:[39m
[38;5;23m2026-01-21 17:52:50[39m  [38;5;248mDmr Results[39m: ['/expanse/lustre/projects/csd940/zalibhai/biomodal/modality/outputs_CHG/Results/gencode.vM25.mouse.cpg_shores.annotation/DMR_20260121_174349/DMR_mc_control__mutant_20260121_174349.bed'][39m
[38;5;23m2026-01-21 17:52:50[39m  [38;5;248mOutput Dir[39m: /expanse/lustre/projects/csd940/zalibhai/biomodal/modality/outputs_CHG/Results/gencode.vM25.mouse.cpg_shores.annotation[39m
[38;5;23m2026-01-21 17:52:50[39m  [38;5;248mFilter Qvalue[39m: None[39m
[38;5;23m2026-01-21 17:52:50[39m  [38;5;248mFilter Mod Difference[39m: None[39m
[38;5;23m2026-01-21 17:52:50[39m | [38;5;23mINFO[39m | Loading DMR file: /expanse/lustre/projects/csd940/zalibhai/biomodal/modality/outputs_CHG/Results/gencode.vM25.mouse.cpg_shores.annotation/DMR_20260121_174349/DMR_mc_control__mutant_20260121_174349.bed[39m
[38;5;23m2026-01-21 17:52:50[39m | [33mWARNING[39m | [33mExtra columns detected: Index(['Annotation'], dtype='object'). These will be retained but are not validated.[39m
[38;5;23m2026-01-21 17:52:50[39m | [38;5;23mINFO[39m | Loaded DMR file with 2427 rows[39m
[38;5;23m2026-01-21 17:52:50[39m | [38;5;23mINFO[39m | No filtering applied to DMRs[39m
[38;5;23m2026-01-21 17:52:50[39m | [38;5;23mINFO[39m | After filtering, DMR result has 2427 rows[39m
[38;5;23m2026-01-21 17:52:50[39m | [38;5;23mINFO[39m | Data ranges - mod_difference: [-0.0075231111121508, 0.0642323846361535], min q-value: 1.0[39m
[38;5;23m2026-01-21 17:52:50[39m | [38;5;23mINFO[39m | Preparing volcano plot data[39m
[38;5;23m2026-01-21 17:52:50[39m | [38;5;23mINFO[39m | Preparing histogram plot data[39m
[38;5;23m2026-01-21 17:52:50[39m | [38;5;23mINFO[39m | Histogram data for group 'CpG_shore': 2427 p-values[39m
[38;5;23m2026-01-21 17:52:50[39m | [38;5;23mINFO[39m | p-value range: [0.0032367433525531, 1.0][39m
[38;5;23m2026-01-21 17:52:50[39m | [38;5;23mINFO[39m | Volcano plot has 2427 total points across 1 groups[39m
[38;5;23m2026-01-21 17:52:50[39m | [33mWARNING[39m | [33mExtra columns detected: Index(['Annotation'], dtype='object'). These will be retained but are not validated.[39m
[38;5;23m2026-01-21 17:52:50[39m | [38;5;23mINFO[39m | Generated DMR report: /expanse/lustre/projects/csd940/zalibhai/biomodal/modality/outputs_CHG/Results/gencode.vM25.mouse.cpg_shores.annotation/DMR_Report_20260121_175250/DMR_Report_mc_control__mutant.dmr.volcano_20260121_175250.html[39m
[38;5;23m2026-01-21 17:52:50[39m | [38;5;23mINFO[39m | Generated 1 DMR reports.[39m
[38;5;23m2026-01-21 17:52:50[39m  [1m[38;5;154mDMR report successfully generated: /expanse/lustre/projects/csd940/zalibhai/biomodal/modality/outputs_CHG/Results/gencode.vM25.mouse.cpg_shores.annotation/DMR_Report_20260121_175250/DMR_Report_mc_control__mutant.dmr.volcano_20260121_175250.html[39m
[38;5;23m2026-01-21 17:52:50[39m | [38;5;23mINFO[39m | No filtered DMR files were generated. Check your filter parameters.[39m
[38;5;23m2026-01-21 17:52:50[39m  Wrote provenance sidecar file to /expanse/lustre/projects/csd940/zalibhai/biomodal/modality/outputs_CHG/Results/gencode.vM25.mouse.cpg_shores.annotation/DMR_Report_20260121_175250/modality_metadata_20260121_175250.json[39m
Logged in using stored credentials
[38;5;23m2026-01-21 17:52:55[39m  [1m[38;5;123mProvenance information:[39m
[38;5;23m2026-01-21 17:52:55[39m  cmd='/home/zalibhai/miniforge3/envs/modality/bin/modality dmr plot --dmr-results /expanse/lustre/projects/csd940/zalibhai/biomodal/modality/outputs_CHG/Results/gencode.vM25.mouse.cpg_shores.annotation/DMR_20260121_174349/DMR_mc_control__mutant_20260121_174349.bed --filter-qvalue 0.05 --output-dir /expanse/lustre/projects/csd940/zalibhai/biomodal/modality/outputs_CHG/Results/gencode.vM25.mouse.cpg_shores.annotation'
timestamp=2026-01-21T17:52:55.048133
version=1.0.0
user=zalibhai

[39m
[38;5;23m2026-01-21 17:52:55[39m  [1m[38;5;123mGenerating DMR plots:[39m
[38;5;23m2026-01-21 17:52:55[39m  [38;5;248mDmr Results[39m: ['/expanse/lustre/projects/csd940/zalibhai/biomodal/modality/outputs_CHG/Results/gencode.vM25.mouse.cpg_shores.annotation/DMR_20260121_174349/DMR_mc_control__mutant_20260121_174349.bed'][39m
[38;5;23m2026-01-21 17:52:55[39m  [38;5;248mFilter Qvalue[39m: 0.05[39m
[38;5;23m2026-01-21 17:52:55[39m  [38;5;248mOutput Dir[39m: /expanse/lustre/projects/csd940/zalibhai/biomodal/modality/outputs_CHG/Results/gencode.vM25.mouse.cpg_shores.annotation[39m
[38;5;23m2026-01-21 17:52:55[39m  [38;5;248mFilter Mod Difference[39m: None[39m
[38;5;23m2026-01-21 17:52:55[39m | [33mWARNING[39m | [33mExtra columns detected: Index(['Annotation'], dtype='object'). These will be retained but are not validated.[39m
[38;5;23m2026-01-21 17:52:55[39m | [33mWARNING[39m | [33mDMR results empty after applying filters (filter_qvalue=0.05, filter_mod_difference=None) for condition-pair=control__mutant and methylation-context=mc. No filtered output and plot will be produced.[39m
[38;5;23m2026-01-21 17:52:55[39m | [33mWARNING[39m | [33mNo DMR reports were generated. Check your input files and filter parameters.[39m
[INFO] 2026-01-21 17:52:55 - DMR plots generated for /expanse/lustre/projects/csd940/zalibhai/biomodal/modality/outputs_CHG/Results/gencode.vM25.mouse.cpg_shores.annotation/DMR_20260121_174349/DMR_mc_control__mutant_20260121_174349.bed
[INFO] 2026-01-21 17:52:55 - DMR visualisation completed for region: gencode.vM25.mouse.cpg_shores.annotation
[INFO] 2026-01-21 17:52:55 - Processing DMR visualisation for region: gencode.vM25.mouse.genes.annotation
[INFO] 2026-01-21 17:52:55 - Generating DMR plots for /expanse/lustre/projects/csd940/zalibhai/biomodal/modality/outputs_CHG/Results/gencode.vM25.mouse.genes.annotation/DMR_20260121_174629/DMR_hmc_control__mutant_20260121_174629.bed...
Logged in using stored credentials
[38;5;23m2026-01-21 17:52:59[39m  [1m[38;5;123mProvenance information:[39m
[38;5;23m2026-01-21 17:52:59[39m  cmd='/home/zalibhai/miniforge3/envs/modality/bin/modality -v dmr plot --dmr-results /expanse/lustre/projects/csd940/zalibhai/biomodal/modality/outputs_CHG/Results/gencode.vM25.mouse.genes.annotation/DMR_20260121_174629/DMR_hmc_control__mutant_20260121_174629.bed --output-dir /expanse/lustre/projects/csd940/zalibhai/biomodal/modality/outputs_CHG/Results/gencode.vM25.mouse.genes.annotation'
timestamp=2026-01-21T17:52:59.574212
version=1.0.0
user=zalibhai

[39m
[38;5;23m2026-01-21 17:52:59[39m  [1m[38;5;123mGenerating DMR plots:[39m
[38;5;23m2026-01-21 17:52:59[39m  [38;5;248mDmr Results[39m: ['/expanse/lustre/projects/csd940/zalibhai/biomodal/modality/outputs_CHG/Results/gencode.vM25.mouse.genes.annotation/DMR_20260121_174629/DMR_hmc_control__mutant_20260121_174629.bed'][39m
[38;5;23m2026-01-21 17:52:59[39m  [38;5;248mOutput Dir[39m: /expanse/lustre/projects/csd940/zalibhai/biomodal/modality/outputs_CHG/Results/gencode.vM25.mouse.genes.annotation[39m
[38;5;23m2026-01-21 17:52:59[39m  [38;5;248mFilter Qvalue[39m: None[39m
[38;5;23m2026-01-21 17:52:59[39m  [38;5;248mFilter Mod Difference[39m: None[39m
[38;5;23m2026-01-21 17:52:59[39m | [38;5;23mINFO[39m | Loading DMR file: /expanse/lustre/projects/csd940/zalibhai/biomodal/modality/outputs_CHG/Results/gencode.vM25.mouse.genes.annotation/DMR_20260121_174629/DMR_hmc_control__mutant_20260121_174629.bed[39m
[38;5;23m2026-01-21 17:52:59[39m | [33mWARNING[39m | [33mExtra columns detected: Index(['Annotation', 'Name'], dtype='object'). These will be retained but are not validated.[39m
[38;5;23m2026-01-21 17:52:59[39m | [38;5;23mINFO[39m | Loaded DMR file with 10506 rows[39m
[38;5;23m2026-01-21 17:52:59[39m | [38;5;23mINFO[39m | No filtering applied to DMRs[39m
[38;5;23m2026-01-21 17:52:59[39m | [38;5;23mINFO[39m | After filtering, DMR result has 10506 rows[39m
[38;5;23m2026-01-21 17:52:59[39m | [38;5;23mINFO[39m | Data ranges - mod_difference: [-0.0333333333333333, 0.0535714285714285], min q-value: 1.0[39m
[38;5;23m2026-01-21 17:52:59[39m | [38;5;23mINFO[39m | Preparing volcano plot data[39m
[38;5;23m2026-01-21 17:52:59[39m | [38;5;23mINFO[39m | Preparing histogram plot data[39m
[38;5;23m2026-01-21 17:52:59[39m | [38;5;23mINFO[39m | Histogram data for group 'Gene': 10506 p-values[39m
[38;5;23m2026-01-21 17:52:59[39m | [38;5;23mINFO[39m | p-value range: [0.0400146470828125, 1.0][39m
[38;5;23m2026-01-21 17:52:59[39m | [38;5;23mINFO[39m | Volcano plot has 10506 total points across 1 groups[39m
[38;5;23m2026-01-21 17:52:59[39m | [33mWARNING[39m | [33mExtra columns detected: Index(['Annotation', 'Name'], dtype='object'). These will be retained but are not validated.[39m
[38;5;23m2026-01-21 17:52:59[39m | [38;5;23mINFO[39m | Generated DMR report: /expanse/lustre/projects/csd940/zalibhai/biomodal/modality/outputs_CHG/Results/gencode.vM25.mouse.genes.annotation/DMR_Report_20260121_175259/DMR_Report_hmc_control__mutant.dmr.volcano_20260121_175259.html[39m
[38;5;23m2026-01-21 17:52:59[39m | [38;5;23mINFO[39m | Generated 1 DMR reports.[39m
[38;5;23m2026-01-21 17:52:59[39m  [1m[38;5;154mDMR report successfully generated: /expanse/lustre/projects/csd940/zalibhai/biomodal/modality/outputs_CHG/Results/gencode.vM25.mouse.genes.annotation/DMR_Report_20260121_175259/DMR_Report_hmc_control__mutant.dmr.volcano_20260121_175259.html[39m
[38;5;23m2026-01-21 17:52:59[39m | [38;5;23mINFO[39m | No filtered DMR files were generated. Check your filter parameters.[39m
[38;5;23m2026-01-21 17:52:59[39m  Wrote provenance sidecar file to /expanse/lustre/projects/csd940/zalibhai/biomodal/modality/outputs_CHG/Results/gencode.vM25.mouse.genes.annotation/DMR_Report_20260121_175259/modality_metadata_20260121_175259.json[39m
Logged in using stored credentials
[38;5;23m2026-01-21 17:53:04[39m  [1m[38;5;123mProvenance information:[39m
[38;5;23m2026-01-21 17:53:04[39m  cmd='/home/zalibhai/miniforge3/envs/modality/bin/modality dmr plot --dmr-results /expanse/lustre/projects/csd940/zalibhai/biomodal/modality/outputs_CHG/Results/gencode.vM25.mouse.genes.annotation/DMR_20260121_174629/DMR_hmc_control__mutant_20260121_174629.bed --filter-qvalue 0.05 --output-dir /expanse/lustre/projects/csd940/zalibhai/biomodal/modality/outputs_CHG/Results/gencode.vM25.mouse.genes.annotation'
timestamp=2026-01-21T17:53:04.955161
version=1.0.0
user=zalibhai

[39m
[38;5;23m2026-01-21 17:53:04[39m  [1m[38;5;123mGenerating DMR plots:[39m
[38;5;23m2026-01-21 17:53:04[39m  [38;5;248mDmr Results[39m: ['/expanse/lustre/projects/csd940/zalibhai/biomodal/modality/outputs_CHG/Results/gencode.vM25.mouse.genes.annotation/DMR_20260121_174629/DMR_hmc_control__mutant_20260121_174629.bed'][39m
[38;5;23m2026-01-21 17:53:04[39m  [38;5;248mFilter Qvalue[39m: 0.05[39m
[38;5;23m2026-01-21 17:53:04[39m  [38;5;248mOutput Dir[39m: /expanse/lustre/projects/csd940/zalibhai/biomodal/modality/outputs_CHG/Results/gencode.vM25.mouse.genes.annotation[39m
[38;5;23m2026-01-21 17:53:04[39m  [38;5;248mFilter Mod Difference[39m: None[39m
[38;5;23m2026-01-21 17:53:05[39m | [33mWARNING[39m | [33mExtra columns detected: Index(['Annotation', 'Name'], dtype='object'). These will be retained but are not validated.[39m
[38;5;23m2026-01-21 17:53:05[39m | [33mWARNING[39m | [33mDMR results empty after applying filters (filter_qvalue=0.05, filter_mod_difference=None) for condition-pair=control__mutant and methylation-context=hmc. No filtered output and plot will be produced.[39m
[38;5;23m2026-01-21 17:53:05[39m | [33mWARNING[39m | [33mNo DMR reports were generated. Check your input files and filter parameters.[39m
[INFO] 2026-01-21 17:53:05 - DMR plots generated for /expanse/lustre/projects/csd940/zalibhai/biomodal/modality/outputs_CHG/Results/gencode.vM25.mouse.genes.annotation/DMR_20260121_174629/DMR_hmc_control__mutant_20260121_174629.bed
[INFO] 2026-01-21 17:53:05 - Generating DMR plots for /expanse/lustre/projects/csd940/zalibhai/biomodal/modality/outputs_CHG/Results/gencode.vM25.mouse.genes.annotation/DMR_20260121_174629/DMR_mc_control__mutant_20260121_174629.bed...
Logged in using stored credentials
[38;5;23m2026-01-21 17:53:09[39m  [1m[38;5;123mProvenance information:[39m
[38;5;23m2026-01-21 17:53:09[39m  cmd='/home/zalibhai/miniforge3/envs/modality/bin/modality -v dmr plot --dmr-results /expanse/lustre/projects/csd940/zalibhai/biomodal/modality/outputs_CHG/Results/gencode.vM25.mouse.genes.annotation/DMR_20260121_174629/DMR_mc_control__mutant_20260121_174629.bed --output-dir /expanse/lustre/projects/csd940/zalibhai/biomodal/modality/outputs_CHG/Results/gencode.vM25.mouse.genes.annotation'
timestamp=2026-01-21T17:53:09.955190
version=1.0.0
user=zalibhai

[39m
[38;5;23m2026-01-21 17:53:09[39m  [1m[38;5;123mGenerating DMR plots:[39m
[38;5;23m2026-01-21 17:53:09[39m  [38;5;248mDmr Results[39m: ['/expanse/lustre/projects/csd940/zalibhai/biomodal/modality/outputs_CHG/Results/gencode.vM25.mouse.genes.annotation/DMR_20260121_174629/DMR_mc_control__mutant_20260121_174629.bed'][39m
[38;5;23m2026-01-21 17:53:09[39m  [38;5;248mOutput Dir[39m: /expanse/lustre/projects/csd940/zalibhai/biomodal/modality/outputs_CHG/Results/gencode.vM25.mouse.genes.annotation[39m
[38;5;23m2026-01-21 17:53:09[39m  [38;5;248mFilter Qvalue[39m: None[39m
[38;5;23m2026-01-21 17:53:09[39m  [38;5;248mFilter Mod Difference[39m: None[39m
[38;5;23m2026-01-21 17:53:09[39m | [38;5;23mINFO[39m | Loading DMR file: /expanse/lustre/projects/csd940/zalibhai/biomodal/modality/outputs_CHG/Results/gencode.vM25.mouse.genes.annotation/DMR_20260121_174629/DMR_mc_control__mutant_20260121_174629.bed[39m
[38;5;23m2026-01-21 17:53:09[39m | [33mWARNING[39m | [33mExtra columns detected: Index(['Annotation', 'Name'], dtype='object'). These will be retained but are not validated.[39m
[38;5;23m2026-01-21 17:53:09[39m | [38;5;23mINFO[39m | Loaded DMR file with 10506 rows[39m
[38;5;23m2026-01-21 17:53:09[39m | [38;5;23mINFO[39m | No filtering applied to DMRs[39m
[38;5;23m2026-01-21 17:53:09[39m | [38;5;23mINFO[39m | After filtering, DMR result has 10506 rows[39m
[38;5;23m2026-01-21 17:53:09[39m | [38;5;23mINFO[39m | Data ranges - mod_difference: [-0.0158438837926706, 0.1125541125541125], min q-value: 1.0[39m
[38;5;23m2026-01-21 17:53:09[39m | [38;5;23mINFO[39m | Preparing volcano plot data[39m
[38;5;23m2026-01-21 17:53:09[39m | [38;5;23mINFO[39m | Preparing histogram plot data[39m
[38;5;23m2026-01-21 17:53:10[39m | [38;5;23mINFO[39m | Histogram data for group 'Gene': 10506 p-values[39m
[38;5;23m2026-01-21 17:53:10[39m | [38;5;23mINFO[39m | p-value range: [0.0060746980159195, 1.0][39m
[38;5;23m2026-01-21 17:53:10[39m | [38;5;23mINFO[39m | Volcano plot has 10506 total points across 1 groups[39m
[38;5;23m2026-01-21 17:53:10[39m | [33mWARNING[39m | [33mExtra columns detected: Index(['Annotation', 'Name'], dtype='object'). These will be retained but are not validated.[39m
[38;5;23m2026-01-21 17:53:10[39m | [38;5;23mINFO[39m | Generated DMR report: /expanse/lustre/projects/csd940/zalibhai/biomodal/modality/outputs_CHG/Results/gencode.vM25.mouse.genes.annotation/DMR_Report_20260121_175310/DMR_Report_mc_control__mutant.dmr.volcano_20260121_175310.html[39m
[38;5;23m2026-01-21 17:53:10[39m | [38;5;23mINFO[39m | Generated 1 DMR reports.[39m
[38;5;23m2026-01-21 17:53:10[39m  [1m[38;5;154mDMR report successfully generated: /expanse/lustre/projects/csd940/zalibhai/biomodal/modality/outputs_CHG/Results/gencode.vM25.mouse.genes.annotation/DMR_Report_20260121_175310/DMR_Report_mc_control__mutant.dmr.volcano_20260121_175310.html[39m
[38;5;23m2026-01-21 17:53:10[39m | [38;5;23mINFO[39m | No filtered DMR files were generated. Check your filter parameters.[39m
[38;5;23m2026-01-21 17:53:10[39m  Wrote provenance sidecar file to /expanse/lustre/projects/csd940/zalibhai/biomodal/modality/outputs_CHG/Results/gencode.vM25.mouse.genes.annotation/DMR_Report_20260121_175310/modality_metadata_20260121_175310.json[39m
Logged in using stored credentials
[38;5;23m2026-01-21 17:53:13[39m  [1m[38;5;123mProvenance information:[39m
[38;5;23m2026-01-21 17:53:13[39m  cmd='/home/zalibhai/miniforge3/envs/modality/bin/modality dmr plot --dmr-results /expanse/lustre/projects/csd940/zalibhai/biomodal/modality/outputs_CHG/Results/gencode.vM25.mouse.genes.annotation/DMR_20260121_174629/DMR_mc_control__mutant_20260121_174629.bed --filter-qvalue 0.05 --output-dir /expanse/lustre/projects/csd940/zalibhai/biomodal/modality/outputs_CHG/Results/gencode.vM25.mouse.genes.annotation'
timestamp=2026-01-21T17:53:13.678305
version=1.0.0
user=zalibhai

[39m
[38;5;23m2026-01-21 17:53:13[39m  [1m[38;5;123mGenerating DMR plots:[39m
[38;5;23m2026-01-21 17:53:13[39m  [38;5;248mDmr Results[39m: ['/expanse/lustre/projects/csd940/zalibhai/biomodal/modality/outputs_CHG/Results/gencode.vM25.mouse.genes.annotation/DMR_20260121_174629/DMR_mc_control__mutant_20260121_174629.bed'][39m
[38;5;23m2026-01-21 17:53:13[39m  [38;5;248mFilter Qvalue[39m: 0.05[39m
[38;5;23m2026-01-21 17:53:13[39m  [38;5;248mOutput Dir[39m: /expanse/lustre/projects/csd940/zalibhai/biomodal/modality/outputs_CHG/Results/gencode.vM25.mouse.genes.annotation[39m
[38;5;23m2026-01-21 17:53:13[39m  [38;5;248mFilter Mod Difference[39m: None[39m
[38;5;23m2026-01-21 17:53:13[39m | [33mWARNING[39m | [33mExtra columns detected: Index(['Annotation', 'Name'], dtype='object'). These will be retained but are not validated.[39m
[38;5;23m2026-01-21 17:53:13[39m | [33mWARNING[39m | [33mDMR results empty after applying filters (filter_qvalue=0.05, filter_mod_difference=None) for condition-pair=control__mutant and methylation-context=mc. No filtered output and plot will be produced.[39m
[38;5;23m2026-01-21 17:53:13[39m | [33mWARNING[39m | [33mNo DMR reports were generated. Check your input files and filter parameters.[39m
[INFO] 2026-01-21 17:53:14 - DMR plots generated for /expanse/lustre/projects/csd940/zalibhai/biomodal/modality/outputs_CHG/Results/gencode.vM25.mouse.genes.annotation/DMR_20260121_174629/DMR_mc_control__mutant_20260121_174629.bed
[INFO] 2026-01-21 17:53:14 - DMR visualisation completed for region: gencode.vM25.mouse.genes.annotation
[INFO] 2026-01-21 17:53:14 - Processing DMR visualisation for region: gencode.vM25.mouse.promoters.annotation
[INFO] 2026-01-21 17:53:14 - Generating DMR plots for /expanse/lustre/projects/csd940/zalibhai/biomodal/modality/outputs_CHG/Results/gencode.vM25.mouse.promoters.annotation/DMR_20260121_174906/DMR_hmc_control__mutant_20260121_174906.bed...
Logged in using stored credentials
[38;5;23m2026-01-21 17:53:17[39m  [1m[38;5;123mProvenance information:[39m
[38;5;23m2026-01-21 17:53:17[39m  cmd='/home/zalibhai/miniforge3/envs/modality/bin/modality -v dmr plot --dmr-results /expanse/lustre/projects/csd940/zalibhai/biomodal/modality/outputs_CHG/Results/gencode.vM25.mouse.promoters.annotation/DMR_20260121_174906/DMR_hmc_control__mutant_20260121_174906.bed --output-dir /expanse/lustre/projects/csd940/zalibhai/biomodal/modality/outputs_CHG/Results/gencode.vM25.mouse.promoters.annotation'
timestamp=2026-01-21T17:53:17.135611
version=1.0.0
user=zalibhai

[39m
[38;5;23m2026-01-21 17:53:17[39m  [1m[38;5;123mGenerating DMR plots:[39m
[38;5;23m2026-01-21 17:53:17[39m  [38;5;248mDmr Results[39m: ['/expanse/lustre/projects/csd940/zalibhai/biomodal/modality/outputs_CHG/Results/gencode.vM25.mouse.promoters.annotation/DMR_20260121_174906/DMR_hmc_control__mutant_20260121_174906.bed'][39m
[38;5;23m2026-01-21 17:53:17[39m  [38;5;248mOutput Dir[39m: /expanse/lustre/projects/csd940/zalibhai/biomodal/modality/outputs_CHG/Results/gencode.vM25.mouse.promoters.annotation[39m
[38;5;23m2026-01-21 17:53:17[39m  [38;5;248mFilter Qvalue[39m: None[39m
[38;5;23m2026-01-21 17:53:17[39m  [38;5;248mFilter Mod Difference[39m: None[39m
[38;5;23m2026-01-21 17:53:17[39m | [38;5;23mINFO[39m | Loading DMR file: /expanse/lustre/projects/csd940/zalibhai/biomodal/modality/outputs_CHG/Results/gencode.vM25.mouse.promoters.annotation/DMR_20260121_174906/DMR_hmc_control__mutant_20260121_174906.bed[39m
[38;5;23m2026-01-21 17:53:17[39m | [33mWARNING[39m | [33mExtra columns detected: Index(['Annotation', 'Name'], dtype='object'). These will be retained but are not validated.[39m
[38;5;23m2026-01-21 17:53:17[39m | [38;5;23mINFO[39m | Loaded DMR file with 1069 rows[39m
[38;5;23m2026-01-21 17:53:17[39m | [38;5;23mINFO[39m | No filtering applied to DMRs[39m
[38;5;23m2026-01-21 17:53:17[39m | [38;5;23mINFO[39m | After filtering, DMR result has 1069 rows[39m
[38;5;23m2026-01-21 17:53:17[39m | [38;5;23mINFO[39m | Data ranges - mod_difference: [0.0, 0.00423517473858], min q-value: 1.0[39m
[38;5;23m2026-01-21 17:53:17[39m | [38;5;23mINFO[39m | Preparing volcano plot data[39m
[38;5;23m2026-01-21 17:53:17[39m | [38;5;23mINFO[39m | Preparing histogram plot data[39m
[38;5;23m2026-01-21 17:53:17[39m | [38;5;23mINFO[39m | Histogram data for group 'Promoter': 1069 p-values[39m
[38;5;23m2026-01-21 17:53:17[39m | [38;5;23mINFO[39m | p-value range: [0.323503631980157, 1.0][39m
[38;5;23m2026-01-21 17:53:17[39m | [38;5;23mINFO[39m | Volcano plot has 1069 total points across 1 groups[39m
[38;5;23m2026-01-21 17:53:17[39m | [33mWARNING[39m | [33mExtra columns detected: Index(['Annotation', 'Name'], dtype='object'). These will be retained but are not validated.[39m
[38;5;23m2026-01-21 17:53:17[39m | [38;5;23mINFO[39m | Generated DMR report: /expanse/lustre/projects/csd940/zalibhai/biomodal/modality/outputs_CHG/Results/gencode.vM25.mouse.promoters.annotation/DMR_Report_20260121_175317/DMR_Report_hmc_control__mutant.dmr.volcano_20260121_175317.html[39m
[38;5;23m2026-01-21 17:53:17[39m | [38;5;23mINFO[39m | Generated 1 DMR reports.[39m
[38;5;23m2026-01-21 17:53:17[39m  [1m[38;5;154mDMR report successfully generated: /expanse/lustre/projects/csd940/zalibhai/biomodal/modality/outputs_CHG/Results/gencode.vM25.mouse.promoters.annotation/DMR_Report_20260121_175317/DMR_Report_hmc_control__mutant.dmr.volcano_20260121_175317.html[39m
[38;5;23m2026-01-21 17:53:17[39m | [38;5;23mINFO[39m | No filtered DMR files were generated. Check your filter parameters.[39m
[38;5;23m2026-01-21 17:53:17[39m  Wrote provenance sidecar file to /expanse/lustre/projects/csd940/zalibhai/biomodal/modality/outputs_CHG/Results/gencode.vM25.mouse.promoters.annotation/DMR_Report_20260121_175317/modality_metadata_20260121_175317.json[39m
Logged in using stored credentials
[38;5;23m2026-01-21 17:53:22[39m  [1m[38;5;123mProvenance information:[39m
[38;5;23m2026-01-21 17:53:22[39m  cmd='/home/zalibhai/miniforge3/envs/modality/bin/modality dmr plot --dmr-results /expanse/lustre/projects/csd940/zalibhai/biomodal/modality/outputs_CHG/Results/gencode.vM25.mouse.promoters.annotation/DMR_20260121_174906/DMR_hmc_control__mutant_20260121_174906.bed --filter-qvalue 0.05 --output-dir /expanse/lustre/projects/csd940/zalibhai/biomodal/modality/outputs_CHG/Results/gencode.vM25.mouse.promoters.annotation'
timestamp=2026-01-21T17:53:22.241889
version=1.0.0
user=zalibhai

[39m
[38;5;23m2026-01-21 17:53:22[39m  [1m[38;5;123mGenerating DMR plots:[39m
[38;5;23m2026-01-21 17:53:22[39m  [38;5;248mDmr Results[39m: ['/expanse/lustre/projects/csd940/zalibhai/biomodal/modality/outputs_CHG/Results/gencode.vM25.mouse.promoters.annotation/DMR_20260121_174906/DMR_hmc_control__mutant_20260121_174906.bed'][39m
[38;5;23m2026-01-21 17:53:22[39m  [38;5;248mFilter Qvalue[39m: 0.05[39m
[38;5;23m2026-01-21 17:53:22[39m  [38;5;248mOutput Dir[39m: /expanse/lustre/projects/csd940/zalibhai/biomodal/modality/outputs_CHG/Results/gencode.vM25.mouse.promoters.annotation[39m
[38;5;23m2026-01-21 17:53:22[39m  [38;5;248mFilter Mod Difference[39m: None[39m
[38;5;23m2026-01-21 17:53:22[39m | [33mWARNING[39m | [33mExtra columns detected: Index(['Annotation', 'Name'], dtype='object'). These will be retained but are not validated.[39m
[38;5;23m2026-01-21 17:53:22[39m | [33mWARNING[39m | [33mDMR results empty after applying filters (filter_qvalue=0.05, filter_mod_difference=None) for condition-pair=control__mutant and methylation-context=hmc. No filtered output and plot will be produced.[39m
[38;5;23m2026-01-21 17:53:22[39m | [33mWARNING[39m | [33mNo DMR reports were generated. Check your input files and filter parameters.[39m
[INFO] 2026-01-21 17:53:22 - DMR plots generated for /expanse/lustre/projects/csd940/zalibhai/biomodal/modality/outputs_CHG/Results/gencode.vM25.mouse.promoters.annotation/DMR_20260121_174906/DMR_hmc_control__mutant_20260121_174906.bed
[INFO] 2026-01-21 17:53:22 - Generating DMR plots for /expanse/lustre/projects/csd940/zalibhai/biomodal/modality/outputs_CHG/Results/gencode.vM25.mouse.promoters.annotation/DMR_20260121_174906/DMR_mc_control__mutant_20260121_174906.bed...
Logged in using stored credentials
[38;5;23m2026-01-21 17:53:27[39m  [1m[38;5;123mProvenance information:[39m
[38;5;23m2026-01-21 17:53:27[39m  cmd='/home/zalibhai/miniforge3/envs/modality/bin/modality -v dmr plot --dmr-results /expanse/lustre/projects/csd940/zalibhai/biomodal/modality/outputs_CHG/Results/gencode.vM25.mouse.promoters.annotation/DMR_20260121_174906/DMR_mc_control__mutant_20260121_174906.bed --output-dir /expanse/lustre/projects/csd940/zalibhai/biomodal/modality/outputs_CHG/Results/gencode.vM25.mouse.promoters.annotation'
timestamp=2026-01-21T17:53:27.251120
version=1.0.0
user=zalibhai

[39m
[38;5;23m2026-01-21 17:53:27[39m  [1m[38;5;123mGenerating DMR plots:[39m
[38;5;23m2026-01-21 17:53:27[39m  [38;5;248mDmr Results[39m: ['/expanse/lustre/projects/csd940/zalibhai/biomodal/modality/outputs_CHG/Results/gencode.vM25.mouse.promoters.annotation/DMR_20260121_174906/DMR_mc_control__mutant_20260121_174906.bed'][39m
[38;5;23m2026-01-21 17:53:27[39m  [38;5;248mOutput Dir[39m: /expanse/lustre/projects/csd940/zalibhai/biomodal/modality/outputs_CHG/Results/gencode.vM25.mouse.promoters.annotation[39m
[38;5;23m2026-01-21 17:53:27[39m  [38;5;248mFilter Qvalue[39m: None[39m
[38;5;23m2026-01-21 17:53:27[39m  [38;5;248mFilter Mod Difference[39m: None[39m
[38;5;23m2026-01-21 17:53:27[39m | [38;5;23mINFO[39m | Loading DMR file: /expanse/lustre/projects/csd940/zalibhai/biomodal/modality/outputs_CHG/Results/gencode.vM25.mouse.promoters.annotation/DMR_20260121_174906/DMR_mc_control__mutant_20260121_174906.bed[39m
[38;5;23m2026-01-21 17:53:27[39m | [33mWARNING[39m | [33mExtra columns detected: Index(['Annotation', 'Name'], dtype='object'). These will be retained but are not validated.[39m
[38;5;23m2026-01-21 17:53:27[39m | [38;5;23mINFO[39m | Loaded DMR file with 1069 rows[39m
[38;5;23m2026-01-21 17:53:27[39m | [38;5;23mINFO[39m | No filtering applied to DMRs[39m
[38;5;23m2026-01-21 17:53:27[39m | [38;5;23mINFO[39m | After filtering, DMR result has 1069 rows[39m
[38;5;23m2026-01-21 17:53:27[39m | [38;5;23mINFO[39m | Data ranges - mod_difference: [-0.0091830039314854, 0.0637684025866813], min q-value: 1.0[39m
[38;5;23m2026-01-21 17:53:27[39m | [38;5;23mINFO[39m | Preparing volcano plot data[39m
[38;5;23m2026-01-21 17:53:27[39m | [38;5;23mINFO[39m | Preparing histogram plot data[39m
[38;5;23m2026-01-21 17:53:27[39m | [38;5;23mINFO[39m | Histogram data for group 'Promoter': 1069 p-values[39m
[38;5;23m2026-01-21 17:53:27[39m | [38;5;23mINFO[39m | p-value range: [0.0858484525561886, 1.0][39m
[38;5;23m2026-01-21 17:53:27[39m | [38;5;23mINFO[39m | Volcano plot has 1069 total points across 1 groups[39m
[38;5;23m2026-01-21 17:53:27[39m | [33mWARNING[39m | [33mExtra columns detected: Index(['Annotation', 'Name'], dtype='object'). These will be retained but are not validated.[39m
[38;5;23m2026-01-21 17:53:27[39m | [38;5;23mINFO[39m | Generated DMR report: /expanse/lustre/projects/csd940/zalibhai/biomodal/modality/outputs_CHG/Results/gencode.vM25.mouse.promoters.annotation/DMR_Report_20260121_175327/DMR_Report_mc_control__mutant.dmr.volcano_20260121_175327.html[39m
[38;5;23m2026-01-21 17:53:27[39m | [38;5;23mINFO[39m | Generated 1 DMR reports.[39m
[38;5;23m2026-01-21 17:53:27[39m  [1m[38;5;154mDMR report successfully generated: /expanse/lustre/projects/csd940/zalibhai/biomodal/modality/outputs_CHG/Results/gencode.vM25.mouse.promoters.annotation/DMR_Report_20260121_175327/DMR_Report_mc_control__mutant.dmr.volcano_20260121_175327.html[39m
[38;5;23m2026-01-21 17:53:27[39m | [38;5;23mINFO[39m | No filtered DMR files were generated. Check your filter parameters.[39m
[38;5;23m2026-01-21 17:53:27[39m  Wrote provenance sidecar file to /expanse/lustre/projects/csd940/zalibhai/biomodal/modality/outputs_CHG/Results/gencode.vM25.mouse.promoters.annotation/DMR_Report_20260121_175327/modality_metadata_20260121_175327.json[39m
Logged in using stored credentials
[38;5;23m2026-01-21 17:53:32[39m  [1m[38;5;123mProvenance information:[39m
[38;5;23m2026-01-21 17:53:32[39m  cmd='/home/zalibhai/miniforge3/envs/modality/bin/modality dmr plot --dmr-results /expanse/lustre/projects/csd940/zalibhai/biomodal/modality/outputs_CHG/Results/gencode.vM25.mouse.promoters.annotation/DMR_20260121_174906/DMR_mc_control__mutant_20260121_174906.bed --filter-qvalue 0.05 --output-dir /expanse/lustre/projects/csd940/zalibhai/biomodal/modality/outputs_CHG/Results/gencode.vM25.mouse.promoters.annotation'
timestamp=2026-01-21T17:53:32.236808
version=1.0.0
user=zalibhai

[39m
[38;5;23m2026-01-21 17:53:32[39m  [1m[38;5;123mGenerating DMR plots:[39m
[38;5;23m2026-01-21 17:53:32[39m  [38;5;248mDmr Results[39m: ['/expanse/lustre/projects/csd940/zalibhai/biomodal/modality/outputs_CHG/Results/gencode.vM25.mouse.promoters.annotation/DMR_20260121_174906/DMR_mc_control__mutant_20260121_174906.bed'][39m
[38;5;23m2026-01-21 17:53:32[39m  [38;5;248mFilter Qvalue[39m: 0.05[39m
[38;5;23m2026-01-21 17:53:32[39m  [38;5;248mOutput Dir[39m: /expanse/lustre/projects/csd940/zalibhai/biomodal/modality/outputs_CHG/Results/gencode.vM25.mouse.promoters.annotation[39m
[38;5;23m2026-01-21 17:53:32[39m  [38;5;248mFilter Mod Difference[39m: None[39m
[38;5;23m2026-01-21 17:53:32[39m | [33mWARNING[39m | [33mExtra columns detected: Index(['Annotation', 'Name'], dtype='object'). These will be retained but are not validated.[39m
[38;5;23m2026-01-21 17:53:32[39m | [33mWARNING[39m | [33mDMR results empty after applying filters (filter_qvalue=0.05, filter_mod_difference=None) for condition-pair=control__mutant and methylation-context=mc. No filtered output and plot will be produced.[39m
[38;5;23m2026-01-21 17:53:32[39m | [33mWARNING[39m | [33mNo DMR reports were generated. Check your input files and filter parameters.[39m
[INFO] 2026-01-21 17:53:32 - DMR plots generated for /expanse/lustre/projects/csd940/zalibhai/biomodal/modality/outputs_CHG/Results/gencode.vM25.mouse.promoters.annotation/DMR_20260121_174906/DMR_mc_control__mutant_20260121_174906.bed
[INFO] 2026-01-21 17:53:32 - DMR visualisation completed for region: gencode.vM25.mouse.promoters.annotation
[INFO] 2026-01-21 17:53:32 - Processing DMR visualisation for region: gencode.vM25.mouse.tss_region.annotation
[INFO] 2026-01-21 17:53:32 - Generating DMR plots for /expanse/lustre/projects/csd940/zalibhai/biomodal/modality/outputs_CHG/Results/gencode.vM25.mouse.tss_region.annotation/DMR_20260121_175121/DMR_hmc_control__mutant_20260121_175121.bed...
Logged in using stored credentials
[38;5;23m2026-01-21 17:53:36[39m  [1m[38;5;123mProvenance information:[39m
[38;5;23m2026-01-21 17:53:36[39m  cmd='/home/zalibhai/miniforge3/envs/modality/bin/modality -v dmr plot --dmr-results /expanse/lustre/projects/csd940/zalibhai/biomodal/modality/outputs_CHG/Results/gencode.vM25.mouse.tss_region.annotation/DMR_20260121_175121/DMR_hmc_control__mutant_20260121_175121.bed --output-dir /expanse/lustre/projects/csd940/zalibhai/biomodal/modality/outputs_CHG/Results/gencode.vM25.mouse.tss_region.annotation'
timestamp=2026-01-21T17:53:36.843041
version=1.0.0
user=zalibhai

[39m
[38;5;23m2026-01-21 17:53:36[39m  [1m[38;5;123mGenerating DMR plots:[39m
[38;5;23m2026-01-21 17:53:36[39m  [38;5;248mDmr Results[39m: ['/expanse/lustre/projects/csd940/zalibhai/biomodal/modality/outputs_CHG/Results/gencode.vM25.mouse.tss_region.annotation/DMR_20260121_175121/DMR_hmc_control__mutant_20260121_175121.bed'][39m
[38;5;23m2026-01-21 17:53:36[39m  [38;5;248mOutput Dir[39m: /expanse/lustre/projects/csd940/zalibhai/biomodal/modality/outputs_CHG/Results/gencode.vM25.mouse.tss_region.annotation[39m
[38;5;23m2026-01-21 17:53:36[39m  [38;5;248mFilter Qvalue[39m: None[39m
[38;5;23m2026-01-21 17:53:36[39m  [38;5;248mFilter Mod Difference[39m: None[39m
[38;5;23m2026-01-21 17:53:36[39m | [38;5;23mINFO[39m | Loading DMR file: /expanse/lustre/projects/csd940/zalibhai/biomodal/modality/outputs_CHG/Results/gencode.vM25.mouse.tss_region.annotation/DMR_20260121_175121/DMR_hmc_control__mutant_20260121_175121.bed[39m
[38;5;23m2026-01-21 17:53:36[39m | [33mWARNING[39m | [33mExtra columns detected: Index(['Annotation', 'Name'], dtype='object'). These will be retained but are not validated.[39m
[38;5;23m2026-01-21 17:53:36[39m | [38;5;23mINFO[39m | Loaded DMR file with 295 rows[39m
[38;5;23m2026-01-21 17:53:36[39m | [38;5;23mINFO[39m | No filtering applied to DMRs[39m
[38;5;23m2026-01-21 17:53:36[39m | [38;5;23mINFO[39m | After filtering, DMR result has 295 rows[39m
[38;5;23m2026-01-21 17:53:36[39m | [38;5;23mINFO[39m | Data ranges - mod_difference: [0.0, 7.590708972218005e-05], min q-value: 1.0[39m
[38;5;23m2026-01-21 17:53:36[39m | [38;5;23mINFO[39m | Preparing volcano plot data[39m
[38;5;23m2026-01-21 17:53:36[39m | [38;5;23mINFO[39m | Preparing histogram plot data[39m
[38;5;23m2026-01-21 17:53:36[39m | [38;5;23mINFO[39m | Histogram data for group 'TSS': 295 p-values[39m
[38;5;23m2026-01-21 17:53:36[39m | [38;5;23mINFO[39m | p-value range: [0.3377604866815104, 1.0][39m
[38;5;23m2026-01-21 17:53:36[39m | [38;5;23mINFO[39m | Volcano plot has 295 total points across 1 groups[39m
[38;5;23m2026-01-21 17:53:36[39m | [33mWARNING[39m | [33mExtra columns detected: Index(['Annotation', 'Name'], dtype='object'). These will be retained but are not validated.[39m
[38;5;23m2026-01-21 17:53:36[39m | [38;5;23mINFO[39m | Generated DMR report: /expanse/lustre/projects/csd940/zalibhai/biomodal/modality/outputs_CHG/Results/gencode.vM25.mouse.tss_region.annotation/DMR_Report_20260121_175336/DMR_Report_hmc_control__mutant.dmr.volcano_20260121_175336.html[39m
[38;5;23m2026-01-21 17:53:36[39m | [38;5;23mINFO[39m | Generated 1 DMR reports.[39m
[38;5;23m2026-01-21 17:53:36[39m  [1m[38;5;154mDMR report successfully generated: /expanse/lustre/projects/csd940/zalibhai/biomodal/modality/outputs_CHG/Results/gencode.vM25.mouse.tss_region.annotation/DMR_Report_20260121_175336/DMR_Report_hmc_control__mutant.dmr.volcano_20260121_175336.html[39m
[38;5;23m2026-01-21 17:53:36[39m | [38;5;23mINFO[39m | No filtered DMR files were generated. Check your filter parameters.[39m
[38;5;23m2026-01-21 17:53:36[39m  Wrote provenance sidecar file to /expanse/lustre/projects/csd940/zalibhai/biomodal/modality/outputs_CHG/Results/gencode.vM25.mouse.tss_region.annotation/DMR_Report_20260121_175336/modality_metadata_20260121_175336.json[39m
Logged in using stored credentials
[38;5;23m2026-01-21 17:53:40[39m  [1m[38;5;123mProvenance information:[39m
[38;5;23m2026-01-21 17:53:40[39m  cmd='/home/zalibhai/miniforge3/envs/modality/bin/modality dmr plot --dmr-results /expanse/lustre/projects/csd940/zalibhai/biomodal/modality/outputs_CHG/Results/gencode.vM25.mouse.tss_region.annotation/DMR_20260121_175121/DMR_hmc_control__mutant_20260121_175121.bed --filter-qvalue 0.05 --output-dir /expanse/lustre/projects/csd940/zalibhai/biomodal/modality/outputs_CHG/Results/gencode.vM25.mouse.tss_region.annotation'
timestamp=2026-01-21T17:53:40.413033
version=1.0.0
user=zalibhai

[39m
[38;5;23m2026-01-21 17:53:40[39m  [1m[38;5;123mGenerating DMR plots:[39m
[38;5;23m2026-01-21 17:53:40[39m  [38;5;248mDmr Results[39m: ['/expanse/lustre/projects/csd940/zalibhai/biomodal/modality/outputs_CHG/Results/gencode.vM25.mouse.tss_region.annotation/DMR_20260121_175121/DMR_hmc_control__mutant_20260121_175121.bed'][39m
[38;5;23m2026-01-21 17:53:40[39m  [38;5;248mFilter Qvalue[39m: 0.05[39m
[38;5;23m2026-01-21 17:53:40[39m  [38;5;248mOutput Dir[39m: /expanse/lustre/projects/csd940/zalibhai/biomodal/modality/outputs_CHG/Results/gencode.vM25.mouse.tss_region.annotation[39m
[38;5;23m2026-01-21 17:53:40[39m  [38;5;248mFilter Mod Difference[39m: None[39m
[38;5;23m2026-01-21 17:53:40[39m | [33mWARNING[39m | [33mExtra columns detected: Index(['Annotation', 'Name'], dtype='object'). These will be retained but are not validated.[39m
[38;5;23m2026-01-21 17:53:40[39m | [33mWARNING[39m | [33mDMR results empty after applying filters (filter_qvalue=0.05, filter_mod_difference=None) for condition-pair=control__mutant and methylation-context=hmc. No filtered output and plot will be produced.[39m
[38;5;23m2026-01-21 17:53:40[39m | [33mWARNING[39m | [33mNo DMR reports were generated. Check your input files and filter parameters.[39m
[INFO] 2026-01-21 17:53:40 - DMR plots generated for /expanse/lustre/projects/csd940/zalibhai/biomodal/modality/outputs_CHG/Results/gencode.vM25.mouse.tss_region.annotation/DMR_20260121_175121/DMR_hmc_control__mutant_20260121_175121.bed
[INFO] 2026-01-21 17:53:40 - Generating DMR plots for /expanse/lustre/projects/csd940/zalibhai/biomodal/modality/outputs_CHG/Results/gencode.vM25.mouse.tss_region.annotation/DMR_20260121_175121/DMR_mc_control__mutant_20260121_175121.bed...
Logged in using stored credentials
[38;5;23m2026-01-21 17:53:43[39m  [1m[38;5;123mProvenance information:[39m
[38;5;23m2026-01-21 17:53:43[39m  cmd='/home/zalibhai/miniforge3/envs/modality/bin/modality -v dmr plot --dmr-results /expanse/lustre/projects/csd940/zalibhai/biomodal/modality/outputs_CHG/Results/gencode.vM25.mouse.tss_region.annotation/DMR_20260121_175121/DMR_mc_control__mutant_20260121_175121.bed --output-dir /expanse/lustre/projects/csd940/zalibhai/biomodal/modality/outputs_CHG/Results/gencode.vM25.mouse.tss_region.annotation'
timestamp=2026-01-21T17:53:43.860305
version=1.0.0
user=zalibhai

[39m
[38;5;23m2026-01-21 17:53:43[39m  [1m[38;5;123mGenerating DMR plots:[39m
[38;5;23m2026-01-21 17:53:43[39m  [38;5;248mDmr Results[39m: ['/expanse/lustre/projects/csd940/zalibhai/biomodal/modality/outputs_CHG/Results/gencode.vM25.mouse.tss_region.annotation/DMR_20260121_175121/DMR_mc_control__mutant_20260121_175121.bed'][39m
[38;5;23m2026-01-21 17:53:43[39m  [38;5;248mOutput Dir[39m: /expanse/lustre/projects/csd940/zalibhai/biomodal/modality/outputs_CHG/Results/gencode.vM25.mouse.tss_region.annotation[39m
[38;5;23m2026-01-21 17:53:43[39m  [38;5;248mFilter Qvalue[39m: None[39m
[38;5;23m2026-01-21 17:53:43[39m  [38;5;248mFilter Mod Difference[39m: None[39m
[38;5;23m2026-01-21 17:53:43[39m | [38;5;23mINFO[39m | Loading DMR file: /expanse/lustre/projects/csd940/zalibhai/biomodal/modality/outputs_CHG/Results/gencode.vM25.mouse.tss_region.annotation/DMR_20260121_175121/DMR_mc_control__mutant_20260121_175121.bed[39m
[38;5;23m2026-01-21 17:53:43[39m | [33mWARNING[39m | [33mExtra columns detected: Index(['Annotation', 'Name'], dtype='object'). These will be retained but are not validated.[39m
[38;5;23m2026-01-21 17:53:43[39m | [38;5;23mINFO[39m | Loaded DMR file with 295 rows[39m
[38;5;23m2026-01-21 17:53:43[39m | [38;5;23mINFO[39m | No filtering applied to DMRs[39m
[38;5;23m2026-01-21 17:53:43[39m | [38;5;23mINFO[39m | After filtering, DMR result has 295 rows[39m
[38;5;23m2026-01-21 17:53:43[39m | [38;5;23mINFO[39m | Data ranges - mod_difference: [-0.0178799434626293, 0.003644016660187], min q-value: 1.0[39m
[38;5;23m2026-01-21 17:53:43[39m | [38;5;23mINFO[39m | Preparing volcano plot data[39m
[38;5;23m2026-01-21 17:53:43[39m | [38;5;23mINFO[39m | Preparing histogram plot data[39m
[38;5;23m2026-01-21 17:53:43[39m | [38;5;23mINFO[39m | Histogram data for group 'TSS': 295 p-values[39m
[38;5;23m2026-01-21 17:53:43[39m | [38;5;23mINFO[39m | p-value range: [0.1480803587419955, 1.0][39m
[38;5;23m2026-01-21 17:53:43[39m | [38;5;23mINFO[39m | Volcano plot has 295 total points across 1 groups[39m
[38;5;23m2026-01-21 17:53:43[39m | [33mWARNING[39m | [33mExtra columns detected: Index(['Annotation', 'Name'], dtype='object'). These will be retained but are not validated.[39m
[38;5;23m2026-01-21 17:53:43[39m | [38;5;23mINFO[39m | Generated DMR report: /expanse/lustre/projects/csd940/zalibhai/biomodal/modality/outputs_CHG/Results/gencode.vM25.mouse.tss_region.annotation/DMR_Report_20260121_175343/DMR_Report_mc_control__mutant.dmr.volcano_20260121_175343.html[39m
[38;5;23m2026-01-21 17:53:43[39m | [38;5;23mINFO[39m | Generated 1 DMR reports.[39m
[38;5;23m2026-01-21 17:53:43[39m  [1m[38;5;154mDMR report successfully generated: /expanse/lustre/projects/csd940/zalibhai/biomodal/modality/outputs_CHG/Results/gencode.vM25.mouse.tss_region.annotation/DMR_Report_20260121_175343/DMR_Report_mc_control__mutant.dmr.volcano_20260121_175343.html[39m
[38;5;23m2026-01-21 17:53:43[39m | [38;5;23mINFO[39m | No filtered DMR files were generated. Check your filter parameters.[39m
[38;5;23m2026-01-21 17:53:43[39m  Wrote provenance sidecar file to /expanse/lustre/projects/csd940/zalibhai/biomodal/modality/outputs_CHG/Results/gencode.vM25.mouse.tss_region.annotation/DMR_Report_20260121_175343/modality_metadata_20260121_175343.json[39m
Logged in using stored credentials
[38;5;23m2026-01-21 17:53:49[39m  [1m[38;5;123mProvenance information:[39m
[38;5;23m2026-01-21 17:53:49[39m  cmd='/home/zalibhai/miniforge3/envs/modality/bin/modality dmr plot --dmr-results /expanse/lustre/projects/csd940/zalibhai/biomodal/modality/outputs_CHG/Results/gencode.vM25.mouse.tss_region.annotation/DMR_20260121_175121/DMR_mc_control__mutant_20260121_175121.bed --filter-qvalue 0.05 --output-dir /expanse/lustre/projects/csd940/zalibhai/biomodal/modality/outputs_CHG/Results/gencode.vM25.mouse.tss_region.annotation'
timestamp=2026-01-21T17:53:49.153026
version=1.0.0
user=zalibhai

[39m
[38;5;23m2026-01-21 17:53:49[39m  [1m[38;5;123mGenerating DMR plots:[39m
[38;5;23m2026-01-21 17:53:49[39m  [38;5;248mDmr Results[39m: ['/expanse/lustre/projects/csd940/zalibhai/biomodal/modality/outputs_CHG/Results/gencode.vM25.mouse.tss_region.annotation/DMR_20260121_175121/DMR_mc_control__mutant_20260121_175121.bed'][39m
[38;5;23m2026-01-21 17:53:49[39m  [38;5;248mFilter Qvalue[39m: 0.05[39m
[38;5;23m2026-01-21 17:53:49[39m  [38;5;248mOutput Dir[39m: /expanse/lustre/projects/csd940/zalibhai/biomodal/modality/outputs_CHG/Results/gencode.vM25.mouse.tss_region.annotation[39m
[38;5;23m2026-01-21 17:53:49[39m  [38;5;248mFilter Mod Difference[39m: None[39m
[38;5;23m2026-01-21 17:53:49[39m | [33mWARNING[39m | [33mExtra columns detected: Index(['Annotation', 'Name'], dtype='object'). These will be retained but are not validated.[39m
[38;5;23m2026-01-21 17:53:49[39m | [33mWARNING[39m | [33mDMR results empty after applying filters (filter_qvalue=0.05, filter_mod_difference=None) for condition-pair=control__mutant and methylation-context=mc. No filtered output and plot will be produced.[39m
[38;5;23m2026-01-21 17:53:49[39m | [33mWARNING[39m | [33mNo DMR reports were generated. Check your input files and filter parameters.[39m
[INFO] 2026-01-21 17:53:49 - DMR plots generated for /expanse/lustre/projects/csd940/zalibhai/biomodal/modality/outputs_CHG/Results/gencode.vM25.mouse.tss_region.annotation/DMR_20260121_175121/DMR_mc_control__mutant_20260121_175121.bed
[INFO] 2026-01-21 17:53:49 - DMR visualisation completed for region: gencode.vM25.mouse.tss_region.annotation
[INFO] 2026-01-21 17:53:49 - DMR HTML reports copied to region-specific directories
[INFO] 2026-01-21 17:53:49 - Pipeline completed successfully. Reports are available in /expanse/lustre/projects/csd940/zalibhai/biomodal/modality/outputs_CHG/Reports and region-specific subdirectories
[INFO] 2026-01-21 17:53:49 - Script completed in 3081 seconds

=========================================
End time: Wed Jan 21 17:53:49 PST 2026
=========================================
