=========================================
Duet evoC Bap1 Run
=========================================
Job ID: 45983835
Node: exp-5-14
CPUs: 16
Memory: 128GB
Start time: Tue Jan 20 16:23:46 PST 2026
=========================================


 N E X T F L O W   ~  version 25.04.8

Launching `/expanse/lustre/projects/csd940/zalibhai/biomodal/pipelines/duet/1.5.0/main.nf` [lonely_lalande] DSL2 - revision: c04799865d

creating /expanse/lustre/projects/csd940/zalibhai/biomodal/evoC-run/output/duet-1.5.0_evoC_Bap1_run_6bp/diagnostics
[-        ] resolve_align:FASTQC_RAW -

[-        ] resolve_align:FASTQC_RAW       -
[-        ] resolve_align:PRELUDE          -
[-        ] resolve_align:FASTQC_RESOLVED  -
[-        ] resolve_align:BWA_MEM2         -
[-        ] res…align:SAMTOOLS_MERGE_LANES -
[-        ] resolve_align:PRESEQ           -
[-        ] bamlet:BAMLET                  -
[-        ] bamlet:QUALIMAP_BAMQC          -
[-        ] bam_stats_genome:TSS_BIAS      -
[-        ] bam…:DEEPTOOLS_PLOTFINGERPRINT -
[-        ] bam_stats_genome:PICARD_GCBIAS -
[-        ] bam…LONG_CTRL_GENETIC_ACCURACY -
[-        ] var…t_calling:HAPLOTYPE_CALLER -

[-        ] resolve_align:FASTQC_RAW       -
[-        ] resolve_align:PRELUDE          -
[-        ] resolve_align:FASTQC_RESOLVED  -
[-        ] resolve_align:BWA_MEM2         -
[-        ] res…align:SAMTOOLS_MERGE_LANES -
[-        ] resolve_align:PRESEQ           -
[-        ] bamlet:BAMLET                  -
[-        ] bamlet:QUALIMAP_BAMQC          -
[-        ] bam_stats_genome:TSS_BIAS      -
[-        ] bam…:DEEPTOOLS_PLOTFINGERPRINT -
[-        ] bam_stats_genome:PICARD_GCBIAS -
[-        ] bam…LONG_CTRL_GENETIC_ACCURACY -
[-        ] var…t_calling:HAPLOTYPE_CALLER -
[-        ] var…nt_calling:SPLIT_INTERVALS -
[-        ] var…calling:GENOMICS_DB_IMPORT -
[-        ] variant_calling:GENOTYPE_GVCFS -
[-        ] var…t_calling:MERGE_JOINT_VCFS -
[-        ] variant_calling:ASM            -
[-        ] var…_calling:MERGE_ASM_OUTPUTS -
[-        ] variant_calling:MUTECT2        -
Plus 8 more processes waiting for tasks…
Running somatic variant calling with Mutect2

[-        ] resolve_align:FASTQC_RAW       -
[-        ] resolve_align:PRELUDE          -
[-        ] resolve_align:FASTQC_RESOLVED  -
[-        ] resolve_align:BWA_MEM2         -
[-        ] res…align:SAMTOOLS_MERGE_LANES -
[-        ] resolve_align:PRESEQ           -
[-        ] bamlet:BAMLET                  -
[-        ] bamlet:QUALIMAP_BAMQC          -
[-        ] bam_stats_genome:TSS_BIAS      -
[-        ] bam…:DEEPTOOLS_PLOTFINGERPRINT -
[-        ] bam_stats_genome:PICARD_GCBIAS -
[-        ] bam…LONG_CTRL_GENETIC_ACCURACY -
[-        ] var…t_calling:HAPLOTYPE_CALLER -
[-        ] var…nt_calling:SPLIT_INTERVALS -
[-        ] var…calling:GENOMICS_DB_IMPORT -
[-        ] variant_calling:GENOTYPE_GVCFS -
[-        ] var…t_calling:MERGE_JOINT_VCFS -
[-        ] variant_calling:ASM            -
[-        ] var…_calling:MERGE_ASM_OUTPUTS -
[-        ] variant_calling:MUTECT2        -
Plus 13 more processes waiting for tasks…
Running somatic variant calling with Mutect2

[-        ] resolve_align:FASTQC_RAW       | 0 of 4
[-        ] resolve_align:PRELUDE          | 0 of 4
[-        ] resolve_align:FASTQC_RESOLVED  -
[-        ] resolve_align:BWA_MEM2         -
[-        ] res…align:SAMTOOLS_MERGE_LANES -
[-        ] resolve_align:PRESEQ           -
[-        ] bamlet:BAMLET                  -
[-        ] bamlet:QUALIMAP_BAMQC          -
[-        ] bam_stats_genome:TSS_BIAS      -
[-        ] bam…:DEEPTOOLS_PLOTFINGERPRINT -
[-        ] bam_stats_genome:PICARD_GCBIAS -
[-        ] bam…LONG_CTRL_GENETIC_ACCURACY -
[-        ] var…t_calling:HAPLOTYPE_CALLER -
[-        ] var…nt_calling:SPLIT_INTERVALS -
[-        ] var…calling:GENOMICS_DB_IMPORT -
[-        ] variant_calling:GENOTYPE_GVCFS -
[-        ] var…t_calling:MERGE_JOINT_VCFS -
[-        ] variant_calling:ASM            -
[-        ] var…_calling:MERGE_ASM_OUTPUTS -
[-        ] variant_calling:MUTECT2        -
Plus 13 more processes waiting for tasks…
Running somatic variant calling with Mutect2

executor >  slurm (2)
[4e/fb1dc9] res…W (evoC-Bap1-ctrl-F, L005) | 0 of 4
[-        ] resolve_align:PRELUDE          | 0 of 4
[-        ] resolve_align:FASTQC_RESOLVED  -
[-        ] resolve_align:BWA_MEM2         -
[-        ] res…align:SAMTOOLS_MERGE_LANES -
[-        ] resolve_align:PRESEQ           -
[-        ] bamlet:BAMLET                  -
[-        ] bamlet:QUALIMAP_BAMQC          -
[-        ] bam_stats_genome:TSS_BIAS      -
[-        ] bam…:DEEPTOOLS_PLOTFINGERPRINT -
[-        ] bam_stats_genome:PICARD_GCBIAS -
[-        ] bam…LONG_CTRL_GENETIC_ACCURACY -
[-        ] var…t_calling:HAPLOTYPE_CALLER -
[-        ] var…nt_calling:SPLIT_INTERVALS -
[-        ] var…calling:GENOMICS_DB_IMPORT -
[-        ] variant_calling:GENOTYPE_GVCFS -
[-        ] var…t_calling:MERGE_JOINT_VCFS -
[-        ] variant_calling:ASM            -
[-        ] var…_calling:MERGE_ASM_OUTPUTS -
[-        ] variant_calling:MUTECT2        -
Plus 13 more processes waiting for tasks…
Running somatic variant calling with Mutect2

executor >  slurm (3)
[c4/56b034] res…W (evoC-Bap1-ctrl-M, L005) | 0 of 4
[-        ] resolve_align:PRELUDE          | 0 of 4
[-        ] resolve_align:FASTQC_RESOLVED  -
[-        ] resolve_align:BWA_MEM2         -
[-        ] res…align:SAMTOOLS_MERGE_LANES -
[-        ] resolve_align:PRESEQ           -
[-        ] bamlet:BAMLET                  -
[-        ] bamlet:QUALIMAP_BAMQC          -
[-        ] bam_stats_genome:TSS_BIAS      -
[-        ] bam…:DEEPTOOLS_PLOTFINGERPRINT -
[-        ] bam_stats_genome:PICARD_GCBIAS -
[-        ] bam…LONG_CTRL_GENETIC_ACCURACY -
[-        ] var…t_calling:HAPLOTYPE_CALLER -
[-        ] var…nt_calling:SPLIT_INTERVALS -
[-        ] var…calling:GENOMICS_DB_IMPORT -
[-        ] variant_calling:GENOTYPE_GVCFS -
[-        ] var…t_calling:MERGE_JOINT_VCFS -
[-        ] variant_calling:ASM            -
[-        ] var…_calling:MERGE_ASM_OUTPUTS -
[-        ] variant_calling:MUTECT2        -
Plus 13 more processes waiting for tasks…
Running somatic variant calling with Mutect2

executor >  slurm (6)
[5a/98213b] res…AW (evoC-Bap1-mut-F, L005) | 0 of 4
[03/5fc169] res…E (evoC-Bap1-ctrl-M, L005) | 0 of 4
[-        ] resolve_align:FASTQC_RESOLVED  -
[-        ] resolve_align:BWA_MEM2         -
[-        ] res…align:SAMTOOLS_MERGE_LANES -
[-        ] resolve_align:PRESEQ           -
[-        ] bamlet:BAMLET                  -
[-        ] bamlet:QUALIMAP_BAMQC          -
[-        ] bam_stats_genome:TSS_BIAS      -
[-        ] bam…:DEEPTOOLS_PLOTFINGERPRINT -
[-        ] bam_stats_genome:PICARD_GCBIAS -
[-        ] bam…LONG_CTRL_GENETIC_ACCURACY -
[-        ] var…t_calling:HAPLOTYPE_CALLER -
[-        ] var…nt_calling:SPLIT_INTERVALS -
[-        ] var…calling:GENOMICS_DB_IMPORT -
[-        ] variant_calling:GENOTYPE_GVCFS -
[-        ] var…t_calling:MERGE_JOINT_VCFS -
[-        ] variant_calling:ASM            -
[-        ] var…_calling:MERGE_ASM_OUTPUTS -
[-        ] variant_calling:MUTECT2        -
Plus 13 more processes waiting for tasks…
Running somatic variant calling with Mutect2

executor >  slurm (8)
[5a/98213b] res…AW (evoC-Bap1-mut-F, L005) | 0 of 4
[94/9d8d88] res…DE (evoC-Bap1-mut-F, L005) | 0 of 4
[-        ] resolve_align:FASTQC_RESOLVED  -
[-        ] resolve_align:BWA_MEM2         -
[-        ] res…align:SAMTOOLS_MERGE_LANES -
[-        ] resolve_align:PRESEQ           -
[-        ] bamlet:BAMLET                  -
[-        ] bamlet:QUALIMAP_BAMQC          -
[-        ] bam_stats_genome:TSS_BIAS      -
[-        ] bam…:DEEPTOOLS_PLOTFINGERPRINT -
[-        ] bam_stats_genome:PICARD_GCBIAS -
[-        ] bam…LONG_CTRL_GENETIC_ACCURACY -
[-        ] var…t_calling:HAPLOTYPE_CALLER -
[-        ] var…nt_calling:SPLIT_INTERVALS -
[-        ] var…calling:GENOMICS_DB_IMPORT -
[-        ] variant_calling:GENOTYPE_GVCFS -
[-        ] var…t_calling:MERGE_JOINT_VCFS -
[-        ] variant_calling:ASM            -
[-        ] var…_calling:MERGE_ASM_OUTPUTS -
[-        ] variant_calling:MUTECT2        -
Plus 13 more processes waiting for tasks…
Running somatic variant calling with Mutect2

executor >  slurm (8)
[5a/98213b] res…AW (evoC-Bap1-mut-F, L005) | 0 of 4
[94/9d8d88] res…DE (evoC-Bap1-mut-F, L005) | 0 of 4
[-        ] resolve_align:FASTQC_RESOLVED  -
[-        ] resolve_align:BWA_MEM2         -
[-        ] res…align:SAMTOOLS_MERGE_LANES -
[-        ] resolve_align:PRESEQ           -
[-        ] bamlet:BAMLET                  -
[-        ] bamlet:QUALIMAP_BAMQC          -
[-        ] bam_stats_genome:TSS_BIAS      -
[-        ] bam…:DEEPTOOLS_PLOTFINGERPRINT -
[-        ] bam_stats_genome:PICARD_GCBIAS -
[-        ] bam…LONG_CTRL_GENETIC_ACCURACY -
[-        ] var…t_calling:HAPLOTYPE_CALLER -
[-        ] var…nt_calling:SPLIT_INTERVALS -
[-        ] var…calling:GENOMICS_DB_IMPORT -
[-        ] variant_calling:GENOTYPE_GVCFS -
[-        ] var…t_calling:MERGE_JOINT_VCFS -
[-        ] variant_calling:ASM            -
[-        ] var…_calling:MERGE_ASM_OUTPUTS -
[-        ] variant_calling:MUTECT2        -
Plus 13 more processes waiting for tasks…


executor >  slurm (8)
[5a/98213b] res…AW (evoC-Bap1-mut-F, L005) | 0 of 4
[2b/d82048] res…E (evoC-Bap1-ctrl-F, L005) | 1 of 4
[-        ] resolve_align:FASTQC_RESOLVED  -
[-        ] resolve_align:BWA_MEM2         | 0 of 1
[-        ] res…align:SAMTOOLS_MERGE_LANES -
[-        ] resolve_align:PRESEQ           -
[-        ] bamlet:BAMLET                  -
[-        ] bamlet:QUALIMAP_BAMQC          -
[-        ] bam_stats_genome:TSS_BIAS      -
[-        ] bam…:DEEPTOOLS_PLOTFINGERPRINT -
[-        ] bam_stats_genome:PICARD_GCBIAS -
[-        ] bam…LONG_CTRL_GENETIC_ACCURACY -
[-        ] var…t_calling:HAPLOTYPE_CALLER -
[-        ] var…nt_calling:SPLIT_INTERVALS -
[-        ] var…calling:GENOMICS_DB_IMPORT -
[-        ] variant_calling:GENOTYPE_GVCFS -
[-        ] var…t_calling:MERGE_JOINT_VCFS -
[-        ] variant_calling:ASM            -
[-        ] var…_calling:MERGE_ASM_OUTPUTS -
[-        ] variant_calling:MUTECT2        -
Plus 13 more processes waiting for tasks…


executor >  slurm (9)
[5a/98213b] res…AW (evoC-Bap1-mut-F, L005) | 0 of 4
[2b/d82048] res…E (evoC-Bap1-ctrl-F, L005) | 1 of 4
[-        ] resolve_align:FASTQC_RESOLVED  -
[a6/23c4d6] res…2 (evoC-Bap1-ctrl-F, L005) | 0 of 1
[-        ] res…align:SAMTOOLS_MERGE_LANES -
[-        ] resolve_align:PRESEQ           -
[-        ] bamlet:BAMLET                  -
[-        ] bamlet:QUALIMAP_BAMQC          -
[-        ] bam_stats_genome:TSS_BIAS      -
[-        ] bam…:DEEPTOOLS_PLOTFINGERPRINT -
[-        ] bam_stats_genome:PICARD_GCBIAS -
[-        ] bam…LONG_CTRL_GENETIC_ACCURACY -
[-        ] var…t_calling:HAPLOTYPE_CALLER -
[-        ] var…nt_calling:SPLIT_INTERVALS -
[-        ] var…calling:GENOMICS_DB_IMPORT -
[-        ] variant_calling:GENOTYPE_GVCFS -
[-        ] var…t_calling:MERGE_JOINT_VCFS -
[-        ] variant_calling:ASM            -
[-        ] var…_calling:MERGE_ASM_OUTPUTS -
[-        ] variant_calling:MUTECT2        -
Plus 13 more processes waiting for tasks…

executor >  slurm (9)
[5a/98213b] res…AW (evoC-Bap1-mut-F, L005) | 0 of 4
[03/5fc169] res…E (evoC-Bap1-ctrl-M, L005) | 2 of 4
[-        ] resolve_align:FASTQC_RESOLVED  -
[a6/23c4d6] res…2 (evoC-Bap1-ctrl-F, L005) | 0 of 2
[-        ] res…align:SAMTOOLS_MERGE_LANES -
[-        ] resolve_align:PRESEQ           -
[-        ] bamlet:BAMLET                  -
[-        ] bamlet:QUALIMAP_BAMQC          -
[-        ] bam_stats_genome:TSS_BIAS      -
[-        ] bam…:DEEPTOOLS_PLOTFINGERPRINT -
[-        ] bam_stats_genome:PICARD_GCBIAS -
[-        ] bam…LONG_CTRL_GENETIC_ACCURACY -
[-        ] var…t_calling:HAPLOTYPE_CALLER -
[-        ] var…nt_calling:SPLIT_INTERVALS -
[-        ] var…calling:GENOMICS_DB_IMPORT -
[-        ] variant_calling:GENOTYPE_GVCFS -
[-        ] var…t_calling:MERGE_JOINT_VCFS -
[-        ] variant_calling:ASM            -
[-        ] var…_calling:MERGE_ASM_OUTPUTS -
[-        ] variant_calling:MUTECT2        -
Plus 13 more processes waiting for tasks…

executor >  slurm (10)
[5a/98213b] res…AW (evoC-Bap1-mut-F, L005) | 0 of 4
[03/5fc169] res…E (evoC-Bap1-ctrl-M, L005) | 2 of 4
[-        ] resolve_align:FASTQC_RESOLVED  -
[b8/741283] res…2 (evoC-Bap1-ctrl-M, L005) | 0 of 2
[-        ] res…align:SAMTOOLS_MERGE_LANES -
[-        ] resolve_align:PRESEQ           -
[-        ] bamlet:BAMLET                  -
[-        ] bamlet:QUALIMAP_BAMQC          -
[-        ] bam_stats_genome:TSS_BIAS      -
[-        ] bam…:DEEPTOOLS_PLOTFINGERPRINT -
[-        ] bam_stats_genome:PICARD_GCBIAS -
[-        ] bam…LONG_CTRL_GENETIC_ACCURACY -
[-        ] var…t_calling:HAPLOTYPE_CALLER -
[-        ] var…nt_calling:SPLIT_INTERVALS -
[-        ] var…calling:GENOMICS_DB_IMPORT -
[-        ] variant_calling:GENOTYPE_GVCFS -
[-        ] var…t_calling:MERGE_JOINT_VCFS -
[-        ] variant_calling:ASM            -
[-        ] var…_calling:MERGE_ASM_OUTPUTS -
[-        ] variant_calling:MUTECT2        -
Plus 13 more processes waiting for tasks…

executor >  slurm (10)
[5a/98213b] res…AW (evoC-Bap1-mut-F, L005) | 0 of 4
[03/5fc169] res…E (evoC-Bap1-ctrl-M, L005) | 2 of 4
[-        ] resolve_align:FASTQC_RESOLVED  -
[b8/741283] res…2 (evoC-Bap1-ctrl-M, L005) | 0 of 2
[-        ] res…align:SAMTOOLS_MERGE_LANES -
[-        ] resolve_align:PRESEQ           -
[-        ] bamlet:BAMLET                  -
[-        ] bamlet:QUALIMAP_BAMQC          -
[-        ] bam_stats_genome:TSS_BIAS      -
[-        ] bam…:DEEPTOOLS_PLOTFINGERPRINT -
[-        ] bam_stats_genome:PICARD_GCBIAS -
[-        ] bam…LONG_CTRL_GENETIC_ACCURACY -
[-        ] var…t_calling:HAPLOTYPE_CALLER -
[-        ] var…nt_calling:SPLIT_INTERVALS -
[-        ] var…calling:GENOMICS_DB_IMPORT -
[-        ] variant_calling:GENOTYPE_GVCFS -
[-        ] var…t_calling:MERGE_JOINT_VCFS -
[-        ] variant_calling:ASM            -
[-        ] var…_calling:MERGE_ASM_OUTPUTS -
[-        ] variant_calling:MUTECT2        -
Plus 13 more processes waiting for tasks…

executor >  slurm (11)
[5a/98213b] res…AW (evoC-Bap1-mut-F, L005) | 0 of 4
[90/e98d0b] res…DE (evoC-Bap1-mut-M, L005) | 3 of 4
[-        ] resolve_align:FASTQC_RESOLVED  -
[68/46b66b] res…M2 (evoC-Bap1-mut-M, L005) | 0 of 3
[-        ] res…align:SAMTOOLS_MERGE_LANES -
[-        ] resolve_align:PRESEQ           -
[-        ] bamlet:BAMLET                  -
[-        ] bamlet:QUALIMAP_BAMQC          -
[-        ] bam_stats_genome:TSS_BIAS      -
[-        ] bam…:DEEPTOOLS_PLOTFINGERPRINT -
[-        ] bam_stats_genome:PICARD_GCBIAS -
[-        ] bam…LONG_CTRL_GENETIC_ACCURACY -
[-        ] var…t_calling:HAPLOTYPE_CALLER -
[-        ] var…nt_calling:SPLIT_INTERVALS -
[-        ] var…calling:GENOMICS_DB_IMPORT -
[-        ] variant_calling:GENOTYPE_GVCFS -
[-        ] var…t_calling:MERGE_JOINT_VCFS -
[-        ] variant_calling:ASM            -
[-        ] var…_calling:MERGE_ASM_OUTPUTS -
[-        ] variant_calling:MUTECT2        -
Plus 13 more processes waiting for tasks…

executor >  slurm (11)
[5a/98213b] res…AW (evoC-Bap1-mut-F, L005) | 0 of 4
[90/e98d0b] res…DE (evoC-Bap1-mut-M, L005) | 3 of 4
[-        ] resolve_align:FASTQC_RESOLVED  -
[68/46b66b] res…M2 (evoC-Bap1-mut-M, L005) | 0 of 3
[-        ] res…align:SAMTOOLS_MERGE_LANES -
[-        ] resolve_align:PRESEQ           -
[-        ] bamlet:BAMLET                  -
[-        ] bamlet:QUALIMAP_BAMQC          -
[-        ] bam_stats_genome:TSS_BIAS      -
[-        ] bam…:DEEPTOOLS_PLOTFINGERPRINT -
[-        ] bam_stats_genome:PICARD_GCBIAS -
[-        ] bam…LONG_CTRL_GENETIC_ACCURACY -
[-        ] var…t_calling:HAPLOTYPE_CALLER -
[-        ] var…nt_calling:SPLIT_INTERVALS -
[-        ] var…calling:GENOMICS_DB_IMPORT -
[-        ] variant_calling:GENOTYPE_GVCFS -
[-        ] var…t_calling:MERGE_JOINT_VCFS -
[-        ] variant_calling:ASM            -
[-        ] var…_calling:MERGE_ASM_OUTPUTS -
[-        ] variant_calling:MUTECT2        -
Plus 13 more processes waiting for tasks…

executor >  slurm (11)
[5a/98213b] res…AW (evoC-Bap1-mut-F, L005) | 0 of 4
[94/9d8d88] res…DE (evoC-Bap1-mut-F, L005) | 4 of 4 ✔
[-        ] resolve_align:FASTQC_RESOLVED  -
[68/46b66b] res…M2 (evoC-Bap1-mut-M, L005) | 0 of 4
[-        ] res…align:SAMTOOLS_MERGE_LANES -
[-        ] resolve_align:PRESEQ           -
[-        ] bamlet:BAMLET                  -
[-        ] bamlet:QUALIMAP_BAMQC          -
[-        ] bam_stats_genome:TSS_BIAS      -
[-        ] bam…:DEEPTOOLS_PLOTFINGERPRINT -
[-        ] bam_stats_genome:PICARD_GCBIAS -
[-        ] bam…LONG_CTRL_GENETIC_ACCURACY -
[-        ] var…t_calling:HAPLOTYPE_CALLER -
[-        ] var…nt_calling:SPLIT_INTERVALS -
[-        ] var…calling:GENOMICS_DB_IMPORT -
[-        ] variant_calling:GENOTYPE_GVCFS -
[-        ] var…t_calling:MERGE_JOINT_VCFS -
[-        ] variant_calling:ASM            -
[-        ] var…_calling:MERGE_ASM_OUTPUTS -
[-        ] variant_calling:MUTECT2        -
Plus 13 more processes waiting for tasks…

executor >  slurm (12)
[5a/98213b] res…AW (evoC-Bap1-mut-F, L005) | 0 of 4
[94/9d8d88] res…DE (evoC-Bap1-mut-F, L005) | 4 of 4 ✔
[-        ] resolve_align:FASTQC_RESOLVED  -
[bc/1d3e7e] res…M2 (evoC-Bap1-mut-F, L005) | 0 of 4
[-        ] res…align:SAMTOOLS_MERGE_LANES -
[-        ] resolve_align:PRESEQ           -
[-        ] bamlet:BAMLET                  -
[-        ] bamlet:QUALIMAP_BAMQC          -
[-        ] bam_stats_genome:TSS_BIAS      -
[-        ] bam…:DEEPTOOLS_PLOTFINGERPRINT -
[-        ] bam_stats_genome:PICARD_GCBIAS -
[-        ] bam…LONG_CTRL_GENETIC_ACCURACY -
[-        ] var…t_calling:HAPLOTYPE_CALLER -
[-        ] var…nt_calling:SPLIT_INTERVALS -
[-        ] var…calling:GENOMICS_DB_IMPORT -
[-        ] variant_calling:GENOTYPE_GVCFS -
[-        ] var…t_calling:MERGE_JOINT_VCFS -
[-        ] variant_calling:ASM            -
[-        ] var…_calling:MERGE_ASM_OUTPUTS -
[-        ] variant_calling:MUTECT2        -
Plus 13 more processes waiting for tasks…

executor >  slurm (12)
[5a/98213b] res…AW (evoC-Bap1-mut-F, L005) | 0 of 4
[94/9d8d88] res…DE (evoC-Bap1-mut-F, L005) | 4 of 4 ✔
[-        ] resolve_align:FASTQC_RESOLVED  -
[bc/1d3e7e] res…M2 (evoC-Bap1-mut-F, L005) | 0 of 4
[-        ] res…align:SAMTOOLS_MERGE_LANES -
[-        ] resolve_align:PRESEQ           -
[-        ] bamlet:BAMLET                  -
[-        ] bamlet:QUALIMAP_BAMQC          -
[-        ] bam_stats_genome:TSS_BIAS      -
[-        ] bam…:DEEPTOOLS_PLOTFINGERPRINT -
[-        ] bam_stats_genome:PICARD_GCBIAS -
[-        ] bam…LONG_CTRL_GENETIC_ACCURACY -
[-        ] var…t_calling:HAPLOTYPE_CALLER -
[-        ] var…nt_calling:SPLIT_INTERVALS -
[-        ] var…calling:GENOMICS_DB_IMPORT -
[-        ] variant_calling:GENOTYPE_GVCFS -
[-        ] var…t_calling:MERGE_JOINT_VCFS -
[-        ] variant_calling:ASM            -
[-        ] var…_calling:MERGE_ASM_OUTPUTS -
[-        ] variant_calling:MUTECT2        -
Plus 13 more processes waiting for tasks…

executor >  slurm (12)
[4e/fb1dc9] res…W (evoC-Bap1-ctrl-F, L005) | 1 of 4
[94/9d8d88] res…DE (evoC-Bap1-mut-F, L005) | 4 of 4 ✔
[-        ] resolve_align:FASTQC_RESOLVED  -
[bc/1d3e7e] res…M2 (evoC-Bap1-mut-F, L005) | 0 of 4
[-        ] res…align:SAMTOOLS_MERGE_LANES -
[-        ] resolve_align:PRESEQ           -
[-        ] bamlet:BAMLET                  -
[-        ] bamlet:QUALIMAP_BAMQC          -
[-        ] bam_stats_genome:TSS_BIAS      -
[-        ] bam…:DEEPTOOLS_PLOTFINGERPRINT -
[-        ] bam_stats_genome:PICARD_GCBIAS -
[-        ] bam…LONG_CTRL_GENETIC_ACCURACY -
[-        ] var…t_calling:HAPLOTYPE_CALLER -
[-        ] var…nt_calling:SPLIT_INTERVALS -
[-        ] var…calling:GENOMICS_DB_IMPORT -
[-        ] variant_calling:GENOTYPE_GVCFS -
[-        ] var…t_calling:MERGE_JOINT_VCFS -
[-        ] variant_calling:ASM            -
[-        ] var…_calling:MERGE_ASM_OUTPUTS -
[-        ] variant_calling:MUTECT2        -
Plus 13 more processes waiting for tasks…

executor >  slurm (12)
[c4/56b034] res…W (evoC-Bap1-ctrl-M, L005) | 2 of 4
[94/9d8d88] res…DE (evoC-Bap1-mut-F, L005) | 4 of 4 ✔
[-        ] resolve_align:FASTQC_RESOLVED  -
[bc/1d3e7e] res…M2 (evoC-Bap1-mut-F, L005) | 0 of 4
[-        ] res…align:SAMTOOLS_MERGE_LANES -
[-        ] resolve_align:PRESEQ           -
[-        ] bamlet:BAMLET                  -
[-        ] bamlet:QUALIMAP_BAMQC          -
[-        ] bam_stats_genome:TSS_BIAS      -
[-        ] bam…:DEEPTOOLS_PLOTFINGERPRINT -
[-        ] bam_stats_genome:PICARD_GCBIAS -
[-        ] bam…LONG_CTRL_GENETIC_ACCURACY -
[-        ] var…t_calling:HAPLOTYPE_CALLER -
[-        ] var…nt_calling:SPLIT_INTERVALS -
[-        ] var…calling:GENOMICS_DB_IMPORT -
[-        ] variant_calling:GENOTYPE_GVCFS -
[-        ] var…t_calling:MERGE_JOINT_VCFS -
[-        ] variant_calling:ASM            -
[-        ] var…_calling:MERGE_ASM_OUTPUTS -
[-        ] variant_calling:MUTECT2        -
Plus 13 more processes waiting for tasks…

executor >  slurm (12)
[13/26d357] res…AW (evoC-Bap1-mut-M, L005) | 3 of 4
[94/9d8d88] res…DE (evoC-Bap1-mut-F, L005) | 4 of 4 ✔
[-        ] resolve_align:FASTQC_RESOLVED  -
[bc/1d3e7e] res…M2 (evoC-Bap1-mut-F, L005) | 0 of 4
[-        ] res…align:SAMTOOLS_MERGE_LANES -
[-        ] resolve_align:PRESEQ           -
[-        ] bamlet:BAMLET                  -
[-        ] bamlet:QUALIMAP_BAMQC          -
[-        ] bam_stats_genome:TSS_BIAS      -
[-        ] bam…:DEEPTOOLS_PLOTFINGERPRINT -
[-        ] bam_stats_genome:PICARD_GCBIAS -
[-        ] bam…LONG_CTRL_GENETIC_ACCURACY -
[-        ] var…t_calling:HAPLOTYPE_CALLER -
[-        ] var…nt_calling:SPLIT_INTERVALS -
[-        ] var…calling:GENOMICS_DB_IMPORT -
[-        ] variant_calling:GENOTYPE_GVCFS -
[-        ] var…t_calling:MERGE_JOINT_VCFS -
[-        ] variant_calling:ASM            -
[-        ] var…_calling:MERGE_ASM_OUTPUTS -
[-        ] variant_calling:MUTECT2        -
Plus 13 more processes waiting for tasks…

executor >  slurm (12)
[5a/98213b] res…AW (evoC-Bap1-mut-F, L005) | 4 of 4 ✔
[94/9d8d88] res…DE (evoC-Bap1-mut-F, L005) | 4 of 4 ✔
[-        ] resolve_align:FASTQC_RESOLVED  -
[bc/1d3e7e] res…M2 (evoC-Bap1-mut-F, L005) | 0 of 4
[-        ] res…align:SAMTOOLS_MERGE_LANES -
[-        ] resolve_align:PRESEQ           -
[-        ] bamlet:BAMLET                  -
[-        ] bamlet:QUALIMAP_BAMQC          -
[-        ] bam_stats_genome:TSS_BIAS      -
[-        ] bam…:DEEPTOOLS_PLOTFINGERPRINT -
[-        ] bam_stats_genome:PICARD_GCBIAS -
[-        ] bam…LONG_CTRL_GENETIC_ACCURACY -
[-        ] var…t_calling:HAPLOTYPE_CALLER -
[-        ] var…nt_calling:SPLIT_INTERVALS -
[-        ] var…calling:GENOMICS_DB_IMPORT -
[-        ] variant_calling:GENOTYPE_GVCFS -
[-        ] var…t_calling:MERGE_JOINT_VCFS -
[-        ] variant_calling:ASM            -
[-        ] var…_calling:MERGE_ASM_OUTPUTS -
[-        ] variant_calling:MUTECT2        -
Plus 13 more processes waiting for tasks…

executor >  slurm (12)
[5a/98213b] res…AW (evoC-Bap1-mut-F, L005) | 4 of 4 ✔
[94/9d8d88] res…DE (evoC-Bap1-mut-F, L005) | 4 of 4 ✔
[-        ] resolve_align:FASTQC_RESOLVED  -
[b8/741283] res…2 (evoC-Bap1-ctrl-M, L005) | 1 of 4
[-        ] res…align:SAMTOOLS_MERGE_LANES -
[-        ] resolve_align:PRESEQ           -
[-        ] bamlet:BAMLET                  -
[-        ] bamlet:QUALIMAP_BAMQC          -
[-        ] bam_stats_genome:TSS_BIAS      -
[-        ] bam…:DEEPTOOLS_PLOTFINGERPRINT -
[-        ] bam_stats_genome:PICARD_GCBIAS -
[-        ] bam…LONG_CTRL_GENETIC_ACCURACY -
[-        ] var…t_calling:HAPLOTYPE_CALLER -
[-        ] var…nt_calling:SPLIT_INTERVALS -
[-        ] var…calling:GENOMICS_DB_IMPORT -
[-        ] variant_calling:GENOTYPE_GVCFS -
[-        ] var…t_calling:MERGE_JOINT_VCFS -
[-        ] variant_calling:ASM            -
[-        ] var…_calling:MERGE_ASM_OUTPUTS -
[-        ] variant_calling:MUTECT2        -
Plus 13 more processes waiting for tasks…

executor >  slurm (12)
[5a/98213b] res…AW (evoC-Bap1-mut-F, L005) | 4 of 4 ✔
[94/9d8d88] res…DE (evoC-Bap1-mut-F, L005) | 4 of 4 ✔
[-        ] resolve_align:FASTQC_RESOLVED  -
[b8/741283] res…2 (evoC-Bap1-ctrl-M, L005) | 1 of 4
[-        ] res…align:SAMTOOLS_MERGE_LANES -
[-        ] resolve_align:PRESEQ           -
[-        ] bamlet:BAMLET                  | 0 of 1
[-        ] bamlet:QUALIMAP_BAMQC          -
[-        ] bam_stats_genome:TSS_BIAS      -
[-        ] bam…:DEEPTOOLS_PLOTFINGERPRINT -
[-        ] bam_stats_genome:PICARD_GCBIAS -
[-        ] bam…LONG_CTRL_GENETIC_ACCURACY -
[-        ] var…t_calling:HAPLOTYPE_CALLER -
[-        ] var…nt_calling:SPLIT_INTERVALS -
[-        ] var…calling:GENOMICS_DB_IMPORT -
[-        ] variant_calling:GENOTYPE_GVCFS -
[-        ] var…t_calling:MERGE_JOINT_VCFS -
[-        ] variant_calling:ASM            -
[-        ] var…_calling:MERGE_ASM_OUTPUTS -
[-        ] variant_calling:MUTECT2        -
Plus 13 more processes waiting for tasks…

executor >  slurm (13)
[5a/98213b] res…AW (evoC-Bap1-mut-F, L005) | 4 of 4 ✔
[94/9d8d88] res…DE (evoC-Bap1-mut-F, L005) | 4 of 4 ✔
[-        ] resolve_align:FASTQC_RESOLVED  -
[b8/741283] res…2 (evoC-Bap1-ctrl-M, L005) | 1 of 4
[-        ] res…align:SAMTOOLS_MERGE_LANES -
[-        ] resolve_align:PRESEQ           -
[4a/457c9c] bam…:BAMLET (evoC-Bap1-ctrl-M) | 0 of 1
[-        ] bamlet:QUALIMAP_BAMQC          -
[-        ] bam_stats_genome:TSS_BIAS      -
[-        ] bam…:DEEPTOOLS_PLOTFINGERPRINT -
[-        ] bam_stats_genome:PICARD_GCBIAS -
[-        ] bam…LONG_CTRL_GENETIC_ACCURACY -
[-        ] var…t_calling:HAPLOTYPE_CALLER -
[-        ] var…nt_calling:SPLIT_INTERVALS -
[-        ] var…calling:GENOMICS_DB_IMPORT -
[-        ] variant_calling:GENOTYPE_GVCFS -
[-        ] var…t_calling:MERGE_JOINT_VCFS -
[-        ] variant_calling:ASM            -
[-        ] var…_calling:MERGE_ASM_OUTPUTS -
[-        ] variant_calling:MUTECT2        -
Plus 13 more processes waiting for tasks…

executor >  slurm (13)
[5a/98213b] res…AW (evoC-Bap1-mut-F, L005) | 4 of 4 ✔
[94/9d8d88] res…DE (evoC-Bap1-mut-F, L005) | 4 of 4 ✔
[-        ] resolve_align:FASTQC_RESOLVED  -
[b8/741283] res…2 (evoC-Bap1-ctrl-M, L005) | 1 of 4
[-        ] res…align:SAMTOOLS_MERGE_LANES -
[-        ] resolve_align:PRESEQ           -
[4a/457c9c] bam…:BAMLET (evoC-Bap1-ctrl-M) | 0 of 1
[-        ] bamlet:QUALIMAP_BAMQC          -
[-        ] bam_stats_genome:TSS_BIAS      -
[-        ] bam…:DEEPTOOLS_PLOTFINGERPRINT -
[-        ] bam_stats_genome:PICARD_GCBIAS -
[-        ] bam…LONG_CTRL_GENETIC_ACCURACY -
[-        ] var…t_calling:HAPLOTYPE_CALLER -
[-        ] var…nt_calling:SPLIT_INTERVALS -
[-        ] var…calling:GENOMICS_DB_IMPORT -
[-        ] variant_calling:GENOTYPE_GVCFS -
[-        ] var…t_calling:MERGE_JOINT_VCFS -
[-        ] variant_calling:ASM            -
[-        ] var…_calling:MERGE_ASM_OUTPUTS -
[-        ] variant_calling:MUTECT2        -
Plus 13 more processes waiting for tasks…

executor >  slurm (14)
[5a/98213b] res…AW (evoC-Bap1-mut-F, L005) | 4 of 4 ✔
[94/9d8d88] res…DE (evoC-Bap1-mut-F, L005) | 4 of 4 ✔
[-        ] resolve_align:FASTQC_RESOLVED  -
[a6/23c4d6] res…2 (evoC-Bap1-ctrl-F, L005) | 2 of 4
[-        ] res…align:SAMTOOLS_MERGE_LANES -
[-        ] resolve_align:PRESEQ           -
[1d/6205b5] bam…:BAMLET (evoC-Bap1-ctrl-F) | 0 of 2
[-        ] bamlet:QUALIMAP_BAMQC          -
[-        ] bam_stats_genome:TSS_BIAS      -
[-        ] bam…:DEEPTOOLS_PLOTFINGERPRINT -
[-        ] bam_stats_genome:PICARD_GCBIAS -
[-        ] bam…LONG_CTRL_GENETIC_ACCURACY -
[-        ] var…t_calling:HAPLOTYPE_CALLER -
[-        ] var…nt_calling:SPLIT_INTERVALS -
[-        ] var…calling:GENOMICS_DB_IMPORT -
[-        ] variant_calling:GENOTYPE_GVCFS -
[-        ] var…t_calling:MERGE_JOINT_VCFS -
[-        ] variant_calling:ASM            -
[-        ] var…_calling:MERGE_ASM_OUTPUTS -
[-        ] variant_calling:MUTECT2        -
Plus 13 more processes waiting for tasks…

executor >  slurm (14)
[5a/98213b] res…AW (evoC-Bap1-mut-F, L005) | 4 of 4 ✔
[94/9d8d88] res…DE (evoC-Bap1-mut-F, L005) | 4 of 4 ✔
[-        ] resolve_align:FASTQC_RESOLVED  -
[68/46b66b] res…M2 (evoC-Bap1-mut-M, L005) | 3 of 4
[-        ] res…align:SAMTOOLS_MERGE_LANES -
[-        ] resolve_align:PRESEQ           -
[1d/6205b5] bam…:BAMLET (evoC-Bap1-ctrl-F) | 0 of 3
[-        ] bamlet:QUALIMAP_BAMQC          -
[-        ] bam_stats_genome:TSS_BIAS      -
[-        ] bam…:DEEPTOOLS_PLOTFINGERPRINT -
[-        ] bam_stats_genome:PICARD_GCBIAS -
[-        ] bam…LONG_CTRL_GENETIC_ACCURACY -
[-        ] var…t_calling:HAPLOTYPE_CALLER -
[-        ] var…nt_calling:SPLIT_INTERVALS -
[-        ] var…calling:GENOMICS_DB_IMPORT -
[-        ] variant_calling:GENOTYPE_GVCFS -
[-        ] var…t_calling:MERGE_JOINT_VCFS -
[-        ] variant_calling:ASM            -
[-        ] var…_calling:MERGE_ASM_OUTPUTS -
[-        ] variant_calling:MUTECT2        -
Plus 13 more processes waiting for tasks…

executor >  slurm (15)
[5a/98213b] res…AW (evoC-Bap1-mut-F, L005) | 4 of 4 ✔
[94/9d8d88] res…DE (evoC-Bap1-mut-F, L005) | 4 of 4 ✔
[-        ] resolve_align:FASTQC_RESOLVED  -
[68/46b66b] res…M2 (evoC-Bap1-mut-M, L005) | 3 of 4
[-        ] res…align:SAMTOOLS_MERGE_LANES -
[-        ] resolve_align:PRESEQ           -
[50/fcd4f3] bam…t:BAMLET (evoC-Bap1-mut-M) | 0 of 3
[-        ] bamlet:QUALIMAP_BAMQC          -
[-        ] bam_stats_genome:TSS_BIAS      -
[-        ] bam…:DEEPTOOLS_PLOTFINGERPRINT -
[-        ] bam_stats_genome:PICARD_GCBIAS -
[-        ] bam…LONG_CTRL_GENETIC_ACCURACY -
[-        ] var…t_calling:HAPLOTYPE_CALLER -
[-        ] var…nt_calling:SPLIT_INTERVALS -
[-        ] var…calling:GENOMICS_DB_IMPORT -
[-        ] variant_calling:GENOTYPE_GVCFS -
[-        ] var…t_calling:MERGE_JOINT_VCFS -
[-        ] variant_calling:ASM            -
[-        ] var…_calling:MERGE_ASM_OUTPUTS -
[-        ] variant_calling:MUTECT2        -
Plus 13 more processes waiting for tasks…

executor >  slurm (15)
[5a/98213b] res…AW (evoC-Bap1-mut-F, L005) | 4 of 4 ✔
[94/9d8d88] res…DE (evoC-Bap1-mut-F, L005) | 4 of 4 ✔
[-        ] resolve_align:FASTQC_RESOLVED  -
[68/46b66b] res…M2 (evoC-Bap1-mut-M, L005) | 3 of 4
[-        ] res…align:SAMTOOLS_MERGE_LANES -
[-        ] resolve_align:PRESEQ           -
[50/fcd4f3] bam…t:BAMLET (evoC-Bap1-mut-M) | 0 of 3
[-        ] bamlet:QUALIMAP_BAMQC          -
[-        ] bam_stats_genome:TSS_BIAS      -
[-        ] bam…:DEEPTOOLS_PLOTFINGERPRINT -
[-        ] bam_stats_genome:PICARD_GCBIAS -
[-        ] bam…LONG_CTRL_GENETIC_ACCURACY -
[-        ] var…t_calling:HAPLOTYPE_CALLER -
[-        ] var…nt_calling:SPLIT_INTERVALS -
[-        ] var…calling:GENOMICS_DB_IMPORT -
[-        ] variant_calling:GENOTYPE_GVCFS -
[-        ] var…t_calling:MERGE_JOINT_VCFS -
[-        ] variant_calling:ASM            -
[-        ] var…_calling:MERGE_ASM_OUTPUTS -
[-        ] variant_calling:MUTECT2        -
Plus 13 more processes waiting for tasks…

executor >  slurm (15)
[5a/98213b] res…AW (evoC-Bap1-mut-F, L005) | 4 of 4 ✔
[94/9d8d88] res…DE (evoC-Bap1-mut-F, L005) | 4 of 4 ✔
[-        ] resolve_align:FASTQC_RESOLVED  -
[68/46b66b] res…M2 (evoC-Bap1-mut-M, L005) | 3 of 4
[-        ] res…align:SAMTOOLS_MERGE_LANES -
[-        ] resolve_align:PRESEQ           -
[4a/457c9c] bam…:BAMLET (evoC-Bap1-ctrl-M) | 1 of 3
[-        ] bamlet:QUALIMAP_BAMQC          -
[-        ] bam_stats_genome:TSS_BIAS      -
[-        ] bam…:DEEPTOOLS_PLOTFINGERPRINT -
[-        ] bam_stats_genome:PICARD_GCBIAS -
[-        ] bam…LONG_CTRL_GENETIC_ACCURACY -
[-        ] var…t_calling:HAPLOTYPE_CALLER -
[-        ] var…nt_calling:SPLIT_INTERVALS -
[-        ] var…calling:GENOMICS_DB_IMPORT -
[-        ] variant_calling:GENOTYPE_GVCFS -
[-        ] var…t_calling:MERGE_JOINT_VCFS -
[-        ] variant_calling:ASM            -
[-        ] var…_calling:MERGE_ASM_OUTPUTS -
[-        ] variant_calling:MUTECT2        -
Plus 13 more processes waiting for tasks…

executor >  slurm (17)
[5a/98213b] res…AW (evoC-Bap1-mut-F, L005) | 4 of 4 ✔
[94/9d8d88] res…DE (evoC-Bap1-mut-F, L005) | 4 of 4 ✔
[-        ] resolve_align:FASTQC_RESOLVED  -
[68/46b66b] res…M2 (evoC-Bap1-mut-M, L005) | 3 of 4
[-        ] res…align:SAMTOOLS_MERGE_LANES -
[-        ] resolve_align:PRESEQ           -
[4a/457c9c] bam…:BAMLET (evoC-Bap1-ctrl-M) | 1 of 3
[-        ] bamlet:QUALIMAP_BAMQC          | 0 of 1
[-        ] bam_stats_genome:TSS_BIAS      -
[-        ] bam…:DEEPTOOLS_PLOTFINGERPRINT -
[-        ] bam_stats_genome:PICARD_GCBIAS | 0 of 1
[-        ] bam…LONG_CTRL_GENETIC_ACCURACY | 0 of 1
[-        ] var…t_calling:HAPLOTYPE_CALLER -
[-        ] var…nt_calling:SPLIT_INTERVALS -
[-        ] var…calling:GENOMICS_DB_IMPORT -
[-        ] variant_calling:GENOTYPE_GVCFS -
[-        ] var…t_calling:MERGE_JOINT_VCFS -
[-        ] variant_calling:ASM            -
[-        ] var…_calling:MERGE_ASM_OUTPUTS -
[-        ] variant_calling:MUTECT2        -
[65/f39557] mbi…oC-Bap1-ctrl-M-CG-5-prime) | 0 of 3
[-        ] epi…t_genome:EPIQUANT_BAM2ZARR | 0 of 3
[-        ] epi…ort_ctrl:EPIQUANT_BAM2ZARR | 0 of 1
[-        ] epi…ong_ctrl:EPIQUANT_BAM2ZARR | 0 of 1
Plus 9 more processes waiting for tasks…

executor >  slurm (20)
[5a/98213b] res…AW (evoC-Bap1-mut-F, L005) | 4 of 4 ✔
[94/9d8d88] res…DE (evoC-Bap1-mut-F, L005) | 4 of 4 ✔
[-        ] resolve_align:FASTQC_RESOLVED  -
[68/46b66b] res…M2 (evoC-Bap1-mut-M, L005) | 3 of 4
[-        ] res…align:SAMTOOLS_MERGE_LANES -
[-        ] resolve_align:PRESEQ           -
[4a/457c9c] bam…:BAMLET (evoC-Bap1-ctrl-M) | 1 of 3
[84/8ee87b] bam…P_BAMQC (evoC-Bap1-ctrl-M) | 0 of 1
[-        ] bam_stats_genome:TSS_BIAS      -
[-        ] bam…:DEEPTOOLS_PLOTFINGERPRINT -
[-        ] bam_stats_genome:PICARD_GCBIAS | 0 of 1
[3f/001fa5] bam…CCURACY (evoC-Bap1-ctrl-M) | 0 of 1
[-        ] var…t_calling:HAPLOTYPE_CALLER | 0 of 1
[-        ] var…nt_calling:SPLIT_INTERVALS -
[-        ] var…calling:GENOMICS_DB_IMPORT -
[-        ] variant_calling:GENOTYPE_GVCFS -
[-        ] var…t_calling:MERGE_JOINT_VCFS -
[-        ] variant_calling:ASM            -
[-        ] var…_calling:MERGE_ASM_OUTPUTS -
[-        ] variant_calling:MUTECT2        | 0 of 1
[84/fbe6b6] mbi…C-Bap1-ctrl-M-CHH-5-prime) | 0 of 3
[-        ] epi…t_genome:EPIQUANT_BAM2ZARR | 0 of 3
[-        ] epi…ort_ctrl:EPIQUANT_BAM2ZARR | 0 of 1
[-        ] epi…ong_ctrl:EPIQUANT_BAM2ZARR | 0 of 1
Plus 9 more processes waiting for tasks…

executor >  slurm (23)
[5a/98213b] res…AW (evoC-Bap1-mut-F, L005) | 4 of 4 ✔
[94/9d8d88] res…DE (evoC-Bap1-mut-F, L005) | 4 of 4 ✔
[-        ] resolve_align:FASTQC_RESOLVED  -
[68/46b66b] res…M2 (evoC-Bap1-mut-M, L005) | 3 of 4
[-        ] res…align:SAMTOOLS_MERGE_LANES -
[-        ] resolve_align:PRESEQ           -
[4a/457c9c] bam…:BAMLET (evoC-Bap1-ctrl-M) | 1 of 3
[84/8ee87b] bam…P_BAMQC (evoC-Bap1-ctrl-M) | 0 of 1
[-        ] bam_stats_genome:TSS_BIAS      -
[-        ] bam…:DEEPTOOLS_PLOTFINGERPRINT -
[c2/447e13] bam…_GCBIAS (evoC-Bap1-ctrl-M) | 0 of 1
[3f/001fa5] bam…CCURACY (evoC-Bap1-ctrl-M) | 0 of 1
[-        ] var…t_calling:HAPLOTYPE_CALLER | 0 of 1
[-        ] var…nt_calling:SPLIT_INTERVALS -
[-        ] var…calling:GENOMICS_DB_IMPORT -
[-        ] variant_calling:GENOTYPE_GVCFS -
[-        ] var…t_calling:MERGE_JOINT_VCFS -
[-        ] variant_calling:ASM            -
[-        ] var…_calling:MERGE_ASM_OUTPUTS -
[-        ] variant_calling:MUTECT2        | 0 of 1
[84/fbe6b6] mbi…C-Bap1-ctrl-M-CHH-5-prime) | 0 of 3
[d8/8df039] epi…ARR (evoC-Bap1-ctrl-M-CHH) | 0 of 3
[d4/87e613] epi…ZARR (evoC-Bap1-ctrl-M-CG) | 0 of 1
[-        ] epi…ong_ctrl:EPIQUANT_BAM2ZARR | 0 of 1
Plus 9 more processes waiting for tasks…

executor >  slurm (25)
[5a/98213b] res…AW (evoC-Bap1-mut-F, L005) | 4 of 4 ✔
[94/9d8d88] res…DE (evoC-Bap1-mut-F, L005) | 4 of 4 ✔
[-        ] resolve_align:FASTQC_RESOLVED  -
[68/46b66b] res…M2 (evoC-Bap1-mut-M, L005) | 3 of 4
[-        ] res…align:SAMTOOLS_MERGE_LANES -
[-        ] resolve_align:PRESEQ           -
[4a/457c9c] bam…:BAMLET (evoC-Bap1-ctrl-M) | 1 of 3
[84/8ee87b] bam…P_BAMQC (evoC-Bap1-ctrl-M) | 0 of 1
[-        ] bam_stats_genome:TSS_BIAS      | 0 of 1
[-        ] bam…:DEEPTOOLS_PLOTFINGERPRINT -
[c2/447e13] bam…_GCBIAS (evoC-Bap1-ctrl-M) | 0 of 1
[3f/001fa5] bam…CCURACY (evoC-Bap1-ctrl-M) | 0 of 1
[-        ] var…t_calling:HAPLOTYPE_CALLER | 0 of 1
[-        ] var…nt_calling:SPLIT_INTERVALS -
[-        ] var…calling:GENOMICS_DB_IMPORT -
[-        ] variant_calling:GENOTYPE_GVCFS -
[-        ] var…t_calling:MERGE_JOINT_VCFS -
[-        ] variant_calling:ASM            -
[-        ] var…_calling:MERGE_ASM_OUTPUTS -
[-        ] variant_calling:MUTECT2        | 0 of 1
[84/fbe6b6] mbi…C-Bap1-ctrl-M-CHH-5-prime) | 0 of 3
[cc/c1ac84] epi…ARR (evoC-Bap1-ctrl-M-CHG) | 0 of 3
[d4/87e613] epi…ZARR (evoC-Bap1-ctrl-M-CG) | 0 of 1
[-        ] epi…ong_ctrl:EPIQUANT_BAM2ZARR | 0 of 1
Plus 9 more processes waiting for tasks…

executor >  slurm (28)
[5a/98213b] res…AW (evoC-Bap1-mut-F, L005) | 4 of 4 ✔
[94/9d8d88] res…DE (evoC-Bap1-mut-F, L005) | 4 of 4 ✔
[-        ] resolve_align:FASTQC_RESOLVED  -
[68/46b66b] res…M2 (evoC-Bap1-mut-M, L005) | 3 of 4
[-        ] res…align:SAMTOOLS_MERGE_LANES -
[-        ] resolve_align:PRESEQ           -
[4a/457c9c] bam…:BAMLET (evoC-Bap1-ctrl-M) | 1 of 3
[84/8ee87b] bam…P_BAMQC (evoC-Bap1-ctrl-M) | 0 of 1
[-        ] bam_stats_genome:TSS_BIAS      | 0 of 1
[-        ] bam…:DEEPTOOLS_PLOTFINGERPRINT -
[c2/447e13] bam…_GCBIAS (evoC-Bap1-ctrl-M) | 0 of 1
[3f/001fa5] bam…CCURACY (evoC-Bap1-ctrl-M) | 0 of 1
[96/3eba92] var…_CALLER (evoC-Bap1-ctrl-M) | 0 of 1
[-        ] var…nt_calling:SPLIT_INTERVALS -
[-        ] var…calling:GENOMICS_DB_IMPORT -
[-        ] variant_calling:GENOTYPE_GVCFS -
[-        ] var…t_calling:MERGE_JOINT_VCFS -
[-        ] variant_calling:ASM            -
[-        ] var…_calling:MERGE_ASM_OUTPUTS -
[32/84401a] var…MUTECT2 (evoC-Bap1-ctrl-M) | 0 of 1
[84/fbe6b6] mbi…C-Bap1-ctrl-M-CHH-5-prime) | 0 of 3
[cc/c1ac84] epi…ARR (evoC-Bap1-ctrl-M-CHG) | 0 of 3
[d4/87e613] epi…ZARR (evoC-Bap1-ctrl-M-CG) | 0 of 1
[19/7bb167] epi…ZARR (evoC-Bap1-ctrl-M-CG) | 0 of 1
Plus 9 more processes waiting for tasks…

executor >  slurm (29)
[5a/98213b] res…AW (evoC-Bap1-mut-F, L005) | 4 of 4 ✔
[94/9d8d88] res…DE (evoC-Bap1-mut-F, L005) | 4 of 4 ✔
[-        ] resolve_align:FASTQC_RESOLVED  -
[68/46b66b] res…M2 (evoC-Bap1-mut-M, L005) | 3 of 4
[-        ] res…align:SAMTOOLS_MERGE_LANES -
[-        ] resolve_align:PRESEQ           -
[4a/457c9c] bam…:BAMLET (evoC-Bap1-ctrl-M) | 1 of 3
[84/8ee87b] bam…P_BAMQC (evoC-Bap1-ctrl-M) | 0 of 1
[bf/6ffd28] bam…SS_BIAS (evoC-Bap1-ctrl-M) | 0 of 1
[-        ] bam…:DEEPTOOLS_PLOTFINGERPRINT -
[c2/447e13] bam…_GCBIAS (evoC-Bap1-ctrl-M) | 0 of 1
[3f/001fa5] bam…CCURACY (evoC-Bap1-ctrl-M) | 0 of 1
[96/3eba92] var…_CALLER (evoC-Bap1-ctrl-M) | 0 of 1
[-        ] var…nt_calling:SPLIT_INTERVALS -
[-        ] var…calling:GENOMICS_DB_IMPORT -
[-        ] variant_calling:GENOTYPE_GVCFS -
[-        ] var…t_calling:MERGE_JOINT_VCFS -
[-        ] variant_calling:ASM            -
[-        ] var…_calling:MERGE_ASM_OUTPUTS -
[32/84401a] var…MUTECT2 (evoC-Bap1-ctrl-M) | 0 of 1
[84/fbe6b6] mbi…C-Bap1-ctrl-M-CHH-5-prime) | 0 of 3
[cc/c1ac84] epi…ARR (evoC-Bap1-ctrl-M-CHG) | 0 of 3
[d4/87e613] epi…ZARR (evoC-Bap1-ctrl-M-CG) | 0 of 1
[19/7bb167] epi…ZARR (evoC-Bap1-ctrl-M-CG) | 0 of 1
Plus 9 more processes waiting for tasks…

executor >  slurm (29)
[5a/98213b] res…AW (evoC-Bap1-mut-F, L005) | 4 of 4 ✔
[94/9d8d88] res…DE (evoC-Bap1-mut-F, L005) | 4 of 4 ✔
[-        ] resolve_align:FASTQC_RESOLVED  -
[68/46b66b] res…M2 (evoC-Bap1-mut-M, L005) | 3 of 4
[-        ] res…align:SAMTOOLS_MERGE_LANES -
[-        ] resolve_align:PRESEQ           -
[4a/457c9c] bam…:BAMLET (evoC-Bap1-ctrl-M) | 1 of 3
[84/8ee87b] bam…P_BAMQC (evoC-Bap1-ctrl-M) | 0 of 1
[bf/6ffd28] bam…SS_BIAS (evoC-Bap1-ctrl-M) | 0 of 1
[-        ] bam…:DEEPTOOLS_PLOTFINGERPRINT -
[c2/447e13] bam…_GCBIAS (evoC-Bap1-ctrl-M) | 0 of 1
[3f/001fa5] bam…CCURACY (evoC-Bap1-ctrl-M) | 0 of 1
[96/3eba92] var…_CALLER (evoC-Bap1-ctrl-M) | 0 of 1
[-        ] var…nt_calling:SPLIT_INTERVALS -
[-        ] var…calling:GENOMICS_DB_IMPORT -
[-        ] variant_calling:GENOTYPE_GVCFS -
[-        ] var…t_calling:MERGE_JOINT_VCFS -
[-        ] variant_calling:ASM            -
[-        ] var…_calling:MERGE_ASM_OUTPUTS -
[32/84401a] var…MUTECT2 (evoC-Bap1-ctrl-M) | 0 of 1
[84/fbe6b6] mbi…C-Bap1-ctrl-M-CHH-5-prime) | 0 of 3
[cc/c1ac84] epi…ARR (evoC-Bap1-ctrl-M-CHG) | 0 of 3
[d4/87e613] epi…ZARR (evoC-Bap1-ctrl-M-CG) | 0 of 1
[19/7bb167] epi…ZARR (evoC-Bap1-ctrl-M-CG) | 0 of 1
Plus 9 more processes waiting for tasks…

executor >  slurm (29)
[5a/98213b] res…AW (evoC-Bap1-mut-F, L005) | 4 of 4 ✔
[94/9d8d88] res…DE (evoC-Bap1-mut-F, L005) | 4 of 4 ✔
[-        ] resolve_align:FASTQC_RESOLVED  -
[68/46b66b] res…M2 (evoC-Bap1-mut-M, L005) | 3 of 4
[-        ] res…align:SAMTOOLS_MERGE_LANES -
[-        ] resolve_align:PRESEQ           -
[4a/457c9c] bam…:BAMLET (evoC-Bap1-ctrl-M) | 1 of 3
[84/8ee87b] bam…P_BAMQC (evoC-Bap1-ctrl-M) | 0 of 1
[bf/6ffd28] bam…SS_BIAS (evoC-Bap1-ctrl-M) | 0 of 1
[-        ] bam…:DEEPTOOLS_PLOTFINGERPRINT -
[c2/447e13] bam…_GCBIAS (evoC-Bap1-ctrl-M) | 0 of 1
[3f/001fa5] bam…CCURACY (evoC-Bap1-ctrl-M) | 0 of 1
[96/3eba92] var…_CALLER (evoC-Bap1-ctrl-M) | 0 of 1
[-        ] var…nt_calling:SPLIT_INTERVALS -
[-        ] var…calling:GENOMICS_DB_IMPORT -
[-        ] variant_calling:GENOTYPE_GVCFS -
[-        ] var…t_calling:MERGE_JOINT_VCFS -
[-        ] variant_calling:ASM            -
[-        ] var…_calling:MERGE_ASM_OUTPUTS -
[32/84401a] var…MUTECT2 (evoC-Bap1-ctrl-M) | 0 of 1
[84/fbe6b6] mbi…C-Bap1-ctrl-M-CHH-5-prime) | 0 of 3
[cc/c1ac84] epi…ARR (evoC-Bap1-ctrl-M-CHG) | 0 of 3
[d4/87e613] epi…ZARR (evoC-Bap1-ctrl-M-CG) | 0 of 1
[19/7bb167] epi…ZARR (evoC-Bap1-ctrl-M-CG) | 1 of 1
Plus 9 more processes waiting for tasks…

executor >  slurm (30)
[5a/98213b] res…AW (evoC-Bap1-mut-F, L005) | 4 of 4 ✔
[94/9d8d88] res…DE (evoC-Bap1-mut-F, L005) | 4 of 4 ✔
[-        ] resolve_align:FASTQC_RESOLVED  -
[68/46b66b] res…M2 (evoC-Bap1-mut-M, L005) | 3 of 4
[-        ] res…align:SAMTOOLS_MERGE_LANES -
[-        ] resolve_align:PRESEQ           -
[4a/457c9c] bam…:BAMLET (evoC-Bap1-ctrl-M) | 1 of 3
[84/8ee87b] bam…P_BAMQC (evoC-Bap1-ctrl-M) | 0 of 1
[bf/6ffd28] bam…SS_BIAS (evoC-Bap1-ctrl-M) | 0 of 1
[-        ] bam…:DEEPTOOLS_PLOTFINGERPRINT -
[c2/447e13] bam…_GCBIAS (evoC-Bap1-ctrl-M) | 0 of 1
[3f/001fa5] bam…CCURACY (evoC-Bap1-ctrl-M) | 0 of 1
[96/3eba92] var…_CALLER (evoC-Bap1-ctrl-M) | 0 of 1
[-        ] var…nt_calling:SPLIT_INTERVALS -
[-        ] var…calling:GENOMICS_DB_IMPORT -
[-        ] variant_calling:GENOTYPE_GVCFS -
[-        ] var…t_calling:MERGE_JOINT_VCFS -
[-        ] variant_calling:ASM            -
[-        ] var…_calling:MERGE_ASM_OUTPUTS -
[32/84401a] var…MUTECT2 (evoC-Bap1-ctrl-M) | 0 of 1
[84/fbe6b6] mbi…C-Bap1-ctrl-M-CHH-5-prime) | 0 of 3
[cc/c1ac84] epi…ARR (evoC-Bap1-ctrl-M-CHG) | 0 of 3
[d4/87e613] epi…ZARR (evoC-Bap1-ctrl-M-CG) | 0 of 1
[19/7bb167] epi…ZARR (evoC-Bap1-ctrl-M-CG) | 1 of 1
[40/32548f] epi…PORT (evoC-Bap1-ctrl-M_CG) | 0 of 1
Plus 8 more processes waiting for tasks…

executor >  slurm (30)
[5a/98213b] res…AW (evoC-Bap1-mut-F, L005) | 4 of 4 ✔
[94/9d8d88] res…DE (evoC-Bap1-mut-F, L005) | 4 of 4 ✔
[-        ] resolve_align:FASTQC_RESOLVED  -
[68/46b66b] res…M2 (evoC-Bap1-mut-M, L005) | 3 of 4
[-        ] res…align:SAMTOOLS_MERGE_LANES -
[-        ] resolve_align:PRESEQ           -
[4a/457c9c] bam…:BAMLET (evoC-Bap1-ctrl-M) | 1 of 3
[84/8ee87b] bam…P_BAMQC (evoC-Bap1-ctrl-M) | 0 of 1
[bf/6ffd28] bam…SS_BIAS (evoC-Bap1-ctrl-M) | 0 of 1
[-        ] bam…:DEEPTOOLS_PLOTFINGERPRINT -
[c2/447e13] bam…_GCBIAS (evoC-Bap1-ctrl-M) | 0 of 1
[3f/001fa5] bam…CCURACY (evoC-Bap1-ctrl-M) | 0 of 1
[96/3eba92] var…_CALLER (evoC-Bap1-ctrl-M) | 0 of 1
[-        ] var…nt_calling:SPLIT_INTERVALS -
[-        ] var…calling:GENOMICS_DB_IMPORT -
[-        ] variant_calling:GENOTYPE_GVCFS -
[-        ] var…t_calling:MERGE_JOINT_VCFS -
[-        ] variant_calling:ASM            -
[-        ] var…_calling:MERGE_ASM_OUTPUTS -
[32/84401a] var…MUTECT2 (evoC-Bap1-ctrl-M) | 0 of 1
[84/fbe6b6] mbi…C-Bap1-ctrl-M-CHH-5-prime) | 0 of 3
[cc/c1ac84] epi…ARR (evoC-Bap1-ctrl-M-CHG) | 0 of 3
[d4/87e613] epi…ZARR (evoC-Bap1-ctrl-M-CG) | 1 of 1
[-        ] epi…short_ctrl:MODALITY_EXPORT | 0 of 1
[19/7bb167] epi…ZARR (evoC-Bap1-ctrl-M-CG) | 1 of 1
[40/32548f] epi…PORT (evoC-Bap1-ctrl-M_CG) | 0 of 1
Plus 7 more processes waiting for tasks…

executor >  slurm (31)
[5a/98213b] res…AW (evoC-Bap1-mut-F, L005) | 4 of 4 ✔
[94/9d8d88] res…DE (evoC-Bap1-mut-F, L005) | 4 of 4 ✔
[-        ] resolve_align:FASTQC_RESOLVED  -
[68/46b66b] res…M2 (evoC-Bap1-mut-M, L005) | 3 of 4
[-        ] res…align:SAMTOOLS_MERGE_LANES -
[-        ] resolve_align:PRESEQ           -
[4a/457c9c] bam…:BAMLET (evoC-Bap1-ctrl-M) | 1 of 3
[84/8ee87b] bam…P_BAMQC (evoC-Bap1-ctrl-M) | 0 of 1
[bf/6ffd28] bam…SS_BIAS (evoC-Bap1-ctrl-M) | 0 of 1
[-        ] bam…:DEEPTOOLS_PLOTFINGERPRINT -
[c2/447e13] bam…_GCBIAS (evoC-Bap1-ctrl-M) | 0 of 1
[3f/001fa5] bam…CCURACY (evoC-Bap1-ctrl-M) | 0 of 1
[96/3eba92] var…_CALLER (evoC-Bap1-ctrl-M) | 0 of 1
[-        ] var…nt_calling:SPLIT_INTERVALS -
[-        ] var…calling:GENOMICS_DB_IMPORT -
[-        ] variant_calling:GENOTYPE_GVCFS -
[-        ] var…t_calling:MERGE_JOINT_VCFS -
[-        ] variant_calling:ASM            -
[-        ] var…_calling:MERGE_ASM_OUTPUTS -
[32/84401a] var…MUTECT2 (evoC-Bap1-ctrl-M) | 0 of 1
[84/fbe6b6] mbi…C-Bap1-ctrl-M-CHH-5-prime) | 0 of 3
[cc/c1ac84] epi…ARR (evoC-Bap1-ctrl-M-CHG) | 0 of 3
[d4/87e613] epi…ZARR (evoC-Bap1-ctrl-M-CG) | 1 of 1
[47/7bbd7e] epi…PORT (evoC-Bap1-ctrl-M_CG) | 0 of 1
[19/7bb167] epi…ZARR (evoC-Bap1-ctrl-M-CG) | 1 of 1
[40/32548f] epi…PORT (evoC-Bap1-ctrl-M_CG) | 0 of 1
Plus 7 more processes waiting for tasks…

executor >  slurm (31)
[5a/98213b] res…AW (evoC-Bap1-mut-F, L005) | 4 of 4 ✔
[94/9d8d88] res…DE (evoC-Bap1-mut-F, L005) | 4 of 4 ✔
[-        ] resolve_align:FASTQC_RESOLVED  -
[68/46b66b] res…M2 (evoC-Bap1-mut-M, L005) | 3 of 4
[-        ] res…align:SAMTOOLS_MERGE_LANES -
[-        ] resolve_align:PRESEQ           -
[4a/457c9c] bam…:BAMLET (evoC-Bap1-ctrl-M) | 1 of 3
[84/8ee87b] bam…P_BAMQC (evoC-Bap1-ctrl-M) | 0 of 1
[bf/6ffd28] bam…SS_BIAS (evoC-Bap1-ctrl-M) | 0 of 1
[-        ] bam…:DEEPTOOLS_PLOTFINGERPRINT -
[c2/447e13] bam…_GCBIAS (evoC-Bap1-ctrl-M) | 0 of 1
[3f/001fa5] bam…CCURACY (evoC-Bap1-ctrl-M) | 1 of 1
[96/3eba92] var…_CALLER (evoC-Bap1-ctrl-M) | 0 of 1
[-        ] var…nt_calling:SPLIT_INTERVALS -
[-        ] var…calling:GENOMICS_DB_IMPORT -
[-        ] variant_calling:GENOTYPE_GVCFS -
[-        ] var…t_calling:MERGE_JOINT_VCFS -
[-        ] variant_calling:ASM            -
[-        ] var…_calling:MERGE_ASM_OUTPUTS -
[32/84401a] var…MUTECT2 (evoC-Bap1-ctrl-M) | 0 of 1
[84/fbe6b6] mbi…C-Bap1-ctrl-M-CHH-5-prime) | 0 of 3
[cc/c1ac84] epi…ARR (evoC-Bap1-ctrl-M-CHG) | 0 of 3
[d4/87e613] epi…ZARR (evoC-Bap1-ctrl-M-CG) | 1 of 1
[47/7bbd7e] epi…PORT (evoC-Bap1-ctrl-M_CG) | 0 of 1
[19/7bb167] epi…ZARR (evoC-Bap1-ctrl-M-CG) | 1 of 1
[40/32548f] epi…PORT (evoC-Bap1-ctrl-M_CG) | 0 of 1
Plus 7 more processes waiting for tasks…

executor >  slurm (31)
[5a/98213b] res…AW (evoC-Bap1-mut-F, L005) | 4 of 4 ✔
[94/9d8d88] res…DE (evoC-Bap1-mut-F, L005) | 4 of 4 ✔
[-        ] resolve_align:FASTQC_RESOLVED  -
[68/46b66b] res…M2 (evoC-Bap1-mut-M, L005) | 3 of 4
[-        ] res…align:SAMTOOLS_MERGE_LANES -
[-        ] resolve_align:PRESEQ           -
[4a/457c9c] bam…:BAMLET (evoC-Bap1-ctrl-M) | 1 of 3
[84/8ee87b] bam…P_BAMQC (evoC-Bap1-ctrl-M) | 0 of 1
[bf/6ffd28] bam…SS_BIAS (evoC-Bap1-ctrl-M) | 0 of 1
[-        ] bam…:DEEPTOOLS_PLOTFINGERPRINT -
[c2/447e13] bam…_GCBIAS (evoC-Bap1-ctrl-M) | 0 of 1
[3f/001fa5] bam…CCURACY (evoC-Bap1-ctrl-M) | 1 of 1
[96/3eba92] var…_CALLER (evoC-Bap1-ctrl-M) | 0 of 1
[-        ] var…nt_calling:SPLIT_INTERVALS -
[-        ] var…calling:GENOMICS_DB_IMPORT -
[-        ] variant_calling:GENOTYPE_GVCFS -
[-        ] var…t_calling:MERGE_JOINT_VCFS -
[-        ] variant_calling:ASM            -
[-        ] var…_calling:MERGE_ASM_OUTPUTS -
[32/84401a] var…MUTECT2 (evoC-Bap1-ctrl-M) | 0 of 1
[84/fbe6b6] mbi…C-Bap1-ctrl-M-CHH-5-prime) | 0 of 3
[cc/c1ac84] epi…ARR (evoC-Bap1-ctrl-M-CHG) | 0 of 3
[d4/87e613] epi…ZARR (evoC-Bap1-ctrl-M-CG) | 1 of 1
[47/7bbd7e] epi…PORT (evoC-Bap1-ctrl-M_CG) | 0 of 1
[19/7bb167] epi…ZARR (evoC-Bap1-ctrl-M-CG) | 1 of 1
[40/32548f] epi…PORT (evoC-Bap1-ctrl-M_CG) | 0 of 1
Plus 7 more processes waiting for tasks…

executor >  slurm (31)
[5a/98213b] res…AW (evoC-Bap1-mut-F, L005) | 4 of 4 ✔
[94/9d8d88] res…DE (evoC-Bap1-mut-F, L005) | 4 of 4 ✔
[-        ] resolve_align:FASTQC_RESOLVED  -
[68/46b66b] res…M2 (evoC-Bap1-mut-M, L005) | 3 of 4
[-        ] res…align:SAMTOOLS_MERGE_LANES -
[-        ] resolve_align:PRESEQ           -
[4a/457c9c] bam…:BAMLET (evoC-Bap1-ctrl-M) | 1 of 3
[84/8ee87b] bam…P_BAMQC (evoC-Bap1-ctrl-M) | 0 of 1
[bf/6ffd28] bam…SS_BIAS (evoC-Bap1-ctrl-M) | 0 of 1
[-        ] bam…:DEEPTOOLS_PLOTFINGERPRINT -
[c2/447e13] bam…_GCBIAS (evoC-Bap1-ctrl-M) | 0 of 1
[3f/001fa5] bam…CCURACY (evoC-Bap1-ctrl-M) | 1 of 1
[96/3eba92] var…_CALLER (evoC-Bap1-ctrl-M) | 0 of 1
[-        ] var…nt_calling:SPLIT_INTERVALS -
[-        ] var…calling:GENOMICS_DB_IMPORT -
[-        ] variant_calling:GENOTYPE_GVCFS -
[-        ] var…t_calling:MERGE_JOINT_VCFS -
[-        ] variant_calling:ASM            -
[-        ] var…_calling:MERGE_ASM_OUTPUTS -
[32/84401a] var…MUTECT2 (evoC-Bap1-ctrl-M) | 0 of 1
[84/fbe6b6] mbi…C-Bap1-ctrl-M-CHH-5-prime) | 0 of 3
[cc/c1ac84] epi…ARR (evoC-Bap1-ctrl-M-CHG) | 0 of 3
[d4/87e613] epi…ZARR (evoC-Bap1-ctrl-M-CG) | 1 of 1
[47/7bbd7e] epi…PORT (evoC-Bap1-ctrl-M_CG) | 1 of 1
[19/7bb167] epi…ZARR (evoC-Bap1-ctrl-M-CG) | 1 of 1
[40/32548f] epi…PORT (evoC-Bap1-ctrl-M_CG) | 1 of 1
Plus 7 more processes waiting for tasks…

executor >  slurm (31)
[5a/98213b] res…AW (evoC-Bap1-mut-F, L005) | 4 of 4 ✔
[94/9d8d88] res…DE (evoC-Bap1-mut-F, L005) | 4 of 4 ✔
[-        ] resolve_align:FASTQC_RESOLVED  -
[68/46b66b] res…M2 (evoC-Bap1-mut-M, L005) | 3 of 4
[-        ] res…align:SAMTOOLS_MERGE_LANES -
[-        ] resolve_align:PRESEQ           -
[4a/457c9c] bam…:BAMLET (evoC-Bap1-ctrl-M) | 1 of 3
[84/8ee87b] bam…P_BAMQC (evoC-Bap1-ctrl-M) | 0 of 1
[bf/6ffd28] bam…SS_BIAS (evoC-Bap1-ctrl-M) | 1 of 1
[-        ] bam…:DEEPTOOLS_PLOTFINGERPRINT -
[c2/447e13] bam…_GCBIAS (evoC-Bap1-ctrl-M) | 0 of 1
[3f/001fa5] bam…CCURACY (evoC-Bap1-ctrl-M) | 1 of 1
[96/3eba92] var…_CALLER (evoC-Bap1-ctrl-M) | 0 of 1
[-        ] var…nt_calling:SPLIT_INTERVALS -
[-        ] var…calling:GENOMICS_DB_IMPORT -
[-        ] variant_calling:GENOTYPE_GVCFS -
[-        ] var…t_calling:MERGE_JOINT_VCFS -
[-        ] variant_calling:ASM            -
[-        ] var…_calling:MERGE_ASM_OUTPUTS -
[32/84401a] var…MUTECT2 (evoC-Bap1-ctrl-M) | 0 of 1
[84/fbe6b6] mbi…C-Bap1-ctrl-M-CHH-5-prime) | 0 of 3
[cc/c1ac84] epi…ARR (evoC-Bap1-ctrl-M-CHG) | 0 of 3
[d4/87e613] epi…ZARR (evoC-Bap1-ctrl-M-CG) | 1 of 1
[47/7bbd7e] epi…PORT (evoC-Bap1-ctrl-M_CG) | 1 of 1
[19/7bb167] epi…ZARR (evoC-Bap1-ctrl-M-CG) | 1 of 1
[40/32548f] epi…PORT (evoC-Bap1-ctrl-M_CG) | 1 of 1
Plus 7 more processes waiting for tasks…

executor >  slurm (31)
[5a/98213b] res…AW (evoC-Bap1-mut-F, L005) | 4 of 4 ✔
[94/9d8d88] res…DE (evoC-Bap1-mut-F, L005) | 4 of 4 ✔
[-        ] resolve_align:FASTQC_RESOLVED  -
[68/46b66b] res…M2 (evoC-Bap1-mut-M, L005) | 3 of 4
[-        ] res…align:SAMTOOLS_MERGE_LANES -
[-        ] resolve_align:PRESEQ           -
[1d/6205b5] bam…:BAMLET (evoC-Bap1-ctrl-F) | 2 of 3
[84/8ee87b] bam…P_BAMQC (evoC-Bap1-ctrl-M) | 0 of 2
[bf/6ffd28] bam…SS_BIAS (evoC-Bap1-ctrl-M) | 1 of 2
[-        ] bam…:DEEPTOOLS_PLOTFINGERPRINT -
[c2/447e13] bam…_GCBIAS (evoC-Bap1-ctrl-M) | 0 of 2
[3f/001fa5] bam…CCURACY (evoC-Bap1-ctrl-M) | 1 of 2
[96/3eba92] var…_CALLER (evoC-Bap1-ctrl-M) | 0 of 2
[-        ] var…nt_calling:SPLIT_INTERVALS -
[-        ] var…calling:GENOMICS_DB_IMPORT -
[-        ] variant_calling:GENOTYPE_GVCFS -
[-        ] var…t_calling:MERGE_JOINT_VCFS -
[-        ] variant_calling:ASM            -
[-        ] var…_calling:MERGE_ASM_OUTPUTS -
[32/84401a] var…MUTECT2 (evoC-Bap1-ctrl-M) | 0 of 2
[84/fbe6b6] mbi…C-Bap1-ctrl-M-CHH-5-prime) | 0 of 6
[cc/c1ac84] epi…ARR (evoC-Bap1-ctrl-M-CHG) | 0 of 6
[d4/87e613] epi…ZARR (evoC-Bap1-ctrl-M-CG) | 1 of 2
[47/7bbd7e] epi…PORT (evoC-Bap1-ctrl-M_CG) | 1 of 1
[19/7bb167] epi…ZARR (evoC-Bap1-ctrl-M-CG) | 1 of 2
[40/32548f] epi…PORT (evoC-Bap1-ctrl-M_CG) | 1 of 1
Plus 7 more processes waiting for tasks…

executor >  slurm (32)
[5a/98213b] res…AW (evoC-Bap1-mut-F, L005) | 4 of 4 ✔
[94/9d8d88] res…DE (evoC-Bap1-mut-F, L005) | 4 of 4 ✔
[-        ] resolve_align:FASTQC_RESOLVED  -
[68/46b66b] res…M2 (evoC-Bap1-mut-M, L005) | 3 of 4
[-        ] res…align:SAMTOOLS_MERGE_LANES -
[-        ] resolve_align:PRESEQ           -
[1d/6205b5] bam…:BAMLET (evoC-Bap1-ctrl-F) | 2 of 3
[84/8ee87b] bam…P_BAMQC (evoC-Bap1-ctrl-M) | 0 of 2
[bf/6ffd28] bam…SS_BIAS (evoC-Bap1-ctrl-M) | 1 of 2
[-        ] bam…:DEEPTOOLS_PLOTFINGERPRINT -
[c2/447e13] bam…_GCBIAS (evoC-Bap1-ctrl-M) | 0 of 2
[b1/354b54] bam…CCURACY (evoC-Bap1-ctrl-F) | 1 of 2
[96/3eba92] var…_CALLER (evoC-Bap1-ctrl-M) | 0 of 2
[-        ] var…nt_calling:SPLIT_INTERVALS -
[-        ] var…calling:GENOMICS_DB_IMPORT -
[-        ] variant_calling:GENOTYPE_GVCFS -
[-        ] var…t_calling:MERGE_JOINT_VCFS -
[-        ] variant_calling:ASM            -
[-        ] var…_calling:MERGE_ASM_OUTPUTS -
[32/84401a] var…MUTECT2 (evoC-Bap1-ctrl-M) | 0 of 2
[84/fbe6b6] mbi…C-Bap1-ctrl-M-CHH-5-prime) | 0 of 6
[cc/c1ac84] epi…ARR (evoC-Bap1-ctrl-M-CHG) | 0 of 6
[d4/87e613] epi…ZARR (evoC-Bap1-ctrl-M-CG) | 1 of 2
[47/7bbd7e] epi…PORT (evoC-Bap1-ctrl-M_CG) | 1 of 1
[19/7bb167] epi…ZARR (evoC-Bap1-ctrl-M-CG) | 1 of 2
[40/32548f] epi…PORT (evoC-Bap1-ctrl-M_CG) | 1 of 1
Plus 7 more processes waiting for tasks…

executor >  slurm (33)
[5a/98213b] res…AW (evoC-Bap1-mut-F, L005) | 4 of 4 ✔
[94/9d8d88] res…DE (evoC-Bap1-mut-F, L005) | 4 of 4 ✔
[-        ] resolve_align:FASTQC_RESOLVED  -
[68/46b66b] res…M2 (evoC-Bap1-mut-M, L005) | 3 of 4
[-        ] res…align:SAMTOOLS_MERGE_LANES -
[-        ] resolve_align:PRESEQ           -
[1d/6205b5] bam…:BAMLET (evoC-Bap1-ctrl-F) | 2 of 3
[84/8ee87b] bam…P_BAMQC (evoC-Bap1-ctrl-M) | 0 of 2
[bf/6ffd28] bam…SS_BIAS (evoC-Bap1-ctrl-M) | 1 of 2
[-        ] bam…:DEEPTOOLS_PLOTFINGERPRINT -
[f9/b18cda] bam…_GCBIAS (evoC-Bap1-ctrl-F) | 0 of 2
[b1/354b54] bam…CCURACY (evoC-Bap1-ctrl-F) | 1 of 2
[96/3eba92] var…_CALLER (evoC-Bap1-ctrl-M) | 0 of 2
[-        ] var…nt_calling:SPLIT_INTERVALS -
[-        ] var…calling:GENOMICS_DB_IMPORT -
[-        ] variant_calling:GENOTYPE_GVCFS -
[-        ] var…t_calling:MERGE_JOINT_VCFS -
[-        ] variant_calling:ASM            -
[-        ] var…_calling:MERGE_ASM_OUTPUTS -
[32/84401a] var…MUTECT2 (evoC-Bap1-ctrl-M) | 0 of 2
[84/fbe6b6] mbi…C-Bap1-ctrl-M-CHH-5-prime) | 0 of 6
[cc/c1ac84] epi…ARR (evoC-Bap1-ctrl-M-CHG) | 0 of 6
[d4/87e613] epi…ZARR (evoC-Bap1-ctrl-M-CG) | 1 of 2
[47/7bbd7e] epi…PORT (evoC-Bap1-ctrl-M_CG) | 1 of 1
[19/7bb167] epi…ZARR (evoC-Bap1-ctrl-M-CG) | 1 of 2
[40/32548f] epi…PORT (evoC-Bap1-ctrl-M_CG) | 1 of 1
Plus 7 more processes waiting for tasks…

executor >  slurm (34)
[5a/98213b] res…AW (evoC-Bap1-mut-F, L005) | 4 of 4 ✔
[94/9d8d88] res…DE (evoC-Bap1-mut-F, L005) | 4 of 4 ✔
[-        ] resolve_align:FASTQC_RESOLVED  -
[68/46b66b] res…M2 (evoC-Bap1-mut-M, L005) | 3 of 4
[-        ] res…align:SAMTOOLS_MERGE_LANES -
[-        ] resolve_align:PRESEQ           -
[1d/6205b5] bam…:BAMLET (evoC-Bap1-ctrl-F) | 2 of 3
[84/8ee87b] bam…P_BAMQC (evoC-Bap1-ctrl-M) | 0 of 2
[28/a32c6a] bam…SS_BIAS (evoC-Bap1-ctrl-F) | 1 of 2
[-        ] bam…:DEEPTOOLS_PLOTFINGERPRINT -
[f9/b18cda] bam…_GCBIAS (evoC-Bap1-ctrl-F) | 0 of 2
[b1/354b54] bam…CCURACY (evoC-Bap1-ctrl-F) | 1 of 2
[96/3eba92] var…_CALLER (evoC-Bap1-ctrl-M) | 0 of 2
[-        ] var…nt_calling:SPLIT_INTERVALS -
[-        ] var…calling:GENOMICS_DB_IMPORT -
[-        ] variant_calling:GENOTYPE_GVCFS -
[-        ] var…t_calling:MERGE_JOINT_VCFS -
[-        ] variant_calling:ASM            -
[-        ] var…_calling:MERGE_ASM_OUTPUTS -
[32/84401a] var…MUTECT2 (evoC-Bap1-ctrl-M) | 0 of 2
[84/fbe6b6] mbi…C-Bap1-ctrl-M-CHH-5-prime) | 0 of 6
[cc/c1ac84] epi…ARR (evoC-Bap1-ctrl-M-CHG) | 0 of 6
[d4/87e613] epi…ZARR (evoC-Bap1-ctrl-M-CG) | 1 of 2
[47/7bbd7e] epi…PORT (evoC-Bap1-ctrl-M_CG) | 1 of 1
[19/7bb167] epi…ZARR (evoC-Bap1-ctrl-M-CG) | 1 of 2
[40/32548f] epi…PORT (evoC-Bap1-ctrl-M_CG) | 1 of 1
Plus 7 more processes waiting for tasks…

executor >  slurm (35)
[5a/98213b] res…AW (evoC-Bap1-mut-F, L005) | 4 of 4 ✔
[94/9d8d88] res…DE (evoC-Bap1-mut-F, L005) | 4 of 4 ✔
[-        ] resolve_align:FASTQC_RESOLVED  -
[68/46b66b] res…M2 (evoC-Bap1-mut-M, L005) | 3 of 4
[-        ] res…align:SAMTOOLS_MERGE_LANES -
[-        ] resolve_align:PRESEQ           -
[1d/6205b5] bam…:BAMLET (evoC-Bap1-ctrl-F) | 2 of 3
[84/8ee87b] bam…P_BAMQC (evoC-Bap1-ctrl-M) | 0 of 2
[28/a32c6a] bam…SS_BIAS (evoC-Bap1-ctrl-F) | 1 of 2
[-        ] bam…:DEEPTOOLS_PLOTFINGERPRINT -
[f9/b18cda] bam…_GCBIAS (evoC-Bap1-ctrl-F) | 0 of 2
[b1/354b54] bam…CCURACY (evoC-Bap1-ctrl-F) | 1 of 2
[96/3eba92] var…_CALLER (evoC-Bap1-ctrl-M) | 0 of 2
[-        ] var…nt_calling:SPLIT_INTERVALS -
[-        ] var…calling:GENOMICS_DB_IMPORT -
[-        ] variant_calling:GENOTYPE_GVCFS -
[-        ] var…t_calling:MERGE_JOINT_VCFS -
[-        ] variant_calling:ASM            -
[-        ] var…_calling:MERGE_ASM_OUTPUTS -
[32/84401a] var…MUTECT2 (evoC-Bap1-ctrl-M) | 0 of 2
[9a/c55f1f] mbi…oC-Bap1-ctrl-F-CG-5-prime) | 0 of 6
[cc/c1ac84] epi…ARR (evoC-Bap1-ctrl-M-CHG) | 0 of 6
[d4/87e613] epi…ZARR (evoC-Bap1-ctrl-M-CG) | 1 of 2
[47/7bbd7e] epi…PORT (evoC-Bap1-ctrl-M_CG) | 1 of 1
[19/7bb167] epi…ZARR (evoC-Bap1-ctrl-M-CG) | 1 of 2
[40/32548f] epi…PORT (evoC-Bap1-ctrl-M_CG) | 1 of 1
Plus 7 more processes waiting for tasks…

executor >  slurm (38)
[5a/98213b] res…AW (evoC-Bap1-mut-F, L005) | 4 of 4 ✔
[94/9d8d88] res…DE (evoC-Bap1-mut-F, L005) | 4 of 4 ✔
[-        ] resolve_align:FASTQC_RESOLVED  -
[68/46b66b] res…M2 (evoC-Bap1-mut-M, L005) | 3 of 4
[-        ] res…align:SAMTOOLS_MERGE_LANES -
[-        ] resolve_align:PRESEQ           -
[1d/6205b5] bam…:BAMLET (evoC-Bap1-ctrl-F) | 2 of 3
[84/8ee87b] bam…P_BAMQC (evoC-Bap1-ctrl-M) | 0 of 2
[28/a32c6a] bam…SS_BIAS (evoC-Bap1-ctrl-F) | 1 of 2
[-        ] bam…:DEEPTOOLS_PLOTFINGERPRINT -
[f9/b18cda] bam…_GCBIAS (evoC-Bap1-ctrl-F) | 0 of 2
[b1/354b54] bam…CCURACY (evoC-Bap1-ctrl-F) | 1 of 2
[96/3eba92] var…_CALLER (evoC-Bap1-ctrl-M) | 0 of 2
[-        ] var…nt_calling:SPLIT_INTERVALS -
[-        ] var…calling:GENOMICS_DB_IMPORT -
[-        ] variant_calling:GENOTYPE_GVCFS -
[-        ] var…t_calling:MERGE_JOINT_VCFS -
[-        ] variant_calling:ASM            -
[-        ] var…_calling:MERGE_ASM_OUTPUTS -
[32/84401a] var…MUTECT2 (evoC-Bap1-ctrl-M) | 0 of 2
[03/35d362] mbi…C-Bap1-ctrl-F-CHG-5-prime) | 0 of 6
[4c/44f832] epi…ARR (evoC-Bap1-ctrl-F-CHH) | 0 of 6
[d4/87e613] epi…ZARR (evoC-Bap1-ctrl-M-CG) | 1 of 2
[47/7bbd7e] epi…PORT (evoC-Bap1-ctrl-M_CG) | 1 of 1
[19/7bb167] epi…ZARR (evoC-Bap1-ctrl-M-CG) | 1 of 2
[40/32548f] epi…PORT (evoC-Bap1-ctrl-M_CG) | 1 of 1
Plus 7 more processes waiting for tasks…

executor >  slurm (41)
[5a/98213b] res…AW (evoC-Bap1-mut-F, L005) | 4 of 4 ✔
[94/9d8d88] res…DE (evoC-Bap1-mut-F, L005) | 4 of 4 ✔
[-        ] resolve_align:FASTQC_RESOLVED  -
[68/46b66b] res…M2 (evoC-Bap1-mut-M, L005) | 3 of 4
[-        ] res…align:SAMTOOLS_MERGE_LANES -
[-        ] resolve_align:PRESEQ           -
[1d/6205b5] bam…:BAMLET (evoC-Bap1-ctrl-F) | 2 of 3
[3e/8e2626] bam…P_BAMQC (evoC-Bap1-ctrl-F) | 0 of 2
[28/a32c6a] bam…SS_BIAS (evoC-Bap1-ctrl-F) | 1 of 2
[-        ] bam…:DEEPTOOLS_PLOTFINGERPRINT -
[f9/b18cda] bam…_GCBIAS (evoC-Bap1-ctrl-F) | 0 of 2
[b1/354b54] bam…CCURACY (evoC-Bap1-ctrl-F) | 1 of 2
[96/3eba92] var…_CALLER (evoC-Bap1-ctrl-M) | 0 of 2
[-        ] var…nt_calling:SPLIT_INTERVALS -
[-        ] var…calling:GENOMICS_DB_IMPORT -
[-        ] variant_calling:GENOTYPE_GVCFS -
[-        ] var…t_calling:MERGE_JOINT_VCFS -
[-        ] variant_calling:ASM            -
[-        ] var…_calling:MERGE_ASM_OUTPUTS -
[32/84401a] var…MUTECT2 (evoC-Bap1-ctrl-M) | 0 of 2
[03/35d362] mbi…C-Bap1-ctrl-F-CHG-5-prime) | 0 of 6
[3a/c84722] epi…ZARR (evoC-Bap1-ctrl-F-CG) | 0 of 6
[c5/05fbbc] epi…ZARR (evoC-Bap1-ctrl-F-CG) | 1 of 2
[47/7bbd7e] epi…PORT (evoC-Bap1-ctrl-M_CG) | 1 of 1
[19/7bb167] epi…ZARR (evoC-Bap1-ctrl-M-CG) | 1 of 2
[40/32548f] epi…PORT (evoC-Bap1-ctrl-M_CG) | 1 of 1
Plus 7 more processes waiting for tasks…

executor >  slurm (44)
[5a/98213b] res…AW (evoC-Bap1-mut-F, L005) | 4 of 4 ✔
[94/9d8d88] res…DE (evoC-Bap1-mut-F, L005) | 4 of 4 ✔
[-        ] resolve_align:FASTQC_RESOLVED  -
[68/46b66b] res…M2 (evoC-Bap1-mut-M, L005) | 3 of 4
[-        ] res…align:SAMTOOLS_MERGE_LANES -
[-        ] resolve_align:PRESEQ           -
[1d/6205b5] bam…:BAMLET (evoC-Bap1-ctrl-F) | 2 of 3
[3e/8e2626] bam…P_BAMQC (evoC-Bap1-ctrl-F) | 0 of 2
[28/a32c6a] bam…SS_BIAS (evoC-Bap1-ctrl-F) | 1 of 2
[-        ] bam…:DEEPTOOLS_PLOTFINGERPRINT -
[f9/b18cda] bam…_GCBIAS (evoC-Bap1-ctrl-F) | 0 of 2
[b1/354b54] bam…CCURACY (evoC-Bap1-ctrl-F) | 1 of 2
[08/2fd952] var…_CALLER (evoC-Bap1-ctrl-F) | 0 of 2
[-        ] var…nt_calling:SPLIT_INTERVALS -
[-        ] var…calling:GENOMICS_DB_IMPORT -
[-        ] variant_calling:GENOTYPE_GVCFS -
[-        ] var…t_calling:MERGE_JOINT_VCFS -
[-        ] variant_calling:ASM            -
[-        ] var…_calling:MERGE_ASM_OUTPUTS -
[bd/a1055e] var…MUTECT2 (evoC-Bap1-ctrl-F) | 0 of 2
[03/35d362] mbi…C-Bap1-ctrl-F-CHG-5-prime) | 0 of 6
[3a/c84722] epi…ZARR (evoC-Bap1-ctrl-F-CG) | 0 of 6
[c5/05fbbc] epi…ZARR (evoC-Bap1-ctrl-F-CG) | 1 of 2
[47/7bbd7e] epi…PORT (evoC-Bap1-ctrl-M_CG) | 1 of 1
[45/d57dee] epi…ZARR (evoC-Bap1-ctrl-F-CG) | 1 of 2
[40/32548f] epi…PORT (evoC-Bap1-ctrl-M_CG) | 1 of 1
Plus 7 more processes waiting for tasks…

executor >  slurm (45)
[5a/98213b] res…AW (evoC-Bap1-mut-F, L005) | 4 of 4 ✔
[94/9d8d88] res…DE (evoC-Bap1-mut-F, L005) | 4 of 4 ✔
[-        ] resolve_align:FASTQC_RESOLVED  -
[68/46b66b] res…M2 (evoC-Bap1-mut-M, L005) | 3 of 4
[-        ] res…align:SAMTOOLS_MERGE_LANES -
[-        ] resolve_align:PRESEQ           -
[1d/6205b5] bam…:BAMLET (evoC-Bap1-ctrl-F) | 2 of 3
[3e/8e2626] bam…P_BAMQC (evoC-Bap1-ctrl-F) | 0 of 2
[28/a32c6a] bam…SS_BIAS (evoC-Bap1-ctrl-F) | 1 of 2
[-        ] bam…:DEEPTOOLS_PLOTFINGERPRINT -
[f9/b18cda] bam…_GCBIAS (evoC-Bap1-ctrl-F) | 0 of 2
[b1/354b54] bam…CCURACY (evoC-Bap1-ctrl-F) | 1 of 2
[08/2fd952] var…_CALLER (evoC-Bap1-ctrl-F) | 0 of 2
[-        ] var…nt_calling:SPLIT_INTERVALS -
[-        ] var…calling:GENOMICS_DB_IMPORT -
[-        ] variant_calling:GENOTYPE_GVCFS -
[-        ] var…t_calling:MERGE_JOINT_VCFS -
[-        ] variant_calling:ASM            -
[-        ] var…_calling:MERGE_ASM_OUTPUTS -
[bd/a1055e] var…MUTECT2 (evoC-Bap1-ctrl-F) | 0 of 2
[03/35d362] mbi…C-Bap1-ctrl-F-CHG-5-prime) | 0 of 6
[29/b17b2d] epi…ARR (evoC-Bap1-ctrl-F-CHG) | 0 of 6
[c5/05fbbc] epi…ZARR (evoC-Bap1-ctrl-F-CG) | 1 of 2
[47/7bbd7e] epi…PORT (evoC-Bap1-ctrl-M_CG) | 1 of 1
[45/d57dee] epi…ZARR (evoC-Bap1-ctrl-F-CG) | 1 of 2
[40/32548f] epi…PORT (evoC-Bap1-ctrl-M_CG) | 1 of 1
Plus 7 more processes waiting for tasks…

executor >  slurm (45)
[5a/98213b] res…AW (evoC-Bap1-mut-F, L005) | 4 of 4 ✔
[94/9d8d88] res…DE (evoC-Bap1-mut-F, L005) | 4 of 4 ✔
[-        ] resolve_align:FASTQC_RESOLVED  -
[68/46b66b] res…M2 (evoC-Bap1-mut-M, L005) | 3 of 4
[-        ] res…align:SAMTOOLS_MERGE_LANES -
[-        ] resolve_align:PRESEQ           -
[1d/6205b5] bam…:BAMLET (evoC-Bap1-ctrl-F) | 2 of 3
[3e/8e2626] bam…P_BAMQC (evoC-Bap1-ctrl-F) | 0 of 2
[28/a32c6a] bam…SS_BIAS (evoC-Bap1-ctrl-F) | 1 of 2
[-        ] bam…:DEEPTOOLS_PLOTFINGERPRINT -
[f9/b18cda] bam…_GCBIAS (evoC-Bap1-ctrl-F) | 0 of 2
[b1/354b54] bam…CCURACY (evoC-Bap1-ctrl-F) | 1 of 2
[08/2fd952] var…_CALLER (evoC-Bap1-ctrl-F) | 0 of 2
[-        ] var…nt_calling:SPLIT_INTERVALS -
[-        ] var…calling:GENOMICS_DB_IMPORT -
[-        ] variant_calling:GENOTYPE_GVCFS -
[-        ] var…t_calling:MERGE_JOINT_VCFS -
[-        ] variant_calling:ASM            -
[-        ] var…_calling:MERGE_ASM_OUTPUTS -
[bd/a1055e] var…MUTECT2 (evoC-Bap1-ctrl-F) | 0 of 2
[03/35d362] mbi…C-Bap1-ctrl-F-CHG-5-prime) | 0 of 6
[29/b17b2d] epi…ARR (evoC-Bap1-ctrl-F-CHG) | 0 of 6
[c5/05fbbc] epi…ZARR (evoC-Bap1-ctrl-F-CG) | 1 of 2
[47/7bbd7e] epi…PORT (evoC-Bap1-ctrl-M_CG) | 1 of 1
[45/d57dee] epi…ZARR (evoC-Bap1-ctrl-F-CG) | 1 of 2
[40/32548f] epi…PORT (evoC-Bap1-ctrl-M_CG) | 1 of 1
Plus 7 more processes waiting for tasks…

executor >  slurm (45)
[5a/98213b] res…AW (evoC-Bap1-mut-F, L005) | 4 of 4 ✔
[94/9d8d88] res…DE (evoC-Bap1-mut-F, L005) | 4 of 4 ✔
[-        ] resolve_align:FASTQC_RESOLVED  -
[68/46b66b] res…M2 (evoC-Bap1-mut-M, L005) | 3 of 4
[-        ] res…align:SAMTOOLS_MERGE_LANES -
[-        ] resolve_align:PRESEQ           -
[50/fcd4f3] bam…t:BAMLET (evoC-Bap1-mut-M) | 3 of 3
[3e/8e2626] bam…P_BAMQC (evoC-Bap1-ctrl-F) | 0 of 3
[28/a32c6a] bam…SS_BIAS (evoC-Bap1-ctrl-F) | 1 of 3
[-        ] bam…:DEEPTOOLS_PLOTFINGERPRINT -
[f9/b18cda] bam…_GCBIAS (evoC-Bap1-ctrl-F) | 0 of 3
[b1/354b54] bam…CCURACY (evoC-Bap1-ctrl-F) | 1 of 3
[08/2fd952] var…_CALLER (evoC-Bap1-ctrl-F) | 0 of 3
[-        ] var…nt_calling:SPLIT_INTERVALS -
[-        ] var…calling:GENOMICS_DB_IMPORT -
[-        ] variant_calling:GENOTYPE_GVCFS -
[-        ] var…t_calling:MERGE_JOINT_VCFS -
[-        ] variant_calling:ASM            -
[-        ] var…_calling:MERGE_ASM_OUTPUTS -
[bd/a1055e] var…MUTECT2 (evoC-Bap1-ctrl-F) | 0 of 3
[03/35d362] mbi…C-Bap1-ctrl-F-CHG-5-prime) | 0 of 9
[29/b17b2d] epi…ARR (evoC-Bap1-ctrl-F-CHG) | 0 of 9
[c5/05fbbc] epi…ZARR (evoC-Bap1-ctrl-F-CG) | 1 of 3
[47/7bbd7e] epi…PORT (evoC-Bap1-ctrl-M_CG) | 1 of 1
[45/d57dee] epi…ZARR (evoC-Bap1-ctrl-F-CG) | 1 of 3
[40/32548f] epi…PORT (evoC-Bap1-ctrl-M_CG) | 1 of 1
Plus 7 more processes waiting for tasks…

executor >  slurm (46)
[5a/98213b] res…AW (evoC-Bap1-mut-F, L005) | 4 of 4 ✔
[94/9d8d88] res…DE (evoC-Bap1-mut-F, L005) | 4 of 4 ✔
[-        ] resolve_align:FASTQC_RESOLVED  -
[68/46b66b] res…M2 (evoC-Bap1-mut-M, L005) | 3 of 4
[-        ] res…align:SAMTOOLS_MERGE_LANES -
[-        ] resolve_align:PRESEQ           -
[50/fcd4f3] bam…t:BAMLET (evoC-Bap1-mut-M) | 3 of 3
[28/c35660] bam…AP_BAMQC (evoC-Bap1-mut-M) | 0 of 3
[28/a32c6a] bam…SS_BIAS (evoC-Bap1-ctrl-F) | 1 of 3
[-        ] bam…:DEEPTOOLS_PLOTFINGERPRINT -
[f9/b18cda] bam…_GCBIAS (evoC-Bap1-ctrl-F) | 0 of 3
[b1/354b54] bam…CCURACY (evoC-Bap1-ctrl-F) | 1 of 3
[08/2fd952] var…_CALLER (evoC-Bap1-ctrl-F) | 0 of 3
[-        ] var…nt_calling:SPLIT_INTERVALS -
[-        ] var…calling:GENOMICS_DB_IMPORT -
[-        ] variant_calling:GENOTYPE_GVCFS -
[-        ] var…t_calling:MERGE_JOINT_VCFS -
[-        ] variant_calling:ASM            -
[-        ] var…_calling:MERGE_ASM_OUTPUTS -
[bd/a1055e] var…MUTECT2 (evoC-Bap1-ctrl-F) | 0 of 3
[03/35d362] mbi…C-Bap1-ctrl-F-CHG-5-prime) | 0 of 9
[29/b17b2d] epi…ARR (evoC-Bap1-ctrl-F-CHG) | 0 of 9
[c5/05fbbc] epi…ZARR (evoC-Bap1-ctrl-F-CG) | 1 of 3
[47/7bbd7e] epi…PORT (evoC-Bap1-ctrl-M_CG) | 1 of 1
[45/d57dee] epi…ZARR (evoC-Bap1-ctrl-F-CG) | 1 of 3
[40/32548f] epi…PORT (evoC-Bap1-ctrl-M_CG) | 1 of 1
Plus 7 more processes waiting for tasks…

executor >  slurm (47)
[5a/98213b] res…AW (evoC-Bap1-mut-F, L005) | 4 of 4 ✔
[94/9d8d88] res…DE (evoC-Bap1-mut-F, L005) | 4 of 4 ✔
[-        ] resolve_align:FASTQC_RESOLVED  -
[68/46b66b] res…M2 (evoC-Bap1-mut-M, L005) | 3 of 4
[-        ] res…align:SAMTOOLS_MERGE_LANES -
[-        ] resolve_align:PRESEQ           -
[50/fcd4f3] bam…t:BAMLET (evoC-Bap1-mut-M) | 3 of 3
[28/c35660] bam…AP_BAMQC (evoC-Bap1-mut-M) | 0 of 3
[28/a32c6a] bam…SS_BIAS (evoC-Bap1-ctrl-F) | 1 of 3
[-        ] bam…:DEEPTOOLS_PLOTFINGERPRINT -
[f9/b18cda] bam…_GCBIAS (evoC-Bap1-ctrl-F) | 0 of 3
[69/48f802] bam…ACCURACY (evoC-Bap1-mut-M) | 1 of 3
[08/2fd952] var…_CALLER (evoC-Bap1-ctrl-F) | 0 of 3
[-        ] var…nt_calling:SPLIT_INTERVALS -
[-        ] var…calling:GENOMICS_DB_IMPORT -
[-        ] variant_calling:GENOTYPE_GVCFS -
[-        ] var…t_calling:MERGE_JOINT_VCFS -
[-        ] variant_calling:ASM            -
[-        ] var…_calling:MERGE_ASM_OUTPUTS -
[bd/a1055e] var…MUTECT2 (evoC-Bap1-ctrl-F) | 0 of 3
[03/35d362] mbi…C-Bap1-ctrl-F-CHG-5-prime) | 0 of 9
[29/b17b2d] epi…ARR (evoC-Bap1-ctrl-F-CHG) | 0 of 9
[c5/05fbbc] epi…ZARR (evoC-Bap1-ctrl-F-CG) | 1 of 3
[47/7bbd7e] epi…PORT (evoC-Bap1-ctrl-M_CG) | 1 of 1
[45/d57dee] epi…ZARR (evoC-Bap1-ctrl-F-CG) | 1 of 3
[40/32548f] epi…PORT (evoC-Bap1-ctrl-M_CG) | 1 of 1
Plus 7 more processes waiting for tasks…

executor >  slurm (50)
[5a/98213b] res…AW (evoC-Bap1-mut-F, L005) | 4 of 4 ✔
[94/9d8d88] res…DE (evoC-Bap1-mut-F, L005) | 4 of 4 ✔
[-        ] resolve_align:FASTQC_RESOLVED  -
[68/46b66b] res…M2 (evoC-Bap1-mut-M, L005) | 3 of 4
[-        ] res…align:SAMTOOLS_MERGE_LANES -
[-        ] resolve_align:PRESEQ           -
[50/fcd4f3] bam…t:BAMLET (evoC-Bap1-mut-M) | 3 of 3
[28/c35660] bam…AP_BAMQC (evoC-Bap1-mut-M) | 0 of 3
[12/24a093] bam…TSS_BIAS (evoC-Bap1-mut-M) | 1 of 3
[-        ] bam…:DEEPTOOLS_PLOTFINGERPRINT -
[f9/b18cda] bam…_GCBIAS (evoC-Bap1-ctrl-F) | 0 of 3
[69/48f802] bam…ACCURACY (evoC-Bap1-mut-M) | 1 of 3
[08/2fd952] var…_CALLER (evoC-Bap1-ctrl-F) | 0 of 3
[-        ] var…nt_calling:SPLIT_INTERVALS -
[-        ] var…calling:GENOMICS_DB_IMPORT -
[-        ] variant_calling:GENOTYPE_GVCFS -
[-        ] var…t_calling:MERGE_JOINT_VCFS -
[-        ] variant_calling:ASM            -
[-        ] var…_calling:MERGE_ASM_OUTPUTS -
[bd/a1055e] var…MUTECT2 (evoC-Bap1-ctrl-F) | 0 of 3
[03/35d362] mbi…C-Bap1-ctrl-F-CHG-5-prime) | 0 of 9
[08/652164] epi…2ZARR (evoC-Bap1-mut-M-CG) | 0 of 9
[2a/c52f7a] epi…2ZARR (evoC-Bap1-mut-M-CG) | 1 of 3
[47/7bbd7e] epi…PORT (evoC-Bap1-ctrl-M_CG) | 1 of 1
[45/d57dee] epi…ZARR (evoC-Bap1-ctrl-F-CG) | 1 of 3
[40/32548f] epi…PORT (evoC-Bap1-ctrl-M_CG) | 1 of 1
Plus 7 more processes waiting for tasks…

executor >  slurm (53)
[5a/98213b] res…AW (evoC-Bap1-mut-F, L005) | 4 of 4 ✔
[94/9d8d88] res…DE (evoC-Bap1-mut-F, L005) | 4 of 4 ✔
[-        ] resolve_align:FASTQC_RESOLVED  -
[68/46b66b] res…M2 (evoC-Bap1-mut-M, L005) | 3 of 4
[-        ] res…align:SAMTOOLS_MERGE_LANES -
[-        ] resolve_align:PRESEQ           -
[50/fcd4f3] bam…t:BAMLET (evoC-Bap1-mut-M) | 3 of 3
[28/c35660] bam…AP_BAMQC (evoC-Bap1-mut-M) | 0 of 3
[12/24a093] bam…TSS_BIAS (evoC-Bap1-mut-M) | 1 of 3
[-        ] bam…:DEEPTOOLS_PLOTFINGERPRINT -
[f9/b18cda] bam…_GCBIAS (evoC-Bap1-ctrl-F) | 0 of 3
[69/48f802] bam…ACCURACY (evoC-Bap1-mut-M) | 1 of 3
[08/2fd952] var…_CALLER (evoC-Bap1-ctrl-F) | 0 of 3
[-        ] var…nt_calling:SPLIT_INTERVALS -
[-        ] var…calling:GENOMICS_DB_IMPORT -
[-        ] variant_calling:GENOTYPE_GVCFS -
[-        ] var…t_calling:MERGE_JOINT_VCFS -
[-        ] variant_calling:ASM            -
[-        ] var…_calling:MERGE_ASM_OUTPUTS -
[bd/a1055e] var…MUTECT2 (evoC-Bap1-ctrl-F) | 0 of 3
[cb/22bc09] mbi…oC-Bap1-mut-M-CHG-5-prime) | 0 of 9
[08/652164] epi…2ZARR (evoC-Bap1-mut-M-CG) | 0 of 9
[2a/c52f7a] epi…2ZARR (evoC-Bap1-mut-M-CG) | 1 of 3
[47/7bbd7e] epi…PORT (evoC-Bap1-ctrl-M_CG) | 1 of 1
[20/0b7863] epi…2ZARR (evoC-Bap1-mut-M-CG) | 1 of 3
[40/32548f] epi…PORT (evoC-Bap1-ctrl-M_CG) | 1 of 1
Plus 7 more processes waiting for tasks…

executor >  slurm (55)
[5a/98213b] res…AW (evoC-Bap1-mut-F, L005) | 4 of 4 ✔
[94/9d8d88] res…DE (evoC-Bap1-mut-F, L005) | 4 of 4 ✔
[-        ] resolve_align:FASTQC_RESOLVED  -
[68/46b66b] res…M2 (evoC-Bap1-mut-M, L005) | 3 of 4
[-        ] res…align:SAMTOOLS_MERGE_LANES -
[-        ] resolve_align:PRESEQ           -
[50/fcd4f3] bam…t:BAMLET (evoC-Bap1-mut-M) | 3 of 3
[28/c35660] bam…AP_BAMQC (evoC-Bap1-mut-M) | 0 of 3
[12/24a093] bam…TSS_BIAS (evoC-Bap1-mut-M) | 1 of 3
[-        ] bam…:DEEPTOOLS_PLOTFINGERPRINT -
[f9/b18cda] bam…_GCBIAS (evoC-Bap1-ctrl-F) | 0 of 3
[69/48f802] bam…ACCURACY (evoC-Bap1-mut-M) | 1 of 3
[5e/78c306] var…E_CALLER (evoC-Bap1-mut-M) | 0 of 3
[-        ] var…nt_calling:SPLIT_INTERVALS -
[-        ] var…calling:GENOMICS_DB_IMPORT -
[-        ] variant_calling:GENOTYPE_GVCFS -
[-        ] var…t_calling:MERGE_JOINT_VCFS -
[-        ] variant_calling:ASM            -
[-        ] var…_calling:MERGE_ASM_OUTPUTS -
[bd/a1055e] var…MUTECT2 (evoC-Bap1-ctrl-F) | 0 of 3
[51/7d6709] mbi…voC-Bap1-mut-M-CG-5-prime) | 0 of 9
[08/652164] epi…2ZARR (evoC-Bap1-mut-M-CG) | 0 of 9
[2a/c52f7a] epi…2ZARR (evoC-Bap1-mut-M-CG) | 1 of 3
[47/7bbd7e] epi…PORT (evoC-Bap1-ctrl-M_CG) | 1 of 1
[20/0b7863] epi…2ZARR (evoC-Bap1-mut-M-CG) | 1 of 3
[40/32548f] epi…PORT (evoC-Bap1-ctrl-M_CG) | 1 of 1
Plus 7 more processes waiting for tasks…

executor >  slurm (59)
[5a/98213b] res…AW (evoC-Bap1-mut-F, L005) | 4 of 4 ✔
[94/9d8d88] res…DE (evoC-Bap1-mut-F, L005) | 4 of 4 ✔
[-        ] resolve_align:FASTQC_RESOLVED  -
[68/46b66b] res…M2 (evoC-Bap1-mut-M, L005) | 3 of 4
[-        ] res…align:SAMTOOLS_MERGE_LANES -
[-        ] resolve_align:PRESEQ           -
[50/fcd4f3] bam…t:BAMLET (evoC-Bap1-mut-M) | 3 of 3
[28/c35660] bam…AP_BAMQC (evoC-Bap1-mut-M) | 0 of 3
[12/24a093] bam…TSS_BIAS (evoC-Bap1-mut-M) | 1 of 3
[-        ] bam…:DEEPTOOLS_PLOTFINGERPRINT -
[d3/2f2de8] bam…D_GCBIAS (evoC-Bap1-mut-M) | 0 of 3
[69/48f802] bam…ACCURACY (evoC-Bap1-mut-M) | 1 of 3
[5e/78c306] var…E_CALLER (evoC-Bap1-mut-M) | 0 of 3
[-        ] var…nt_calling:SPLIT_INTERVALS -
[-        ] var…calling:GENOMICS_DB_IMPORT -
[-        ] variant_calling:GENOTYPE_GVCFS -
[-        ] var…t_calling:MERGE_JOINT_VCFS -
[-        ] variant_calling:ASM            -
[-        ] var…_calling:MERGE_ASM_OUTPUTS -
[89/b9458d] var…:MUTECT2 (evoC-Bap1-mut-M) | 0 of 3
[51/7d6709] mbi…voC-Bap1-mut-M-CG-5-prime) | 0 of 9
[92/50f00b] epi…ZARR (evoC-Bap1-mut-M-CHG) | 0 of 9
[2a/c52f7a] epi…2ZARR (evoC-Bap1-mut-M-CG) | 1 of 3
[47/7bbd7e] epi…PORT (evoC-Bap1-ctrl-M_CG) | 1 of 1
[20/0b7863] epi…2ZARR (evoC-Bap1-mut-M-CG) | 1 of 3
[40/32548f] epi…PORT (evoC-Bap1-ctrl-M_CG) | 1 of 1
Plus 7 more processes waiting for tasks…

executor >  slurm (59)
[5a/98213b] res…AW (evoC-Bap1-mut-F, L005) | 4 of 4 ✔
[94/9d8d88] res…DE (evoC-Bap1-mut-F, L005) | 4 of 4 ✔
[-        ] resolve_align:FASTQC_RESOLVED  -
[68/46b66b] res…M2 (evoC-Bap1-mut-M, L005) | 3 of 4
[-        ] res…align:SAMTOOLS_MERGE_LANES -
[-        ] resolve_align:PRESEQ           -
[50/fcd4f3] bam…t:BAMLET (evoC-Bap1-mut-M) | 3 of 3
[28/c35660] bam…AP_BAMQC (evoC-Bap1-mut-M) | 0 of 3
[12/24a093] bam…TSS_BIAS (evoC-Bap1-mut-M) | 1 of 3
[-        ] bam…:DEEPTOOLS_PLOTFINGERPRINT -
[c2/447e13] bam…_GCBIAS (evoC-Bap1-ctrl-M) | 1 of 3
[69/48f802] bam…ACCURACY (evoC-Bap1-mut-M) | 1 of 3
[5e/78c306] var…E_CALLER (evoC-Bap1-mut-M) | 0 of 3
[-        ] var…nt_calling:SPLIT_INTERVALS -
[-        ] var…calling:GENOMICS_DB_IMPORT -
[-        ] variant_calling:GENOTYPE_GVCFS -
[-        ] var…t_calling:MERGE_JOINT_VCFS -
[-        ] variant_calling:ASM            -
[-        ] var…_calling:MERGE_ASM_OUTPUTS -
[89/b9458d] var…:MUTECT2 (evoC-Bap1-mut-M) | 0 of 3
[51/7d6709] mbi…voC-Bap1-mut-M-CG-5-prime) | 0 of 9
[92/50f00b] epi…ZARR (evoC-Bap1-mut-M-CHG) | 0 of 9
[2a/c52f7a] epi…2ZARR (evoC-Bap1-mut-M-CG) | 1 of 3
[47/7bbd7e] epi…PORT (evoC-Bap1-ctrl-M_CG) | 1 of 1
[20/0b7863] epi…2ZARR (evoC-Bap1-mut-M-CG) | 1 of 3
[40/32548f] epi…PORT (evoC-Bap1-ctrl-M_CG) | 1 of 1
Plus 7 more processes waiting for tasks…

executor >  slurm (59)
[5a/98213b] res…AW (evoC-Bap1-mut-F, L005) | 4 of 4 ✔
[94/9d8d88] res…DE (evoC-Bap1-mut-F, L005) | 4 of 4 ✔
[-        ] resolve_align:FASTQC_RESOLVED  -
[68/46b66b] res…M2 (evoC-Bap1-mut-M, L005) | 3 of 4
[-        ] res…align:SAMTOOLS_MERGE_LANES -
[-        ] resolve_align:PRESEQ           -
[50/fcd4f3] bam…t:BAMLET (evoC-Bap1-mut-M) | 3 of 3
[28/c35660] bam…AP_BAMQC (evoC-Bap1-mut-M) | 0 of 3
[12/24a093] bam…TSS_BIAS (evoC-Bap1-mut-M) | 1 of 3
[-        ] bam…:DEEPTOOLS_PLOTFINGERPRINT -
[c2/447e13] bam…_GCBIAS (evoC-Bap1-ctrl-M) | 1 of 3
[69/48f802] bam…ACCURACY (evoC-Bap1-mut-M) | 1 of 3
[5e/78c306] var…E_CALLER (evoC-Bap1-mut-M) | 0 of 3
[-        ] var…nt_calling:SPLIT_INTERVALS -
[-        ] var…calling:GENOMICS_DB_IMPORT -
[-        ] variant_calling:GENOTYPE_GVCFS -
[-        ] var…t_calling:MERGE_JOINT_VCFS -
[-        ] variant_calling:ASM            -
[-        ] var…_calling:MERGE_ASM_OUTPUTS -
[89/b9458d] var…:MUTECT2 (evoC-Bap1-mut-M) | 0 of 3
[51/7d6709] mbi…voC-Bap1-mut-M-CG-5-prime) | 0 of 9
[92/50f00b] epi…ZARR (evoC-Bap1-mut-M-CHG) | 0 of 9
[2a/c52f7a] epi…2ZARR (evoC-Bap1-mut-M-CG) | 1 of 3
[47/7bbd7e] epi…PORT (evoC-Bap1-ctrl-M_CG) | 1 of 1
[20/0b7863] epi…2ZARR (evoC-Bap1-mut-M-CG) | 1 of 3
[40/32548f] epi…PORT (evoC-Bap1-ctrl-M_CG) | 1 of 1
Plus 7 more processes waiting for tasks…

executor >  slurm (59)
[5a/98213b] res…AW (evoC-Bap1-mut-F, L005) | 4 of 4 ✔
[94/9d8d88] res…DE (evoC-Bap1-mut-F, L005) | 4 of 4 ✔
[-        ] resolve_align:FASTQC_RESOLVED  -
[68/46b66b] res…M2 (evoC-Bap1-mut-M, L005) | 3 of 4
[-        ] res…align:SAMTOOLS_MERGE_LANES -
[-        ] resolve_align:PRESEQ           -
[50/fcd4f3] bam…t:BAMLET (evoC-Bap1-mut-M) | 3 of 3
[84/8ee87b] bam…P_BAMQC (evoC-Bap1-ctrl-M) | 1 of 3
[12/24a093] bam…TSS_BIAS (evoC-Bap1-mut-M) | 1 of 3
[-        ] bam…:DEEPTOOLS_PLOTFINGERPRINT -
[c2/447e13] bam…_GCBIAS (evoC-Bap1-ctrl-M) | 1 of 3
[69/48f802] bam…ACCURACY (evoC-Bap1-mut-M) | 1 of 3
[5e/78c306] var…E_CALLER (evoC-Bap1-mut-M) | 0 of 3
[-        ] var…nt_calling:SPLIT_INTERVALS -
[-        ] var…calling:GENOMICS_DB_IMPORT -
[-        ] variant_calling:GENOTYPE_GVCFS -
[-        ] var…t_calling:MERGE_JOINT_VCFS -
[-        ] variant_calling:ASM            -
[-        ] var…_calling:MERGE_ASM_OUTPUTS -
[89/b9458d] var…:MUTECT2 (evoC-Bap1-mut-M) | 0 of 3
[51/7d6709] mbi…voC-Bap1-mut-M-CG-5-prime) | 0 of 9
[92/50f00b] epi…ZARR (evoC-Bap1-mut-M-CHG) | 0 of 9
[2a/c52f7a] epi…2ZARR (evoC-Bap1-mut-M-CG) | 1 of 3
[47/7bbd7e] epi…PORT (evoC-Bap1-ctrl-M_CG) | 1 of 1
[20/0b7863] epi…2ZARR (evoC-Bap1-mut-M-CG) | 1 of 3
[40/32548f] epi…PORT (evoC-Bap1-ctrl-M_CG) | 1 of 1
Plus 7 more processes waiting for tasks…

executor >  slurm (60)
[5a/98213b] res…AW (evoC-Bap1-mut-F, L005) | 4 of 4 ✔
[94/9d8d88] res…DE (evoC-Bap1-mut-F, L005) | 4 of 4 ✔
[-        ] resolve_align:FASTQC_RESOLVED  -
[68/46b66b] res…M2 (evoC-Bap1-mut-M, L005) | 3 of 4
[-        ] res…align:SAMTOOLS_MERGE_LANES -
[-        ] resolve_align:PRESEQ           -
[50/fcd4f3] bam…t:BAMLET (evoC-Bap1-mut-M) | 3 of 3
[84/8ee87b] bam…P_BAMQC (evoC-Bap1-ctrl-M) | 1 of 3
[12/24a093] bam…TSS_BIAS (evoC-Bap1-mut-M) | 1 of 3
[-        ] bam…:DEEPTOOLS_PLOTFINGERPRINT -
[c2/447e13] bam…_GCBIAS (evoC-Bap1-ctrl-M) | 1 of 3
[69/48f802] bam…ACCURACY (evoC-Bap1-mut-M) | 1 of 3
[5e/78c306] var…E_CALLER (evoC-Bap1-mut-M) | 0 of 3
[-        ] var…nt_calling:SPLIT_INTERVALS -
[-        ] var…calling:GENOMICS_DB_IMPORT -
[-        ] variant_calling:GENOTYPE_GVCFS -
[-        ] var…t_calling:MERGE_JOINT_VCFS -
[-        ] variant_calling:ASM            -
[-        ] var…_calling:MERGE_ASM_OUTPUTS -
[89/b9458d] var…:MUTECT2 (evoC-Bap1-mut-M) | 0 of 3
[51/7d6709] mbi…voC-Bap1-mut-M-CG-5-prime) | 0 of 9
[92/50f00b] epi…ZARR (evoC-Bap1-mut-M-CHG) | 0 of 9
[c5/05fbbc] epi…ZARR (evoC-Bap1-ctrl-F-CG) | 2 of 3
[03/4d9b43] epi…PORT (evoC-Bap1-ctrl-F_CG) | 1 of 2
[20/0b7863] epi…2ZARR (evoC-Bap1-mut-M-CG) | 1 of 3
[40/32548f] epi…PORT (evoC-Bap1-ctrl-M_CG) | 1 of 1
Plus 7 more processes waiting for tasks…

executor >  slurm (60)
[5a/98213b] res…AW (evoC-Bap1-mut-F, L005) | 4 of 4 ✔
[94/9d8d88] res…DE (evoC-Bap1-mut-F, L005) | 4 of 4 ✔
[-        ] resolve_align:FASTQC_RESOLVED  -
[68/46b66b] res…M2 (evoC-Bap1-mut-M, L005) | 3 of 4
[-        ] res…align:SAMTOOLS_MERGE_LANES -
[-        ] resolve_align:PRESEQ           -
[50/fcd4f3] bam…t:BAMLET (evoC-Bap1-mut-M) | 3 of 3
[84/8ee87b] bam…P_BAMQC (evoC-Bap1-ctrl-M) | 1 of 3
[12/24a093] bam…TSS_BIAS (evoC-Bap1-mut-M) | 1 of 3
[-        ] bam…:DEEPTOOLS_PLOTFINGERPRINT -
[c2/447e13] bam…_GCBIAS (evoC-Bap1-ctrl-M) | 1 of 3
[69/48f802] bam…ACCURACY (evoC-Bap1-mut-M) | 1 of 3
[5e/78c306] var…E_CALLER (evoC-Bap1-mut-M) | 0 of 3
[-        ] var…nt_calling:SPLIT_INTERVALS -
[-        ] var…calling:GENOMICS_DB_IMPORT -
[-        ] variant_calling:GENOTYPE_GVCFS -
[-        ] var…t_calling:MERGE_JOINT_VCFS -
[-        ] variant_calling:ASM            -
[-        ] var…_calling:MERGE_ASM_OUTPUTS -
[89/b9458d] var…:MUTECT2 (evoC-Bap1-mut-M) | 0 of 3
[51/7d6709] mbi…voC-Bap1-mut-M-CG-5-prime) | 0 of 9
[92/50f00b] epi…ZARR (evoC-Bap1-mut-M-CHG) | 0 of 9
[c5/05fbbc] epi…ZARR (evoC-Bap1-ctrl-F-CG) | 2 of 3
[03/4d9b43] epi…PORT (evoC-Bap1-ctrl-F_CG) | 1 of 2
[20/0b7863] epi…2ZARR (evoC-Bap1-mut-M-CG) | 2 of 3
[40/32548f] epi…PORT (evoC-Bap1-ctrl-M_CG) | 1 of 2
Plus 7 more processes waiting for tasks…

executor >  slurm (61)
[5a/98213b] res…AW (evoC-Bap1-mut-F, L005) | 4 of 4 ✔
[94/9d8d88] res…DE (evoC-Bap1-mut-F, L005) | 4 of 4 ✔
[-        ] resolve_align:FASTQC_RESOLVED  -
[68/46b66b] res…M2 (evoC-Bap1-mut-M, L005) | 3 of 4
[-        ] res…align:SAMTOOLS_MERGE_LANES -
[-        ] resolve_align:PRESEQ           -
[50/fcd4f3] bam…t:BAMLET (evoC-Bap1-mut-M) | 3 of 3
[84/8ee87b] bam…P_BAMQC (evoC-Bap1-ctrl-M) | 1 of 3
[12/24a093] bam…TSS_BIAS (evoC-Bap1-mut-M) | 1 of 3
[-        ] bam…:DEEPTOOLS_PLOTFINGERPRINT -
[c2/447e13] bam…_GCBIAS (evoC-Bap1-ctrl-M) | 1 of 3
[69/48f802] bam…ACCURACY (evoC-Bap1-mut-M) | 1 of 3
[5e/78c306] var…E_CALLER (evoC-Bap1-mut-M) | 0 of 3
[-        ] var…nt_calling:SPLIT_INTERVALS -
[-        ] var…calling:GENOMICS_DB_IMPORT -
[-        ] variant_calling:GENOTYPE_GVCFS -
[-        ] var…t_calling:MERGE_JOINT_VCFS -
[-        ] variant_calling:ASM            -
[-        ] var…_calling:MERGE_ASM_OUTPUTS -
[89/b9458d] var…:MUTECT2 (evoC-Bap1-mut-M) | 0 of 3
[51/7d6709] mbi…voC-Bap1-mut-M-CG-5-prime) | 0 of 9
[92/50f00b] epi…ZARR (evoC-Bap1-mut-M-CHG) | 0 of 9
[c5/05fbbc] epi…ZARR (evoC-Bap1-ctrl-F-CG) | 2 of 3
[03/4d9b43] epi…PORT (evoC-Bap1-ctrl-F_CG) | 1 of 2
[20/0b7863] epi…2ZARR (evoC-Bap1-mut-M-CG) | 2 of 3
[1c/85c13c] epi…XPORT (evoC-Bap1-mut-M_CG) | 1 of 2
Plus 7 more processes waiting for tasks…

executor >  slurm (61)
[5a/98213b] res…AW (evoC-Bap1-mut-F, L005) | 4 of 4 ✔
[94/9d8d88] res…DE (evoC-Bap1-mut-F, L005) | 4 of 4 ✔
[-        ] resolve_align:FASTQC_RESOLVED  -
[68/46b66b] res…M2 (evoC-Bap1-mut-M, L005) | 3 of 4
[-        ] res…align:SAMTOOLS_MERGE_LANES -
[-        ] resolve_align:PRESEQ           -
[50/fcd4f3] bam…t:BAMLET (evoC-Bap1-mut-M) | 3 of 3
[84/8ee87b] bam…P_BAMQC (evoC-Bap1-ctrl-M) | 1 of 3
[12/24a093] bam…TSS_BIAS (evoC-Bap1-mut-M) | 1 of 3
[-        ] bam…:DEEPTOOLS_PLOTFINGERPRINT -
[c2/447e13] bam…_GCBIAS (evoC-Bap1-ctrl-M) | 1 of 3
[b1/354b54] bam…CCURACY (evoC-Bap1-ctrl-F) | 2 of 3
[5e/78c306] var…E_CALLER (evoC-Bap1-mut-M) | 0 of 3
[-        ] var…nt_calling:SPLIT_INTERVALS -
[-        ] var…calling:GENOMICS_DB_IMPORT -
[-        ] variant_calling:GENOTYPE_GVCFS -
[-        ] var…t_calling:MERGE_JOINT_VCFS -
[-        ] variant_calling:ASM            -
[-        ] var…_calling:MERGE_ASM_OUTPUTS -
[89/b9458d] var…:MUTECT2 (evoC-Bap1-mut-M) | 0 of 3
[51/7d6709] mbi…voC-Bap1-mut-M-CG-5-prime) | 0 of 9
[92/50f00b] epi…ZARR (evoC-Bap1-mut-M-CHG) | 0 of 9
[c5/05fbbc] epi…ZARR (evoC-Bap1-ctrl-F-CG) | 2 of 3
[03/4d9b43] epi…PORT (evoC-Bap1-ctrl-F_CG) | 1 of 2
[20/0b7863] epi…2ZARR (evoC-Bap1-mut-M-CG) | 2 of 3
[1c/85c13c] epi…XPORT (evoC-Bap1-mut-M_CG) | 1 of 2
Plus 7 more processes waiting for tasks…

executor >  slurm (62)
[5a/98213b] res…AW (evoC-Bap1-mut-F, L005) | 4 of 4 ✔
[94/9d8d88] res…DE (evoC-Bap1-mut-F, L005) | 4 of 4 ✔
[-        ] resolve_align:FASTQC_RESOLVED  -
[68/46b66b] res…M2 (evoC-Bap1-mut-M, L005) | 3 of 4
[-        ] res…align:SAMTOOLS_MERGE_LANES -
[-        ] resolve_align:PRESEQ           -
[50/fcd4f3] bam…t:BAMLET (evoC-Bap1-mut-M) | 3 of 3
[84/8ee87b] bam…P_BAMQC (evoC-Bap1-ctrl-M) | 1 of 3
[12/24a093] bam…TSS_BIAS (evoC-Bap1-mut-M) | 1 of 3
[-        ] bam…:DEEPTOOLS_PLOTFINGERPRINT -
[c2/447e13] bam…_GCBIAS (evoC-Bap1-ctrl-M) | 1 of 3
[b1/354b54] bam…CCURACY (evoC-Bap1-ctrl-F) | 2 of 3
[5e/78c306] var…E_CALLER (evoC-Bap1-mut-M) | 0 of 3
[-        ] var…nt_calling:SPLIT_INTERVALS -
[-        ] var…calling:GENOMICS_DB_IMPORT -
[-        ] variant_calling:GENOTYPE_GVCFS -
[-        ] var…t_calling:MERGE_JOINT_VCFS -
[-        ] variant_calling:ASM            -
[-        ] var…_calling:MERGE_ASM_OUTPUTS -
[89/b9458d] var…:MUTECT2 (evoC-Bap1-mut-M) | 0 of 3
[51/7d6709] mbi…voC-Bap1-mut-M-CG-5-prime) | 0 of 9
[92/50f00b] epi…ZARR (evoC-Bap1-mut-M-CHG) | 0 of 9
[2a/c52f7a] epi…2ZARR (evoC-Bap1-mut-M-CG) | 3 of 3
[ec/dedb0d] epi…XPORT (evoC-Bap1-mut-M_CG) | 1 of 3
[20/0b7863] epi…2ZARR (evoC-Bap1-mut-M-CG) | 2 of 3
[1c/85c13c] epi…XPORT (evoC-Bap1-mut-M_CG) | 1 of 2
Plus 7 more processes waiting for tasks…

executor >  slurm (63)
[5a/98213b] res…AW (evoC-Bap1-mut-F, L005) | 4 of 4 ✔
[94/9d8d88] res…DE (evoC-Bap1-mut-F, L005) | 4 of 4 ✔
[-        ] resolve_align:FASTQC_RESOLVED  -
[68/46b66b] res…M2 (evoC-Bap1-mut-M, L005) | 3 of 4
[-        ] res…align:SAMTOOLS_MERGE_LANES -
[-        ] resolve_align:PRESEQ           -
[50/fcd4f3] bam…t:BAMLET (evoC-Bap1-mut-M) | 3 of 3
[84/8ee87b] bam…P_BAMQC (evoC-Bap1-ctrl-M) | 1 of 3
[12/24a093] bam…TSS_BIAS (evoC-Bap1-mut-M) | 1 of 3
[-        ] bam…:DEEPTOOLS_PLOTFINGERPRINT -
[c2/447e13] bam…_GCBIAS (evoC-Bap1-ctrl-M) | 1 of 3
[b1/354b54] bam…CCURACY (evoC-Bap1-ctrl-F) | 2 of 3
[5e/78c306] var…E_CALLER (evoC-Bap1-mut-M) | 0 of 3
[-        ] var…nt_calling:SPLIT_INTERVALS -
[-        ] var…calling:GENOMICS_DB_IMPORT -
[-        ] variant_calling:GENOTYPE_GVCFS -
[-        ] var…t_calling:MERGE_JOINT_VCFS -
[-        ] variant_calling:ASM            -
[-        ] var…_calling:MERGE_ASM_OUTPUTS -
[89/b9458d] var…:MUTECT2 (evoC-Bap1-mut-M) | 0 of 3
[00/ab7eb3] mbi…C-Bap1-ctrl-M-CHG-5-prime) | 1 of 9
[92/50f00b] epi…ZARR (evoC-Bap1-mut-M-CHG) | 0 of 9
[2a/c52f7a] epi…2ZARR (evoC-Bap1-mut-M-CG) | 3 of 3
[ec/dedb0d] epi…XPORT (evoC-Bap1-mut-M_CG) | 1 of 3
[45/d57dee] epi…ZARR (evoC-Bap1-ctrl-F-CG) | 3 of 3
[71/49790e] epi…PORT (evoC-Bap1-ctrl-F_CG) | 1 of 3
Plus 7 more processes waiting for tasks…

executor >  slurm (63)
[5a/98213b] res…AW (evoC-Bap1-mut-F, L005) | 4 of 4 ✔
[94/9d8d88] res…DE (evoC-Bap1-mut-F, L005) | 4 of 4 ✔
[-        ] resolve_align:FASTQC_RESOLVED  -
[68/46b66b] res…M2 (evoC-Bap1-mut-M, L005) | 3 of 4
[-        ] res…align:SAMTOOLS_MERGE_LANES -
[-        ] resolve_align:PRESEQ           -
[50/fcd4f3] bam…t:BAMLET (evoC-Bap1-mut-M) | 3 of 3
[84/8ee87b] bam…P_BAMQC (evoC-Bap1-ctrl-M) | 1 of 3
[12/24a093] bam…TSS_BIAS (evoC-Bap1-mut-M) | 1 of 3
[-        ] bam…:DEEPTOOLS_PLOTFINGERPRINT -
[c2/447e13] bam…_GCBIAS (evoC-Bap1-ctrl-M) | 1 of 3
[69/48f802] bam…ACCURACY (evoC-Bap1-mut-M) | 3 of 3
[5e/78c306] var…E_CALLER (evoC-Bap1-mut-M) | 0 of 3
[-        ] var…nt_calling:SPLIT_INTERVALS -
[-        ] var…calling:GENOMICS_DB_IMPORT -
[-        ] variant_calling:GENOTYPE_GVCFS -
[-        ] var…t_calling:MERGE_JOINT_VCFS -
[-        ] variant_calling:ASM            -
[-        ] var…_calling:MERGE_ASM_OUTPUTS -
[89/b9458d] var…:MUTECT2 (evoC-Bap1-mut-M) | 0 of 3
[00/ab7eb3] mbi…C-Bap1-ctrl-M-CHG-5-prime) | 1 of 9
[92/50f00b] epi…ZARR (evoC-Bap1-mut-M-CHG) | 0 of 9
[2a/c52f7a] epi…2ZARR (evoC-Bap1-mut-M-CG) | 3 of 3
[ec/dedb0d] epi…XPORT (evoC-Bap1-mut-M_CG) | 1 of 3
[45/d57dee] epi…ZARR (evoC-Bap1-ctrl-F-CG) | 3 of 3
[71/49790e] epi…PORT (evoC-Bap1-ctrl-F_CG) | 1 of 3
Plus 7 more processes waiting for tasks…

executor >  slurm (63)
[5a/98213b] res…AW (evoC-Bap1-mut-F, L005) | 4 of 4 ✔
[94/9d8d88] res…DE (evoC-Bap1-mut-F, L005) | 4 of 4 ✔
[-        ] resolve_align:FASTQC_RESOLVED  -
[68/46b66b] res…M2 (evoC-Bap1-mut-M, L005) | 3 of 4
[-        ] res…align:SAMTOOLS_MERGE_LANES -
[-        ] resolve_align:PRESEQ           -
[50/fcd4f3] bam…t:BAMLET (evoC-Bap1-mut-M) | 3 of 3
[84/8ee87b] bam…P_BAMQC (evoC-Bap1-ctrl-M) | 1 of 3
[12/24a093] bam…TSS_BIAS (evoC-Bap1-mut-M) | 1 of 3
[-        ] bam…:DEEPTOOLS_PLOTFINGERPRINT -
[c2/447e13] bam…_GCBIAS (evoC-Bap1-ctrl-M) | 1 of 3
[69/48f802] bam…ACCURACY (evoC-Bap1-mut-M) | 3 of 3
[5e/78c306] var…E_CALLER (evoC-Bap1-mut-M) | 0 of 3
[-        ] var…nt_calling:SPLIT_INTERVALS -
[-        ] var…calling:GENOMICS_DB_IMPORT -
[-        ] variant_calling:GENOTYPE_GVCFS -
[-        ] var…t_calling:MERGE_JOINT_VCFS -
[-        ] variant_calling:ASM            -
[-        ] var…_calling:MERGE_ASM_OUTPUTS -
[89/b9458d] var…:MUTECT2 (evoC-Bap1-mut-M) | 0 of 3
[00/ab7eb3] mbi…C-Bap1-ctrl-M-CHG-5-prime) | 1 of 9
[92/50f00b] epi…ZARR (evoC-Bap1-mut-M-CHG) | 0 of 9
[2a/c52f7a] epi…2ZARR (evoC-Bap1-mut-M-CG) | 3 of 3
[ec/dedb0d] epi…XPORT (evoC-Bap1-mut-M_CG) | 1 of 3
[45/d57dee] epi…ZARR (evoC-Bap1-ctrl-F-CG) | 3 of 3
[71/49790e] epi…PORT (evoC-Bap1-ctrl-F_CG) | 1 of 3
Plus 7 more processes waiting for tasks…

executor >  slurm (63)
[5a/98213b] res…AW (evoC-Bap1-mut-F, L005) | 4 of 4 ✔
[94/9d8d88] res…DE (evoC-Bap1-mut-F, L005) | 4 of 4 ✔
[-        ] resolve_align:FASTQC_RESOLVED  -
[bc/1d3e7e] res…M2 (evoC-Bap1-mut-F, L005) | 4 of 4 ✔
[-        ] res…align:SAMTOOLS_MERGE_LANES -
[-        ] resolve_align:PRESEQ           -
[50/fcd4f3] bam…t:BAMLET (evoC-Bap1-mut-M) | 3 of 4
[84/8ee87b] bam…P_BAMQC (evoC-Bap1-ctrl-M) | 1 of 3
[12/24a093] bam…TSS_BIAS (evoC-Bap1-mut-M) | 1 of 3
[-        ] bam…:DEEPTOOLS_PLOTFINGERPRINT -
[c2/447e13] bam…_GCBIAS (evoC-Bap1-ctrl-M) | 1 of 3
[69/48f802] bam…ACCURACY (evoC-Bap1-mut-M) | 3 of 3
[5e/78c306] var…E_CALLER (evoC-Bap1-mut-M) | 0 of 3
[-        ] var…nt_calling:SPLIT_INTERVALS -
[-        ] var…calling:GENOMICS_DB_IMPORT -
[-        ] variant_calling:GENOTYPE_GVCFS -
[-        ] var…t_calling:MERGE_JOINT_VCFS -
[-        ] variant_calling:ASM            -
[-        ] var…_calling:MERGE_ASM_OUTPUTS -
[89/b9458d] var…:MUTECT2 (evoC-Bap1-mut-M) | 0 of 3
[00/ab7eb3] mbi…C-Bap1-ctrl-M-CHG-5-prime) | 1 of 9
[92/50f00b] epi…ZARR (evoC-Bap1-mut-M-CHG) | 0 of 9
[2a/c52f7a] epi…2ZARR (evoC-Bap1-mut-M-CG) | 3 of 3
[ec/dedb0d] epi…XPORT (evoC-Bap1-mut-M_CG) | 1 of 3
[45/d57dee] epi…ZARR (evoC-Bap1-ctrl-F-CG) | 3 of 3
[71/49790e] epi…PORT (evoC-Bap1-ctrl-F_CG) | 1 of 3
Plus 7 more processes waiting for tasks…

executor >  slurm (64)
[5a/98213b] res…AW (evoC-Bap1-mut-F, L005) | 4 of 4 ✔
[94/9d8d88] res…DE (evoC-Bap1-mut-F, L005) | 4 of 4 ✔
[-        ] resolve_align:FASTQC_RESOLVED  -
[bc/1d3e7e] res…M2 (evoC-Bap1-mut-F, L005) | 4 of 4 ✔
[-        ] res…align:SAMTOOLS_MERGE_LANES -
[-        ] resolve_align:PRESEQ           -
[b2/0bf87a] bam…t:BAMLET (evoC-Bap1-mut-F) | 3 of 4
[84/8ee87b] bam…P_BAMQC (evoC-Bap1-ctrl-M) | 1 of 3
[12/24a093] bam…TSS_BIAS (evoC-Bap1-mut-M) | 1 of 3
[-        ] bam…:DEEPTOOLS_PLOTFINGERPRINT -
[c2/447e13] bam…_GCBIAS (evoC-Bap1-ctrl-M) | 1 of 3
[69/48f802] bam…ACCURACY (evoC-Bap1-mut-M) | 3 of 3
[5e/78c306] var…E_CALLER (evoC-Bap1-mut-M) | 0 of 3
[-        ] var…nt_calling:SPLIT_INTERVALS -
[-        ] var…calling:GENOMICS_DB_IMPORT -
[-        ] variant_calling:GENOTYPE_GVCFS -
[-        ] var…t_calling:MERGE_JOINT_VCFS -
[-        ] variant_calling:ASM            -
[-        ] var…_calling:MERGE_ASM_OUTPUTS -
[89/b9458d] var…:MUTECT2 (evoC-Bap1-mut-M) | 0 of 3
[00/ab7eb3] mbi…C-Bap1-ctrl-M-CHG-5-prime) | 1 of 9
[92/50f00b] epi…ZARR (evoC-Bap1-mut-M-CHG) | 0 of 9
[2a/c52f7a] epi…2ZARR (evoC-Bap1-mut-M-CG) | 3 of 3
[ec/dedb0d] epi…XPORT (evoC-Bap1-mut-M_CG) | 1 of 3
[45/d57dee] epi…ZARR (evoC-Bap1-ctrl-F-CG) | 3 of 3
[71/49790e] epi…PORT (evoC-Bap1-ctrl-F_CG) | 1 of 3
Plus 7 more processes waiting for tasks…

executor >  slurm (64)
[5a/98213b] res…AW (evoC-Bap1-mut-F, L005) | 4 of 4 ✔
[94/9d8d88] res…DE (evoC-Bap1-mut-F, L005) | 4 of 4 ✔
[-        ] resolve_align:FASTQC_RESOLVED  -
[bc/1d3e7e] res…M2 (evoC-Bap1-mut-F, L005) | 4 of 4 ✔
[-        ] res…align:SAMTOOLS_MERGE_LANES -
[-        ] resolve_align:PRESEQ           -
[b2/0bf87a] bam…t:BAMLET (evoC-Bap1-mut-F) | 3 of 4
[84/8ee87b] bam…P_BAMQC (evoC-Bap1-ctrl-M) | 1 of 3
[12/24a093] bam…TSS_BIAS (evoC-Bap1-mut-M) | 1 of 3
[-        ] bam…:DEEPTOOLS_PLOTFINGERPRINT -
[c2/447e13] bam…_GCBIAS (evoC-Bap1-ctrl-M) | 1 of 3
[69/48f802] bam…ACCURACY (evoC-Bap1-mut-M) | 3 of 3
[5e/78c306] var…E_CALLER (evoC-Bap1-mut-M) | 0 of 3
[-        ] var…nt_calling:SPLIT_INTERVALS -
[-        ] var…calling:GENOMICS_DB_IMPORT -
[-        ] variant_calling:GENOTYPE_GVCFS -
[-        ] var…t_calling:MERGE_JOINT_VCFS -
[-        ] variant_calling:ASM            -
[-        ] var…_calling:MERGE_ASM_OUTPUTS -
[89/b9458d] var…:MUTECT2 (evoC-Bap1-mut-M) | 0 of 3
[00/ab7eb3] mbi…C-Bap1-ctrl-M-CHG-5-prime) | 1 of 9
[92/50f00b] epi…ZARR (evoC-Bap1-mut-M-CHG) | 0 of 9
[2a/c52f7a] epi…2ZARR (evoC-Bap1-mut-M-CG) | 3 of 3
[ec/dedb0d] epi…XPORT (evoC-Bap1-mut-M_CG) | 2 of 3
[45/d57dee] epi…ZARR (evoC-Bap1-ctrl-F-CG) | 3 of 3
[71/49790e] epi…PORT (evoC-Bap1-ctrl-F_CG) | 2 of 3
Plus 7 more processes waiting for tasks…

executor >  slurm (64)
[5a/98213b] res…AW (evoC-Bap1-mut-F, L005) | 4 of 4 ✔
[94/9d8d88] res…DE (evoC-Bap1-mut-F, L005) | 4 of 4 ✔
[-        ] resolve_align:FASTQC_RESOLVED  -
[bc/1d3e7e] res…M2 (evoC-Bap1-mut-F, L005) | 4 of 4 ✔
[-        ] res…align:SAMTOOLS_MERGE_LANES -
[-        ] resolve_align:PRESEQ           -
[b2/0bf87a] bam…t:BAMLET (evoC-Bap1-mut-F) | 3 of 4
[84/8ee87b] bam…P_BAMQC (evoC-Bap1-ctrl-M) | 1 of 3
[12/24a093] bam…TSS_BIAS (evoC-Bap1-mut-M) | 1 of 3
[-        ] bam…:DEEPTOOLS_PLOTFINGERPRINT -
[c2/447e13] bam…_GCBIAS (evoC-Bap1-ctrl-M) | 1 of 3
[69/48f802] bam…ACCURACY (evoC-Bap1-mut-M) | 3 of 3
[5e/78c306] var…E_CALLER (evoC-Bap1-mut-M) | 0 of 3
[-        ] var…nt_calling:SPLIT_INTERVALS -
[-        ] var…calling:GENOMICS_DB_IMPORT -
[-        ] variant_calling:GENOTYPE_GVCFS -
[-        ] var…t_calling:MERGE_JOINT_VCFS -
[-        ] variant_calling:ASM            -
[-        ] var…_calling:MERGE_ASM_OUTPUTS -
[89/b9458d] var…:MUTECT2 (evoC-Bap1-mut-M) | 0 of 3
[00/ab7eb3] mbi…C-Bap1-ctrl-M-CHG-5-prime) | 1 of 9
[92/50f00b] epi…ZARR (evoC-Bap1-mut-M-CHG) | 0 of 9
[2a/c52f7a] epi…2ZARR (evoC-Bap1-mut-M-CG) | 3 of 3
[03/4d9b43] epi…PORT (evoC-Bap1-ctrl-F_CG) | 3 of 3
[45/d57dee] epi…ZARR (evoC-Bap1-ctrl-F-CG) | 3 of 3
[71/49790e] epi…PORT (evoC-Bap1-ctrl-F_CG) | 2 of 3
Plus 7 more processes waiting for tasks…

executor >  slurm (64)
[5a/98213b] res…AW (evoC-Bap1-mut-F, L005) | 4 of 4 ✔
[94/9d8d88] res…DE (evoC-Bap1-mut-F, L005) | 4 of 4 ✔
[-        ] resolve_align:FASTQC_RESOLVED  -
[bc/1d3e7e] res…M2 (evoC-Bap1-mut-F, L005) | 4 of 4 ✔
[-        ] res…align:SAMTOOLS_MERGE_LANES -
[-        ] resolve_align:PRESEQ           -
[b2/0bf87a] bam…t:BAMLET (evoC-Bap1-mut-F) | 3 of 4
[84/8ee87b] bam…P_BAMQC (evoC-Bap1-ctrl-M) | 1 of 3
[12/24a093] bam…TSS_BIAS (evoC-Bap1-mut-M) | 1 of 3
[-        ] bam…:DEEPTOOLS_PLOTFINGERPRINT -
[c2/447e13] bam…_GCBIAS (evoC-Bap1-ctrl-M) | 1 of 3
[69/48f802] bam…ACCURACY (evoC-Bap1-mut-M) | 3 of 3
[5e/78c306] var…E_CALLER (evoC-Bap1-mut-M) | 0 of 3
[-        ] var…nt_calling:SPLIT_INTERVALS -
[-        ] var…calling:GENOMICS_DB_IMPORT -
[-        ] variant_calling:GENOTYPE_GVCFS -
[-        ] var…t_calling:MERGE_JOINT_VCFS -
[-        ] variant_calling:ASM            -
[-        ] var…_calling:MERGE_ASM_OUTPUTS -
[89/b9458d] var…:MUTECT2 (evoC-Bap1-mut-M) | 0 of 3
[00/ab7eb3] mbi…C-Bap1-ctrl-M-CHG-5-prime) | 1 of 9
[92/50f00b] epi…ZARR (evoC-Bap1-mut-M-CHG) | 0 of 9
[2a/c52f7a] epi…2ZARR (evoC-Bap1-mut-M-CG) | 3 of 3
[03/4d9b43] epi…PORT (evoC-Bap1-ctrl-F_CG) | 3 of 3
[45/d57dee] epi…ZARR (evoC-Bap1-ctrl-F-CG) | 3 of 3
[71/49790e] epi…PORT (evoC-Bap1-ctrl-F_CG) | 2 of 3
Plus 7 more processes waiting for tasks…

executor >  slurm (64)
[5a/98213b] res…AW (evoC-Bap1-mut-F, L005) | 4 of 4 ✔
[94/9d8d88] res…DE (evoC-Bap1-mut-F, L005) | 4 of 4 ✔
[-        ] resolve_align:FASTQC_RESOLVED  -
[bc/1d3e7e] res…M2 (evoC-Bap1-mut-F, L005) | 4 of 4 ✔
[-        ] res…align:SAMTOOLS_MERGE_LANES -
[-        ] resolve_align:PRESEQ           -
[b2/0bf87a] bam…t:BAMLET (evoC-Bap1-mut-F) | 3 of 4
[84/8ee87b] bam…P_BAMQC (evoC-Bap1-ctrl-M) | 1 of 3
[12/24a093] bam…TSS_BIAS (evoC-Bap1-mut-M) | 1 of 3
[-        ] bam…:DEEPTOOLS_PLOTFINGERPRINT -
[c2/447e13] bam…_GCBIAS (evoC-Bap1-ctrl-M) | 1 of 3
[69/48f802] bam…ACCURACY (evoC-Bap1-mut-M) | 3 of 3
[5e/78c306] var…E_CALLER (evoC-Bap1-mut-M) | 0 of 3
[-        ] var…nt_calling:SPLIT_INTERVALS -
[-        ] var…calling:GENOMICS_DB_IMPORT -
[-        ] variant_calling:GENOTYPE_GVCFS -
[-        ] var…t_calling:MERGE_JOINT_VCFS -
[-        ] variant_calling:ASM            -
[-        ] var…_calling:MERGE_ASM_OUTPUTS -
[89/b9458d] var…:MUTECT2 (evoC-Bap1-mut-M) | 0 of 3
[00/ab7eb3] mbi…C-Bap1-ctrl-M-CHG-5-prime) | 1 of 9
[92/50f00b] epi…ZARR (evoC-Bap1-mut-M-CHG) | 0 of 9
[2a/c52f7a] epi…2ZARR (evoC-Bap1-mut-M-CG) | 3 of 3
[03/4d9b43] epi…PORT (evoC-Bap1-ctrl-F_CG) | 3 of 3
[45/d57dee] epi…ZARR (evoC-Bap1-ctrl-F-CG) | 3 of 3
[1c/85c13c] epi…XPORT (evoC-Bap1-mut-M_CG) | 3 of 3
Plus 7 more processes waiting for tasks…

executor >  slurm (64)
[5a/98213b] res…AW (evoC-Bap1-mut-F, L005) | 4 of 4 ✔
[94/9d8d88] res…DE (evoC-Bap1-mut-F, L005) | 4 of 4 ✔
[-        ] resolve_align:FASTQC_RESOLVED  -
[bc/1d3e7e] res…M2 (evoC-Bap1-mut-F, L005) | 4 of 4 ✔
[-        ] res…align:SAMTOOLS_MERGE_LANES -
[-        ] resolve_align:PRESEQ           -
[b2/0bf87a] bam…t:BAMLET (evoC-Bap1-mut-F) | 3 of 4
[84/8ee87b] bam…P_BAMQC (evoC-Bap1-ctrl-M) | 1 of 3
[12/24a093] bam…TSS_BIAS (evoC-Bap1-mut-M) | 1 of 3
[-        ] bam…:DEEPTOOLS_PLOTFINGERPRINT -
[c2/447e13] bam…_GCBIAS (evoC-Bap1-ctrl-M) | 1 of 3
[69/48f802] bam…ACCURACY (evoC-Bap1-mut-M) | 3 of 3
[5e/78c306] var…E_CALLER (evoC-Bap1-mut-M) | 0 of 3
[-        ] var…nt_calling:SPLIT_INTERVALS -
[-        ] var…calling:GENOMICS_DB_IMPORT -
[-        ] variant_calling:GENOTYPE_GVCFS -
[-        ] var…t_calling:MERGE_JOINT_VCFS -
[-        ] variant_calling:ASM            -
[-        ] var…_calling:MERGE_ASM_OUTPUTS -
[89/b9458d] var…:MUTECT2 (evoC-Bap1-mut-M) | 0 of 3
[84/fbe6b6] mbi…C-Bap1-ctrl-M-CHH-5-prime) | 2 of 9
[92/50f00b] epi…ZARR (evoC-Bap1-mut-M-CHG) | 0 of 9
[2a/c52f7a] epi…2ZARR (evoC-Bap1-mut-M-CG) | 3 of 3
[03/4d9b43] epi…PORT (evoC-Bap1-ctrl-F_CG) | 3 of 3
[45/d57dee] epi…ZARR (evoC-Bap1-ctrl-F-CG) | 3 of 3
[1c/85c13c] epi…XPORT (evoC-Bap1-mut-M_CG) | 3 of 3
Plus 7 more processes waiting for tasks…

executor >  slurm (64)
[5a/98213b] res…AW (evoC-Bap1-mut-F, L005) | 4 of 4 ✔
[94/9d8d88] res…DE (evoC-Bap1-mut-F, L005) | 4 of 4 ✔
[-        ] resolve_align:FASTQC_RESOLVED  -
[bc/1d3e7e] res…M2 (evoC-Bap1-mut-F, L005) | 4 of 4 ✔
[-        ] res…align:SAMTOOLS_MERGE_LANES -
[-        ] resolve_align:PRESEQ           -
[b2/0bf87a] bam…t:BAMLET (evoC-Bap1-mut-F) | 3 of 4
[84/8ee87b] bam…P_BAMQC (evoC-Bap1-ctrl-M) | 1 of 3
[28/a32c6a] bam…SS_BIAS (evoC-Bap1-ctrl-F) | 2 of 3
[-        ] bam…:DEEPTOOLS_PLOTFINGERPRINT -
[c2/447e13] bam…_GCBIAS (evoC-Bap1-ctrl-M) | 1 of 3
[69/48f802] bam…ACCURACY (evoC-Bap1-mut-M) | 3 of 3
[5e/78c306] var…E_CALLER (evoC-Bap1-mut-M) | 0 of 3
[-        ] var…nt_calling:SPLIT_INTERVALS -
[-        ] var…calling:GENOMICS_DB_IMPORT -
[-        ] variant_calling:GENOTYPE_GVCFS -
[-        ] var…t_calling:MERGE_JOINT_VCFS -
[-        ] variant_calling:ASM            -
[-        ] var…_calling:MERGE_ASM_OUTPUTS -
[89/b9458d] var…:MUTECT2 (evoC-Bap1-mut-M) | 0 of 3
[84/fbe6b6] mbi…C-Bap1-ctrl-M-CHH-5-prime) | 2 of 9
[92/50f00b] epi…ZARR (evoC-Bap1-mut-M-CHG) | 0 of 9
[2a/c52f7a] epi…2ZARR (evoC-Bap1-mut-M-CG) | 3 of 3
[03/4d9b43] epi…PORT (evoC-Bap1-ctrl-F_CG) | 3 of 3
[45/d57dee] epi…ZARR (evoC-Bap1-ctrl-F-CG) | 3 of 3
[1c/85c13c] epi…XPORT (evoC-Bap1-mut-M_CG) | 3 of 3
Plus 7 more processes waiting for tasks…

executor >  slurm (64)
[5a/98213b] res…AW (evoC-Bap1-mut-F, L005) | 4 of 4 ✔
[94/9d8d88] res…DE (evoC-Bap1-mut-F, L005) | 4 of 4 ✔
[-        ] resolve_align:FASTQC_RESOLVED  -
[bc/1d3e7e] res…M2 (evoC-Bap1-mut-F, L005) | 4 of 4 ✔
[-        ] res…align:SAMTOOLS_MERGE_LANES -
[-        ] resolve_align:PRESEQ           -
[b2/0bf87a] bam…t:BAMLET (evoC-Bap1-mut-F) | 3 of 4
[84/8ee87b] bam…P_BAMQC (evoC-Bap1-ctrl-M) | 1 of 3
[12/24a093] bam…TSS_BIAS (evoC-Bap1-mut-M) | 3 of 3
[-        ] bam…:DEEPTOOLS_PLOTFINGERPRINT -
[c2/447e13] bam…_GCBIAS (evoC-Bap1-ctrl-M) | 1 of 3
[69/48f802] bam…ACCURACY (evoC-Bap1-mut-M) | 3 of 3
[5e/78c306] var…E_CALLER (evoC-Bap1-mut-M) | 0 of 3
[-        ] var…nt_calling:SPLIT_INTERVALS -
[-        ] var…calling:GENOMICS_DB_IMPORT -
[-        ] variant_calling:GENOTYPE_GVCFS -
[-        ] var…t_calling:MERGE_JOINT_VCFS -
[-        ] variant_calling:ASM            -
[-        ] var…_calling:MERGE_ASM_OUTPUTS -
[89/b9458d] var…:MUTECT2 (evoC-Bap1-mut-M) | 0 of 3
[84/fbe6b6] mbi…C-Bap1-ctrl-M-CHH-5-prime) | 2 of 9
[92/50f00b] epi…ZARR (evoC-Bap1-mut-M-CHG) | 0 of 9
[2a/c52f7a] epi…2ZARR (evoC-Bap1-mut-M-CG) | 3 of 3
[03/4d9b43] epi…PORT (evoC-Bap1-ctrl-F_CG) | 3 of 3
[45/d57dee] epi…ZARR (evoC-Bap1-ctrl-F-CG) | 3 of 3
[1c/85c13c] epi…XPORT (evoC-Bap1-mut-M_CG) | 3 of 3
Plus 7 more processes waiting for tasks…

executor >  slurm (65)
[5a/98213b] res…AW (evoC-Bap1-mut-F, L005) | 4 of 4 ✔
[94/9d8d88] res…DE (evoC-Bap1-mut-F, L005) | 4 of 4 ✔
[-        ] resolve_align:FASTQC_RESOLVED  -
[bc/1d3e7e] res…M2 (evoC-Bap1-mut-F, L005) | 4 of 4 ✔
[-        ] res…align:SAMTOOLS_MERGE_LANES -
[-        ] resolve_align:PRESEQ           -
[b2/0bf87a] bam…t:BAMLET (evoC-Bap1-mut-F) | 3 of 4
[84/8ee87b] bam…P_BAMQC (evoC-Bap1-ctrl-M) | 1 of 3
[12/24a093] bam…TSS_BIAS (evoC-Bap1-mut-M) | 3 of 3
[-        ] bam…:DEEPTOOLS_PLOTFINGERPRINT -
[c2/447e13] bam…_GCBIAS (evoC-Bap1-ctrl-M) | 1 of 3
[69/48f802] bam…ACCURACY (evoC-Bap1-mut-M) | 3 of 3
[5e/78c306] var…E_CALLER (evoC-Bap1-mut-M) | 0 of 3
[-        ] var…nt_calling:SPLIT_INTERVALS -
[-        ] var…calling:GENOMICS_DB_IMPORT -
[-        ] variant_calling:GENOTYPE_GVCFS -
[-        ] var…t_calling:MERGE_JOINT_VCFS -
[-        ] variant_calling:ASM            -
[-        ] var…_calling:MERGE_ASM_OUTPUTS -
[89/b9458d] var…:MUTECT2 (evoC-Bap1-mut-M) | 0 of 3
[84/fbe6b6] mbi…C-Bap1-ctrl-M-CHH-5-prime) | 2 of 9
[e7/62dc76] epi…ZARR (evoC-Bap1-ctrl-M-CG) | 1 of 9
[93/f150a9] epi…PORT (evoC-Bap1-ctrl-M_CG) | 0 of 1
[2a/c52f7a] epi…2ZARR (evoC-Bap1-mut-M-CG) | 3 of 3
[03/4d9b43] epi…PORT (evoC-Bap1-ctrl-F_CG) | 3 of 3
[45/d57dee] epi…ZARR (evoC-Bap1-ctrl-F-CG) | 3 of 3
[1c/85c13c] epi…XPORT (evoC-Bap1-mut-M_CG) | 3 of 3
Plus 6 more processes waiting for tasks…

executor >  slurm (65)
[5a/98213b] res…AW (evoC-Bap1-mut-F, L005) | 4 of 4 ✔
[94/9d8d88] res…DE (evoC-Bap1-mut-F, L005) | 4 of 4 ✔
[-        ] resolve_align:FASTQC_RESOLVED  -
[bc/1d3e7e] res…M2 (evoC-Bap1-mut-F, L005) | 4 of 4 ✔
[-        ] res…align:SAMTOOLS_MERGE_LANES -
[-        ] resolve_align:PRESEQ           -
[b2/0bf87a] bam…t:BAMLET (evoC-Bap1-mut-F) | 3 of 4
[28/c35660] bam…AP_BAMQC (evoC-Bap1-mut-M) | 2 of 3
[12/24a093] bam…TSS_BIAS (evoC-Bap1-mut-M) | 3 of 3
[-        ] bam…:DEEPTOOLS_PLOTFINGERPRINT -
[c2/447e13] bam…_GCBIAS (evoC-Bap1-ctrl-M) | 1 of 3
[69/48f802] bam…ACCURACY (evoC-Bap1-mut-M) | 3 of 3
[5e/78c306] var…E_CALLER (evoC-Bap1-mut-M) | 0 of 3
[-        ] var…nt_calling:SPLIT_INTERVALS -
[-        ] var…calling:GENOMICS_DB_IMPORT -
[-        ] variant_calling:GENOTYPE_GVCFS -
[-        ] var…t_calling:MERGE_JOINT_VCFS -
[-        ] variant_calling:ASM            -
[-        ] var…_calling:MERGE_ASM_OUTPUTS -
[89/b9458d] var…:MUTECT2 (evoC-Bap1-mut-M) | 0 of 3
[84/fbe6b6] mbi…C-Bap1-ctrl-M-CHH-5-prime) | 2 of 9
[e7/62dc76] epi…ZARR (evoC-Bap1-ctrl-M-CG) | 1 of 9
[93/f150a9] epi…PORT (evoC-Bap1-ctrl-M_CG) | 0 of 1
[2a/c52f7a] epi…2ZARR (evoC-Bap1-mut-M-CG) | 3 of 3
[03/4d9b43] epi…PORT (evoC-Bap1-ctrl-F_CG) | 3 of 3
[45/d57dee] epi…ZARR (evoC-Bap1-ctrl-F-CG) | 3 of 3
[1c/85c13c] epi…XPORT (evoC-Bap1-mut-M_CG) | 3 of 3
Plus 6 more processes waiting for tasks…

executor >  slurm (65)
[5a/98213b] res…AW (evoC-Bap1-mut-F, L005) | 4 of 4 ✔
[94/9d8d88] res…DE (evoC-Bap1-mut-F, L005) | 4 of 4 ✔
[-        ] resolve_align:FASTQC_RESOLVED  -
[bc/1d3e7e] res…M2 (evoC-Bap1-mut-F, L005) | 4 of 4 ✔
[-        ] res…align:SAMTOOLS_MERGE_LANES -
[-        ] resolve_align:PRESEQ           -
[b2/0bf87a] bam…t:BAMLET (evoC-Bap1-mut-F) | 3 of 4
[28/c35660] bam…AP_BAMQC (evoC-Bap1-mut-M) | 2 of 3
[12/24a093] bam…TSS_BIAS (evoC-Bap1-mut-M) | 3 of 3
[-        ] bam…:DEEPTOOLS_PLOTFINGERPRINT -
[c2/447e13] bam…_GCBIAS (evoC-Bap1-ctrl-M) | 1 of 3
[69/48f802] bam…ACCURACY (evoC-Bap1-mut-M) | 3 of 3
[5e/78c306] var…E_CALLER (evoC-Bap1-mut-M) | 0 of 3
[-        ] var…nt_calling:SPLIT_INTERVALS -
[-        ] var…calling:GENOMICS_DB_IMPORT -
[-        ] variant_calling:GENOTYPE_GVCFS -
[-        ] var…t_calling:MERGE_JOINT_VCFS -
[-        ] variant_calling:ASM            -
[-        ] var…_calling:MERGE_ASM_OUTPUTS -
[89/b9458d] var…:MUTECT2 (evoC-Bap1-mut-M) | 0 of 3
[84/fbe6b6] mbi…C-Bap1-ctrl-M-CHH-5-prime) | 2 of 9
[e7/62dc76] epi…ZARR (evoC-Bap1-ctrl-M-CG) | 1 of 9
[93/f150a9] epi…PORT (evoC-Bap1-ctrl-M_CG) | 0 of 1
[2a/c52f7a] epi…2ZARR (evoC-Bap1-mut-M-CG) | 3 of 3
[03/4d9b43] epi…PORT (evoC-Bap1-ctrl-F_CG) | 3 of 3
[45/d57dee] epi…ZARR (evoC-Bap1-ctrl-F-CG) | 3 of 3
[1c/85c13c] epi…XPORT (evoC-Bap1-mut-M_CG) | 3 of 3
Plus 6 more processes waiting for tasks…

executor >  slurm (65)
[5a/98213b] res…AW (evoC-Bap1-mut-F, L005) | 4 of 4 ✔
[94/9d8d88] res…DE (evoC-Bap1-mut-F, L005) | 4 of 4 ✔
[-        ] resolve_align:FASTQC_RESOLVED  -
[bc/1d3e7e] res…M2 (evoC-Bap1-mut-F, L005) | 4 of 4 ✔
[-        ] res…align:SAMTOOLS_MERGE_LANES -
[-        ] resolve_align:PRESEQ           -
[b2/0bf87a] bam…t:BAMLET (evoC-Bap1-mut-F) | 3 of 4
[3e/8e2626] bam…P_BAMQC (evoC-Bap1-ctrl-F) | 3 of 3
[12/24a093] bam…TSS_BIAS (evoC-Bap1-mut-M) | 3 of 3
[-        ] bam…:DEEPTOOLS_PLOTFINGERPRINT -
[c2/447e13] bam…_GCBIAS (evoC-Bap1-ctrl-M) | 1 of 3
[69/48f802] bam…ACCURACY (evoC-Bap1-mut-M) | 3 of 3
[5e/78c306] var…E_CALLER (evoC-Bap1-mut-M) | 0 of 3
[-        ] var…nt_calling:SPLIT_INTERVALS -
[-        ] var…calling:GENOMICS_DB_IMPORT -
[-        ] variant_calling:GENOTYPE_GVCFS -
[-        ] var…t_calling:MERGE_JOINT_VCFS -
[-        ] variant_calling:ASM            -
[-        ] var…_calling:MERGE_ASM_OUTPUTS -
[89/b9458d] var…:MUTECT2 (evoC-Bap1-mut-M) | 0 of 3
[65/f39557] mbi…oC-Bap1-ctrl-M-CG-5-prime) | 3 of 9
[e7/62dc76] epi…ZARR (evoC-Bap1-ctrl-M-CG) | 1 of 9
[93/f150a9] epi…PORT (evoC-Bap1-ctrl-M_CG) | 0 of 1
[2a/c52f7a] epi…2ZARR (evoC-Bap1-mut-M-CG) | 3 of 3
[03/4d9b43] epi…PORT (evoC-Bap1-ctrl-F_CG) | 3 of 3
[45/d57dee] epi…ZARR (evoC-Bap1-ctrl-F-CG) | 3 of 3
[1c/85c13c] epi…XPORT (evoC-Bap1-mut-M_CG) | 3 of 3
Plus 6 more processes waiting for tasks…

executor >  slurm (65)
[5a/98213b] res…AW (evoC-Bap1-mut-F, L005) | 4 of 4 ✔
[94/9d8d88] res…DE (evoC-Bap1-mut-F, L005) | 4 of 4 ✔
[-        ] resolve_align:FASTQC_RESOLVED  -
[bc/1d3e7e] res…M2 (evoC-Bap1-mut-F, L005) | 4 of 4 ✔
[-        ] res…align:SAMTOOLS_MERGE_LANES -
[-        ] resolve_align:PRESEQ           -
[b2/0bf87a] bam…t:BAMLET (evoC-Bap1-mut-F) | 3 of 4
[3e/8e2626] bam…P_BAMQC (evoC-Bap1-ctrl-F) | 3 of 3
[12/24a093] bam…TSS_BIAS (evoC-Bap1-mut-M) | 3 of 3
[-        ] bam…:DEEPTOOLS_PLOTFINGERPRINT -
[f9/b18cda] bam…_GCBIAS (evoC-Bap1-ctrl-F) | 2 of 3
[69/48f802] bam…ACCURACY (evoC-Bap1-mut-M) | 3 of 3
[5e/78c306] var…E_CALLER (evoC-Bap1-mut-M) | 0 of 3
[-        ] var…nt_calling:SPLIT_INTERVALS -
[-        ] var…calling:GENOMICS_DB_IMPORT -
[-        ] variant_calling:GENOTYPE_GVCFS -
[-        ] var…t_calling:MERGE_JOINT_VCFS -
[-        ] variant_calling:ASM            -
[-        ] var…_calling:MERGE_ASM_OUTPUTS -
[89/b9458d] var…:MUTECT2 (evoC-Bap1-mut-M) | 0 of 3
[65/f39557] mbi…oC-Bap1-ctrl-M-CG-5-prime) | 3 of 9
[e7/62dc76] epi…ZARR (evoC-Bap1-ctrl-M-CG) | 1 of 9
[93/f150a9] epi…PORT (evoC-Bap1-ctrl-M_CG) | 0 of 1
[2a/c52f7a] epi…2ZARR (evoC-Bap1-mut-M-CG) | 3 of 3
[03/4d9b43] epi…PORT (evoC-Bap1-ctrl-F_CG) | 3 of 3
[45/d57dee] epi…ZARR (evoC-Bap1-ctrl-F-CG) | 3 of 3
[1c/85c13c] epi…XPORT (evoC-Bap1-mut-M_CG) | 3 of 3
Plus 6 more processes waiting for tasks…

executor >  slurm (65)
[5a/98213b] res…AW (evoC-Bap1-mut-F, L005) | 4 of 4 ✔
[94/9d8d88] res…DE (evoC-Bap1-mut-F, L005) | 4 of 4 ✔
[-        ] resolve_align:FASTQC_RESOLVED  -
[bc/1d3e7e] res…M2 (evoC-Bap1-mut-F, L005) | 4 of 4 ✔
[-        ] res…align:SAMTOOLS_MERGE_LANES -
[-        ] resolve_align:PRESEQ           -
[b2/0bf87a] bam…t:BAMLET (evoC-Bap1-mut-F) | 3 of 4
[3e/8e2626] bam…P_BAMQC (evoC-Bap1-ctrl-F) | 3 of 3
[12/24a093] bam…TSS_BIAS (evoC-Bap1-mut-M) | 3 of 3
[-        ] bam…:DEEPTOOLS_PLOTFINGERPRINT -
[f9/b18cda] bam…_GCBIAS (evoC-Bap1-ctrl-F) | 2 of 3
[69/48f802] bam…ACCURACY (evoC-Bap1-mut-M) | 3 of 3
[5e/78c306] var…E_CALLER (evoC-Bap1-mut-M) | 0 of 3
[-        ] var…nt_calling:SPLIT_INTERVALS -
[-        ] var…calling:GENOMICS_DB_IMPORT -
[-        ] variant_calling:GENOTYPE_GVCFS -
[-        ] var…t_calling:MERGE_JOINT_VCFS -
[-        ] variant_calling:ASM            -
[-        ] var…_calling:MERGE_ASM_OUTPUTS -
[89/b9458d] var…:MUTECT2 (evoC-Bap1-mut-M) | 0 of 3
[03/35d362] mbi…C-Bap1-ctrl-F-CHG-5-prime) | 4 of 9
[e7/62dc76] epi…ZARR (evoC-Bap1-ctrl-M-CG) | 1 of 9
[93/f150a9] epi…PORT (evoC-Bap1-ctrl-M_CG) | 0 of 1
[2a/c52f7a] epi…2ZARR (evoC-Bap1-mut-M-CG) | 3 of 3
[03/4d9b43] epi…PORT (evoC-Bap1-ctrl-F_CG) | 3 of 3
[45/d57dee] epi…ZARR (evoC-Bap1-ctrl-F-CG) | 3 of 3
[1c/85c13c] epi…XPORT (evoC-Bap1-mut-M_CG) | 3 of 3
Plus 6 more processes waiting for tasks…

executor >  slurm (65)
[5a/98213b] res…AW (evoC-Bap1-mut-F, L005) | 4 of 4 ✔
[94/9d8d88] res…DE (evoC-Bap1-mut-F, L005) | 4 of 4 ✔
[-        ] resolve_align:FASTQC_RESOLVED  -
[bc/1d3e7e] res…M2 (evoC-Bap1-mut-F, L005) | 4 of 4 ✔
[-        ] res…align:SAMTOOLS_MERGE_LANES -
[-        ] resolve_align:PRESEQ           -
[b2/0bf87a] bam…t:BAMLET (evoC-Bap1-mut-F) | 3 of 4
[3e/8e2626] bam…P_BAMQC (evoC-Bap1-ctrl-F) | 3 of 3
[12/24a093] bam…TSS_BIAS (evoC-Bap1-mut-M) | 3 of 3
[-        ] bam…:DEEPTOOLS_PLOTFINGERPRINT -
[d3/2f2de8] bam…D_GCBIAS (evoC-Bap1-mut-M) | 3 of 3
[69/48f802] bam…ACCURACY (evoC-Bap1-mut-M) | 3 of 3
[5e/78c306] var…E_CALLER (evoC-Bap1-mut-M) | 0 of 3
[-        ] var…nt_calling:SPLIT_INTERVALS -
[-        ] var…calling:GENOMICS_DB_IMPORT -
[-        ] variant_calling:GENOTYPE_GVCFS -
[-        ] var…t_calling:MERGE_JOINT_VCFS -
[-        ] variant_calling:ASM            -
[-        ] var…_calling:MERGE_ASM_OUTPUTS -
[89/b9458d] var…:MUTECT2 (evoC-Bap1-mut-M) | 0 of 3
[03/35d362] mbi…C-Bap1-ctrl-F-CHG-5-prime) | 4 of 9
[e7/62dc76] epi…ZARR (evoC-Bap1-ctrl-M-CG) | 1 of 9
[93/f150a9] epi…PORT (evoC-Bap1-ctrl-M_CG) | 0 of 1
[2a/c52f7a] epi…2ZARR (evoC-Bap1-mut-M-CG) | 3 of 3
[03/4d9b43] epi…PORT (evoC-Bap1-ctrl-F_CG) | 3 of 3
[45/d57dee] epi…ZARR (evoC-Bap1-ctrl-F-CG) | 3 of 3
[1c/85c13c] epi…XPORT (evoC-Bap1-mut-M_CG) | 3 of 3
Plus 6 more processes waiting for tasks…

executor >  slurm (65)
[5a/98213b] res…AW (evoC-Bap1-mut-F, L005) | 4 of 4 ✔
[94/9d8d88] res…DE (evoC-Bap1-mut-F, L005) | 4 of 4 ✔
[-        ] resolve_align:FASTQC_RESOLVED  -
[bc/1d3e7e] res…M2 (evoC-Bap1-mut-F, L005) | 4 of 4 ✔
[-        ] res…align:SAMTOOLS_MERGE_LANES -
[-        ] resolve_align:PRESEQ           -
[b2/0bf87a] bam…t:BAMLET (evoC-Bap1-mut-F) | 3 of 4
[3e/8e2626] bam…P_BAMQC (evoC-Bap1-ctrl-F) | 3 of 3
[12/24a093] bam…TSS_BIAS (evoC-Bap1-mut-M) | 3 of 3
[-        ] bam…:DEEPTOOLS_PLOTFINGERPRINT -
[d3/2f2de8] bam…D_GCBIAS (evoC-Bap1-mut-M) | 3 of 3
[69/48f802] bam…ACCURACY (evoC-Bap1-mut-M) | 3 of 3
[5e/78c306] var…E_CALLER (evoC-Bap1-mut-M) | 0 of 3
[-        ] var…nt_calling:SPLIT_INTERVALS -
[-        ] var…calling:GENOMICS_DB_IMPORT -
[-        ] variant_calling:GENOTYPE_GVCFS -
[-        ] var…t_calling:MERGE_JOINT_VCFS -
[-        ] variant_calling:ASM            -
[-        ] var…_calling:MERGE_ASM_OUTPUTS -
[89/b9458d] var…:MUTECT2 (evoC-Bap1-mut-M) | 0 of 3
[cb/22bc09] mbi…oC-Bap1-mut-M-CHG-5-prime) | 5 of 9
[e7/62dc76] epi…ZARR (evoC-Bap1-ctrl-M-CG) | 1 of 9
[93/f150a9] epi…PORT (evoC-Bap1-ctrl-M_CG) | 0 of 1
[2a/c52f7a] epi…2ZARR (evoC-Bap1-mut-M-CG) | 3 of 3
[03/4d9b43] epi…PORT (evoC-Bap1-ctrl-F_CG) | 3 of 3
[45/d57dee] epi…ZARR (evoC-Bap1-ctrl-F-CG) | 3 of 3
[1c/85c13c] epi…XPORT (evoC-Bap1-mut-M_CG) | 3 of 3
Plus 6 more processes waiting for tasks…

executor >  slurm (65)
[5a/98213b] res…AW (evoC-Bap1-mut-F, L005) | 4 of 4 ✔
[94/9d8d88] res…DE (evoC-Bap1-mut-F, L005) | 4 of 4 ✔
[-        ] resolve_align:FASTQC_RESOLVED  -
[bc/1d3e7e] res…M2 (evoC-Bap1-mut-F, L005) | 4 of 4 ✔
[-        ] res…align:SAMTOOLS_MERGE_LANES -
[-        ] resolve_align:PRESEQ           -
[b2/0bf87a] bam…t:BAMLET (evoC-Bap1-mut-F) | 3 of 4
[3e/8e2626] bam…P_BAMQC (evoC-Bap1-ctrl-F) | 3 of 3
[12/24a093] bam…TSS_BIAS (evoC-Bap1-mut-M) | 3 of 3
[-        ] bam…:DEEPTOOLS_PLOTFINGERPRINT -
[d3/2f2de8] bam…D_GCBIAS (evoC-Bap1-mut-M) | 3 of 3
[69/48f802] bam…ACCURACY (evoC-Bap1-mut-M) | 3 of 3
[5e/78c306] var…E_CALLER (evoC-Bap1-mut-M) | 0 of 3
[-        ] var…nt_calling:SPLIT_INTERVALS -
[-        ] var…calling:GENOMICS_DB_IMPORT -
[-        ] variant_calling:GENOTYPE_GVCFS -
[-        ] var…t_calling:MERGE_JOINT_VCFS -
[-        ] variant_calling:ASM            -
[-        ] var…_calling:MERGE_ASM_OUTPUTS -
[89/b9458d] var…:MUTECT2 (evoC-Bap1-mut-M) | 0 of 3
[a7/af46e0] mbi…C-Bap1-ctrl-F-CHH-5-prime) | 6 of 9
[e7/62dc76] epi…ZARR (evoC-Bap1-ctrl-M-CG) | 1 of 9
[93/f150a9] epi…PORT (evoC-Bap1-ctrl-M_CG) | 0 of 1
[2a/c52f7a] epi…2ZARR (evoC-Bap1-mut-M-CG) | 3 of 3
[03/4d9b43] epi…PORT (evoC-Bap1-ctrl-F_CG) | 3 of 3
[45/d57dee] epi…ZARR (evoC-Bap1-ctrl-F-CG) | 3 of 3
[1c/85c13c] epi…XPORT (evoC-Bap1-mut-M_CG) | 3 of 3
Plus 6 more processes waiting for tasks…

executor >  slurm (65)
[5a/98213b] res…AW (evoC-Bap1-mut-F, L005) | 4 of 4 ✔
[94/9d8d88] res…DE (evoC-Bap1-mut-F, L005) | 4 of 4 ✔
[-        ] resolve_align:FASTQC_RESOLVED  -
[bc/1d3e7e] res…M2 (evoC-Bap1-mut-F, L005) | 4 of 4 ✔
[-        ] res…align:SAMTOOLS_MERGE_LANES -
[-        ] resolve_align:PRESEQ           -
[b2/0bf87a] bam…t:BAMLET (evoC-Bap1-mut-F) | 4 of 4 ✔
[3e/8e2626] bam…P_BAMQC (evoC-Bap1-ctrl-F) | 3 of 4
[12/24a093] bam…TSS_BIAS (evoC-Bap1-mut-M) | 3 of 3
[-        ] bam…:DEEPTOOLS_PLOTFINGERPRINT -
[d3/2f2de8] bam…D_GCBIAS (evoC-Bap1-mut-M) | 3 of 3
[69/48f802] bam…ACCURACY (evoC-Bap1-mut-M) | 3 of 4
[5e/78c306] var…E_CALLER (evoC-Bap1-mut-M) | 0 of 3
[-        ] var…nt_calling:SPLIT_INTERVALS -
[-        ] var…calling:GENOMICS_DB_IMPORT -
[-        ] variant_calling:GENOTYPE_GVCFS -
[-        ] var…t_calling:MERGE_JOINT_VCFS -
[-        ] variant_calling:ASM            -
[-        ] var…_calling:MERGE_ASM_OUTPUTS -
[89/b9458d] var…:MUTECT2 (evoC-Bap1-mut-M) | 0 of 3
[a7/af46e0] mbi…C-Bap1-ctrl-F-CHH-5-prime) | 6 of 11
[e7/62dc76] epi…ZARR (evoC-Bap1-ctrl-M-CG) | 1 of 9
[93/f150a9] epi…PORT (evoC-Bap1-ctrl-M_CG) | 0 of 1
[2a/c52f7a] epi…2ZARR (evoC-Bap1-mut-M-CG) | 3 of 3
[03/4d9b43] epi…PORT (evoC-Bap1-ctrl-F_CG) | 3 of 3
[45/d57dee] epi…ZARR (evoC-Bap1-ctrl-F-CG) | 3 of 3
[1c/85c13c] epi…XPORT (evoC-Bap1-mut-M_CG) | 3 of 3
Plus 6 more processes waiting for tasks…

executor >  slurm (68)
[5a/98213b] res…AW (evoC-Bap1-mut-F, L005) | 4 of 4 ✔
[94/9d8d88] res…DE (evoC-Bap1-mut-F, L005) | 4 of 4 ✔
[-        ] resolve_align:FASTQC_RESOLVED  -
[bc/1d3e7e] res…M2 (evoC-Bap1-mut-F, L005) | 4 of 4 ✔
[-        ] res…align:SAMTOOLS_MERGE_LANES -
[-        ] resolve_align:PRESEQ           -
[b2/0bf87a] bam…t:BAMLET (evoC-Bap1-mut-F) | 4 of 4 ✔
[32/0ea4f0] bam…AP_BAMQC (evoC-Bap1-mut-F) | 3 of 4
[12/24a093] bam…TSS_BIAS (evoC-Bap1-mut-M) | 3 of 4
[-        ] bam…:DEEPTOOLS_PLOTFINGERPRINT -
[d3/2f2de8] bam…D_GCBIAS (evoC-Bap1-mut-M) | 3 of 4
[8b/1d68c7] bam…ACCURACY (evoC-Bap1-mut-F) | 3 of 4
[5e/78c306] var…E_CALLER (evoC-Bap1-mut-M) | 0 of 4
[-        ] var…nt_calling:SPLIT_INTERVALS -
[-        ] var…calling:GENOMICS_DB_IMPORT -
[-        ] variant_calling:GENOTYPE_GVCFS -
[-        ] var…t_calling:MERGE_JOINT_VCFS -
[-        ] variant_calling:ASM            -
[-        ] var…_calling:MERGE_ASM_OUTPUTS -
[89/b9458d] var…:MUTECT2 (evoC-Bap1-mut-M) | 0 of 4
[f0/afa4e6] mbi…oC-Bap1-mut-F-CHG-5-prime) | 6 of 12
[e7/62dc76] epi…ZARR (evoC-Bap1-ctrl-M-CG) | 1 of 12
[93/f150a9] epi…PORT (evoC-Bap1-ctrl-M_CG) | 0 of 1
[2a/c52f7a] epi…2ZARR (evoC-Bap1-mut-M-CG) | 3 of 4
[03/4d9b43] epi…PORT (evoC-Bap1-ctrl-F_CG) | 3 of 3
[45/d57dee] epi…ZARR (evoC-Bap1-ctrl-F-CG) | 3 of 4
[1c/85c13c] epi…XPORT (evoC-Bap1-mut-M_CG) | 3 of 3
Plus 6 more processes waiting for tasks…

executor >  slurm (73)
[5a/98213b] res…AW (evoC-Bap1-mut-F, L005) | 4 of 4 ✔
[94/9d8d88] res…DE (evoC-Bap1-mut-F, L005) | 4 of 4 ✔
[-        ] resolve_align:FASTQC_RESOLVED  -
[bc/1d3e7e] res…M2 (evoC-Bap1-mut-F, L005) | 4 of 4 ✔
[-        ] res…align:SAMTOOLS_MERGE_LANES -
[-        ] resolve_align:PRESEQ           -
[b2/0bf87a] bam…t:BAMLET (evoC-Bap1-mut-F) | 4 of 4 ✔
[32/0ea4f0] bam…AP_BAMQC (evoC-Bap1-mut-F) | 3 of 4
[04/be1053] bam…TSS_BIAS (evoC-Bap1-mut-F) | 3 of 4
[-        ] bam…:DEEPTOOLS_PLOTFINGERPRINT -
[6f/d0d158] bam…D_GCBIAS (evoC-Bap1-mut-F) | 3 of 4
[8b/1d68c7] bam…ACCURACY (evoC-Bap1-mut-F) | 3 of 4
[5e/78c306] var…E_CALLER (evoC-Bap1-mut-M) | 0 of 4
[-        ] var…nt_calling:SPLIT_INTERVALS -
[-        ] var…calling:GENOMICS_DB_IMPORT -
[-        ] variant_calling:GENOTYPE_GVCFS -
[-        ] var…t_calling:MERGE_JOINT_VCFS -
[-        ] variant_calling:ASM            -
[-        ] var…_calling:MERGE_ASM_OUTPUTS -
[89/b9458d] var…:MUTECT2 (evoC-Bap1-mut-M) | 0 of 4
[04/ddc78a] mbi…voC-Bap1-mut-F-CG-5-prime) | 6 of 12
[71/922293] epi…ZARR (evoC-Bap1-mut-F-CHH) | 1 of 12
[93/f150a9] epi…PORT (evoC-Bap1-ctrl-M_CG) | 0 of 1
[2a/c52f7a] epi…2ZARR (evoC-Bap1-mut-M-CG) | 3 of 4
[03/4d9b43] epi…PORT (evoC-Bap1-ctrl-F_CG) | 3 of 3
[45/d57dee] epi…ZARR (evoC-Bap1-ctrl-F-CG) | 3 of 4
[1c/85c13c] epi…XPORT (evoC-Bap1-mut-M_CG) | 3 of 3
Plus 6 more processes waiting for tasks…

executor >  slurm (76)
[5a/98213b] res…AW (evoC-Bap1-mut-F, L005) | 4 of 4 ✔
[94/9d8d88] res…DE (evoC-Bap1-mut-F, L005) | 4 of 4 ✔
[-        ] resolve_align:FASTQC_RESOLVED  -
[bc/1d3e7e] res…M2 (evoC-Bap1-mut-F, L005) | 4 of 4 ✔
[-        ] res…align:SAMTOOLS_MERGE_LANES -
[-        ] resolve_align:PRESEQ           -
[b2/0bf87a] bam…t:BAMLET (evoC-Bap1-mut-F) | 4 of 4 ✔
[32/0ea4f0] bam…AP_BAMQC (evoC-Bap1-mut-F) | 3 of 4
[04/be1053] bam…TSS_BIAS (evoC-Bap1-mut-F) | 3 of 4
[-        ] bam…:DEEPTOOLS_PLOTFINGERPRINT -
[6f/d0d158] bam…D_GCBIAS (evoC-Bap1-mut-F) | 3 of 4
[8b/1d68c7] bam…ACCURACY (evoC-Bap1-mut-F) | 3 of 4
[b2/7e769c] var…E_CALLER (evoC-Bap1-mut-F) | 0 of 4
[-        ] var…nt_calling:SPLIT_INTERVALS -
[-        ] var…calling:GENOMICS_DB_IMPORT -
[-        ] variant_calling:GENOTYPE_GVCFS -
[-        ] var…t_calling:MERGE_JOINT_VCFS -
[-        ] variant_calling:ASM            -
[-        ] var…_calling:MERGE_ASM_OUTPUTS -
[89/b9458d] var…:MUTECT2 (evoC-Bap1-mut-M) | 0 of 4
[04/ddc78a] mbi…voC-Bap1-mut-F-CG-5-prime) | 6 of 12
[ae/54c6e6] epi…2ZARR (evoC-Bap1-mut-F-CG) | 1 of 12
[93/f150a9] epi…PORT (evoC-Bap1-ctrl-M_CG) | 0 of 1
[c1/286c4a] epi…2ZARR (evoC-Bap1-mut-F-CG) | 3 of 4
[03/4d9b43] epi…PORT (evoC-Bap1-ctrl-F_CG) | 3 of 3
[45/d57dee] epi…ZARR (evoC-Bap1-ctrl-F-CG) | 3 of 4
[1c/85c13c] epi…XPORT (evoC-Bap1-mut-M_CG) | 3 of 3
Plus 6 more processes waiting for tasks…

executor >  slurm (78)
[5a/98213b] res…AW (evoC-Bap1-mut-F, L005) | 4 of 4 ✔
[94/9d8d88] res…DE (evoC-Bap1-mut-F, L005) | 4 of 4 ✔
[-        ] resolve_align:FASTQC_RESOLVED  -
[bc/1d3e7e] res…M2 (evoC-Bap1-mut-F, L005) | 4 of 4 ✔
[-        ] res…align:SAMTOOLS_MERGE_LANES -
[-        ] resolve_align:PRESEQ           -
[b2/0bf87a] bam…t:BAMLET (evoC-Bap1-mut-F) | 4 of 4 ✔
[32/0ea4f0] bam…AP_BAMQC (evoC-Bap1-mut-F) | 3 of 4
[04/be1053] bam…TSS_BIAS (evoC-Bap1-mut-F) | 3 of 4
[-        ] bam…:DEEPTOOLS_PLOTFINGERPRINT -
[6f/d0d158] bam…D_GCBIAS (evoC-Bap1-mut-F) | 3 of 4
[8b/1d68c7] bam…ACCURACY (evoC-Bap1-mut-F) | 3 of 4
[b2/7e769c] var…E_CALLER (evoC-Bap1-mut-F) | 0 of 4
[-        ] var…nt_calling:SPLIT_INTERVALS -
[-        ] var…calling:GENOMICS_DB_IMPORT -
[-        ] variant_calling:GENOTYPE_GVCFS -
[-        ] var…t_calling:MERGE_JOINT_VCFS -
[-        ] variant_calling:ASM            -
[-        ] var…_calling:MERGE_ASM_OUTPUTS -
[1f/8e642f] var…:MUTECT2 (evoC-Bap1-mut-F) | 0 of 4
[04/ddc78a] mbi…voC-Bap1-mut-F-CG-5-prime) | 6 of 12
[c1/0045e7] epi…ZARR (evoC-Bap1-mut-F-CHG) | 1 of 12
[93/f150a9] epi…PORT (evoC-Bap1-ctrl-M_CG) | 0 of 1
[c1/286c4a] epi…2ZARR (evoC-Bap1-mut-F-CG) | 3 of 4
[03/4d9b43] epi…PORT (evoC-Bap1-ctrl-F_CG) | 3 of 3
[45/d57dee] epi…ZARR (evoC-Bap1-ctrl-F-CG) | 3 of 4
[1c/85c13c] epi…XPORT (evoC-Bap1-mut-M_CG) | 3 of 3
Plus 6 more processes waiting for tasks…

executor >  slurm (79)
[5a/98213b] res…AW (evoC-Bap1-mut-F, L005) | 4 of 4 ✔
[94/9d8d88] res…DE (evoC-Bap1-mut-F, L005) | 4 of 4 ✔
[-        ] resolve_align:FASTQC_RESOLVED  -
[bc/1d3e7e] res…M2 (evoC-Bap1-mut-F, L005) | 4 of 4 ✔
[-        ] res…align:SAMTOOLS_MERGE_LANES -
[-        ] resolve_align:PRESEQ           -
[b2/0bf87a] bam…t:BAMLET (evoC-Bap1-mut-F) | 4 of 4 ✔
[32/0ea4f0] bam…AP_BAMQC (evoC-Bap1-mut-F) | 3 of 4
[04/be1053] bam…TSS_BIAS (evoC-Bap1-mut-F) | 3 of 4
[-        ] bam…:DEEPTOOLS_PLOTFINGERPRINT -
[6f/d0d158] bam…D_GCBIAS (evoC-Bap1-mut-F) | 3 of 4
[8b/1d68c7] bam…ACCURACY (evoC-Bap1-mut-F) | 3 of 4
[b2/7e769c] var…E_CALLER (evoC-Bap1-mut-F) | 0 of 4
[-        ] var…nt_calling:SPLIT_INTERVALS -
[-        ] var…calling:GENOMICS_DB_IMPORT -
[-        ] variant_calling:GENOTYPE_GVCFS -
[-        ] var…t_calling:MERGE_JOINT_VCFS -
[-        ] variant_calling:ASM            -
[-        ] var…_calling:MERGE_ASM_OUTPUTS -
[1f/8e642f] var…:MUTECT2 (evoC-Bap1-mut-F) | 0 of 4
[04/ddc78a] mbi…voC-Bap1-mut-F-CG-5-prime) | 6 of 12
[c1/0045e7] epi…ZARR (evoC-Bap1-mut-F-CHG) | 1 of 12
[93/f150a9] epi…PORT (evoC-Bap1-ctrl-M_CG) | 0 of 1
[c1/286c4a] epi…2ZARR (evoC-Bap1-mut-F-CG) | 3 of 4
[03/4d9b43] epi…PORT (evoC-Bap1-ctrl-F_CG) | 3 of 3
[77/1ce2ab] epi…2ZARR (evoC-Bap1-mut-F-CG) | 3 of 4
[1c/85c13c] epi…XPORT (evoC-Bap1-mut-M_CG) | 3 of 3
Plus 6 more processes waiting for tasks…

executor >  slurm (79)
[5a/98213b] res…AW (evoC-Bap1-mut-F, L005) | 4 of 4 ✔
[94/9d8d88] res…DE (evoC-Bap1-mut-F, L005) | 4 of 4 ✔
[-        ] resolve_align:FASTQC_RESOLVED  -
[bc/1d3e7e] res…M2 (evoC-Bap1-mut-F, L005) | 4 of 4 ✔
[-        ] res…align:SAMTOOLS_MERGE_LANES -
[-        ] resolve_align:PRESEQ           -
[b2/0bf87a] bam…t:BAMLET (evoC-Bap1-mut-F) | 4 of 4 ✔
[32/0ea4f0] bam…AP_BAMQC (evoC-Bap1-mut-F) | 3 of 4
[04/be1053] bam…TSS_BIAS (evoC-Bap1-mut-F) | 3 of 4
[-        ] bam…:DEEPTOOLS_PLOTFINGERPRINT -
[6f/d0d158] bam…D_GCBIAS (evoC-Bap1-mut-F) | 3 of 4
[8b/1d68c7] bam…ACCURACY (evoC-Bap1-mut-F) | 3 of 4
[b2/7e769c] var…E_CALLER (evoC-Bap1-mut-F) | 0 of 4
[-        ] var…nt_calling:SPLIT_INTERVALS -
[-        ] var…calling:GENOMICS_DB_IMPORT -
[-        ] variant_calling:GENOTYPE_GVCFS -
[-        ] var…t_calling:MERGE_JOINT_VCFS -
[-        ] variant_calling:ASM            -
[-        ] var…_calling:MERGE_ASM_OUTPUTS -
[1f/8e642f] var…:MUTECT2 (evoC-Bap1-mut-F) | 0 of 4
[04/ddc78a] mbi…voC-Bap1-mut-F-CG-5-prime) | 6 of 12
[3a/c84722] epi…ZARR (evoC-Bap1-ctrl-F-CG) | 2 of 12
[93/f150a9] epi…PORT (evoC-Bap1-ctrl-M_CG) | 0 of 2
[c1/286c4a] epi…2ZARR (evoC-Bap1-mut-F-CG) | 3 of 4
[03/4d9b43] epi…PORT (evoC-Bap1-ctrl-F_CG) | 3 of 3
[77/1ce2ab] epi…2ZARR (evoC-Bap1-mut-F-CG) | 3 of 4
[1c/85c13c] epi…XPORT (evoC-Bap1-mut-M_CG) | 3 of 3
Plus 6 more processes waiting for tasks…

executor >  slurm (80)
[5a/98213b] res…AW (evoC-Bap1-mut-F, L005) | 4 of 4 ✔
[94/9d8d88] res…DE (evoC-Bap1-mut-F, L005) | 4 of 4 ✔
[-        ] resolve_align:FASTQC_RESOLVED  -
[bc/1d3e7e] res…M2 (evoC-Bap1-mut-F, L005) | 4 of 4 ✔
[-        ] res…align:SAMTOOLS_MERGE_LANES -
[-        ] resolve_align:PRESEQ           -
[b2/0bf87a] bam…t:BAMLET (evoC-Bap1-mut-F) | 4 of 4 ✔
[32/0ea4f0] bam…AP_BAMQC (evoC-Bap1-mut-F) | 3 of 4
[04/be1053] bam…TSS_BIAS (evoC-Bap1-mut-F) | 3 of 4
[-        ] bam…:DEEPTOOLS_PLOTFINGERPRINT -
[6f/d0d158] bam…D_GCBIAS (evoC-Bap1-mut-F) | 3 of 4
[8b/1d68c7] bam…ACCURACY (evoC-Bap1-mut-F) | 3 of 4
[b2/7e769c] var…E_CALLER (evoC-Bap1-mut-F) | 0 of 4
[-        ] var…nt_calling:SPLIT_INTERVALS -
[-        ] var…calling:GENOMICS_DB_IMPORT -
[-        ] variant_calling:GENOTYPE_GVCFS -
[-        ] var…t_calling:MERGE_JOINT_VCFS -
[-        ] variant_calling:ASM            -
[-        ] var…_calling:MERGE_ASM_OUTPUTS -
[1f/8e642f] var…:MUTECT2 (evoC-Bap1-mut-F) | 0 of 4
[04/ddc78a] mbi…voC-Bap1-mut-F-CG-5-prime) | 6 of 12
[3a/c84722] epi…ZARR (evoC-Bap1-ctrl-F-CG) | 2 of 12
[fc/54af45] epi…PORT (evoC-Bap1-ctrl-F_CG) | 0 of 2
[c1/286c4a] epi…2ZARR (evoC-Bap1-mut-F-CG) | 3 of 4
[03/4d9b43] epi…PORT (evoC-Bap1-ctrl-F_CG) | 3 of 3
[77/1ce2ab] epi…2ZARR (evoC-Bap1-mut-F-CG) | 3 of 4
[1c/85c13c] epi…XPORT (evoC-Bap1-mut-M_CG) | 3 of 3
Plus 6 more processes waiting for tasks…

executor >  slurm (80)
[5a/98213b] res…AW (evoC-Bap1-mut-F, L005) | 4 of 4 ✔
[94/9d8d88] res…DE (evoC-Bap1-mut-F, L005) | 4 of 4 ✔
[-        ] resolve_align:FASTQC_RESOLVED  -
[bc/1d3e7e] res…M2 (evoC-Bap1-mut-F, L005) | 4 of 4 ✔
[-        ] res…align:SAMTOOLS_MERGE_LANES -
[-        ] resolve_align:PRESEQ           -
[b2/0bf87a] bam…t:BAMLET (evoC-Bap1-mut-F) | 4 of 4 ✔
[32/0ea4f0] bam…AP_BAMQC (evoC-Bap1-mut-F) | 3 of 4
[04/be1053] bam…TSS_BIAS (evoC-Bap1-mut-F) | 3 of 4
[-        ] bam…:DEEPTOOLS_PLOTFINGERPRINT -
[6f/d0d158] bam…D_GCBIAS (evoC-Bap1-mut-F) | 3 of 4
[8b/1d68c7] bam…ACCURACY (evoC-Bap1-mut-F) | 3 of 4
[b2/7e769c] var…E_CALLER (evoC-Bap1-mut-F) | 0 of 4
[-        ] var…nt_calling:SPLIT_INTERVALS -
[-        ] var…calling:GENOMICS_DB_IMPORT -
[-        ] variant_calling:GENOTYPE_GVCFS -
[-        ] var…t_calling:MERGE_JOINT_VCFS -
[-        ] variant_calling:ASM            -
[-        ] var…_calling:MERGE_ASM_OUTPUTS -
[1f/8e642f] var…:MUTECT2 (evoC-Bap1-mut-F) | 0 of 4
[04/ddc78a] mbi…voC-Bap1-mut-F-CG-5-prime) | 6 of 12
[3a/c84722] epi…ZARR (evoC-Bap1-ctrl-F-CG) | 2 of 12
[fc/54af45] epi…PORT (evoC-Bap1-ctrl-F_CG) | 0 of 2
[c1/286c4a] epi…2ZARR (evoC-Bap1-mut-F-CG) | 3 of 4
[03/4d9b43] epi…PORT (evoC-Bap1-ctrl-F_CG) | 3 of 3
[77/1ce2ab] epi…2ZARR (evoC-Bap1-mut-F-CG) | 3 of 4
[1c/85c13c] epi…XPORT (evoC-Bap1-mut-M_CG) | 3 of 3
Plus 6 more processes waiting for tasks…

executor >  slurm (81)
[5a/98213b] res…AW (evoC-Bap1-mut-F, L005) | 4 of 4 ✔
[94/9d8d88] res…DE (evoC-Bap1-mut-F, L005) | 4 of 4 ✔
[-        ] resolve_align:FASTQC_RESOLVED  -
[bc/1d3e7e] res…M2 (evoC-Bap1-mut-F, L005) | 4 of 4 ✔
[-        ] res…align:SAMTOOLS_MERGE_LANES -
[-        ] resolve_align:PRESEQ           -
[b2/0bf87a] bam…t:BAMLET (evoC-Bap1-mut-F) | 4 of 4 ✔
[32/0ea4f0] bam…AP_BAMQC (evoC-Bap1-mut-F) | 3 of 4
[04/be1053] bam…TSS_BIAS (evoC-Bap1-mut-F) | 3 of 4
[-        ] bam…:DEEPTOOLS_PLOTFINGERPRINT -
[6f/d0d158] bam…D_GCBIAS (evoC-Bap1-mut-F) | 3 of 4
[8b/1d68c7] bam…ACCURACY (evoC-Bap1-mut-F) | 3 of 4
[b2/7e769c] var…E_CALLER (evoC-Bap1-mut-F) | 0 of 4
[-        ] var…nt_calling:SPLIT_INTERVALS -
[-        ] var…calling:GENOMICS_DB_IMPORT -
[-        ] variant_calling:GENOTYPE_GVCFS -
[-        ] var…t_calling:MERGE_JOINT_VCFS -
[-        ] variant_calling:ASM            -
[-        ] var…_calling:MERGE_ASM_OUTPUTS -
[1f/8e642f] var…:MUTECT2 (evoC-Bap1-mut-F) | 0 of 4
[04/ddc78a] mbi…voC-Bap1-mut-F-CG-5-prime) | 6 of 12
[3a/c84722] epi…ZARR (evoC-Bap1-ctrl-F-CG) | 2 of 12
[fc/54af45] epi…PORT (evoC-Bap1-ctrl-F_CG) | 0 of 2
[c1/286c4a] epi…2ZARR (evoC-Bap1-mut-F-CG) | 3 of 4
[03/4d9b43] epi…PORT (evoC-Bap1-ctrl-F_CG) | 3 of 3
[77/1ce2ab] epi…2ZARR (evoC-Bap1-mut-F-CG) | 4 of 4 ✔
[fe/64cede] epi…XPORT (evoC-Bap1-mut-F_CG) | 3 of 4
[-        ] epi…long_ctrl:JOIN_ZARR_STORES | 0 of 1
Plus 5 more processes waiting for tasks…

executor >  slurm (82)
[5a/98213b] res…AW (evoC-Bap1-mut-F, L005) | 4 of 4 ✔
[94/9d8d88] res…DE (evoC-Bap1-mut-F, L005) | 4 of 4 ✔
[-        ] resolve_align:FASTQC_RESOLVED  -
[bc/1d3e7e] res…M2 (evoC-Bap1-mut-F, L005) | 4 of 4 ✔
[-        ] res…align:SAMTOOLS_MERGE_LANES -
[-        ] resolve_align:PRESEQ           -
[b2/0bf87a] bam…t:BAMLET (evoC-Bap1-mut-F) | 4 of 4 ✔
[32/0ea4f0] bam…AP_BAMQC (evoC-Bap1-mut-F) | 3 of 4
[04/be1053] bam…TSS_BIAS (evoC-Bap1-mut-F) | 3 of 4
[-        ] bam…:DEEPTOOLS_PLOTFINGERPRINT -
[6f/d0d158] bam…D_GCBIAS (evoC-Bap1-mut-F) | 3 of 4
[8b/1d68c7] bam…ACCURACY (evoC-Bap1-mut-F) | 3 of 4
[b2/7e769c] var…E_CALLER (evoC-Bap1-mut-F) | 0 of 4
[-        ] var…nt_calling:SPLIT_INTERVALS -
[-        ] var…calling:GENOMICS_DB_IMPORT -
[-        ] variant_calling:GENOTYPE_GVCFS -
[-        ] var…t_calling:MERGE_JOINT_VCFS -
[-        ] variant_calling:ASM            -
[-        ] var…_calling:MERGE_ASM_OUTPUTS -
[1f/8e642f] var…:MUTECT2 (evoC-Bap1-mut-F) | 0 of 4
[04/ddc78a] mbi…voC-Bap1-mut-F-CG-5-prime) | 6 of 12
[3a/c84722] epi…ZARR (evoC-Bap1-ctrl-F-CG) | 2 of 12
[fc/54af45] epi…PORT (evoC-Bap1-ctrl-F_CG) | 0 of 2
[c1/286c4a] epi…2ZARR (evoC-Bap1-mut-F-CG) | 3 of 4
[03/4d9b43] epi…PORT (evoC-Bap1-ctrl-F_CG) | 3 of 3
[77/1ce2ab] epi…2ZARR (evoC-Bap1-mut-F-CG) | 4 of 4 ✔
[fe/64cede] epi…XPORT (evoC-Bap1-mut-F_CG) | 3 of 4
[f0/f5c1c4] epi…voC_Bap1_run-long_ctrl-CG) | 0 of 1
Plus 5 more processes waiting for tasks…

executor >  slurm (82)
[5a/98213b] res…AW (evoC-Bap1-mut-F, L005) | 4 of 4 ✔
[94/9d8d88] res…DE (evoC-Bap1-mut-F, L005) | 4 of 4 ✔
[-        ] resolve_align:FASTQC_RESOLVED  -
[bc/1d3e7e] res…M2 (evoC-Bap1-mut-F, L005) | 4 of 4 ✔
[-        ] res…align:SAMTOOLS_MERGE_LANES -
[-        ] resolve_align:PRESEQ           -
[b2/0bf87a] bam…t:BAMLET (evoC-Bap1-mut-F) | 4 of 4 ✔
[32/0ea4f0] bam…AP_BAMQC (evoC-Bap1-mut-F) | 3 of 4
[04/be1053] bam…TSS_BIAS (evoC-Bap1-mut-F) | 3 of 4
[-        ] bam…:DEEPTOOLS_PLOTFINGERPRINT -
[6f/d0d158] bam…D_GCBIAS (evoC-Bap1-mut-F) | 3 of 4
[8b/1d68c7] bam…ACCURACY (evoC-Bap1-mut-F) | 3 of 4
[b2/7e769c] var…E_CALLER (evoC-Bap1-mut-F) | 0 of 4
[-        ] var…nt_calling:SPLIT_INTERVALS -
[-        ] var…calling:GENOMICS_DB_IMPORT -
[-        ] variant_calling:GENOTYPE_GVCFS -
[-        ] var…t_calling:MERGE_JOINT_VCFS -
[-        ] variant_calling:ASM            -
[-        ] var…_calling:MERGE_ASM_OUTPUTS -
[1f/8e642f] var…:MUTECT2 (evoC-Bap1-mut-F) | 0 of 4
[04/ddc78a] mbi…voC-Bap1-mut-F-CG-5-prime) | 6 of 12
[3a/c84722] epi…ZARR (evoC-Bap1-ctrl-F-CG) | 2 of 12
[fc/54af45] epi…PORT (evoC-Bap1-ctrl-F_CG) | 0 of 2
[c1/286c4a] epi…2ZARR (evoC-Bap1-mut-F-CG) | 4 of 4 ✔
[03/4d9b43] epi…PORT (evoC-Bap1-ctrl-F_CG) | 3 of 4
[77/1ce2ab] epi…2ZARR (evoC-Bap1-mut-F-CG) | 4 of 4 ✔
[fe/64cede] epi…XPORT (evoC-Bap1-mut-F_CG) | 3 of 4
[f0/f5c1c4] epi…voC_Bap1_run-long_ctrl-CG) | 0 of 1
Plus 5 more processes waiting for tasks…

executor >  slurm (83)
[5a/98213b] res…AW (evoC-Bap1-mut-F, L005) | 4 of 4 ✔
[94/9d8d88] res…DE (evoC-Bap1-mut-F, L005) | 4 of 4 ✔
[-        ] resolve_align:FASTQC_RESOLVED  -
[bc/1d3e7e] res…M2 (evoC-Bap1-mut-F, L005) | 4 of 4 ✔
[-        ] res…align:SAMTOOLS_MERGE_LANES -
[-        ] resolve_align:PRESEQ           -
[b2/0bf87a] bam…t:BAMLET (evoC-Bap1-mut-F) | 4 of 4 ✔
[32/0ea4f0] bam…AP_BAMQC (evoC-Bap1-mut-F) | 3 of 4
[04/be1053] bam…TSS_BIAS (evoC-Bap1-mut-F) | 3 of 4
[-        ] bam…:DEEPTOOLS_PLOTFINGERPRINT -
[6f/d0d158] bam…D_GCBIAS (evoC-Bap1-mut-F) | 3 of 4
[8b/1d68c7] bam…ACCURACY (evoC-Bap1-mut-F) | 3 of 4
[b2/7e769c] var…E_CALLER (evoC-Bap1-mut-F) | 0 of 4
[-        ] var…nt_calling:SPLIT_INTERVALS -
[-        ] var…calling:GENOMICS_DB_IMPORT -
[-        ] variant_calling:GENOTYPE_GVCFS -
[-        ] var…t_calling:MERGE_JOINT_VCFS -
[-        ] variant_calling:ASM            -
[-        ] var…_calling:MERGE_ASM_OUTPUTS -
[1f/8e642f] var…:MUTECT2 (evoC-Bap1-mut-F) | 0 of 4
[04/ddc78a] mbi…voC-Bap1-mut-F-CG-5-prime) | 6 of 12
[3a/c84722] epi…ZARR (evoC-Bap1-ctrl-F-CG) | 2 of 12
[fc/54af45] epi…PORT (evoC-Bap1-ctrl-F_CG) | 0 of 2
[c1/286c4a] epi…2ZARR (evoC-Bap1-mut-F-CG) | 4 of 4 ✔
[17/ec0760] epi…XPORT (evoC-Bap1-mut-F_CG) | 3 of 4
[77/1ce2ab] epi…2ZARR (evoC-Bap1-mut-F-CG) | 4 of 4 ✔
[fe/64cede] epi…XPORT (evoC-Bap1-mut-F_CG) | 3 of 4
[f0/f5c1c4] epi…voC_Bap1_run-long_ctrl-CG) | 0 of 1
Plus 5 more processes waiting for tasks…

executor >  slurm (83)
[5a/98213b] res…AW (evoC-Bap1-mut-F, L005) | 4 of 4 ✔
[94/9d8d88] res…DE (evoC-Bap1-mut-F, L005) | 4 of 4 ✔
[-        ] resolve_align:FASTQC_RESOLVED  -
[bc/1d3e7e] res…M2 (evoC-Bap1-mut-F, L005) | 4 of 4 ✔
[-        ] res…align:SAMTOOLS_MERGE_LANES -
[-        ] resolve_align:PRESEQ           -
[b2/0bf87a] bam…t:BAMLET (evoC-Bap1-mut-F) | 4 of 4 ✔
[32/0ea4f0] bam…AP_BAMQC (evoC-Bap1-mut-F) | 3 of 4
[04/be1053] bam…TSS_BIAS (evoC-Bap1-mut-F) | 3 of 4
[-        ] bam…:DEEPTOOLS_PLOTFINGERPRINT -
[6f/d0d158] bam…D_GCBIAS (evoC-Bap1-mut-F) | 3 of 4
[8b/1d68c7] bam…ACCURACY (evoC-Bap1-mut-F) | 4 of 4 ✔
[b2/7e769c] var…E_CALLER (evoC-Bap1-mut-F) | 0 of 4
[-        ] var…nt_calling:SPLIT_INTERVALS -
[-        ] var…calling:GENOMICS_DB_IMPORT -
[-        ] variant_calling:GENOTYPE_GVCFS -
[-        ] var…t_calling:MERGE_JOINT_VCFS -
[-        ] variant_calling:ASM            -
[-        ] var…_calling:MERGE_ASM_OUTPUTS -
[1f/8e642f] var…:MUTECT2 (evoC-Bap1-mut-F) | 0 of 4
[47/a12813] mbi…oC-Bap1-mut-M-CHH-5-prime) | 7 of 12
[3a/c84722] epi…ZARR (evoC-Bap1-ctrl-F-CG) | 2 of 12
[fc/54af45] epi…PORT (evoC-Bap1-ctrl-F_CG) | 0 of 2
[c1/286c4a] epi…2ZARR (evoC-Bap1-mut-F-CG) | 4 of 4 ✔
[17/ec0760] epi…XPORT (evoC-Bap1-mut-F_CG) | 3 of 4
[77/1ce2ab] epi…2ZARR (evoC-Bap1-mut-F-CG) | 4 of 4 ✔
[fe/64cede] epi…XPORT (evoC-Bap1-mut-F_CG) | 3 of 4
[f0/f5c1c4] epi…voC_Bap1_run-long_ctrl-CG) | 0 of 1
Plus 5 more processes waiting for tasks…

executor >  slurm (83)
[5a/98213b] res…AW (evoC-Bap1-mut-F, L005) | 4 of 4 ✔
[94/9d8d88] res…DE (evoC-Bap1-mut-F, L005) | 4 of 4 ✔
[-        ] resolve_align:FASTQC_RESOLVED  -
[bc/1d3e7e] res…M2 (evoC-Bap1-mut-F, L005) | 4 of 4 ✔
[-        ] res…align:SAMTOOLS_MERGE_LANES -
[-        ] resolve_align:PRESEQ           -
[b2/0bf87a] bam…t:BAMLET (evoC-Bap1-mut-F) | 4 of 4 ✔
[32/0ea4f0] bam…AP_BAMQC (evoC-Bap1-mut-F) | 3 of 4
[04/be1053] bam…TSS_BIAS (evoC-Bap1-mut-F) | 3 of 4
[-        ] bam…:DEEPTOOLS_PLOTFINGERPRINT -
[6f/d0d158] bam…D_GCBIAS (evoC-Bap1-mut-F) | 3 of 4
[8b/1d68c7] bam…ACCURACY (evoC-Bap1-mut-F) | 4 of 4 ✔
[b2/7e769c] var…E_CALLER (evoC-Bap1-mut-F) | 0 of 4
[-        ] var…nt_calling:SPLIT_INTERVALS -
[-        ] var…calling:GENOMICS_DB_IMPORT -
[-        ] variant_calling:GENOTYPE_GVCFS -
[-        ] var…t_calling:MERGE_JOINT_VCFS -
[-        ] variant_calling:ASM            -
[-        ] var…_calling:MERGE_ASM_OUTPUTS -
[1f/8e642f] var…:MUTECT2 (evoC-Bap1-mut-F) | 0 of 4
[47/a12813] mbi…oC-Bap1-mut-M-CHH-5-prime) | 7 of 12
[3a/c84722] epi…ZARR (evoC-Bap1-ctrl-F-CG) | 2 of 12
[fc/54af45] epi…PORT (evoC-Bap1-ctrl-F_CG) | 0 of 2
[c1/286c4a] epi…2ZARR (evoC-Bap1-mut-F-CG) | 4 of 4 ✔
[17/ec0760] epi…XPORT (evoC-Bap1-mut-F_CG) | 3 of 4
[77/1ce2ab] epi…2ZARR (evoC-Bap1-mut-F-CG) | 4 of 4 ✔
[fe/64cede] epi…XPORT (evoC-Bap1-mut-F_CG) | 3 of 4
[f0/f5c1c4] epi…voC_Bap1_run-long_ctrl-CG) | 0 of 1
Plus 5 more processes waiting for tasks…

executor >  slurm (83)
[5a/98213b] res…AW (evoC-Bap1-mut-F, L005) | 4 of 4 ✔
[94/9d8d88] res…DE (evoC-Bap1-mut-F, L005) | 4 of 4 ✔
[-        ] resolve_align:FASTQC_RESOLVED  -
[bc/1d3e7e] res…M2 (evoC-Bap1-mut-F, L005) | 4 of 4 ✔
[-        ] res…align:SAMTOOLS_MERGE_LANES -
[-        ] resolve_align:PRESEQ           -
[b2/0bf87a] bam…t:BAMLET (evoC-Bap1-mut-F) | 4 of 4 ✔
[32/0ea4f0] bam…AP_BAMQC (evoC-Bap1-mut-F) | 3 of 4
[04/be1053] bam…TSS_BIAS (evoC-Bap1-mut-F) | 3 of 4
[-        ] bam…:DEEPTOOLS_PLOTFINGERPRINT -
[6f/d0d158] bam…D_GCBIAS (evoC-Bap1-mut-F) | 3 of 4
[8b/1d68c7] bam…ACCURACY (evoC-Bap1-mut-F) | 4 of 4 ✔
[b2/7e769c] var…E_CALLER (evoC-Bap1-mut-F) | 0 of 4
[-        ] var…nt_calling:SPLIT_INTERVALS -
[-        ] var…calling:GENOMICS_DB_IMPORT -
[-        ] variant_calling:GENOTYPE_GVCFS -
[-        ] var…t_calling:MERGE_JOINT_VCFS -
[-        ] variant_calling:ASM            -
[-        ] var…_calling:MERGE_ASM_OUTPUTS -
[1f/8e642f] var…:MUTECT2 (evoC-Bap1-mut-F) | 0 of 4
[47/a12813] mbi…oC-Bap1-mut-M-CHH-5-prime) | 7 of 12
[3a/c84722] epi…ZARR (evoC-Bap1-ctrl-F-CG) | 2 of 12
[fc/54af45] epi…PORT (evoC-Bap1-ctrl-F_CG) | 0 of 2
[c1/286c4a] epi…2ZARR (evoC-Bap1-mut-F-CG) | 4 of 4 ✔
[17/ec0760] epi…XPORT (evoC-Bap1-mut-F_CG) | 3 of 4
[77/1ce2ab] epi…2ZARR (evoC-Bap1-mut-F-CG) | 4 of 4 ✔
[fe/64cede] epi…XPORT (evoC-Bap1-mut-F_CG) | 3 of 4
[f0/f5c1c4] epi…voC_Bap1_run-long_ctrl-CG) | 1 of 1 ✔
Plus 5 more processes waiting for tasks…

executor >  slurm (83)
[5a/98213b] res…AW (evoC-Bap1-mut-F, L005) | 4 of 4 ✔
[94/9d8d88] res…DE (evoC-Bap1-mut-F, L005) | 4 of 4 ✔
[-        ] resolve_align:FASTQC_RESOLVED  -
[bc/1d3e7e] res…M2 (evoC-Bap1-mut-F, L005) | 4 of 4 ✔
[-        ] res…align:SAMTOOLS_MERGE_LANES -
[-        ] resolve_align:PRESEQ           -
[b2/0bf87a] bam…t:BAMLET (evoC-Bap1-mut-F) | 4 of 4 ✔
[32/0ea4f0] bam…AP_BAMQC (evoC-Bap1-mut-F) | 3 of 4
[04/be1053] bam…TSS_BIAS (evoC-Bap1-mut-F) | 3 of 4
[-        ] bam…:DEEPTOOLS_PLOTFINGERPRINT -
[6f/d0d158] bam…D_GCBIAS (evoC-Bap1-mut-F) | 3 of 4
[8b/1d68c7] bam…ACCURACY (evoC-Bap1-mut-F) | 4 of 4 ✔
[b2/7e769c] var…E_CALLER (evoC-Bap1-mut-F) | 0 of 4
[-        ] var…nt_calling:SPLIT_INTERVALS -
[-        ] var…calling:GENOMICS_DB_IMPORT -
[-        ] variant_calling:GENOTYPE_GVCFS -
[-        ] var…t_calling:MERGE_JOINT_VCFS -
[-        ] variant_calling:ASM            -
[-        ] var…_calling:MERGE_ASM_OUTPUTS -
[1f/8e642f] var…:MUTECT2 (evoC-Bap1-mut-F) | 0 of 4
[47/a12813] mbi…oC-Bap1-mut-M-CHH-5-prime) | 7 of 12
[3a/c84722] epi…ZARR (evoC-Bap1-ctrl-F-CG) | 2 of 12
[fc/54af45] epi…PORT (evoC-Bap1-ctrl-F_CG) | 0 of 2
[c1/286c4a] epi…2ZARR (evoC-Bap1-mut-F-CG) | 4 of 4 ✔
[17/ec0760] epi…XPORT (evoC-Bap1-mut-F_CG) | 4 of 4 ✔
[77/1ce2ab] epi…2ZARR (evoC-Bap1-mut-F-CG) | 4 of 4 ✔
[fe/64cede] epi…XPORT (evoC-Bap1-mut-F_CG) | 3 of 4
[f0/f5c1c4] epi…voC_Bap1_run-long_ctrl-CG) | 1 of 1 ✔
Plus 5 more processes waiting for tasks…

executor >  slurm (83)
[5a/98213b] res…AW (evoC-Bap1-mut-F, L005) | 4 of 4 ✔
[94/9d8d88] res…DE (evoC-Bap1-mut-F, L005) | 4 of 4 ✔
[-        ] resolve_align:FASTQC_RESOLVED  -
[bc/1d3e7e] res…M2 (evoC-Bap1-mut-F, L005) | 4 of 4 ✔
[-        ] res…align:SAMTOOLS_MERGE_LANES -
[-        ] resolve_align:PRESEQ           -
[b2/0bf87a] bam…t:BAMLET (evoC-Bap1-mut-F) | 4 of 4 ✔
[32/0ea4f0] bam…AP_BAMQC (evoC-Bap1-mut-F) | 3 of 4
[04/be1053] bam…TSS_BIAS (evoC-Bap1-mut-F) | 3 of 4
[-        ] bam…:DEEPTOOLS_PLOTFINGERPRINT -
[6f/d0d158] bam…D_GCBIAS (evoC-Bap1-mut-F) | 3 of 4
[8b/1d68c7] bam…ACCURACY (evoC-Bap1-mut-F) | 4 of 4 ✔
[b2/7e769c] var…E_CALLER (evoC-Bap1-mut-F) | 0 of 4
[-        ] var…nt_calling:SPLIT_INTERVALS -
[-        ] var…calling:GENOMICS_DB_IMPORT -
[-        ] variant_calling:GENOTYPE_GVCFS -
[-        ] var…t_calling:MERGE_JOINT_VCFS -
[-        ] variant_calling:ASM            -
[-        ] var…_calling:MERGE_ASM_OUTPUTS -
[1f/8e642f] var…:MUTECT2 (evoC-Bap1-mut-F) | 0 of 4
[47/a12813] mbi…oC-Bap1-mut-M-CHH-5-prime) | 7 of 12
[3a/c84722] epi…ZARR (evoC-Bap1-ctrl-F-CG) | 2 of 12
[fc/54af45] epi…PORT (evoC-Bap1-ctrl-F_CG) | 0 of 2
[c1/286c4a] epi…2ZARR (evoC-Bap1-mut-F-CG) | 4 of 4 ✔
[17/ec0760] epi…XPORT (evoC-Bap1-mut-F_CG) | 4 of 4 ✔
[77/1ce2ab] epi…2ZARR (evoC-Bap1-mut-F-CG) | 4 of 4 ✔
[fe/64cede] epi…XPORT (evoC-Bap1-mut-F_CG) | 4 of 4 ✔
[f0/f5c1c4] epi…voC_Bap1_run-long_ctrl-CG) | 1 of 1 ✔
[-        ] summary:DQSPY                  | 0 of 1
Plus 4 more processes waiting for tasks…

executor >  slurm (84)
[5a/98213b] res…AW (evoC-Bap1-mut-F, L005) | 4 of 4 ✔
[94/9d8d88] res…DE (evoC-Bap1-mut-F, L005) | 4 of 4 ✔
[-        ] resolve_align:FASTQC_RESOLVED  -
[bc/1d3e7e] res…M2 (evoC-Bap1-mut-F, L005) | 4 of 4 ✔
[-        ] res…align:SAMTOOLS_MERGE_LANES -
[-        ] resolve_align:PRESEQ           -
[b2/0bf87a] bam…t:BAMLET (evoC-Bap1-mut-F) | 4 of 4 ✔
[32/0ea4f0] bam…AP_BAMQC (evoC-Bap1-mut-F) | 3 of 4
[04/be1053] bam…TSS_BIAS (evoC-Bap1-mut-F) | 3 of 4
[-        ] bam…:DEEPTOOLS_PLOTFINGERPRINT -
[6f/d0d158] bam…D_GCBIAS (evoC-Bap1-mut-F) | 3 of 4
[8b/1d68c7] bam…ACCURACY (evoC-Bap1-mut-F) | 4 of 4 ✔
[b2/7e769c] var…E_CALLER (evoC-Bap1-mut-F) | 0 of 4
[-        ] var…nt_calling:SPLIT_INTERVALS -
[-        ] var…calling:GENOMICS_DB_IMPORT -
[-        ] variant_calling:GENOTYPE_GVCFS -
[-        ] var…t_calling:MERGE_JOINT_VCFS -
[-        ] variant_calling:ASM            -
[-        ] var…_calling:MERGE_ASM_OUTPUTS -
[1f/8e642f] var…:MUTECT2 (evoC-Bap1-mut-F) | 0 of 4
[47/a12813] mbi…oC-Bap1-mut-M-CHH-5-prime) | 7 of 12
[3a/c84722] epi…ZARR (evoC-Bap1-ctrl-F-CG) | 2 of 12
[fc/54af45] epi…PORT (evoC-Bap1-ctrl-F_CG) | 0 of 2
[c1/286c4a] epi…2ZARR (evoC-Bap1-mut-F-CG) | 4 of 4 ✔
[17/ec0760] epi…XPORT (evoC-Bap1-mut-F_CG) | 4 of 4 ✔
[77/1ce2ab] epi…2ZARR (evoC-Bap1-mut-F-CG) | 4 of 4 ✔
[fe/64cede] epi…XPORT (evoC-Bap1-mut-F_CG) | 4 of 4 ✔
[f0/f5c1c4] epi…voC_Bap1_run-long_ctrl-CG) | 1 of 1 ✔
[ce/ac52e7] summary:DQSPY (evoC_Bap1_run)  | 0 of 1
Plus 4 more processes waiting for tasks…

executor >  slurm (84)
[5a/98213b] res…AW (evoC-Bap1-mut-F, L005) | 4 of 4 ✔
[94/9d8d88] res…DE (evoC-Bap1-mut-F, L005) | 4 of 4 ✔
[-        ] resolve_align:FASTQC_RESOLVED  -
[bc/1d3e7e] res…M2 (evoC-Bap1-mut-F, L005) | 4 of 4 ✔
[-        ] res…align:SAMTOOLS_MERGE_LANES -
[-        ] resolve_align:PRESEQ           -
[b2/0bf87a] bam…t:BAMLET (evoC-Bap1-mut-F) | 4 of 4 ✔
[32/0ea4f0] bam…AP_BAMQC (evoC-Bap1-mut-F) | 3 of 4
[04/be1053] bam…TSS_BIAS (evoC-Bap1-mut-F) | 3 of 4
[-        ] bam…:DEEPTOOLS_PLOTFINGERPRINT -
[6f/d0d158] bam…D_GCBIAS (evoC-Bap1-mut-F) | 3 of 4
[8b/1d68c7] bam…ACCURACY (evoC-Bap1-mut-F) | 4 of 4 ✔
[b2/7e769c] var…E_CALLER (evoC-Bap1-mut-F) | 0 of 4
[-        ] var…nt_calling:SPLIT_INTERVALS -
[-        ] var…calling:GENOMICS_DB_IMPORT -
[-        ] variant_calling:GENOTYPE_GVCFS -
[-        ] var…t_calling:MERGE_JOINT_VCFS -
[-        ] variant_calling:ASM            -
[-        ] var…_calling:MERGE_ASM_OUTPUTS -
[1f/8e642f] var…:MUTECT2 (evoC-Bap1-mut-F) | 0 of 4
[47/a12813] mbi…oC-Bap1-mut-M-CHH-5-prime) | 7 of 12
[3a/c84722] epi…ZARR (evoC-Bap1-ctrl-F-CG) | 2 of 12
[fc/54af45] epi…PORT (evoC-Bap1-ctrl-F_CG) | 0 of 2
[c1/286c4a] epi…2ZARR (evoC-Bap1-mut-F-CG) | 4 of 4 ✔
[17/ec0760] epi…XPORT (evoC-Bap1-mut-F_CG) | 4 of 4 ✔
[77/1ce2ab] epi…2ZARR (evoC-Bap1-mut-F-CG) | 4 of 4 ✔
[fe/64cede] epi…XPORT (evoC-Bap1-mut-F_CG) | 4 of 4 ✔
[f0/f5c1c4] epi…voC_Bap1_run-long_ctrl-CG) | 1 of 1 ✔
[ce/ac52e7] summary:DQSPY (evoC_Bap1_run)  | 0 of 1
Plus 4 more processes waiting for tasks…

executor >  slurm (84)
[5a/98213b] res…AW (evoC-Bap1-mut-F, L005) | 4 of 4 ✔
[94/9d8d88] res…DE (evoC-Bap1-mut-F, L005) | 4 of 4 ✔
[-        ] resolve_align:FASTQC_RESOLVED  -
[bc/1d3e7e] res…M2 (evoC-Bap1-mut-F, L005) | 4 of 4 ✔
[-        ] res…align:SAMTOOLS_MERGE_LANES -
[-        ] resolve_align:PRESEQ           -
[b2/0bf87a] bam…t:BAMLET (evoC-Bap1-mut-F) | 4 of 4 ✔
[32/0ea4f0] bam…AP_BAMQC (evoC-Bap1-mut-F) | 3 of 4
[04/be1053] bam…TSS_BIAS (evoC-Bap1-mut-F) | 3 of 4
[-        ] bam…:DEEPTOOLS_PLOTFINGERPRINT -
[6f/d0d158] bam…D_GCBIAS (evoC-Bap1-mut-F) | 3 of 4
[8b/1d68c7] bam…ACCURACY (evoC-Bap1-mut-F) | 4 of 4 ✔
[b2/7e769c] var…E_CALLER (evoC-Bap1-mut-F) | 0 of 4
[-        ] var…nt_calling:SPLIT_INTERVALS -
[-        ] var…calling:GENOMICS_DB_IMPORT -
[-        ] variant_calling:GENOTYPE_GVCFS -
[-        ] var…t_calling:MERGE_JOINT_VCFS -
[-        ] variant_calling:ASM            -
[-        ] var…_calling:MERGE_ASM_OUTPUTS -
[1f/8e642f] var…:MUTECT2 (evoC-Bap1-mut-F) | 0 of 4
[47/a12813] mbi…oC-Bap1-mut-M-CHH-5-prime) | 7 of 12
[3a/c84722] epi…ZARR (evoC-Bap1-ctrl-F-CG) | 2 of 12
[fc/54af45] epi…PORT (evoC-Bap1-ctrl-F_CG) | 0 of 2
[c1/286c4a] epi…2ZARR (evoC-Bap1-mut-F-CG) | 4 of 4 ✔
[17/ec0760] epi…XPORT (evoC-Bap1-mut-F_CG) | 4 of 4 ✔
[77/1ce2ab] epi…2ZARR (evoC-Bap1-mut-F-CG) | 4 of 4 ✔
[fe/64cede] epi…XPORT (evoC-Bap1-mut-F_CG) | 4 of 4 ✔
[f0/f5c1c4] epi…voC_Bap1_run-long_ctrl-CG) | 1 of 1 ✔
[ce/ac52e7] summary:DQSPY (evoC_Bap1_run)  | 1 of 1 ✔
Plus 4 more processes waiting for tasks…

executor >  slurm (84)
[5a/98213b] res…AW (evoC-Bap1-mut-F, L005) | 4 of 4 ✔
[94/9d8d88] res…DE (evoC-Bap1-mut-F, L005) | 4 of 4 ✔
[-        ] resolve_align:FASTQC_RESOLVED  -
[bc/1d3e7e] res…M2 (evoC-Bap1-mut-F, L005) | 4 of 4 ✔
[-        ] res…align:SAMTOOLS_MERGE_LANES -
[-        ] resolve_align:PRESEQ           -
[b2/0bf87a] bam…t:BAMLET (evoC-Bap1-mut-F) | 4 of 4 ✔
[32/0ea4f0] bam…AP_BAMQC (evoC-Bap1-mut-F) | 3 of 4
[04/be1053] bam…TSS_BIAS (evoC-Bap1-mut-F) | 3 of 4
[-        ] bam…:DEEPTOOLS_PLOTFINGERPRINT -
[6f/d0d158] bam…D_GCBIAS (evoC-Bap1-mut-F) | 3 of 4
[8b/1d68c7] bam…ACCURACY (evoC-Bap1-mut-F) | 4 of 4 ✔
[b2/7e769c] var…E_CALLER (evoC-Bap1-mut-F) | 0 of 4
[-        ] var…nt_calling:SPLIT_INTERVALS -
[-        ] var…calling:GENOMICS_DB_IMPORT -
[-        ] variant_calling:GENOTYPE_GVCFS -
[-        ] var…t_calling:MERGE_JOINT_VCFS -
[-        ] variant_calling:ASM            -
[-        ] var…_calling:MERGE_ASM_OUTPUTS -
[1f/8e642f] var…:MUTECT2 (evoC-Bap1-mut-F) | 0 of 4
[9a/c55f1f] mbi…oC-Bap1-ctrl-F-CG-5-prime) | 8 of 12
[3a/c84722] epi…ZARR (evoC-Bap1-ctrl-F-CG) | 2 of 12
[fc/54af45] epi…PORT (evoC-Bap1-ctrl-F_CG) | 0 of 2
[c1/286c4a] epi…2ZARR (evoC-Bap1-mut-F-CG) | 4 of 4 ✔
[17/ec0760] epi…XPORT (evoC-Bap1-mut-F_CG) | 4 of 4 ✔
[77/1ce2ab] epi…2ZARR (evoC-Bap1-mut-F-CG) | 4 of 4 ✔
[fe/64cede] epi…XPORT (evoC-Bap1-mut-F_CG) | 4 of 4 ✔
[f0/f5c1c4] epi…voC_Bap1_run-long_ctrl-CG) | 1 of 1 ✔
[ce/ac52e7] summary:DQSPY (evoC_Bap1_run)  | 1 of 1 ✔
Plus 4 more processes waiting for tasks…

executor >  slurm (84)
[5a/98213b] res…AW (evoC-Bap1-mut-F, L005) | 4 of 4 ✔
[94/9d8d88] res…DE (evoC-Bap1-mut-F, L005) | 4 of 4 ✔
[-        ] resolve_align:FASTQC_RESOLVED  -
[bc/1d3e7e] res…M2 (evoC-Bap1-mut-F, L005) | 4 of 4 ✔
[-        ] res…align:SAMTOOLS_MERGE_LANES -
[-        ] resolve_align:PRESEQ           -
[b2/0bf87a] bam…t:BAMLET (evoC-Bap1-mut-F) | 4 of 4 ✔
[32/0ea4f0] bam…AP_BAMQC (evoC-Bap1-mut-F) | 3 of 4
[04/be1053] bam…TSS_BIAS (evoC-Bap1-mut-F) | 3 of 4
[-        ] bam…:DEEPTOOLS_PLOTFINGERPRINT -
[6f/d0d158] bam…D_GCBIAS (evoC-Bap1-mut-F) | 3 of 4
[8b/1d68c7] bam…ACCURACY (evoC-Bap1-mut-F) | 4 of 4 ✔
[b2/7e769c] var…E_CALLER (evoC-Bap1-mut-F) | 0 of 4
[-        ] var…nt_calling:SPLIT_INTERVALS -
[-        ] var…calling:GENOMICS_DB_IMPORT -
[-        ] variant_calling:GENOTYPE_GVCFS -
[-        ] var…t_calling:MERGE_JOINT_VCFS -
[-        ] variant_calling:ASM            -
[-        ] var…_calling:MERGE_ASM_OUTPUTS -
[1f/8e642f] var…:MUTECT2 (evoC-Bap1-mut-F) | 0 of 4
[9a/c55f1f] mbi…oC-Bap1-ctrl-F-CG-5-prime) | 8 of 12
[08/652164] epi…2ZARR (evoC-Bap1-mut-M-CG) | 3 of 12
[fc/54af45] epi…PORT (evoC-Bap1-ctrl-F_CG) | 0 of 3
[c1/286c4a] epi…2ZARR (evoC-Bap1-mut-F-CG) | 4 of 4 ✔
[17/ec0760] epi…XPORT (evoC-Bap1-mut-F_CG) | 4 of 4 ✔
[77/1ce2ab] epi…2ZARR (evoC-Bap1-mut-F-CG) | 4 of 4 ✔
[fe/64cede] epi…XPORT (evoC-Bap1-mut-F_CG) | 4 of 4 ✔
[f0/f5c1c4] epi…voC_Bap1_run-long_ctrl-CG) | 1 of 1 ✔
[ce/ac52e7] summary:DQSPY (evoC_Bap1_run)  | 1 of 1 ✔
Plus 4 more processes waiting for tasks…

executor >  slurm (85)
[5a/98213b] res…AW (evoC-Bap1-mut-F, L005) | 4 of 4 ✔
[94/9d8d88] res…DE (evoC-Bap1-mut-F, L005) | 4 of 4 ✔
[-        ] resolve_align:FASTQC_RESOLVED  -
[bc/1d3e7e] res…M2 (evoC-Bap1-mut-F, L005) | 4 of 4 ✔
[-        ] res…align:SAMTOOLS_MERGE_LANES -
[-        ] resolve_align:PRESEQ           -
[b2/0bf87a] bam…t:BAMLET (evoC-Bap1-mut-F) | 4 of 4 ✔
[32/0ea4f0] bam…AP_BAMQC (evoC-Bap1-mut-F) | 3 of 4
[04/be1053] bam…TSS_BIAS (evoC-Bap1-mut-F) | 3 of 4
[-        ] bam…:DEEPTOOLS_PLOTFINGERPRINT -
[6f/d0d158] bam…D_GCBIAS (evoC-Bap1-mut-F) | 3 of 4
[8b/1d68c7] bam…ACCURACY (evoC-Bap1-mut-F) | 4 of 4 ✔
[b2/7e769c] var…E_CALLER (evoC-Bap1-mut-F) | 0 of 4
[-        ] var…nt_calling:SPLIT_INTERVALS -
[-        ] var…calling:GENOMICS_DB_IMPORT -
[-        ] variant_calling:GENOTYPE_GVCFS -
[-        ] var…t_calling:MERGE_JOINT_VCFS -
[-        ] variant_calling:ASM            -
[-        ] var…_calling:MERGE_ASM_OUTPUTS -
[1f/8e642f] var…:MUTECT2 (evoC-Bap1-mut-F) | 0 of 4
[9a/c55f1f] mbi…oC-Bap1-ctrl-F-CG-5-prime) | 8 of 12
[08/652164] epi…2ZARR (evoC-Bap1-mut-M-CG) | 3 of 12
[33/676710] epi…XPORT (evoC-Bap1-mut-M_CG) | 0 of 3
[c1/286c4a] epi…2ZARR (evoC-Bap1-mut-F-CG) | 4 of 4 ✔
[17/ec0760] epi…XPORT (evoC-Bap1-mut-F_CG) | 4 of 4 ✔
[77/1ce2ab] epi…2ZARR (evoC-Bap1-mut-F-CG) | 4 of 4 ✔
[fe/64cede] epi…XPORT (evoC-Bap1-mut-F_CG) | 4 of 4 ✔
[f0/f5c1c4] epi…voC_Bap1_run-long_ctrl-CG) | 1 of 1 ✔
[ce/ac52e7] summary:DQSPY (evoC_Bap1_run)  | 1 of 1 ✔
Plus 4 more processes waiting for tasks…

executor >  slurm (85)
[5a/98213b] res…AW (evoC-Bap1-mut-F, L005) | 4 of 4 ✔
[94/9d8d88] res…DE (evoC-Bap1-mut-F, L005) | 4 of 4 ✔
[-        ] resolve_align:FASTQC_RESOLVED  -
[bc/1d3e7e] res…M2 (evoC-Bap1-mut-F, L005) | 4 of 4 ✔
[-        ] res…align:SAMTOOLS_MERGE_LANES -
[-        ] resolve_align:PRESEQ           -
[b2/0bf87a] bam…t:BAMLET (evoC-Bap1-mut-F) | 4 of 4 ✔
[32/0ea4f0] bam…AP_BAMQC (evoC-Bap1-mut-F) | 3 of 4
[04/be1053] bam…TSS_BIAS (evoC-Bap1-mut-F) | 3 of 4
[-        ] bam…:DEEPTOOLS_PLOTFINGERPRINT -
[6f/d0d158] bam…D_GCBIAS (evoC-Bap1-mut-F) | 3 of 4
[8b/1d68c7] bam…ACCURACY (evoC-Bap1-mut-F) | 4 of 4 ✔
[b2/7e769c] var…E_CALLER (evoC-Bap1-mut-F) | 0 of 4
[-        ] var…nt_calling:SPLIT_INTERVALS -
[-        ] var…calling:GENOMICS_DB_IMPORT -
[-        ] variant_calling:GENOTYPE_GVCFS -
[-        ] var…t_calling:MERGE_JOINT_VCFS -
[-        ] variant_calling:ASM            -
[-        ] var…_calling:MERGE_ASM_OUTPUTS -
[1f/8e642f] var…:MUTECT2 (evoC-Bap1-mut-F) | 0 of 4
[9a/c55f1f] mbi…oC-Bap1-ctrl-F-CG-5-prime) | 8 of 12
[08/652164] epi…2ZARR (evoC-Bap1-mut-M-CG) | 3 of 12
[33/676710] epi…XPORT (evoC-Bap1-mut-M_CG) | 0 of 3
[c1/286c4a] epi…2ZARR (evoC-Bap1-mut-F-CG) | 4 of 4 ✔
[17/ec0760] epi…XPORT (evoC-Bap1-mut-F_CG) | 4 of 4 ✔
[77/1ce2ab] epi…2ZARR (evoC-Bap1-mut-F-CG) | 4 of 4 ✔
[fe/64cede] epi…XPORT (evoC-Bap1-mut-F_CG) | 4 of 4 ✔
[f0/f5c1c4] epi…voC_Bap1_run-long_ctrl-CG) | 1 of 1 ✔
[ce/ac52e7] summary:DQSPY (evoC_Bap1_run)  | 1 of 1 ✔
Plus 4 more processes waiting for tasks…

executor >  slurm (85)
[5a/98213b] res…AW (evoC-Bap1-mut-F, L005) | 4 of 4 ✔
[94/9d8d88] res…DE (evoC-Bap1-mut-F, L005) | 4 of 4 ✔
[-        ] resolve_align:FASTQC_RESOLVED  -
[bc/1d3e7e] res…M2 (evoC-Bap1-mut-F, L005) | 4 of 4 ✔
[-        ] res…align:SAMTOOLS_MERGE_LANES -
[-        ] resolve_align:PRESEQ           -
[b2/0bf87a] bam…t:BAMLET (evoC-Bap1-mut-F) | 4 of 4 ✔
[32/0ea4f0] bam…AP_BAMQC (evoC-Bap1-mut-F) | 3 of 4
[04/be1053] bam…TSS_BIAS (evoC-Bap1-mut-F) | 3 of 4
[-        ] bam…:DEEPTOOLS_PLOTFINGERPRINT -
[6f/d0d158] bam…D_GCBIAS (evoC-Bap1-mut-F) | 3 of 4
[8b/1d68c7] bam…ACCURACY (evoC-Bap1-mut-F) | 4 of 4 ✔
[b2/7e769c] var…E_CALLER (evoC-Bap1-mut-F) | 0 of 4
[-        ] var…nt_calling:SPLIT_INTERVALS -
[-        ] var…calling:GENOMICS_DB_IMPORT -
[-        ] variant_calling:GENOTYPE_GVCFS -
[-        ] var…t_calling:MERGE_JOINT_VCFS -
[-        ] variant_calling:ASM            -
[-        ] var…_calling:MERGE_ASM_OUTPUTS -
[1f/8e642f] var…:MUTECT2 (evoC-Bap1-mut-F) | 0 of 4
[51/7d6709] mbi…voC-Bap1-mut-M-CG-5-prime) | 9 of 12
[08/652164] epi…2ZARR (evoC-Bap1-mut-M-CG) | 3 of 12
[33/676710] epi…XPORT (evoC-Bap1-mut-M_CG) | 0 of 3
[c1/286c4a] epi…2ZARR (evoC-Bap1-mut-F-CG) | 4 of 4 ✔
[17/ec0760] epi…XPORT (evoC-Bap1-mut-F_CG) | 4 of 4 ✔
[77/1ce2ab] epi…2ZARR (evoC-Bap1-mut-F-CG) | 4 of 4 ✔
[fe/64cede] epi…XPORT (evoC-Bap1-mut-F_CG) | 4 of 4 ✔
[f0/f5c1c4] epi…voC_Bap1_run-long_ctrl-CG) | 1 of 1 ✔
[ce/ac52e7] summary:DQSPY (evoC_Bap1_run)  | 1 of 1 ✔
Plus 4 more processes waiting for tasks…

executor >  slurm (85)
[5a/98213b] res…AW (evoC-Bap1-mut-F, L005) | 4 of 4 ✔
[94/9d8d88] res…DE (evoC-Bap1-mut-F, L005) | 4 of 4 ✔
[-        ] resolve_align:FASTQC_RESOLVED  -
[bc/1d3e7e] res…M2 (evoC-Bap1-mut-F, L005) | 4 of 4 ✔
[-        ] res…align:SAMTOOLS_MERGE_LANES -
[-        ] resolve_align:PRESEQ           -
[b2/0bf87a] bam…t:BAMLET (evoC-Bap1-mut-F) | 4 of 4 ✔
[32/0ea4f0] bam…AP_BAMQC (evoC-Bap1-mut-F) | 3 of 4
[04/be1053] bam…TSS_BIAS (evoC-Bap1-mut-F) | 4 of 4 ✔
[-        ] bam…:DEEPTOOLS_PLOTFINGERPRINT -
[6f/d0d158] bam…D_GCBIAS (evoC-Bap1-mut-F) | 3 of 4
[8b/1d68c7] bam…ACCURACY (evoC-Bap1-mut-F) | 4 of 4 ✔
[b2/7e769c] var…E_CALLER (evoC-Bap1-mut-F) | 0 of 4
[-        ] var…nt_calling:SPLIT_INTERVALS -
[-        ] var…calling:GENOMICS_DB_IMPORT -
[-        ] variant_calling:GENOTYPE_GVCFS -
[-        ] var…t_calling:MERGE_JOINT_VCFS -
[-        ] variant_calling:ASM            -
[-        ] var…_calling:MERGE_ASM_OUTPUTS -
[1f/8e642f] var…:MUTECT2 (evoC-Bap1-mut-F) | 0 of 4
[51/7d6709] mbi…voC-Bap1-mut-M-CG-5-prime) | 9 of 12
[08/652164] epi…2ZARR (evoC-Bap1-mut-M-CG) | 3 of 12
[33/676710] epi…XPORT (evoC-Bap1-mut-M_CG) | 0 of 3
[c1/286c4a] epi…2ZARR (evoC-Bap1-mut-F-CG) | 4 of 4 ✔
[17/ec0760] epi…XPORT (evoC-Bap1-mut-F_CG) | 4 of 4 ✔
[77/1ce2ab] epi…2ZARR (evoC-Bap1-mut-F-CG) | 4 of 4 ✔
[fe/64cede] epi…XPORT (evoC-Bap1-mut-F_CG) | 4 of 4 ✔
[f0/f5c1c4] epi…voC_Bap1_run-long_ctrl-CG) | 1 of 1 ✔
[ce/ac52e7] summary:DQSPY (evoC_Bap1_run)  | 1 of 1 ✔
Plus 4 more processes waiting for tasks…

executor >  slurm (86)
[5a/98213b] res…AW (evoC-Bap1-mut-F, L005) | 4 of 4 ✔
[94/9d8d88] res…DE (evoC-Bap1-mut-F, L005) | 4 of 4 ✔
[-        ] resolve_align:FASTQC_RESOLVED  -
[bc/1d3e7e] res…M2 (evoC-Bap1-mut-F, L005) | 4 of 4 ✔
[-        ] res…align:SAMTOOLS_MERGE_LANES -
[-        ] resolve_align:PRESEQ           -
[b2/0bf87a] bam…t:BAMLET (evoC-Bap1-mut-F) | 4 of 4 ✔
[32/0ea4f0] bam…AP_BAMQC (evoC-Bap1-mut-F) | 3 of 4
[04/be1053] bam…TSS_BIAS (evoC-Bap1-mut-F) | 4 of 4 ✔
[-        ] bam…:DEEPTOOLS_PLOTFINGERPRINT -
[6f/d0d158] bam…D_GCBIAS (evoC-Bap1-mut-F) | 3 of 4
[8b/1d68c7] bam…ACCURACY (evoC-Bap1-mut-F) | 4 of 4 ✔
[b2/7e769c] var…E_CALLER (evoC-Bap1-mut-F) | 0 of 4
[-        ] var…nt_calling:SPLIT_INTERVALS -
[-        ] var…calling:GENOMICS_DB_IMPORT -
[-        ] variant_calling:GENOTYPE_GVCFS -
[-        ] var…t_calling:MERGE_JOINT_VCFS -
[-        ] variant_calling:ASM            -
[-        ] var…_calling:MERGE_ASM_OUTPUTS -
[1f/8e642f] var…:MUTECT2 (evoC-Bap1-mut-F) | 0 of 4
[51/7d6709] mbi…voC-Bap1-mut-M-CG-5-prime) | 9 of 12
[cc/c1ac84] epi…ARR (evoC-Bap1-ctrl-M-CHG) | 4 of 12
[38/e7a8dc] epi…ORT (evoC-Bap1-ctrl-M_CHG) | 0 of 4
[c1/286c4a] epi…2ZARR (evoC-Bap1-mut-F-CG) | 4 of 4 ✔
[17/ec0760] epi…XPORT (evoC-Bap1-mut-F_CG) | 4 of 4 ✔
[77/1ce2ab] epi…2ZARR (evoC-Bap1-mut-F-CG) | 4 of 4 ✔
[fe/64cede] epi…XPORT (evoC-Bap1-mut-F_CG) | 4 of 4 ✔
[f0/f5c1c4] epi…voC_Bap1_run-long_ctrl-CG) | 1 of 1 ✔
[ce/ac52e7] summary:DQSPY (evoC_Bap1_run)  | 1 of 1 ✔
Plus 4 more processes waiting for tasks…

executor >  slurm (86)
[5a/98213b] res…AW (evoC-Bap1-mut-F, L005) | 4 of 4 ✔
[94/9d8d88] res…DE (evoC-Bap1-mut-F, L005) | 4 of 4 ✔
[-        ] resolve_align:FASTQC_RESOLVED  -
[bc/1d3e7e] res…M2 (evoC-Bap1-mut-F, L005) | 4 of 4 ✔
[-        ] res…align:SAMTOOLS_MERGE_LANES -
[-        ] resolve_align:PRESEQ           -
[b2/0bf87a] bam…t:BAMLET (evoC-Bap1-mut-F) | 4 of 4 ✔
[32/0ea4f0] bam…AP_BAMQC (evoC-Bap1-mut-F) | 3 of 4
[04/be1053] bam…TSS_BIAS (evoC-Bap1-mut-F) | 4 of 4 ✔
[-        ] bam…:DEEPTOOLS_PLOTFINGERPRINT -
[6f/d0d158] bam…D_GCBIAS (evoC-Bap1-mut-F) | 3 of 4
[8b/1d68c7] bam…ACCURACY (evoC-Bap1-mut-F) | 4 of 4 ✔
[b2/7e769c] var…E_CALLER (evoC-Bap1-mut-F) | 0 of 4
[-        ] var…nt_calling:SPLIT_INTERVALS -
[-        ] var…calling:GENOMICS_DB_IMPORT -
[-        ] variant_calling:GENOTYPE_GVCFS -
[-        ] var…t_calling:MERGE_JOINT_VCFS -
[-        ] variant_calling:ASM            -
[-        ] var…_calling:MERGE_ASM_OUTPUTS -
[1f/8e642f] var…:MUTECT2 (evoC-Bap1-mut-F) | 0 of 4
[51/7d6709] mbi…voC-Bap1-mut-M-CG-5-prime) | 9 of 12
[cc/c1ac84] epi…ARR (evoC-Bap1-ctrl-M-CHG) | 4 of 12
[38/e7a8dc] epi…ORT (evoC-Bap1-ctrl-M_CHG) | 0 of 4
[c1/286c4a] epi…2ZARR (evoC-Bap1-mut-F-CG) | 4 of 4 ✔
[17/ec0760] epi…XPORT (evoC-Bap1-mut-F_CG) | 4 of 4 ✔
[77/1ce2ab] epi…2ZARR (evoC-Bap1-mut-F-CG) | 4 of 4 ✔
[fe/64cede] epi…XPORT (evoC-Bap1-mut-F_CG) | 4 of 4 ✔
[f0/f5c1c4] epi…voC_Bap1_run-long_ctrl-CG) | 1 of 1 ✔
[ce/ac52e7] summary:DQSPY (evoC_Bap1_run)  | 1 of 1 ✔
Plus 4 more processes waiting for tasks…

executor >  slurm (86)
[5a/98213b] res…AW (evoC-Bap1-mut-F, L005) | 4 of 4 ✔
[94/9d8d88] res…DE (evoC-Bap1-mut-F, L005) | 4 of 4 ✔
[-        ] resolve_align:FASTQC_RESOLVED  -
[bc/1d3e7e] res…M2 (evoC-Bap1-mut-F, L005) | 4 of 4 ✔
[-        ] res…align:SAMTOOLS_MERGE_LANES -
[-        ] resolve_align:PRESEQ           -
[b2/0bf87a] bam…t:BAMLET (evoC-Bap1-mut-F) | 4 of 4 ✔
[32/0ea4f0] bam…AP_BAMQC (evoC-Bap1-mut-F) | 3 of 4
[04/be1053] bam…TSS_BIAS (evoC-Bap1-mut-F) | 4 of 4 ✔
[-        ] bam…:DEEPTOOLS_PLOTFINGERPRINT -
[6f/d0d158] bam…D_GCBIAS (evoC-Bap1-mut-F) | 3 of 4
[8b/1d68c7] bam…ACCURACY (evoC-Bap1-mut-F) | 4 of 4 ✔
[b2/7e769c] var…E_CALLER (evoC-Bap1-mut-F) | 0 of 4
[-        ] var…nt_calling:SPLIT_INTERVALS -
[-        ] var…calling:GENOMICS_DB_IMPORT -
[-        ] variant_calling:GENOTYPE_GVCFS -
[-        ] var…t_calling:MERGE_JOINT_VCFS -
[-        ] variant_calling:ASM            -
[-        ] var…_calling:MERGE_ASM_OUTPUTS -
[1f/8e642f] var…:MUTECT2 (evoC-Bap1-mut-F) | 0 of 4
[51/7d6709] mbi…voC-Bap1-mut-M-CG-5-prime) | 9 of 12
[cc/c1ac84] epi…ARR (evoC-Bap1-ctrl-M-CHG) | 4 of 12
[38/e7a8dc] epi…ORT (evoC-Bap1-ctrl-M_CHG) | 0 of 4
[c1/286c4a] epi…2ZARR (evoC-Bap1-mut-F-CG) | 4 of 4 ✔
[17/ec0760] epi…XPORT (evoC-Bap1-mut-F_CG) | 4 of 4 ✔
[77/1ce2ab] epi…2ZARR (evoC-Bap1-mut-F-CG) | 4 of 4 ✔
[fe/64cede] epi…XPORT (evoC-Bap1-mut-F_CG) | 4 of 4 ✔
[f0/f5c1c4] epi…voC_Bap1_run-long_ctrl-CG) | 1 of 1 ✔
[ce/ac52e7] summary:DQSPY (evoC_Bap1_run)  | 1 of 1 ✔
Plus 4 more processes waiting for tasks…
WARN: [SLURM] queue (shared) status cannot be fetched
- cmd executed: squeue --noheader -o %i %t -t all -p shared -u zalibhai
- exit status : 143
- output      :


executor >  slurm (87)
[5a/98213b] res…AW (evoC-Bap1-mut-F, L005) | 4 of 4 ✔
[94/9d8d88] res…DE (evoC-Bap1-mut-F, L005) | 4 of 4 ✔
[-        ] resolve_align:FASTQC_RESOLVED  -
[bc/1d3e7e] res…M2 (evoC-Bap1-mut-F, L005) | 4 of 4 ✔
[-        ] res…align:SAMTOOLS_MERGE_LANES -
[-        ] resolve_align:PRESEQ           -
[b2/0bf87a] bam…t:BAMLET (evoC-Bap1-mut-F) | 4 of 4 ✔
[32/0ea4f0] bam…AP_BAMQC (evoC-Bap1-mut-F) | 3 of 4
[04/be1053] bam…TSS_BIAS (evoC-Bap1-mut-F) | 4 of 4 ✔
[-        ] bam…:DEEPTOOLS_PLOTFINGERPRINT -
[6f/d0d158] bam…D_GCBIAS (evoC-Bap1-mut-F) | 3 of 4
[8b/1d68c7] bam…ACCURACY (evoC-Bap1-mut-F) | 4 of 4 ✔
[b2/7e769c] var…E_CALLER (evoC-Bap1-mut-F) | 0 of 4
[-        ] var…nt_calling:SPLIT_INTERVALS -
[-        ] var…calling:GENOMICS_DB_IMPORT -
[-        ] variant_calling:GENOTYPE_GVCFS -
[-        ] var…t_calling:MERGE_JOINT_VCFS -
[-        ] variant_calling:ASM            -
[-        ] var…_calling:MERGE_ASM_OUTPUTS -
[1f/8e642f] var…:MUTECT2 (evoC-Bap1-mut-F) | 0 of 4
[51/7d6709] mbi…voC-Bap1-mut-M-CG-5-prime) | 9 of 12
[29/b17b2d] epi…ARR (evoC-Bap1-ctrl-F-CHG) | 5 of 12
[0d/af1271] epi…ORT (evoC-Bap1-ctrl-F_CHG) | 0 of 5
[c1/286c4a] epi…2ZARR (evoC-Bap1-mut-F-CG) | 4 of 4 ✔
[17/ec0760] epi…XPORT (evoC-Bap1-mut-F_CG) | 4 of 4 ✔
[77/1ce2ab] epi…2ZARR (evoC-Bap1-mut-F-CG) | 4 of 4 ✔
[fe/64cede] epi…XPORT (evoC-Bap1-mut-F_CG) | 4 of 4 ✔
[f0/f5c1c4] epi…voC_Bap1_run-long_ctrl-CG) | 1 of 1 ✔
[ce/ac52e7] summary:DQSPY (evoC_Bap1_run)  | 1 of 1 ✔
Plus 4 more processes waiting for tasks…
WARN: [SLURM] queue (shared) status cannot be fetched
- cmd executed: squeue --noheader -o %i %t -t all -p shared -u zalibhai
- exit status : 143
- output      :


executor >  slurm (87)
[5a/98213b] res…AW (evoC-Bap1-mut-F, L005) | 4 of 4 ✔
[94/9d8d88] res…DE (evoC-Bap1-mut-F, L005) | 4 of 4 ✔
[-        ] resolve_align:FASTQC_RESOLVED  -
[bc/1d3e7e] res…M2 (evoC-Bap1-mut-F, L005) | 4 of 4 ✔
[-        ] res…align:SAMTOOLS_MERGE_LANES -
[-        ] resolve_align:PRESEQ           -
[b2/0bf87a] bam…t:BAMLET (evoC-Bap1-mut-F) | 4 of 4 ✔
[32/0ea4f0] bam…AP_BAMQC (evoC-Bap1-mut-F) | 3 of 4
[04/be1053] bam…TSS_BIAS (evoC-Bap1-mut-F) | 4 of 4 ✔
[-        ] bam…:DEEPTOOLS_PLOTFINGERPRINT -
[6f/d0d158] bam…D_GCBIAS (evoC-Bap1-mut-F) | 3 of 4
[8b/1d68c7] bam…ACCURACY (evoC-Bap1-mut-F) | 4 of 4 ✔
[b2/7e769c] var…E_CALLER (evoC-Bap1-mut-F) | 0 of 4
[-        ] var…nt_calling:SPLIT_INTERVALS -
[-        ] var…calling:GENOMICS_DB_IMPORT -
[-        ] variant_calling:GENOTYPE_GVCFS -
[-        ] var…t_calling:MERGE_JOINT_VCFS -
[-        ] variant_calling:ASM            -
[-        ] var…_calling:MERGE_ASM_OUTPUTS -
[1f/8e642f] var…:MUTECT2 (evoC-Bap1-mut-F) | 0 of 4
[51/7d6709] mbi…voC-Bap1-mut-M-CG-5-prime) | 9 of 12
[29/b17b2d] epi…ARR (evoC-Bap1-ctrl-F-CHG) | 5 of 12
[0d/af1271] epi…ORT (evoC-Bap1-ctrl-F_CHG) | 0 of 5
[c1/286c4a] epi…2ZARR (evoC-Bap1-mut-F-CG) | 4 of 4 ✔
[17/ec0760] epi…XPORT (evoC-Bap1-mut-F_CG) | 4 of 4 ✔
[77/1ce2ab] epi…2ZARR (evoC-Bap1-mut-F-CG) | 4 of 4 ✔
[fe/64cede] epi…XPORT (evoC-Bap1-mut-F_CG) | 4 of 4 ✔
[f0/f5c1c4] epi…voC_Bap1_run-long_ctrl-CG) | 1 of 1 ✔
[ce/ac52e7] summary:DQSPY (evoC_Bap1_run)  | 1 of 1 ✔
Plus 4 more processes waiting for tasks…






executor >  slurm (87)
[5a/98213b] res…AW (evoC-Bap1-mut-F, L005) | 4 of 4 ✔
[94/9d8d88] res…DE (evoC-Bap1-mut-F, L005) | 4 of 4 ✔
[-        ] resolve_align:FASTQC_RESOLVED  -
[bc/1d3e7e] res…M2 (evoC-Bap1-mut-F, L005) | 4 of 4 ✔
[-        ] res…align:SAMTOOLS_MERGE_LANES -
[-        ] resolve_align:PRESEQ           -
[b2/0bf87a] bam…t:BAMLET (evoC-Bap1-mut-F) | 4 of 4 ✔
[32/0ea4f0] bam…AP_BAMQC (evoC-Bap1-mut-F) | 4 of 4 ✔
[04/be1053] bam…TSS_BIAS (evoC-Bap1-mut-F) | 4 of 4 ✔
[-        ] bam…:DEEPTOOLS_PLOTFINGERPRINT -
[6f/d0d158] bam…D_GCBIAS (evoC-Bap1-mut-F) | 3 of 4
[8b/1d68c7] bam…ACCURACY (evoC-Bap1-mut-F) | 4 of 4 ✔
[b2/7e769c] var…E_CALLER (evoC-Bap1-mut-F) | 0 of 4
[-        ] var…nt_calling:SPLIT_INTERVALS -
[-        ] var…calling:GENOMICS_DB_IMPORT -
[-        ] variant_calling:GENOTYPE_GVCFS -
[-        ] var…t_calling:MERGE_JOINT_VCFS -
[-        ] variant_calling:ASM            -
[-        ] var…_calling:MERGE_ASM_OUTPUTS -
[1f/8e642f] var…:MUTECT2 (evoC-Bap1-mut-F) | 0 of 4
[51/7d6709] mbi…voC-Bap1-mut-M-CG-5-prime) | 9 of 12
[29/b17b2d] epi…ARR (evoC-Bap1-ctrl-F-CHG) | 5 of 12
[0d/af1271] epi…ORT (evoC-Bap1-ctrl-F_CHG) | 0 of 5
[c1/286c4a] epi…2ZARR (evoC-Bap1-mut-F-CG) | 4 of 4 ✔
[17/ec0760] epi…XPORT (evoC-Bap1-mut-F_CG) | 4 of 4 ✔
[77/1ce2ab] epi…2ZARR (evoC-Bap1-mut-F-CG) | 4 of 4 ✔
[fe/64cede] epi…XPORT (evoC-Bap1-mut-F_CG) | 4 of 4 ✔
[f0/f5c1c4] epi…voC_Bap1_run-long_ctrl-CG) | 1 of 1 ✔
[ce/ac52e7] summary:DQSPY (evoC_Bap1_run)  | 1 of 1 ✔
Plus 4 more processes waiting for tasks…






executor >  slurm (87)
[5a/98213b] res…AW (evoC-Bap1-mut-F, L005) | 4 of 4 ✔
[94/9d8d88] res…DE (evoC-Bap1-mut-F, L005) | 4 of 4 ✔
[-        ] resolve_align:FASTQC_RESOLVED  -
[bc/1d3e7e] res…M2 (evoC-Bap1-mut-F, L005) | 4 of 4 ✔
[-        ] res…align:SAMTOOLS_MERGE_LANES -
[-        ] resolve_align:PRESEQ           -
[b2/0bf87a] bam…t:BAMLET (evoC-Bap1-mut-F) | 4 of 4 ✔
[32/0ea4f0] bam…AP_BAMQC (evoC-Bap1-mut-F) | 4 of 4 ✔
[04/be1053] bam…TSS_BIAS (evoC-Bap1-mut-F) | 4 of 4 ✔
[-        ] bam…:DEEPTOOLS_PLOTFINGERPRINT -
[6f/d0d158] bam…D_GCBIAS (evoC-Bap1-mut-F) | 3 of 4
[8b/1d68c7] bam…ACCURACY (evoC-Bap1-mut-F) | 4 of 4 ✔
[b2/7e769c] var…E_CALLER (evoC-Bap1-mut-F) | 0 of 4
[-        ] var…nt_calling:SPLIT_INTERVALS -
[-        ] var…calling:GENOMICS_DB_IMPORT -
[-        ] variant_calling:GENOTYPE_GVCFS -
[-        ] var…t_calling:MERGE_JOINT_VCFS -
[-        ] variant_calling:ASM            -
[-        ] var…_calling:MERGE_ASM_OUTPUTS -
[32/84401a] var…MUTECT2 (evoC-Bap1-ctrl-M) | 1 of 4
[51/7d6709] mbi…voC-Bap1-mut-M-CG-5-prime) | 9 of 12
[29/b17b2d] epi…ARR (evoC-Bap1-ctrl-F-CHG) | 5 of 12
[0d/af1271] epi…ORT (evoC-Bap1-ctrl-F_CHG) | 0 of 5
[c1/286c4a] epi…2ZARR (evoC-Bap1-mut-F-CG) | 4 of 4 ✔
[17/ec0760] epi…XPORT (evoC-Bap1-mut-F_CG) | 4 of 4 ✔
[77/1ce2ab] epi…2ZARR (evoC-Bap1-mut-F-CG) | 4 of 4 ✔
[fe/64cede] epi…XPORT (evoC-Bap1-mut-F_CG) | 4 of 4 ✔
[f0/f5c1c4] epi…voC_Bap1_run-long_ctrl-CG) | 1 of 1 ✔
[ce/ac52e7] summary:DQSPY (evoC_Bap1_run)  | 1 of 1 ✔
Plus 4 more processes waiting for tasks…

executor >  slurm (87)
[5a/98213b] res…AW (evoC-Bap1-mut-F, L005) | 4 of 4 ✔
[94/9d8d88] res…DE (evoC-Bap1-mut-F, L005) | 4 of 4 ✔
[-        ] resolve_align:FASTQC_RESOLVED  -
[bc/1d3e7e] res…M2 (evoC-Bap1-mut-F, L005) | 4 of 4 ✔
[-        ] res…align:SAMTOOLS_MERGE_LANES -
[-        ] resolve_align:PRESEQ           -
[b2/0bf87a] bam…t:BAMLET (evoC-Bap1-mut-F) | 4 of 4 ✔
[32/0ea4f0] bam…AP_BAMQC (evoC-Bap1-mut-F) | 4 of 4 ✔
[04/be1053] bam…TSS_BIAS (evoC-Bap1-mut-F) | 4 of 4 ✔
[-        ] bam…:DEEPTOOLS_PLOTFINGERPRINT -
[6f/d0d158] bam…D_GCBIAS (evoC-Bap1-mut-F) | 4 of 4 ✔
[8b/1d68c7] bam…ACCURACY (evoC-Bap1-mut-F) | 4 of 4 ✔
[b2/7e769c] var…E_CALLER (evoC-Bap1-mut-F) | 0 of 4
[-        ] var…nt_calling:SPLIT_INTERVALS -
[-        ] var…calling:GENOMICS_DB_IMPORT -
[-        ] variant_calling:GENOTYPE_GVCFS -
[-        ] var…t_calling:MERGE_JOINT_VCFS -
[-        ] variant_calling:ASM            -
[-        ] var…_calling:MERGE_ASM_OUTPUTS -
[32/84401a] var…MUTECT2 (evoC-Bap1-ctrl-M) | 1 of 4
[51/7d6709] mbi…voC-Bap1-mut-M-CG-5-prime) | 9 of 12
[29/b17b2d] epi…ARR (evoC-Bap1-ctrl-F-CHG) | 5 of 12
[0d/af1271] epi…ORT (evoC-Bap1-ctrl-F_CHG) | 0 of 5
[c1/286c4a] epi…2ZARR (evoC-Bap1-mut-F-CG) | 4 of 4 ✔
[17/ec0760] epi…XPORT (evoC-Bap1-mut-F_CG) | 4 of 4 ✔
[77/1ce2ab] epi…2ZARR (evoC-Bap1-mut-F-CG) | 4 of 4 ✔
[fe/64cede] epi…XPORT (evoC-Bap1-mut-F_CG) | 4 of 4 ✔
[f0/f5c1c4] epi…voC_Bap1_run-long_ctrl-CG) | 1 of 1 ✔
[ce/ac52e7] summary:DQSPY (evoC_Bap1_run)  | 1 of 1 ✔
Plus 4 more processes waiting for tasks…

executor >  slurm (87)
[5a/98213b] res…AW (evoC-Bap1-mut-F, L005) | 4 of 4 ✔
[94/9d8d88] res…DE (evoC-Bap1-mut-F, L005) | 4 of 4 ✔
[-        ] resolve_align:FASTQC_RESOLVED  -
[bc/1d3e7e] res…M2 (evoC-Bap1-mut-F, L005) | 4 of 4 ✔
[-        ] res…align:SAMTOOLS_MERGE_LANES -
[-        ] resolve_align:PRESEQ           -
[b2/0bf87a] bam…t:BAMLET (evoC-Bap1-mut-F) | 4 of 4 ✔
[32/0ea4f0] bam…AP_BAMQC (evoC-Bap1-mut-F) | 4 of 4 ✔
[04/be1053] bam…TSS_BIAS (evoC-Bap1-mut-F) | 4 of 4 ✔
[-        ] bam…:DEEPTOOLS_PLOTFINGERPRINT -
[6f/d0d158] bam…D_GCBIAS (evoC-Bap1-mut-F) | 4 of 4 ✔
[8b/1d68c7] bam…ACCURACY (evoC-Bap1-mut-F) | 4 of 4 ✔
[b2/7e769c] var…E_CALLER (evoC-Bap1-mut-F) | 0 of 4
[-        ] var…nt_calling:SPLIT_INTERVALS -
[-        ] var…calling:GENOMICS_DB_IMPORT -
[-        ] variant_calling:GENOTYPE_GVCFS -
[-        ] var…t_calling:MERGE_JOINT_VCFS -
[-        ] variant_calling:ASM            -
[-        ] var…_calling:MERGE_ASM_OUTPUTS -
[32/84401a] var…MUTECT2 (evoC-Bap1-ctrl-M) | 1 of 4
[f0/afa4e6] mbi…oC-Bap1-mut-F-CHG-5-prime) | 10 of 12
[29/b17b2d] epi…ARR (evoC-Bap1-ctrl-F-CHG) | 5 of 12
[0d/af1271] epi…ORT (evoC-Bap1-ctrl-F_CHG) | 0 of 5
[c1/286c4a] epi…2ZARR (evoC-Bap1-mut-F-CG) | 4 of 4 ✔
[17/ec0760] epi…XPORT (evoC-Bap1-mut-F_CG) | 4 of 4 ✔
[77/1ce2ab] epi…2ZARR (evoC-Bap1-mut-F-CG) | 4 of 4 ✔
[fe/64cede] epi…XPORT (evoC-Bap1-mut-F_CG) | 4 of 4 ✔
[f0/f5c1c4] epi…voC_Bap1_run-long_ctrl-CG) | 1 of 1 ✔
[ce/ac52e7] summary:DQSPY (evoC_Bap1_run)  | 1 of 1 ✔
Plus 4 more processes waiting for tasks…

executor >  slurm (87)
[5a/98213b] res…AW (evoC-Bap1-mut-F, L005) | 4 of 4 ✔
[94/9d8d88] res…DE (evoC-Bap1-mut-F, L005) | 4 of 4 ✔
[-        ] resolve_align:FASTQC_RESOLVED  -
[bc/1d3e7e] res…M2 (evoC-Bap1-mut-F, L005) | 4 of 4 ✔
[-        ] res…align:SAMTOOLS_MERGE_LANES -
[-        ] resolve_align:PRESEQ           -
[b2/0bf87a] bam…t:BAMLET (evoC-Bap1-mut-F) | 4 of 4 ✔
[32/0ea4f0] bam…AP_BAMQC (evoC-Bap1-mut-F) | 4 of 4 ✔
[04/be1053] bam…TSS_BIAS (evoC-Bap1-mut-F) | 4 of 4 ✔
[-        ] bam…:DEEPTOOLS_PLOTFINGERPRINT -
[6f/d0d158] bam…D_GCBIAS (evoC-Bap1-mut-F) | 4 of 4 ✔
[8b/1d68c7] bam…ACCURACY (evoC-Bap1-mut-F) | 4 of 4 ✔
[b2/7e769c] var…E_CALLER (evoC-Bap1-mut-F) | 0 of 4
[-        ] var…nt_calling:SPLIT_INTERVALS -
[-        ] var…calling:GENOMICS_DB_IMPORT -
[-        ] variant_calling:GENOTYPE_GVCFS -
[-        ] var…t_calling:MERGE_JOINT_VCFS -
[-        ] variant_calling:ASM            -
[-        ] var…_calling:MERGE_ASM_OUTPUTS -
[32/84401a] var…MUTECT2 (evoC-Bap1-ctrl-M) | 1 of 4
[f0/afa4e6] mbi…oC-Bap1-mut-F-CHG-5-prime) | 10 of 12
[92/50f00b] epi…ZARR (evoC-Bap1-mut-M-CHG) | 6 of 12
[0d/af1271] epi…ORT (evoC-Bap1-ctrl-F_CHG) | 0 of 6
[c1/286c4a] epi…2ZARR (evoC-Bap1-mut-F-CG) | 4 of 4 ✔
[17/ec0760] epi…XPORT (evoC-Bap1-mut-F_CG) | 4 of 4 ✔
[77/1ce2ab] epi…2ZARR (evoC-Bap1-mut-F-CG) | 4 of 4 ✔
[fe/64cede] epi…XPORT (evoC-Bap1-mut-F_CG) | 4 of 4 ✔
[f0/f5c1c4] epi…voC_Bap1_run-long_ctrl-CG) | 1 of 1 ✔
[ce/ac52e7] summary:DQSPY (evoC_Bap1_run)  | 1 of 1 ✔
Plus 4 more processes waiting for tasks…

executor >  slurm (88)
[5a/98213b] res…AW (evoC-Bap1-mut-F, L005) | 4 of 4 ✔
[94/9d8d88] res…DE (evoC-Bap1-mut-F, L005) | 4 of 4 ✔
[-        ] resolve_align:FASTQC_RESOLVED  -
[bc/1d3e7e] res…M2 (evoC-Bap1-mut-F, L005) | 4 of 4 ✔
[-        ] res…align:SAMTOOLS_MERGE_LANES -
[-        ] resolve_align:PRESEQ           -
[b2/0bf87a] bam…t:BAMLET (evoC-Bap1-mut-F) | 4 of 4 ✔
[32/0ea4f0] bam…AP_BAMQC (evoC-Bap1-mut-F) | 4 of 4 ✔
[04/be1053] bam…TSS_BIAS (evoC-Bap1-mut-F) | 4 of 4 ✔
[-        ] bam…:DEEPTOOLS_PLOTFINGERPRINT -
[6f/d0d158] bam…D_GCBIAS (evoC-Bap1-mut-F) | 4 of 4 ✔
[8b/1d68c7] bam…ACCURACY (evoC-Bap1-mut-F) | 4 of 4 ✔
[b2/7e769c] var…E_CALLER (evoC-Bap1-mut-F) | 0 of 4
[-        ] var…nt_calling:SPLIT_INTERVALS -
[-        ] var…calling:GENOMICS_DB_IMPORT -
[-        ] variant_calling:GENOTYPE_GVCFS -
[-        ] var…t_calling:MERGE_JOINT_VCFS -
[-        ] variant_calling:ASM            -
[-        ] var…_calling:MERGE_ASM_OUTPUTS -
[32/84401a] var…MUTECT2 (evoC-Bap1-ctrl-M) | 1 of 4
[f0/afa4e6] mbi…oC-Bap1-mut-F-CHG-5-prime) | 10 of 12
[92/50f00b] epi…ZARR (evoC-Bap1-mut-M-CHG) | 6 of 12
[02/23a0f6] epi…PORT (evoC-Bap1-mut-M_CHG) | 0 of 6
[c1/286c4a] epi…2ZARR (evoC-Bap1-mut-F-CG) | 4 of 4 ✔
[17/ec0760] epi…XPORT (evoC-Bap1-mut-F_CG) | 4 of 4 ✔
[77/1ce2ab] epi…2ZARR (evoC-Bap1-mut-F-CG) | 4 of 4 ✔
[fe/64cede] epi…XPORT (evoC-Bap1-mut-F_CG) | 4 of 4 ✔
[f0/f5c1c4] epi…voC_Bap1_run-long_ctrl-CG) | 1 of 1 ✔
[ce/ac52e7] summary:DQSPY (evoC_Bap1_run)  | 1 of 1 ✔
Plus 4 more processes waiting for tasks…

executor >  slurm (88)
[5a/98213b] res…AW (evoC-Bap1-mut-F, L005) | 4 of 4 ✔
[94/9d8d88] res…DE (evoC-Bap1-mut-F, L005) | 4 of 4 ✔
[-        ] resolve_align:FASTQC_RESOLVED  -
[bc/1d3e7e] res…M2 (evoC-Bap1-mut-F, L005) | 4 of 4 ✔
[-        ] res…align:SAMTOOLS_MERGE_LANES -
[-        ] resolve_align:PRESEQ           -
[b2/0bf87a] bam…t:BAMLET (evoC-Bap1-mut-F) | 4 of 4 ✔
[32/0ea4f0] bam…AP_BAMQC (evoC-Bap1-mut-F) | 4 of 4 ✔
[04/be1053] bam…TSS_BIAS (evoC-Bap1-mut-F) | 4 of 4 ✔
[-        ] bam…:DEEPTOOLS_PLOTFINGERPRINT -
[6f/d0d158] bam…D_GCBIAS (evoC-Bap1-mut-F) | 4 of 4 ✔
[8b/1d68c7] bam…ACCURACY (evoC-Bap1-mut-F) | 4 of 4 ✔
[b2/7e769c] var…E_CALLER (evoC-Bap1-mut-F) | 0 of 4
[-        ] var…nt_calling:SPLIT_INTERVALS -
[-        ] var…calling:GENOMICS_DB_IMPORT -
[-        ] variant_calling:GENOTYPE_GVCFS -
[-        ] var…t_calling:MERGE_JOINT_VCFS -
[-        ] variant_calling:ASM            -
[-        ] var…_calling:MERGE_ASM_OUTPUTS -
[32/84401a] var…MUTECT2 (evoC-Bap1-ctrl-M) | 1 of 4
[f0/afa4e6] mbi…oC-Bap1-mut-F-CHG-5-prime) | 10 of 12
[92/50f00b] epi…ZARR (evoC-Bap1-mut-M-CHG) | 6 of 12
[02/23a0f6] epi…PORT (evoC-Bap1-mut-M_CHG) | 0 of 6
[c1/286c4a] epi…2ZARR (evoC-Bap1-mut-F-CG) | 4 of 4 ✔
[17/ec0760] epi…XPORT (evoC-Bap1-mut-F_CG) | 4 of 4 ✔
[77/1ce2ab] epi…2ZARR (evoC-Bap1-mut-F-CG) | 4 of 4 ✔
[fe/64cede] epi…XPORT (evoC-Bap1-mut-F_CG) | 4 of 4 ✔
[f0/f5c1c4] epi…voC_Bap1_run-long_ctrl-CG) | 1 of 1 ✔
[ce/ac52e7] summary:DQSPY (evoC_Bap1_run)  | 1 of 1 ✔
Plus 4 more processes waiting for tasks…

executor >  slurm (88)
[5a/98213b] res…AW (evoC-Bap1-mut-F, L005) | 4 of 4 ✔
[94/9d8d88] res…DE (evoC-Bap1-mut-F, L005) | 4 of 4 ✔
[-        ] resolve_align:FASTQC_RESOLVED  -
[bc/1d3e7e] res…M2 (evoC-Bap1-mut-F, L005) | 4 of 4 ✔
[-        ] res…align:SAMTOOLS_MERGE_LANES -
[-        ] resolve_align:PRESEQ           -
[b2/0bf87a] bam…t:BAMLET (evoC-Bap1-mut-F) | 4 of 4 ✔
[32/0ea4f0] bam…AP_BAMQC (evoC-Bap1-mut-F) | 4 of 4 ✔
[04/be1053] bam…TSS_BIAS (evoC-Bap1-mut-F) | 4 of 4 ✔
[-        ] bam…:DEEPTOOLS_PLOTFINGERPRINT -
[6f/d0d158] bam…D_GCBIAS (evoC-Bap1-mut-F) | 4 of 4 ✔
[8b/1d68c7] bam…ACCURACY (evoC-Bap1-mut-F) | 4 of 4 ✔
[b2/7e769c] var…E_CALLER (evoC-Bap1-mut-F) | 0 of 4
[-        ] var…nt_calling:SPLIT_INTERVALS -
[-        ] var…calling:GENOMICS_DB_IMPORT -
[-        ] variant_calling:GENOTYPE_GVCFS -
[-        ] var…t_calling:MERGE_JOINT_VCFS -
[-        ] variant_calling:ASM            -
[-        ] var…_calling:MERGE_ASM_OUTPUTS -
[32/84401a] var…MUTECT2 (evoC-Bap1-ctrl-M) | 1 of 4
[c9/024a98] mbi…oC-Bap1-mut-F-CHH-5-prime) | 11 of 12
[92/50f00b] epi…ZARR (evoC-Bap1-mut-M-CHG) | 6 of 12
[02/23a0f6] epi…PORT (evoC-Bap1-mut-M_CHG) | 0 of 6
[c1/286c4a] epi…2ZARR (evoC-Bap1-mut-F-CG) | 4 of 4 ✔
[17/ec0760] epi…XPORT (evoC-Bap1-mut-F_CG) | 4 of 4 ✔
[77/1ce2ab] epi…2ZARR (evoC-Bap1-mut-F-CG) | 4 of 4 ✔
[fe/64cede] epi…XPORT (evoC-Bap1-mut-F_CG) | 4 of 4 ✔
[f0/f5c1c4] epi…voC_Bap1_run-long_ctrl-CG) | 1 of 1 ✔
[ce/ac52e7] summary:DQSPY (evoC_Bap1_run)  | 1 of 1 ✔
Plus 4 more processes waiting for tasks…

executor >  slurm (88)
[5a/98213b] res…AW (evoC-Bap1-mut-F, L005) | 4 of 4 ✔
[94/9d8d88] res…DE (evoC-Bap1-mut-F, L005) | 4 of 4 ✔
[-        ] resolve_align:FASTQC_RESOLVED  -
[bc/1d3e7e] res…M2 (evoC-Bap1-mut-F, L005) | 4 of 4 ✔
[-        ] res…align:SAMTOOLS_MERGE_LANES -
[-        ] resolve_align:PRESEQ           -
[b2/0bf87a] bam…t:BAMLET (evoC-Bap1-mut-F) | 4 of 4 ✔
[32/0ea4f0] bam…AP_BAMQC (evoC-Bap1-mut-F) | 4 of 4 ✔
[04/be1053] bam…TSS_BIAS (evoC-Bap1-mut-F) | 4 of 4 ✔
[-        ] bam…:DEEPTOOLS_PLOTFINGERPRINT -
[6f/d0d158] bam…D_GCBIAS (evoC-Bap1-mut-F) | 4 of 4 ✔
[8b/1d68c7] bam…ACCURACY (evoC-Bap1-mut-F) | 4 of 4 ✔
[b2/7e769c] var…E_CALLER (evoC-Bap1-mut-F) | 0 of 4
[-        ] var…nt_calling:SPLIT_INTERVALS -
[-        ] var…calling:GENOMICS_DB_IMPORT -
[-        ] variant_calling:GENOTYPE_GVCFS -
[-        ] var…t_calling:MERGE_JOINT_VCFS -
[-        ] variant_calling:ASM            -
[-        ] var…_calling:MERGE_ASM_OUTPUTS -
[89/b9458d] var…:MUTECT2 (evoC-Bap1-mut-M) | 2 of 4
[c9/024a98] mbi…oC-Bap1-mut-F-CHH-5-prime) | 11 of 12
[92/50f00b] epi…ZARR (evoC-Bap1-mut-M-CHG) | 6 of 12
[02/23a0f6] epi…PORT (evoC-Bap1-mut-M_CHG) | 0 of 6
[c1/286c4a] epi…2ZARR (evoC-Bap1-mut-F-CG) | 4 of 4 ✔
[17/ec0760] epi…XPORT (evoC-Bap1-mut-F_CG) | 4 of 4 ✔
[77/1ce2ab] epi…2ZARR (evoC-Bap1-mut-F-CG) | 4 of 4 ✔
[fe/64cede] epi…XPORT (evoC-Bap1-mut-F_CG) | 4 of 4 ✔
[f0/f5c1c4] epi…voC_Bap1_run-long_ctrl-CG) | 1 of 1 ✔
[ce/ac52e7] summary:DQSPY (evoC_Bap1_run)  | 1 of 1 ✔
Plus 4 more processes waiting for tasks…

executor >  slurm (89)
[5a/98213b] res…AW (evoC-Bap1-mut-F, L005) | 4 of 4 ✔
[94/9d8d88] res…DE (evoC-Bap1-mut-F, L005) | 4 of 4 ✔
[-        ] resolve_align:FASTQC_RESOLVED  -
[bc/1d3e7e] res…M2 (evoC-Bap1-mut-F, L005) | 4 of 4 ✔
[-        ] res…align:SAMTOOLS_MERGE_LANES -
[-        ] resolve_align:PRESEQ           -
[b2/0bf87a] bam…t:BAMLET (evoC-Bap1-mut-F) | 4 of 4 ✔
[32/0ea4f0] bam…AP_BAMQC (evoC-Bap1-mut-F) | 4 of 4 ✔
[04/be1053] bam…TSS_BIAS (evoC-Bap1-mut-F) | 4 of 4 ✔
[-        ] bam…:DEEPTOOLS_PLOTFINGERPRINT -
[6f/d0d158] bam…D_GCBIAS (evoC-Bap1-mut-F) | 4 of 4 ✔
[8b/1d68c7] bam…ACCURACY (evoC-Bap1-mut-F) | 4 of 4 ✔
[b2/7e769c] var…E_CALLER (evoC-Bap1-mut-F) | 0 of 4
[-        ] var…nt_calling:SPLIT_INTERVALS -
[-        ] var…calling:GENOMICS_DB_IMPORT -
[-        ] variant_calling:GENOTYPE_GVCFS -
[-        ] var…t_calling:MERGE_JOINT_VCFS -
[-        ] variant_calling:ASM            -
[-        ] var…_calling:MERGE_ASM_OUTPUTS -
[89/b9458d] var…:MUTECT2 (evoC-Bap1-mut-M) | 2 of 4
[c9/024a98] mbi…oC-Bap1-mut-F-CHH-5-prime) | 11 of 12
[ae/54c6e6] epi…2ZARR (evoC-Bap1-mut-F-CG) | 7 of 12
[1c/bbe64a] epi…XPORT (evoC-Bap1-mut-F_CG) | 0 of 7
[c1/286c4a] epi…2ZARR (evoC-Bap1-mut-F-CG) | 4 of 4 ✔
[17/ec0760] epi…XPORT (evoC-Bap1-mut-F_CG) | 4 of 4 ✔
[77/1ce2ab] epi…2ZARR (evoC-Bap1-mut-F-CG) | 4 of 4 ✔
[fe/64cede] epi…XPORT (evoC-Bap1-mut-F_CG) | 4 of 4 ✔
[f0/f5c1c4] epi…voC_Bap1_run-long_ctrl-CG) | 1 of 1 ✔
[ce/ac52e7] summary:DQSPY (evoC_Bap1_run)  | 1 of 1 ✔
Plus 4 more processes waiting for tasks…

executor >  slurm (89)
[5a/98213b] res…AW (evoC-Bap1-mut-F, L005) | 4 of 4 ✔
[94/9d8d88] res…DE (evoC-Bap1-mut-F, L005) | 4 of 4 ✔
[-        ] resolve_align:FASTQC_RESOLVED  -
[bc/1d3e7e] res…M2 (evoC-Bap1-mut-F, L005) | 4 of 4 ✔
[-        ] res…align:SAMTOOLS_MERGE_LANES -
[-        ] resolve_align:PRESEQ           -
[b2/0bf87a] bam…t:BAMLET (evoC-Bap1-mut-F) | 4 of 4 ✔
[32/0ea4f0] bam…AP_BAMQC (evoC-Bap1-mut-F) | 4 of 4 ✔
[04/be1053] bam…TSS_BIAS (evoC-Bap1-mut-F) | 4 of 4 ✔
[-        ] bam…:DEEPTOOLS_PLOTFINGERPRINT -
[6f/d0d158] bam…D_GCBIAS (evoC-Bap1-mut-F) | 4 of 4 ✔
[8b/1d68c7] bam…ACCURACY (evoC-Bap1-mut-F) | 4 of 4 ✔
[b2/7e769c] var…E_CALLER (evoC-Bap1-mut-F) | 0 of 4
[-        ] var…nt_calling:SPLIT_INTERVALS -
[-        ] var…calling:GENOMICS_DB_IMPORT -
[-        ] variant_calling:GENOTYPE_GVCFS -
[-        ] var…t_calling:MERGE_JOINT_VCFS -
[-        ] variant_calling:ASM            -
[-        ] var…_calling:MERGE_ASM_OUTPUTS -
[89/b9458d] var…:MUTECT2 (evoC-Bap1-mut-M) | 2 of 4
[c9/024a98] mbi…oC-Bap1-mut-F-CHH-5-prime) | 11 of 12
[ae/54c6e6] epi…2ZARR (evoC-Bap1-mut-F-CG) | 7 of 12
[1c/bbe64a] epi…XPORT (evoC-Bap1-mut-F_CG) | 0 of 7
[c1/286c4a] epi…2ZARR (evoC-Bap1-mut-F-CG) | 4 of 4 ✔
[17/ec0760] epi…XPORT (evoC-Bap1-mut-F_CG) | 4 of 4 ✔
[77/1ce2ab] epi…2ZARR (evoC-Bap1-mut-F-CG) | 4 of 4 ✔
[fe/64cede] epi…XPORT (evoC-Bap1-mut-F_CG) | 4 of 4 ✔
[f0/f5c1c4] epi…voC_Bap1_run-long_ctrl-CG) | 1 of 1 ✔
[ce/ac52e7] summary:DQSPY (evoC_Bap1_run)  | 1 of 1 ✔
Plus 4 more processes waiting for tasks…

executor >  slurm (89)
[5a/98213b] res…AW (evoC-Bap1-mut-F, L005) | 4 of 4 ✔
[94/9d8d88] res…DE (evoC-Bap1-mut-F, L005) | 4 of 4 ✔
[-        ] resolve_align:FASTQC_RESOLVED  -
[bc/1d3e7e] res…M2 (evoC-Bap1-mut-F, L005) | 4 of 4 ✔
[-        ] res…align:SAMTOOLS_MERGE_LANES -
[-        ] resolve_align:PRESEQ           -
[b2/0bf87a] bam…t:BAMLET (evoC-Bap1-mut-F) | 4 of 4 ✔
[32/0ea4f0] bam…AP_BAMQC (evoC-Bap1-mut-F) | 4 of 4 ✔
[04/be1053] bam…TSS_BIAS (evoC-Bap1-mut-F) | 4 of 4 ✔
[-        ] bam…:DEEPTOOLS_PLOTFINGERPRINT -
[6f/d0d158] bam…D_GCBIAS (evoC-Bap1-mut-F) | 4 of 4 ✔
[8b/1d68c7] bam…ACCURACY (evoC-Bap1-mut-F) | 4 of 4 ✔
[b2/7e769c] var…E_CALLER (evoC-Bap1-mut-F) | 0 of 4
[-        ] var…nt_calling:SPLIT_INTERVALS -
[-        ] var…calling:GENOMICS_DB_IMPORT -
[-        ] variant_calling:GENOTYPE_GVCFS -
[-        ] var…t_calling:MERGE_JOINT_VCFS -
[-        ] variant_calling:ASM            -
[-        ] var…_calling:MERGE_ASM_OUTPUTS -
[bd/a1055e] var…MUTECT2 (evoC-Bap1-ctrl-F) | 3 of 4
[c9/024a98] mbi…oC-Bap1-mut-F-CHH-5-prime) | 11 of 12
[ae/54c6e6] epi…2ZARR (evoC-Bap1-mut-F-CG) | 7 of 12
[1c/bbe64a] epi…XPORT (evoC-Bap1-mut-F_CG) | 0 of 7
[c1/286c4a] epi…2ZARR (evoC-Bap1-mut-F-CG) | 4 of 4 ✔
[17/ec0760] epi…XPORT (evoC-Bap1-mut-F_CG) | 4 of 4 ✔
[77/1ce2ab] epi…2ZARR (evoC-Bap1-mut-F-CG) | 4 of 4 ✔
[fe/64cede] epi…XPORT (evoC-Bap1-mut-F_CG) | 4 of 4 ✔
[f0/f5c1c4] epi…voC_Bap1_run-long_ctrl-CG) | 1 of 1 ✔
[ce/ac52e7] summary:DQSPY (evoC_Bap1_run)  | 1 of 1 ✔
Plus 4 more processes waiting for tasks…

executor >  slurm (89)
[5a/98213b] res…AW (evoC-Bap1-mut-F, L005) | 4 of 4 ✔
[94/9d8d88] res…DE (evoC-Bap1-mut-F, L005) | 4 of 4 ✔
[-        ] resolve_align:FASTQC_RESOLVED  -
[bc/1d3e7e] res…M2 (evoC-Bap1-mut-F, L005) | 4 of 4 ✔
[-        ] res…align:SAMTOOLS_MERGE_LANES -
[-        ] resolve_align:PRESEQ           -
[b2/0bf87a] bam…t:BAMLET (evoC-Bap1-mut-F) | 4 of 4 ✔
[32/0ea4f0] bam…AP_BAMQC (evoC-Bap1-mut-F) | 4 of 4 ✔
[04/be1053] bam…TSS_BIAS (evoC-Bap1-mut-F) | 4 of 4 ✔
[-        ] bam…:DEEPTOOLS_PLOTFINGERPRINT -
[6f/d0d158] bam…D_GCBIAS (evoC-Bap1-mut-F) | 4 of 4 ✔
[8b/1d68c7] bam…ACCURACY (evoC-Bap1-mut-F) | 4 of 4 ✔
[b2/7e769c] var…E_CALLER (evoC-Bap1-mut-F) | 0 of 4
[-        ] var…nt_calling:SPLIT_INTERVALS -
[-        ] var…calling:GENOMICS_DB_IMPORT -
[-        ] variant_calling:GENOTYPE_GVCFS -
[-        ] var…t_calling:MERGE_JOINT_VCFS -
[-        ] variant_calling:ASM            -
[-        ] var…_calling:MERGE_ASM_OUTPUTS -
[bd/a1055e] var…MUTECT2 (evoC-Bap1-ctrl-F) | 3 of 4
[04/ddc78a] mbi…voC-Bap1-mut-F-CG-5-prime) | 12 of 12 ✔
[ae/54c6e6] epi…2ZARR (evoC-Bap1-mut-F-CG) | 7 of 12
[1c/bbe64a] epi…XPORT (evoC-Bap1-mut-F_CG) | 0 of 7
[c1/286c4a] epi…2ZARR (evoC-Bap1-mut-F-CG) | 4 of 4 ✔
[17/ec0760] epi…XPORT (evoC-Bap1-mut-F_CG) | 4 of 4 ✔
[77/1ce2ab] epi…2ZARR (evoC-Bap1-mut-F-CG) | 4 of 4 ✔
[fe/64cede] epi…XPORT (evoC-Bap1-mut-F_CG) | 4 of 4 ✔
[f0/f5c1c4] epi…voC_Bap1_run-long_ctrl-CG) | 1 of 1 ✔
[ce/ac52e7] summary:DQSPY (evoC_Bap1_run)  | 1 of 1 ✔
Plus 4 more processes waiting for tasks…

executor >  slurm (89)
[5a/98213b] res…AW (evoC-Bap1-mut-F, L005) | 4 of 4 ✔
[94/9d8d88] res…DE (evoC-Bap1-mut-F, L005) | 4 of 4 ✔
[-        ] resolve_align:FASTQC_RESOLVED  -
[bc/1d3e7e] res…M2 (evoC-Bap1-mut-F, L005) | 4 of 4 ✔
[-        ] res…align:SAMTOOLS_MERGE_LANES -
[-        ] resolve_align:PRESEQ           -
[b2/0bf87a] bam…t:BAMLET (evoC-Bap1-mut-F) | 4 of 4 ✔
[32/0ea4f0] bam…AP_BAMQC (evoC-Bap1-mut-F) | 4 of 4 ✔
[04/be1053] bam…TSS_BIAS (evoC-Bap1-mut-F) | 4 of 4 ✔
[-        ] bam…:DEEPTOOLS_PLOTFINGERPRINT -
[6f/d0d158] bam…D_GCBIAS (evoC-Bap1-mut-F) | 4 of 4 ✔
[8b/1d68c7] bam…ACCURACY (evoC-Bap1-mut-F) | 4 of 4 ✔
[b2/7e769c] var…E_CALLER (evoC-Bap1-mut-F) | 0 of 4
[-        ] var…nt_calling:SPLIT_INTERVALS -
[-        ] var…calling:GENOMICS_DB_IMPORT -
[-        ] variant_calling:GENOTYPE_GVCFS -
[-        ] var…t_calling:MERGE_JOINT_VCFS -
[-        ] variant_calling:ASM            -
[-        ] var…_calling:MERGE_ASM_OUTPUTS -
[bd/a1055e] var…MUTECT2 (evoC-Bap1-ctrl-F) | 3 of 4
[04/ddc78a] mbi…voC-Bap1-mut-F-CG-5-prime) | 12 of 12 ✔
[c1/0045e7] epi…ZARR (evoC-Bap1-mut-F-CHG) | 8 of 12
[1c/bbe64a] epi…XPORT (evoC-Bap1-mut-F_CG) | 0 of 8
[c1/286c4a] epi…2ZARR (evoC-Bap1-mut-F-CG) | 4 of 4 ✔
[17/ec0760] epi…XPORT (evoC-Bap1-mut-F_CG) | 4 of 4 ✔
[77/1ce2ab] epi…2ZARR (evoC-Bap1-mut-F-CG) | 4 of 4 ✔
[fe/64cede] epi…XPORT (evoC-Bap1-mut-F_CG) | 4 of 4 ✔
[f0/f5c1c4] epi…voC_Bap1_run-long_ctrl-CG) | 1 of 1 ✔
[ce/ac52e7] summary:DQSPY (evoC_Bap1_run)  | 1 of 1 ✔
Plus 4 more processes waiting for tasks…

executor >  slurm (90)
[5a/98213b] res…AW (evoC-Bap1-mut-F, L005) | 4 of 4 ✔
[94/9d8d88] res…DE (evoC-Bap1-mut-F, L005) | 4 of 4 ✔
[-        ] resolve_align:FASTQC_RESOLVED  -
[bc/1d3e7e] res…M2 (evoC-Bap1-mut-F, L005) | 4 of 4 ✔
[-        ] res…align:SAMTOOLS_MERGE_LANES -
[-        ] resolve_align:PRESEQ           -
[b2/0bf87a] bam…t:BAMLET (evoC-Bap1-mut-F) | 4 of 4 ✔
[32/0ea4f0] bam…AP_BAMQC (evoC-Bap1-mut-F) | 4 of 4 ✔
[04/be1053] bam…TSS_BIAS (evoC-Bap1-mut-F) | 4 of 4 ✔
[-        ] bam…:DEEPTOOLS_PLOTFINGERPRINT -
[6f/d0d158] bam…D_GCBIAS (evoC-Bap1-mut-F) | 4 of 4 ✔
[8b/1d68c7] bam…ACCURACY (evoC-Bap1-mut-F) | 4 of 4 ✔
[b2/7e769c] var…E_CALLER (evoC-Bap1-mut-F) | 0 of 4
[-        ] var…nt_calling:SPLIT_INTERVALS -
[-        ] var…calling:GENOMICS_DB_IMPORT -
[-        ] variant_calling:GENOTYPE_GVCFS -
[-        ] var…t_calling:MERGE_JOINT_VCFS -
[-        ] variant_calling:ASM            -
[-        ] var…_calling:MERGE_ASM_OUTPUTS -
[bd/a1055e] var…MUTECT2 (evoC-Bap1-ctrl-F) | 3 of 4
[04/ddc78a] mbi…voC-Bap1-mut-F-CG-5-prime) | 12 of 12 ✔
[c1/0045e7] epi…ZARR (evoC-Bap1-mut-F-CHG) | 8 of 12
[1a/fca7c1] epi…PORT (evoC-Bap1-mut-F_CHG) | 0 of 8
[c1/286c4a] epi…2ZARR (evoC-Bap1-mut-F-CG) | 4 of 4 ✔
[17/ec0760] epi…XPORT (evoC-Bap1-mut-F_CG) | 4 of 4 ✔
[77/1ce2ab] epi…2ZARR (evoC-Bap1-mut-F-CG) | 4 of 4 ✔
[fe/64cede] epi…XPORT (evoC-Bap1-mut-F_CG) | 4 of 4 ✔
[f0/f5c1c4] epi…voC_Bap1_run-long_ctrl-CG) | 1 of 1 ✔
[ce/ac52e7] summary:DQSPY (evoC_Bap1_run)  | 1 of 1 ✔
Plus 4 more processes waiting for tasks…

executor >  slurm (90)
[5a/98213b] res…AW (evoC-Bap1-mut-F, L005) | 4 of 4 ✔
[94/9d8d88] res…DE (evoC-Bap1-mut-F, L005) | 4 of 4 ✔
[-        ] resolve_align:FASTQC_RESOLVED  -
[bc/1d3e7e] res…M2 (evoC-Bap1-mut-F, L005) | 4 of 4 ✔
[-        ] res…align:SAMTOOLS_MERGE_LANES -
[-        ] resolve_align:PRESEQ           -
[b2/0bf87a] bam…t:BAMLET (evoC-Bap1-mut-F) | 4 of 4 ✔
[32/0ea4f0] bam…AP_BAMQC (evoC-Bap1-mut-F) | 4 of 4 ✔
[04/be1053] bam…TSS_BIAS (evoC-Bap1-mut-F) | 4 of 4 ✔
[-        ] bam…:DEEPTOOLS_PLOTFINGERPRINT -
[6f/d0d158] bam…D_GCBIAS (evoC-Bap1-mut-F) | 4 of 4 ✔
[8b/1d68c7] bam…ACCURACY (evoC-Bap1-mut-F) | 4 of 4 ✔
[b2/7e769c] var…E_CALLER (evoC-Bap1-mut-F) | 0 of 4
[-        ] var…nt_calling:SPLIT_INTERVALS -
[-        ] var…calling:GENOMICS_DB_IMPORT -
[-        ] variant_calling:GENOTYPE_GVCFS -
[-        ] var…t_calling:MERGE_JOINT_VCFS -
[-        ] variant_calling:ASM            -
[-        ] var…_calling:MERGE_ASM_OUTPUTS -
[bd/a1055e] var…MUTECT2 (evoC-Bap1-ctrl-F) | 3 of 4
[04/ddc78a] mbi…voC-Bap1-mut-F-CG-5-prime) | 12 of 12 ✔
[c1/0045e7] epi…ZARR (evoC-Bap1-mut-F-CHG) | 8 of 12
[1a/fca7c1] epi…PORT (evoC-Bap1-mut-F_CHG) | 0 of 8
[c1/286c4a] epi…2ZARR (evoC-Bap1-mut-F-CG) | 4 of 4 ✔
[17/ec0760] epi…XPORT (evoC-Bap1-mut-F_CG) | 4 of 4 ✔
[77/1ce2ab] epi…2ZARR (evoC-Bap1-mut-F-CG) | 4 of 4 ✔
[fe/64cede] epi…XPORT (evoC-Bap1-mut-F_CG) | 4 of 4 ✔
[f0/f5c1c4] epi…voC_Bap1_run-long_ctrl-CG) | 1 of 1 ✔
[ce/ac52e7] summary:DQSPY (evoC_Bap1_run)  | 1 of 1 ✔
Plus 4 more processes waiting for tasks…

executor >  slurm (91)
[5a/98213b] res…AW (evoC-Bap1-mut-F, L005) | 4 of 4 ✔
[94/9d8d88] res…DE (evoC-Bap1-mut-F, L005) | 4 of 4 ✔
[-        ] resolve_align:FASTQC_RESOLVED  -
[bc/1d3e7e] res…M2 (evoC-Bap1-mut-F, L005) | 4 of 4 ✔
[-        ] res…align:SAMTOOLS_MERGE_LANES -
[-        ] resolve_align:PRESEQ           -
[b2/0bf87a] bam…t:BAMLET (evoC-Bap1-mut-F) | 4 of 4 ✔
[32/0ea4f0] bam…AP_BAMQC (evoC-Bap1-mut-F) | 4 of 4 ✔
[04/be1053] bam…TSS_BIAS (evoC-Bap1-mut-F) | 4 of 4 ✔
[-        ] bam…:DEEPTOOLS_PLOTFINGERPRINT -
[6f/d0d158] bam…D_GCBIAS (evoC-Bap1-mut-F) | 4 of 4 ✔
[8b/1d68c7] bam…ACCURACY (evoC-Bap1-mut-F) | 4 of 4 ✔
[b2/7e769c] var…E_CALLER (evoC-Bap1-mut-F) | 0 of 4
[-        ] var…nt_calling:SPLIT_INTERVALS -
[-        ] var…calling:GENOMICS_DB_IMPORT -
[-        ] variant_calling:GENOTYPE_GVCFS -
[-        ] var…t_calling:MERGE_JOINT_VCFS -
[-        ] variant_calling:ASM            -
[-        ] var…_calling:MERGE_ASM_OUTPUTS -
[bd/a1055e] var…MUTECT2 (evoC-Bap1-ctrl-F) | 3 of 4
[04/ddc78a] mbi…voC-Bap1-mut-F-CG-5-prime) | 12 of 12 ✔
[d8/8df039] epi…ARR (evoC-Bap1-ctrl-M-CHH) | 9 of 12
[b6/2da116] epi…ORT (evoC-Bap1-ctrl-M_CHH) | 0 of 9
[c1/286c4a] epi…2ZARR (evoC-Bap1-mut-F-CG) | 4 of 4 ✔
[17/ec0760] epi…XPORT (evoC-Bap1-mut-F_CG) | 4 of 4 ✔
[77/1ce2ab] epi…2ZARR (evoC-Bap1-mut-F-CG) | 4 of 4 ✔
[fe/64cede] epi…XPORT (evoC-Bap1-mut-F_CG) | 4 of 4 ✔
[f0/f5c1c4] epi…voC_Bap1_run-long_ctrl-CG) | 1 of 1 ✔
[ce/ac52e7] summary:DQSPY (evoC_Bap1_run)  | 1 of 1 ✔
Plus 4 more processes waiting for tasks…

executor >  slurm (91)
[5a/98213b] res…AW (evoC-Bap1-mut-F, L005) | 4 of 4 ✔
[94/9d8d88] res…DE (evoC-Bap1-mut-F, L005) | 4 of 4 ✔
[-        ] resolve_align:FASTQC_RESOLVED  -
[bc/1d3e7e] res…M2 (evoC-Bap1-mut-F, L005) | 4 of 4 ✔
[-        ] res…align:SAMTOOLS_MERGE_LANES -
[-        ] resolve_align:PRESEQ           -
[b2/0bf87a] bam…t:BAMLET (evoC-Bap1-mut-F) | 4 of 4 ✔
[32/0ea4f0] bam…AP_BAMQC (evoC-Bap1-mut-F) | 4 of 4 ✔
[04/be1053] bam…TSS_BIAS (evoC-Bap1-mut-F) | 4 of 4 ✔
[-        ] bam…:DEEPTOOLS_PLOTFINGERPRINT -
[6f/d0d158] bam…D_GCBIAS (evoC-Bap1-mut-F) | 4 of 4 ✔
[8b/1d68c7] bam…ACCURACY (evoC-Bap1-mut-F) | 4 of 4 ✔
[b2/7e769c] var…E_CALLER (evoC-Bap1-mut-F) | 0 of 4
[-        ] var…nt_calling:SPLIT_INTERVALS -
[-        ] var…calling:GENOMICS_DB_IMPORT -
[-        ] variant_calling:GENOTYPE_GVCFS -
[-        ] var…t_calling:MERGE_JOINT_VCFS -
[-        ] variant_calling:ASM            -
[-        ] var…_calling:MERGE_ASM_OUTPUTS -
[bd/a1055e] var…MUTECT2 (evoC-Bap1-ctrl-F) | 3 of 4
[04/ddc78a] mbi…voC-Bap1-mut-F-CG-5-prime) | 12 of 12 ✔
[d8/8df039] epi…ARR (evoC-Bap1-ctrl-M-CHH) | 9 of 12
[b6/2da116] epi…ORT (evoC-Bap1-ctrl-M_CHH) | 0 of 9
[c1/286c4a] epi…2ZARR (evoC-Bap1-mut-F-CG) | 4 of 4 ✔
[17/ec0760] epi…XPORT (evoC-Bap1-mut-F_CG) | 4 of 4 ✔
[77/1ce2ab] epi…2ZARR (evoC-Bap1-mut-F-CG) | 4 of 4 ✔
[fe/64cede] epi…XPORT (evoC-Bap1-mut-F_CG) | 4 of 4 ✔
[f0/f5c1c4] epi…voC_Bap1_run-long_ctrl-CG) | 1 of 1 ✔
[ce/ac52e7] summary:DQSPY (evoC_Bap1_run)  | 1 of 1 ✔
Plus 4 more processes waiting for tasks…

executor >  slurm (91)
[5a/98213b] res…AW (evoC-Bap1-mut-F, L005) | 4 of 4 ✔
[94/9d8d88] res…DE (evoC-Bap1-mut-F, L005) | 4 of 4 ✔
[-        ] resolve_align:FASTQC_RESOLVED  -
[bc/1d3e7e] res…M2 (evoC-Bap1-mut-F, L005) | 4 of 4 ✔
[-        ] res…align:SAMTOOLS_MERGE_LANES -
[-        ] resolve_align:PRESEQ           -
[b2/0bf87a] bam…t:BAMLET (evoC-Bap1-mut-F) | 4 of 4 ✔
[32/0ea4f0] bam…AP_BAMQC (evoC-Bap1-mut-F) | 4 of 4 ✔
[04/be1053] bam…TSS_BIAS (evoC-Bap1-mut-F) | 4 of 4 ✔
[-        ] bam…:DEEPTOOLS_PLOTFINGERPRINT -
[6f/d0d158] bam…D_GCBIAS (evoC-Bap1-mut-F) | 4 of 4 ✔
[8b/1d68c7] bam…ACCURACY (evoC-Bap1-mut-F) | 4 of 4 ✔
[b2/7e769c] var…E_CALLER (evoC-Bap1-mut-F) | 0 of 4
[-        ] var…nt_calling:SPLIT_INTERVALS -
[-        ] var…calling:GENOMICS_DB_IMPORT -
[-        ] variant_calling:GENOTYPE_GVCFS -
[-        ] var…t_calling:MERGE_JOINT_VCFS -
[-        ] variant_calling:ASM            -
[-        ] var…_calling:MERGE_ASM_OUTPUTS -
[1f/8e642f] var…:MUTECT2 (evoC-Bap1-mut-F) | 4 of 4 ✔
[04/ddc78a] mbi…voC-Bap1-mut-F-CG-5-prime) | 12 of 12 ✔
[d8/8df039] epi…ARR (evoC-Bap1-ctrl-M-CHH) | 9 of 12
[b6/2da116] epi…ORT (evoC-Bap1-ctrl-M_CHH) | 0 of 9
[c1/286c4a] epi…2ZARR (evoC-Bap1-mut-F-CG) | 4 of 4 ✔
[17/ec0760] epi…XPORT (evoC-Bap1-mut-F_CG) | 4 of 4 ✔
[77/1ce2ab] epi…2ZARR (evoC-Bap1-mut-F-CG) | 4 of 4 ✔
[fe/64cede] epi…XPORT (evoC-Bap1-mut-F_CG) | 4 of 4 ✔
[f0/f5c1c4] epi…voC_Bap1_run-long_ctrl-CG) | 1 of 1 ✔
[ce/ac52e7] summary:DQSPY (evoC_Bap1_run)  | 1 of 1 ✔
Plus 4 more processes waiting for tasks…

executor >  slurm (92)
[5a/98213b] res…AW (evoC-Bap1-mut-F, L005) | 4 of 4 ✔
[94/9d8d88] res…DE (evoC-Bap1-mut-F, L005) | 4 of 4 ✔
[-        ] resolve_align:FASTQC_RESOLVED  -
[bc/1d3e7e] res…M2 (evoC-Bap1-mut-F, L005) | 4 of 4 ✔
[-        ] res…align:SAMTOOLS_MERGE_LANES -
[-        ] resolve_align:PRESEQ           -
[b2/0bf87a] bam…t:BAMLET (evoC-Bap1-mut-F) | 4 of 4 ✔
[32/0ea4f0] bam…AP_BAMQC (evoC-Bap1-mut-F) | 4 of 4 ✔
[04/be1053] bam…TSS_BIAS (evoC-Bap1-mut-F) | 4 of 4 ✔
[-        ] bam…:DEEPTOOLS_PLOTFINGERPRINT -
[6f/d0d158] bam…D_GCBIAS (evoC-Bap1-mut-F) | 4 of 4 ✔
[8b/1d68c7] bam…ACCURACY (evoC-Bap1-mut-F) | 4 of 4 ✔
[b2/7e769c] var…E_CALLER (evoC-Bap1-mut-F) | 0 of 4
[-        ] var…nt_calling:SPLIT_INTERVALS -
[-        ] var…calling:GENOMICS_DB_IMPORT -
[-        ] variant_calling:GENOTYPE_GVCFS -
[-        ] var…t_calling:MERGE_JOINT_VCFS -
[-        ] variant_calling:ASM            -
[-        ] var…_calling:MERGE_ASM_OUTPUTS -
[1f/8e642f] var…:MUTECT2 (evoC-Bap1-mut-F) | 4 of 4 ✔
[04/ddc78a] mbi…voC-Bap1-mut-F-CG-5-prime) | 12 of 12 ✔
[4c/44f832] epi…ARR (evoC-Bap1-ctrl-F-CHH) | 10 of 12
[33/377758] epi…ORT (evoC-Bap1-ctrl-F_CHH) | 0 of 10
[c1/286c4a] epi…2ZARR (evoC-Bap1-mut-F-CG) | 4 of 4 ✔
[17/ec0760] epi…XPORT (evoC-Bap1-mut-F_CG) | 4 of 4 ✔
[77/1ce2ab] epi…2ZARR (evoC-Bap1-mut-F-CG) | 4 of 4 ✔
[fe/64cede] epi…XPORT (evoC-Bap1-mut-F_CG) | 4 of 4 ✔
[f0/f5c1c4] epi…voC_Bap1_run-long_ctrl-CG) | 1 of 1 ✔
[ce/ac52e7] summary:DQSPY (evoC_Bap1_run)  | 1 of 1 ✔
Plus 4 more processes waiting for tasks…

executor >  slurm (92)
[5a/98213b] res…AW (evoC-Bap1-mut-F, L005) | 4 of 4 ✔
[94/9d8d88] res…DE (evoC-Bap1-mut-F, L005) | 4 of 4 ✔
[-        ] resolve_align:FASTQC_RESOLVED  -
[bc/1d3e7e] res…M2 (evoC-Bap1-mut-F, L005) | 4 of 4 ✔
[-        ] res…align:SAMTOOLS_MERGE_LANES -
[-        ] resolve_align:PRESEQ           -
[b2/0bf87a] bam…t:BAMLET (evoC-Bap1-mut-F) | 4 of 4 ✔
[32/0ea4f0] bam…AP_BAMQC (evoC-Bap1-mut-F) | 4 of 4 ✔
[04/be1053] bam…TSS_BIAS (evoC-Bap1-mut-F) | 4 of 4 ✔
[-        ] bam…:DEEPTOOLS_PLOTFINGERPRINT -
[6f/d0d158] bam…D_GCBIAS (evoC-Bap1-mut-F) | 4 of 4 ✔
[8b/1d68c7] bam…ACCURACY (evoC-Bap1-mut-F) | 4 of 4 ✔
[b2/7e769c] var…E_CALLER (evoC-Bap1-mut-F) | 0 of 4
[-        ] var…nt_calling:SPLIT_INTERVALS -
[-        ] var…calling:GENOMICS_DB_IMPORT -
[-        ] variant_calling:GENOTYPE_GVCFS -
[-        ] var…t_calling:MERGE_JOINT_VCFS -
[-        ] variant_calling:ASM            -
[-        ] var…_calling:MERGE_ASM_OUTPUTS -
[1f/8e642f] var…:MUTECT2 (evoC-Bap1-mut-F) | 4 of 4 ✔
[04/ddc78a] mbi…voC-Bap1-mut-F-CG-5-prime) | 12 of 12 ✔
[4c/44f832] epi…ARR (evoC-Bap1-ctrl-F-CHH) | 10 of 12
[33/377758] epi…ORT (evoC-Bap1-ctrl-F_CHH) | 0 of 10
[c1/286c4a] epi…2ZARR (evoC-Bap1-mut-F-CG) | 4 of 4 ✔
[17/ec0760] epi…XPORT (evoC-Bap1-mut-F_CG) | 4 of 4 ✔
[77/1ce2ab] epi…2ZARR (evoC-Bap1-mut-F-CG) | 4 of 4 ✔
[fe/64cede] epi…XPORT (evoC-Bap1-mut-F_CG) | 4 of 4 ✔
[f0/f5c1c4] epi…voC_Bap1_run-long_ctrl-CG) | 1 of 1 ✔
[ce/ac52e7] summary:DQSPY (evoC_Bap1_run)  | 1 of 1 ✔
Plus 4 more processes waiting for tasks…

executor >  slurm (92)
[5a/98213b] res…AW (evoC-Bap1-mut-F, L005) | 4 of 4 ✔
[94/9d8d88] res…DE (evoC-Bap1-mut-F, L005) | 4 of 4 ✔
[-        ] resolve_align:FASTQC_RESOLVED  -
[bc/1d3e7e] res…M2 (evoC-Bap1-mut-F, L005) | 4 of 4 ✔
[-        ] res…align:SAMTOOLS_MERGE_LANES -
[-        ] resolve_align:PRESEQ           -
[b2/0bf87a] bam…t:BAMLET (evoC-Bap1-mut-F) | 4 of 4 ✔
[32/0ea4f0] bam…AP_BAMQC (evoC-Bap1-mut-F) | 4 of 4 ✔
[04/be1053] bam…TSS_BIAS (evoC-Bap1-mut-F) | 4 of 4 ✔
[-        ] bam…:DEEPTOOLS_PLOTFINGERPRINT -
[6f/d0d158] bam…D_GCBIAS (evoC-Bap1-mut-F) | 4 of 4 ✔
[8b/1d68c7] bam…ACCURACY (evoC-Bap1-mut-F) | 4 of 4 ✔
[96/3eba92] var…_CALLER (evoC-Bap1-ctrl-M) | 1 of 4
[-        ] var…nt_calling:SPLIT_INTERVALS | 0 of 1
[-        ] var…calling:GENOMICS_DB_IMPORT -
[-        ] variant_calling:GENOTYPE_GVCFS -
[-        ] var…t_calling:MERGE_JOINT_VCFS -
[-        ] variant_calling:ASM            -
[-        ] var…_calling:MERGE_ASM_OUTPUTS -
[1f/8e642f] var…:MUTECT2 (evoC-Bap1-mut-F) | 4 of 4 ✔
[04/ddc78a] mbi…voC-Bap1-mut-F-CG-5-prime) | 12 of 12 ✔
[4c/44f832] epi…ARR (evoC-Bap1-ctrl-F-CHH) | 10 of 12
[33/377758] epi…ORT (evoC-Bap1-ctrl-F_CHH) | 0 of 10
[c1/286c4a] epi…2ZARR (evoC-Bap1-mut-F-CG) | 4 of 4 ✔
[17/ec0760] epi…XPORT (evoC-Bap1-mut-F_CG) | 4 of 4 ✔
[77/1ce2ab] epi…2ZARR (evoC-Bap1-mut-F-CG) | 4 of 4 ✔
[fe/64cede] epi…XPORT (evoC-Bap1-mut-F_CG) | 4 of 4 ✔
[f0/f5c1c4] epi…voC_Bap1_run-long_ctrl-CG) | 1 of 1 ✔
[ce/ac52e7] summary:DQSPY (evoC_Bap1_run)  | 1 of 1 ✔
Plus 4 more processes waiting for tasks…

executor >  slurm (93)
[5a/98213b] res…AW (evoC-Bap1-mut-F, L005) | 4 of 4 ✔
[94/9d8d88] res…DE (evoC-Bap1-mut-F, L005) | 4 of 4 ✔
[-        ] resolve_align:FASTQC_RESOLVED  -
[bc/1d3e7e] res…M2 (evoC-Bap1-mut-F, L005) | 4 of 4 ✔
[-        ] res…align:SAMTOOLS_MERGE_LANES -
[-        ] resolve_align:PRESEQ           -
[b2/0bf87a] bam…t:BAMLET (evoC-Bap1-mut-F) | 4 of 4 ✔
[32/0ea4f0] bam…AP_BAMQC (evoC-Bap1-mut-F) | 4 of 4 ✔
[04/be1053] bam…TSS_BIAS (evoC-Bap1-mut-F) | 4 of 4 ✔
[-        ] bam…:DEEPTOOLS_PLOTFINGERPRINT -
[6f/d0d158] bam…D_GCBIAS (evoC-Bap1-mut-F) | 4 of 4 ✔
[8b/1d68c7] bam…ACCURACY (evoC-Bap1-mut-F) | 4 of 4 ✔
[96/3eba92] var…_CALLER (evoC-Bap1-ctrl-M) | 1 of 4
[9f/38af8c] var…NTERVALS (GRCm38_filtered) | 0 of 1
[-        ] var…calling:GENOMICS_DB_IMPORT -
[-        ] variant_calling:GENOTYPE_GVCFS -
[-        ] var…t_calling:MERGE_JOINT_VCFS -
[-        ] variant_calling:ASM            -
[-        ] var…_calling:MERGE_ASM_OUTPUTS -
[1f/8e642f] var…:MUTECT2 (evoC-Bap1-mut-F) | 4 of 4 ✔
[04/ddc78a] mbi…voC-Bap1-mut-F-CG-5-prime) | 12 of 12 ✔
[4c/44f832] epi…ARR (evoC-Bap1-ctrl-F-CHH) | 10 of 12
[33/377758] epi…ORT (evoC-Bap1-ctrl-F_CHH) | 0 of 10
[c1/286c4a] epi…2ZARR (evoC-Bap1-mut-F-CG) | 4 of 4 ✔
[17/ec0760] epi…XPORT (evoC-Bap1-mut-F_CG) | 4 of 4 ✔
[77/1ce2ab] epi…2ZARR (evoC-Bap1-mut-F-CG) | 4 of 4 ✔
[fe/64cede] epi…XPORT (evoC-Bap1-mut-F_CG) | 4 of 4 ✔
[f0/f5c1c4] epi…voC_Bap1_run-long_ctrl-CG) | 1 of 1 ✔
[ce/ac52e7] summary:DQSPY (evoC_Bap1_run)  | 1 of 1 ✔
Plus 4 more processes waiting for tasks…

executor >  slurm (94)
[5a/98213b] res…AW (evoC-Bap1-mut-F, L005) | 4 of 4 ✔
[94/9d8d88] res…DE (evoC-Bap1-mut-F, L005) | 4 of 4 ✔
[-        ] resolve_align:FASTQC_RESOLVED  -
[bc/1d3e7e] res…M2 (evoC-Bap1-mut-F, L005) | 4 of 4 ✔
[-        ] res…align:SAMTOOLS_MERGE_LANES -
[-        ] resolve_align:PRESEQ           -
[b2/0bf87a] bam…t:BAMLET (evoC-Bap1-mut-F) | 4 of 4 ✔
[32/0ea4f0] bam…AP_BAMQC (evoC-Bap1-mut-F) | 4 of 4 ✔
[04/be1053] bam…TSS_BIAS (evoC-Bap1-mut-F) | 4 of 4 ✔
[-        ] bam…:DEEPTOOLS_PLOTFINGERPRINT -
[6f/d0d158] bam…D_GCBIAS (evoC-Bap1-mut-F) | 4 of 4 ✔
[8b/1d68c7] bam…ACCURACY (evoC-Bap1-mut-F) | 4 of 4 ✔
[96/3eba92] var…_CALLER (evoC-Bap1-ctrl-M) | 1 of 4
[9f/38af8c] var…NTERVALS (GRCm38_filtered) | 0 of 1
[-        ] var…calling:GENOMICS_DB_IMPORT -
[-        ] variant_calling:GENOTYPE_GVCFS -
[-        ] var…t_calling:MERGE_JOINT_VCFS -
[-        ] variant_calling:ASM            -
[-        ] var…_calling:MERGE_ASM_OUTPUTS -
[1f/8e642f] var…:MUTECT2 (evoC-Bap1-mut-F) | 4 of 4 ✔
[04/ddc78a] mbi…voC-Bap1-mut-F-CG-5-prime) | 12 of 12 ✔
[41/d3eae7] epi…ZARR (evoC-Bap1-mut-M-CHH) | 11 of 12
[b4/f1639c] epi…PORT (evoC-Bap1-mut-M_CHH) | 0 of 11
[c1/286c4a] epi…2ZARR (evoC-Bap1-mut-F-CG) | 4 of 4 ✔
[17/ec0760] epi…XPORT (evoC-Bap1-mut-F_CG) | 4 of 4 ✔
[77/1ce2ab] epi…2ZARR (evoC-Bap1-mut-F-CG) | 4 of 4 ✔
[fe/64cede] epi…XPORT (evoC-Bap1-mut-F_CG) | 4 of 4 ✔
[f0/f5c1c4] epi…voC_Bap1_run-long_ctrl-CG) | 1 of 1 ✔
[ce/ac52e7] summary:DQSPY (evoC_Bap1_run)  | 1 of 1 ✔
Plus 4 more processes waiting for tasks…

executor >  slurm (94)
[5a/98213b] res…AW (evoC-Bap1-mut-F, L005) | 4 of 4 ✔
[94/9d8d88] res…DE (evoC-Bap1-mut-F, L005) | 4 of 4 ✔
[-        ] resolve_align:FASTQC_RESOLVED  -
[bc/1d3e7e] res…M2 (evoC-Bap1-mut-F, L005) | 4 of 4 ✔
[-        ] res…align:SAMTOOLS_MERGE_LANES -
[-        ] resolve_align:PRESEQ           -
[b2/0bf87a] bam…t:BAMLET (evoC-Bap1-mut-F) | 4 of 4 ✔
[32/0ea4f0] bam…AP_BAMQC (evoC-Bap1-mut-F) | 4 of 4 ✔
[04/be1053] bam…TSS_BIAS (evoC-Bap1-mut-F) | 4 of 4 ✔
[-        ] bam…:DEEPTOOLS_PLOTFINGERPRINT -
[6f/d0d158] bam…D_GCBIAS (evoC-Bap1-mut-F) | 4 of 4 ✔
[8b/1d68c7] bam…ACCURACY (evoC-Bap1-mut-F) | 4 of 4 ✔
[5e/78c306] var…E_CALLER (evoC-Bap1-mut-M) | 2 of 4
[9f/38af8c] var…NTERVALS (GRCm38_filtered) | 0 of 1
[-        ] var…calling:GENOMICS_DB_IMPORT -
[-        ] variant_calling:GENOTYPE_GVCFS -
[-        ] var…t_calling:MERGE_JOINT_VCFS -
[-        ] variant_calling:ASM            -
[-        ] var…_calling:MERGE_ASM_OUTPUTS -
[1f/8e642f] var…:MUTECT2 (evoC-Bap1-mut-F) | 4 of 4 ✔
[04/ddc78a] mbi…voC-Bap1-mut-F-CG-5-prime) | 12 of 12 ✔
[71/922293] epi…ZARR (evoC-Bap1-mut-F-CHH) | 12 of 12 ✔
[b4/f1639c] epi…PORT (evoC-Bap1-mut-M_CHH) | 0 of 12
[-        ] epi…nt_genome:JOIN_ZARR_STORES | 0 of 3
[c1/286c4a] epi…2ZARR (evoC-Bap1-mut-F-CG) | 4 of 4 ✔
[17/ec0760] epi…XPORT (evoC-Bap1-mut-F_CG) | 4 of 4 ✔
[77/1ce2ab] epi…2ZARR (evoC-Bap1-mut-F-CG) | 4 of 4 ✔
[fe/64cede] epi…XPORT (evoC-Bap1-mut-F_CG) | 4 of 4 ✔
[f0/f5c1c4] epi…voC_Bap1_run-long_ctrl-CG) | 1 of 1 ✔
[ce/ac52e7] summary:DQSPY (evoC_Bap1_run)  | 1 of 1 ✔
Plus 3 more processes waiting for tasks…

executor >  slurm (96)
[5a/98213b] res…AW (evoC-Bap1-mut-F, L005) | 4 of 4 ✔
[94/9d8d88] res…DE (evoC-Bap1-mut-F, L005) | 4 of 4 ✔
[-        ] resolve_align:FASTQC_RESOLVED  -
[bc/1d3e7e] res…M2 (evoC-Bap1-mut-F, L005) | 4 of 4 ✔
[-        ] res…align:SAMTOOLS_MERGE_LANES -
[-        ] resolve_align:PRESEQ           -
[b2/0bf87a] bam…t:BAMLET (evoC-Bap1-mut-F) | 4 of 4 ✔
[32/0ea4f0] bam…AP_BAMQC (evoC-Bap1-mut-F) | 4 of 4 ✔
[04/be1053] bam…TSS_BIAS (evoC-Bap1-mut-F) | 4 of 4 ✔
[-        ] bam…:DEEPTOOLS_PLOTFINGERPRINT -
[6f/d0d158] bam…D_GCBIAS (evoC-Bap1-mut-F) | 4 of 4 ✔
[8b/1d68c7] bam…ACCURACY (evoC-Bap1-mut-F) | 4 of 4 ✔
[5e/78c306] var…E_CALLER (evoC-Bap1-mut-M) | 2 of 4
[9f/38af8c] var…NTERVALS (GRCm38_filtered) | 0 of 1
[-        ] var…calling:GENOMICS_DB_IMPORT -
[-        ] variant_calling:GENOTYPE_GVCFS -
[-        ] var…t_calling:MERGE_JOINT_VCFS -
[-        ] variant_calling:ASM            -
[-        ] var…_calling:MERGE_ASM_OUTPUTS -
[1f/8e642f] var…:MUTECT2 (evoC-Bap1-mut-F) | 4 of 4 ✔
[04/ddc78a] mbi…voC-Bap1-mut-F-CG-5-prime) | 12 of 12 ✔
[71/922293] epi…ZARR (evoC-Bap1-mut-F-CHH) | 12 of 12 ✔
[c5/7aed2e] epi…PORT (evoC-Bap1-mut-F_CHH) | 0 of 12
[38/87bc1e] epi… (evoC_Bap1_run-genome-CG) | 0 of 3
[c1/286c4a] epi…2ZARR (evoC-Bap1-mut-F-CG) | 4 of 4 ✔
[17/ec0760] epi…XPORT (evoC-Bap1-mut-F_CG) | 4 of 4 ✔
[77/1ce2ab] epi…2ZARR (evoC-Bap1-mut-F-CG) | 4 of 4 ✔
[fe/64cede] epi…XPORT (evoC-Bap1-mut-F_CG) | 4 of 4 ✔
[f0/f5c1c4] epi…voC_Bap1_run-long_ctrl-CG) | 1 of 1 ✔
[ce/ac52e7] summary:DQSPY (evoC_Bap1_run)  | 1 of 1 ✔
Plus 3 more processes waiting for tasks…

executor >  slurm (97)
[5a/98213b] res…AW (evoC-Bap1-mut-F, L005) | 4 of 4 ✔
[94/9d8d88] res…DE (evoC-Bap1-mut-F, L005) | 4 of 4 ✔
[-        ] resolve_align:FASTQC_RESOLVED  -
[bc/1d3e7e] res…M2 (evoC-Bap1-mut-F, L005) | 4 of 4 ✔
[-        ] res…align:SAMTOOLS_MERGE_LANES -
[-        ] resolve_align:PRESEQ           -
[b2/0bf87a] bam…t:BAMLET (evoC-Bap1-mut-F) | 4 of 4 ✔
[32/0ea4f0] bam…AP_BAMQC (evoC-Bap1-mut-F) | 4 of 4 ✔
[04/be1053] bam…TSS_BIAS (evoC-Bap1-mut-F) | 4 of 4 ✔
[-        ] bam…:DEEPTOOLS_PLOTFINGERPRINT -
[6f/d0d158] bam…D_GCBIAS (evoC-Bap1-mut-F) | 4 of 4 ✔
[8b/1d68c7] bam…ACCURACY (evoC-Bap1-mut-F) | 4 of 4 ✔
[5e/78c306] var…E_CALLER (evoC-Bap1-mut-M) | 2 of 4
[9f/38af8c] var…NTERVALS (GRCm38_filtered) | 0 of 1
[-        ] var…calling:GENOMICS_DB_IMPORT -
[-        ] variant_calling:GENOTYPE_GVCFS -
[-        ] var…t_calling:MERGE_JOINT_VCFS -
[-        ] variant_calling:ASM            -
[-        ] var…_calling:MERGE_ASM_OUTPUTS -
[1f/8e642f] var…:MUTECT2 (evoC-Bap1-mut-F) | 4 of 4 ✔
[04/ddc78a] mbi…voC-Bap1-mut-F-CG-5-prime) | 12 of 12 ✔
[71/922293] epi…ZARR (evoC-Bap1-mut-F-CHH) | 12 of 12 ✔
[c5/7aed2e] epi…PORT (evoC-Bap1-mut-F_CHH) | 0 of 12
[c4/74cab6] epi…(evoC_Bap1_run-genome-CHG) | 0 of 3
[c1/286c4a] epi…2ZARR (evoC-Bap1-mut-F-CG) | 4 of 4 ✔
[17/ec0760] epi…XPORT (evoC-Bap1-mut-F_CG) | 4 of 4 ✔
[77/1ce2ab] epi…2ZARR (evoC-Bap1-mut-F-CG) | 4 of 4 ✔
[fe/64cede] epi…XPORT (evoC-Bap1-mut-F_CG) | 4 of 4 ✔
[f0/f5c1c4] epi…voC_Bap1_run-long_ctrl-CG) | 1 of 1 ✔
[ce/ac52e7] summary:DQSPY (evoC_Bap1_run)  | 1 of 1 ✔
Plus 3 more processes waiting for tasks…

executor >  slurm (98)
[5a/98213b] res…AW (evoC-Bap1-mut-F, L005) | 4 of 4 ✔
[94/9d8d88] res…DE (evoC-Bap1-mut-F, L005) | 4 of 4 ✔
[-        ] resolve_align:FASTQC_RESOLVED  -
[bc/1d3e7e] res…M2 (evoC-Bap1-mut-F, L005) | 4 of 4 ✔
[-        ] res…align:SAMTOOLS_MERGE_LANES -
[-        ] resolve_align:PRESEQ           -
[b2/0bf87a] bam…t:BAMLET (evoC-Bap1-mut-F) | 4 of 4 ✔
[32/0ea4f0] bam…AP_BAMQC (evoC-Bap1-mut-F) | 4 of 4 ✔
[04/be1053] bam…TSS_BIAS (evoC-Bap1-mut-F) | 4 of 4 ✔
[-        ] bam…:DEEPTOOLS_PLOTFINGERPRINT -
[6f/d0d158] bam…D_GCBIAS (evoC-Bap1-mut-F) | 4 of 4 ✔
[8b/1d68c7] bam…ACCURACY (evoC-Bap1-mut-F) | 4 of 4 ✔
[5e/78c306] var…E_CALLER (evoC-Bap1-mut-M) | 2 of 4
[9f/38af8c] var…NTERVALS (GRCm38_filtered) | 0 of 1
[-        ] var…calling:GENOMICS_DB_IMPORT -
[-        ] variant_calling:GENOTYPE_GVCFS -
[-        ] var…t_calling:MERGE_JOINT_VCFS -
[-        ] variant_calling:ASM            -
[-        ] var…_calling:MERGE_ASM_OUTPUTS -
[1f/8e642f] var…:MUTECT2 (evoC-Bap1-mut-F) | 4 of 4 ✔
[04/ddc78a] mbi…voC-Bap1-mut-F-CG-5-prime) | 12 of 12 ✔
[71/922293] epi…ZARR (evoC-Bap1-mut-F-CHH) | 12 of 12 ✔
[c5/7aed2e] epi…PORT (evoC-Bap1-mut-F_CHH) | 0 of 12
[b5/29d2e4] epi…(evoC_Bap1_run-genome-CHH) | 0 of 3
[c1/286c4a] epi…2ZARR (evoC-Bap1-mut-F-CG) | 4 of 4 ✔
[17/ec0760] epi…XPORT (evoC-Bap1-mut-F_CG) | 4 of 4 ✔
[77/1ce2ab] epi…2ZARR (evoC-Bap1-mut-F-CG) | 4 of 4 ✔
[fe/64cede] epi…XPORT (evoC-Bap1-mut-F_CG) | 4 of 4 ✔
[f0/f5c1c4] epi…voC_Bap1_run-long_ctrl-CG) | 1 of 1 ✔
[ce/ac52e7] summary:DQSPY (evoC_Bap1_run)  | 1 of 1 ✔
Plus 3 more processes waiting for tasks…

executor >  slurm (98)
[5a/98213b] res…AW (evoC-Bap1-mut-F, L005) | 4 of 4 ✔
[94/9d8d88] res…DE (evoC-Bap1-mut-F, L005) | 4 of 4 ✔
[-        ] resolve_align:FASTQC_RESOLVED  -
[bc/1d3e7e] res…M2 (evoC-Bap1-mut-F, L005) | 4 of 4 ✔
[-        ] res…align:SAMTOOLS_MERGE_LANES -
[-        ] resolve_align:PRESEQ           -
[b2/0bf87a] bam…t:BAMLET (evoC-Bap1-mut-F) | 4 of 4 ✔
[32/0ea4f0] bam…AP_BAMQC (evoC-Bap1-mut-F) | 4 of 4 ✔
[04/be1053] bam…TSS_BIAS (evoC-Bap1-mut-F) | 4 of 4 ✔
[-        ] bam…:DEEPTOOLS_PLOTFINGERPRINT -
[6f/d0d158] bam…D_GCBIAS (evoC-Bap1-mut-F) | 4 of 4 ✔
[8b/1d68c7] bam…ACCURACY (evoC-Bap1-mut-F) | 4 of 4 ✔
[08/2fd952] var…_CALLER (evoC-Bap1-ctrl-F) | 3 of 4
[9f/38af8c] var…NTERVALS (GRCm38_filtered) | 0 of 1
[-        ] var…calling:GENOMICS_DB_IMPORT -
[-        ] variant_calling:GENOTYPE_GVCFS -
[-        ] var…t_calling:MERGE_JOINT_VCFS -
[-        ] variant_calling:ASM            -
[-        ] var…_calling:MERGE_ASM_OUTPUTS -
[1f/8e642f] var…:MUTECT2 (evoC-Bap1-mut-F) | 4 of 4 ✔
[04/ddc78a] mbi…voC-Bap1-mut-F-CG-5-prime) | 12 of 12 ✔
[71/922293] epi…ZARR (evoC-Bap1-mut-F-CHH) | 12 of 12 ✔
[c5/7aed2e] epi…PORT (evoC-Bap1-mut-F_CHH) | 0 of 12
[b5/29d2e4] epi…(evoC_Bap1_run-genome-CHH) | 0 of 3
[c1/286c4a] epi…2ZARR (evoC-Bap1-mut-F-CG) | 4 of 4 ✔
[17/ec0760] epi…XPORT (evoC-Bap1-mut-F_CG) | 4 of 4 ✔
[77/1ce2ab] epi…2ZARR (evoC-Bap1-mut-F-CG) | 4 of 4 ✔
[fe/64cede] epi…XPORT (evoC-Bap1-mut-F_CG) | 4 of 4 ✔
[f0/f5c1c4] epi…voC_Bap1_run-long_ctrl-CG) | 1 of 1 ✔
[ce/ac52e7] summary:DQSPY (evoC_Bap1_run)  | 1 of 1 ✔
Plus 3 more processes waiting for tasks…

executor >  slurm (98)
[5a/98213b] res…AW (evoC-Bap1-mut-F, L005) | 4 of 4 ✔
[94/9d8d88] res…DE (evoC-Bap1-mut-F, L005) | 4 of 4 ✔
[-        ] resolve_align:FASTQC_RESOLVED  -
[bc/1d3e7e] res…M2 (evoC-Bap1-mut-F, L005) | 4 of 4 ✔
[-        ] res…align:SAMTOOLS_MERGE_LANES -
[-        ] resolve_align:PRESEQ           -
[b2/0bf87a] bam…t:BAMLET (evoC-Bap1-mut-F) | 4 of 4 ✔
[32/0ea4f0] bam…AP_BAMQC (evoC-Bap1-mut-F) | 4 of 4 ✔
[04/be1053] bam…TSS_BIAS (evoC-Bap1-mut-F) | 4 of 4 ✔
[-        ] bam…:DEEPTOOLS_PLOTFINGERPRINT -
[6f/d0d158] bam…D_GCBIAS (evoC-Bap1-mut-F) | 4 of 4 ✔
[8b/1d68c7] bam…ACCURACY (evoC-Bap1-mut-F) | 4 of 4 ✔
[b2/7e769c] var…E_CALLER (evoC-Bap1-mut-F) | 4 of 4 ✔
[9f/38af8c] var…NTERVALS (GRCm38_filtered) | 0 of 1
[-        ] var…calling:GENOMICS_DB_IMPORT -
[-        ] variant_calling:GENOTYPE_GVCFS -
[-        ] var…t_calling:MERGE_JOINT_VCFS -
[-        ] variant_calling:ASM            -
[-        ] var…_calling:MERGE_ASM_OUTPUTS -
[1f/8e642f] var…:MUTECT2 (evoC-Bap1-mut-F) | 4 of 4 ✔
[04/ddc78a] mbi…voC-Bap1-mut-F-CG-5-prime) | 12 of 12 ✔
[71/922293] epi…ZARR (evoC-Bap1-mut-F-CHH) | 12 of 12 ✔
[c5/7aed2e] epi…PORT (evoC-Bap1-mut-F_CHH) | 0 of 12
[b5/29d2e4] epi…(evoC_Bap1_run-genome-CHH) | 0 of 3
[c1/286c4a] epi…2ZARR (evoC-Bap1-mut-F-CG) | 4 of 4 ✔
[17/ec0760] epi…XPORT (evoC-Bap1-mut-F_CG) | 4 of 4 ✔
[77/1ce2ab] epi…2ZARR (evoC-Bap1-mut-F-CG) | 4 of 4 ✔
[fe/64cede] epi…XPORT (evoC-Bap1-mut-F_CG) | 4 of 4 ✔
[f0/f5c1c4] epi…voC_Bap1_run-long_ctrl-CG) | 1 of 1 ✔
[ce/ac52e7] summary:DQSPY (evoC_Bap1_run)  | 1 of 1 ✔
Plus 3 more processes waiting for tasks…

executor >  slurm (98)
[5a/98213b] res…AW (evoC-Bap1-mut-F, L005) | 4 of 4 ✔
[94/9d8d88] res…DE (evoC-Bap1-mut-F, L005) | 4 of 4 ✔
[-        ] resolve_align:FASTQC_RESOLVED  -
[bc/1d3e7e] res…M2 (evoC-Bap1-mut-F, L005) | 4 of 4 ✔
[-        ] res…align:SAMTOOLS_MERGE_LANES -
[-        ] resolve_align:PRESEQ           -
[b2/0bf87a] bam…t:BAMLET (evoC-Bap1-mut-F) | 4 of 4 ✔
[32/0ea4f0] bam…AP_BAMQC (evoC-Bap1-mut-F) | 4 of 4 ✔
[04/be1053] bam…TSS_BIAS (evoC-Bap1-mut-F) | 4 of 4 ✔
[-        ] bam…:DEEPTOOLS_PLOTFINGERPRINT -
[6f/d0d158] bam…D_GCBIAS (evoC-Bap1-mut-F) | 4 of 4 ✔
[8b/1d68c7] bam…ACCURACY (evoC-Bap1-mut-F) | 4 of 4 ✔
[b2/7e769c] var…E_CALLER (evoC-Bap1-mut-F) | 4 of 4 ✔
[9f/38af8c] var…NTERVALS (GRCm38_filtered) | 0 of 1
[-        ] var…calling:GENOMICS_DB_IMPORT -
[-        ] variant_calling:GENOTYPE_GVCFS -
[-        ] var…t_calling:MERGE_JOINT_VCFS -
[-        ] variant_calling:ASM            -
[-        ] var…_calling:MERGE_ASM_OUTPUTS -
[1f/8e642f] var…:MUTECT2 (evoC-Bap1-mut-F) | 4 of 4 ✔
[04/ddc78a] mbi…voC-Bap1-mut-F-CG-5-prime) | 12 of 12 ✔
[71/922293] epi…ZARR (evoC-Bap1-mut-F-CHH) | 12 of 12 ✔
[93/f150a9] epi…PORT (evoC-Bap1-ctrl-M_CG) | 1 of 12
[b5/29d2e4] epi…(evoC_Bap1_run-genome-CHH) | 0 of 3
[c1/286c4a] epi…2ZARR (evoC-Bap1-mut-F-CG) | 4 of 4 ✔
[17/ec0760] epi…XPORT (evoC-Bap1-mut-F_CG) | 4 of 4 ✔
[77/1ce2ab] epi…2ZARR (evoC-Bap1-mut-F-CG) | 4 of 4 ✔
[fe/64cede] epi…XPORT (evoC-Bap1-mut-F_CG) | 4 of 4 ✔
[f0/f5c1c4] epi…voC_Bap1_run-long_ctrl-CG) | 1 of 1 ✔
[ce/ac52e7] summary:DQSPY (evoC_Bap1_run)  | 1 of 1 ✔
Plus 3 more processes waiting for tasks…

executor >  slurm (98)
[5a/98213b] res…AW (evoC-Bap1-mut-F, L005) | 4 of 4 ✔
[94/9d8d88] res…DE (evoC-Bap1-mut-F, L005) | 4 of 4 ✔
[-        ] resolve_align:FASTQC_RESOLVED  -
[bc/1d3e7e] res…M2 (evoC-Bap1-mut-F, L005) | 4 of 4 ✔
[-        ] res…align:SAMTOOLS_MERGE_LANES -
[-        ] resolve_align:PRESEQ           -
[b2/0bf87a] bam…t:BAMLET (evoC-Bap1-mut-F) | 4 of 4 ✔
[32/0ea4f0] bam…AP_BAMQC (evoC-Bap1-mut-F) | 4 of 4 ✔
[04/be1053] bam…TSS_BIAS (evoC-Bap1-mut-F) | 4 of 4 ✔
[-        ] bam…:DEEPTOOLS_PLOTFINGERPRINT -
[6f/d0d158] bam…D_GCBIAS (evoC-Bap1-mut-F) | 4 of 4 ✔
[8b/1d68c7] bam…ACCURACY (evoC-Bap1-mut-F) | 4 of 4 ✔
[b2/7e769c] var…E_CALLER (evoC-Bap1-mut-F) | 4 of 4 ✔
[9f/38af8c] var…NTERVALS (GRCm38_filtered) | 0 of 1
[-        ] var…calling:GENOMICS_DB_IMPORT -
[-        ] variant_calling:GENOTYPE_GVCFS -
[-        ] var…t_calling:MERGE_JOINT_VCFS -
[-        ] variant_calling:ASM            -
[-        ] var…_calling:MERGE_ASM_OUTPUTS -
[1f/8e642f] var…:MUTECT2 (evoC-Bap1-mut-F) | 4 of 4 ✔
[04/ddc78a] mbi…voC-Bap1-mut-F-CG-5-prime) | 12 of 12 ✔
[71/922293] epi…ZARR (evoC-Bap1-mut-F-CHH) | 12 of 12 ✔
[93/f150a9] epi…PORT (evoC-Bap1-ctrl-M_CG) | 1 of 12
[b5/29d2e4] epi…(evoC_Bap1_run-genome-CHH) | 0 of 3
[c1/286c4a] epi…2ZARR (evoC-Bap1-mut-F-CG) | 4 of 4 ✔
[17/ec0760] epi…XPORT (evoC-Bap1-mut-F_CG) | 4 of 4 ✔
[77/1ce2ab] epi…2ZARR (evoC-Bap1-mut-F-CG) | 4 of 4 ✔
[fe/64cede] epi…XPORT (evoC-Bap1-mut-F_CG) | 4 of 4 ✔
[f0/f5c1c4] epi…voC_Bap1_run-long_ctrl-CG) | 1 of 1 ✔
[ce/ac52e7] summary:DQSPY (evoC_Bap1_run)  | 1 of 1 ✔
Plus 3 more processes waiting for tasks…

executor >  slurm (98)
[5a/98213b] res…AW (evoC-Bap1-mut-F, L005) | 4 of 4 ✔
[94/9d8d88] res…DE (evoC-Bap1-mut-F, L005) | 4 of 4 ✔
[-        ] resolve_align:FASTQC_RESOLVED  -
[bc/1d3e7e] res…M2 (evoC-Bap1-mut-F, L005) | 4 of 4 ✔
[-        ] res…align:SAMTOOLS_MERGE_LANES -
[-        ] resolve_align:PRESEQ           -
[b2/0bf87a] bam…t:BAMLET (evoC-Bap1-mut-F) | 4 of 4 ✔
[32/0ea4f0] bam…AP_BAMQC (evoC-Bap1-mut-F) | 4 of 4 ✔
[04/be1053] bam…TSS_BIAS (evoC-Bap1-mut-F) | 4 of 4 ✔
[-        ] bam…:DEEPTOOLS_PLOTFINGERPRINT -
[6f/d0d158] bam…D_GCBIAS (evoC-Bap1-mut-F) | 4 of 4 ✔
[8b/1d68c7] bam…ACCURACY (evoC-Bap1-mut-F) | 4 of 4 ✔
[b2/7e769c] var…E_CALLER (evoC-Bap1-mut-F) | 4 of 4 ✔
[9f/38af8c] var…NTERVALS (GRCm38_filtered) | 0 of 1
[-        ] var…calling:GENOMICS_DB_IMPORT -
[-        ] variant_calling:GENOTYPE_GVCFS -
[-        ] var…t_calling:MERGE_JOINT_VCFS -
[-        ] variant_calling:ASM            -
[-        ] var…_calling:MERGE_ASM_OUTPUTS -
[1f/8e642f] var…:MUTECT2 (evoC-Bap1-mut-F) | 4 of 4 ✔
[04/ddc78a] mbi…voC-Bap1-mut-F-CG-5-prime) | 12 of 12 ✔
[71/922293] epi…ZARR (evoC-Bap1-mut-F-CHH) | 12 of 12 ✔
[93/f150a9] epi…PORT (evoC-Bap1-ctrl-M_CG) | 1 of 12
[38/87bc1e] epi… (evoC_Bap1_run-genome-CG) | 1 of 3
[c1/286c4a] epi…2ZARR (evoC-Bap1-mut-F-CG) | 4 of 4 ✔
[17/ec0760] epi…XPORT (evoC-Bap1-mut-F_CG) | 4 of 4 ✔
[77/1ce2ab] epi…2ZARR (evoC-Bap1-mut-F-CG) | 4 of 4 ✔
[fe/64cede] epi…XPORT (evoC-Bap1-mut-F_CG) | 4 of 4 ✔
[f0/f5c1c4] epi…voC_Bap1_run-long_ctrl-CG) | 1 of 1 ✔
[ce/ac52e7] summary:DQSPY (evoC_Bap1_run)  | 1 of 1 ✔
Plus 3 more processes waiting for tasks…

executor >  slurm (98)
[5a/98213b] res…AW (evoC-Bap1-mut-F, L005) | 4 of 4 ✔
[94/9d8d88] res…DE (evoC-Bap1-mut-F, L005) | 4 of 4 ✔
[-        ] resolve_align:FASTQC_RESOLVED  -
[bc/1d3e7e] res…M2 (evoC-Bap1-mut-F, L005) | 4 of 4 ✔
[-        ] res…align:SAMTOOLS_MERGE_LANES -
[-        ] resolve_align:PRESEQ           -
[b2/0bf87a] bam…t:BAMLET (evoC-Bap1-mut-F) | 4 of 4 ✔
[32/0ea4f0] bam…AP_BAMQC (evoC-Bap1-mut-F) | 4 of 4 ✔
[04/be1053] bam…TSS_BIAS (evoC-Bap1-mut-F) | 4 of 4 ✔
[-        ] bam…:DEEPTOOLS_PLOTFINGERPRINT -
[6f/d0d158] bam…D_GCBIAS (evoC-Bap1-mut-F) | 4 of 4 ✔
[8b/1d68c7] bam…ACCURACY (evoC-Bap1-mut-F) | 4 of 4 ✔
[b2/7e769c] var…E_CALLER (evoC-Bap1-mut-F) | 4 of 4 ✔
[9f/38af8c] var…NTERVALS (GRCm38_filtered) | 0 of 1
[-        ] var…calling:GENOMICS_DB_IMPORT -
[-        ] variant_calling:GENOTYPE_GVCFS -
[-        ] var…t_calling:MERGE_JOINT_VCFS -
[-        ] variant_calling:ASM            -
[-        ] var…_calling:MERGE_ASM_OUTPUTS -
[1f/8e642f] var…:MUTECT2 (evoC-Bap1-mut-F) | 4 of 4 ✔
[04/ddc78a] mbi…voC-Bap1-mut-F-CG-5-prime) | 12 of 12 ✔
[71/922293] epi…ZARR (evoC-Bap1-mut-F-CHH) | 12 of 12 ✔
[93/f150a9] epi…PORT (evoC-Bap1-ctrl-M_CG) | 1 of 12
[c4/74cab6] epi…(evoC_Bap1_run-genome-CHG) | 2 of 3
[c1/286c4a] epi…2ZARR (evoC-Bap1-mut-F-CG) | 4 of 4 ✔
[17/ec0760] epi…XPORT (evoC-Bap1-mut-F_CG) | 4 of 4 ✔
[77/1ce2ab] epi…2ZARR (evoC-Bap1-mut-F-CG) | 4 of 4 ✔
[fe/64cede] epi…XPORT (evoC-Bap1-mut-F_CG) | 4 of 4 ✔
[f0/f5c1c4] epi…voC_Bap1_run-long_ctrl-CG) | 1 of 1 ✔
[ce/ac52e7] summary:DQSPY (evoC_Bap1_run)  | 1 of 1 ✔
Plus 3 more processes waiting for tasks…

executor >  slurm (100)
[5a/98213b] res…AW (evoC-Bap1-mut-F, L005) | 4 of 4 ✔
[94/9d8d88] res…DE (evoC-Bap1-mut-F, L005) | 4 of 4 ✔
[-        ] resolve_align:FASTQC_RESOLVED  -
[bc/1d3e7e] res…M2 (evoC-Bap1-mut-F, L005) | 4 of 4 ✔
[-        ] res…align:SAMTOOLS_MERGE_LANES -
[-        ] resolve_align:PRESEQ           -
[b2/0bf87a] bam…t:BAMLET (evoC-Bap1-mut-F) | 4 of 4 ✔
[32/0ea4f0] bam…AP_BAMQC (evoC-Bap1-mut-F) | 4 of 4 ✔
[04/be1053] bam…TSS_BIAS (evoC-Bap1-mut-F) | 4 of 4 ✔
[-        ] bam…:DEEPTOOLS_PLOTFINGERPRINT -
[6f/d0d158] bam…D_GCBIAS (evoC-Bap1-mut-F) | 4 of 4 ✔
[8b/1d68c7] bam…ACCURACY (evoC-Bap1-mut-F) | 4 of 4 ✔
[b2/7e769c] var…E_CALLER (evoC-Bap1-mut-F) | 4 of 4 ✔
[9f/38af8c] var…NTERVALS (GRCm38_filtered) | 1 of 1 ✔
[96/1b985f] var…DB_IMPORT (Interval: 0004) | 0 of 19
[-        ] variant_calling:GENOTYPE_GVCFS -
[-        ] var…t_calling:MERGE_JOINT_VCFS -
[-        ] variant_calling:ASM            -
[-        ] var…_calling:MERGE_ASM_OUTPUTS -
[1f/8e642f] var…:MUTECT2 (evoC-Bap1-mut-F) | 4 of 4 ✔
[04/ddc78a] mbi…voC-Bap1-mut-F-CG-5-prime) | 12 of 12 ✔
[71/922293] epi…ZARR (evoC-Bap1-mut-F-CHH) | 12 of 12 ✔
[93/f150a9] epi…PORT (evoC-Bap1-ctrl-M_CG) | 1 of 12
[c4/74cab6] epi…(evoC_Bap1_run-genome-CHG) | 2 of 3
[c1/286c4a] epi…2ZARR (evoC-Bap1-mut-F-CG) | 4 of 4 ✔
[17/ec0760] epi…XPORT (evoC-Bap1-mut-F_CG) | 4 of 4 ✔
[77/1ce2ab] epi…2ZARR (evoC-Bap1-mut-F-CG) | 4 of 4 ✔
[fe/64cede] epi…XPORT (evoC-Bap1-mut-F_CG) | 4 of 4 ✔
[f0/f5c1c4] epi…voC_Bap1_run-long_ctrl-CG) | 1 of 1 ✔
[ce/ac52e7] summary:DQSPY (evoC_Bap1_run)  | 1 of 1 ✔
Plus 3 more processes waiting for tasks…

executor >  slurm (103)
[5a/98213b] res…AW (evoC-Bap1-mut-F, L005) | 4 of 4 ✔
[94/9d8d88] res…DE (evoC-Bap1-mut-F, L005) | 4 of 4 ✔
[-        ] resolve_align:FASTQC_RESOLVED  -
[bc/1d3e7e] res…M2 (evoC-Bap1-mut-F, L005) | 4 of 4 ✔
[-        ] res…align:SAMTOOLS_MERGE_LANES -
[-        ] resolve_align:PRESEQ           -
[b2/0bf87a] bam…t:BAMLET (evoC-Bap1-mut-F) | 4 of 4 ✔
[32/0ea4f0] bam…AP_BAMQC (evoC-Bap1-mut-F) | 4 of 4 ✔
[04/be1053] bam…TSS_BIAS (evoC-Bap1-mut-F) | 4 of 4 ✔
[-        ] bam…:DEEPTOOLS_PLOTFINGERPRINT -
[6f/d0d158] bam…D_GCBIAS (evoC-Bap1-mut-F) | 4 of 4 ✔
[8b/1d68c7] bam…ACCURACY (evoC-Bap1-mut-F) | 4 of 4 ✔
[b2/7e769c] var…E_CALLER (evoC-Bap1-mut-F) | 4 of 4 ✔
[9f/38af8c] var…NTERVALS (GRCm38_filtered) | 1 of 1 ✔
[c5/519b6e] var…DB_IMPORT (Interval: 0014) | 0 of 19
[-        ] variant_calling:GENOTYPE_GVCFS -
[-        ] var…t_calling:MERGE_JOINT_VCFS -
[-        ] variant_calling:ASM            -
[-        ] var…_calling:MERGE_ASM_OUTPUTS -
[1f/8e642f] var…:MUTECT2 (evoC-Bap1-mut-F) | 4 of 4 ✔
[04/ddc78a] mbi…voC-Bap1-mut-F-CG-5-prime) | 12 of 12 ✔
[71/922293] epi…ZARR (evoC-Bap1-mut-F-CHH) | 12 of 12 ✔
[93/f150a9] epi…PORT (evoC-Bap1-ctrl-M_CG) | 1 of 12
[c4/74cab6] epi…(evoC_Bap1_run-genome-CHG) | 2 of 3
[c1/286c4a] epi…2ZARR (evoC-Bap1-mut-F-CG) | 4 of 4 ✔
[17/ec0760] epi…XPORT (evoC-Bap1-mut-F_CG) | 4 of 4 ✔
[77/1ce2ab] epi…2ZARR (evoC-Bap1-mut-F-CG) | 4 of 4 ✔
[fe/64cede] epi…XPORT (evoC-Bap1-mut-F_CG) | 4 of 4 ✔
[f0/f5c1c4] epi…voC_Bap1_run-long_ctrl-CG) | 1 of 1 ✔
[ce/ac52e7] summary:DQSPY (evoC_Bap1_run)  | 1 of 1 ✔
Plus 3 more processes waiting for tasks…

executor >  slurm (106)
[5a/98213b] res…AW (evoC-Bap1-mut-F, L005) | 4 of 4 ✔
[94/9d8d88] res…DE (evoC-Bap1-mut-F, L005) | 4 of 4 ✔
[-        ] resolve_align:FASTQC_RESOLVED  -
[bc/1d3e7e] res…M2 (evoC-Bap1-mut-F, L005) | 4 of 4 ✔
[-        ] res…align:SAMTOOLS_MERGE_LANES -
[-        ] resolve_align:PRESEQ           -
[b2/0bf87a] bam…t:BAMLET (evoC-Bap1-mut-F) | 4 of 4 ✔
[32/0ea4f0] bam…AP_BAMQC (evoC-Bap1-mut-F) | 4 of 4 ✔
[04/be1053] bam…TSS_BIAS (evoC-Bap1-mut-F) | 4 of 4 ✔
[-        ] bam…:DEEPTOOLS_PLOTFINGERPRINT -
[6f/d0d158] bam…D_GCBIAS (evoC-Bap1-mut-F) | 4 of 4 ✔
[8b/1d68c7] bam…ACCURACY (evoC-Bap1-mut-F) | 4 of 4 ✔
[b2/7e769c] var…E_CALLER (evoC-Bap1-mut-F) | 4 of 4 ✔
[9f/38af8c] var…NTERVALS (GRCm38_filtered) | 1 of 1 ✔
[46/6c38a0] var…DB_IMPORT (Interval: 0013) | 0 of 19
[-        ] variant_calling:GENOTYPE_GVCFS -
[-        ] var…t_calling:MERGE_JOINT_VCFS -
[-        ] variant_calling:ASM            -
[-        ] var…_calling:MERGE_ASM_OUTPUTS -
[1f/8e642f] var…:MUTECT2 (evoC-Bap1-mut-F) | 4 of 4 ✔
[04/ddc78a] mbi…voC-Bap1-mut-F-CG-5-prime) | 12 of 12 ✔
[71/922293] epi…ZARR (evoC-Bap1-mut-F-CHH) | 12 of 12 ✔
[93/f150a9] epi…PORT (evoC-Bap1-ctrl-M_CG) | 1 of 12
[c4/74cab6] epi…(evoC_Bap1_run-genome-CHG) | 2 of 3
[c1/286c4a] epi…2ZARR (evoC-Bap1-mut-F-CG) | 4 of 4 ✔
[17/ec0760] epi…XPORT (evoC-Bap1-mut-F_CG) | 4 of 4 ✔
[77/1ce2ab] epi…2ZARR (evoC-Bap1-mut-F-CG) | 4 of 4 ✔
[fe/64cede] epi…XPORT (evoC-Bap1-mut-F_CG) | 4 of 4 ✔
[f0/f5c1c4] epi…voC_Bap1_run-long_ctrl-CG) | 1 of 1 ✔
[ce/ac52e7] summary:DQSPY (evoC_Bap1_run)  | 1 of 1 ✔
Plus 3 more processes waiting for tasks…

executor >  slurm (107)
[5a/98213b] res…AW (evoC-Bap1-mut-F, L005) | 4 of 4 ✔
[94/9d8d88] res…DE (evoC-Bap1-mut-F, L005) | 4 of 4 ✔
[-        ] resolve_align:FASTQC_RESOLVED  -
[bc/1d3e7e] res…M2 (evoC-Bap1-mut-F, L005) | 4 of 4 ✔
[-        ] res…align:SAMTOOLS_MERGE_LANES -
[-        ] resolve_align:PRESEQ           -
[b2/0bf87a] bam…t:BAMLET (evoC-Bap1-mut-F) | 4 of 4 ✔
[32/0ea4f0] bam…AP_BAMQC (evoC-Bap1-mut-F) | 4 of 4 ✔
[04/be1053] bam…TSS_BIAS (evoC-Bap1-mut-F) | 4 of 4 ✔
[-        ] bam…:DEEPTOOLS_PLOTFINGERPRINT -
[6f/d0d158] bam…D_GCBIAS (evoC-Bap1-mut-F) | 4 of 4 ✔
[8b/1d68c7] bam…ACCURACY (evoC-Bap1-mut-F) | 4 of 4 ✔
[b2/7e769c] var…E_CALLER (evoC-Bap1-mut-F) | 4 of 4 ✔
[9f/38af8c] var…NTERVALS (GRCm38_filtered) | 1 of 1 ✔
[dc/d7d886] var…DB_IMPORT (Interval: 0003) | 0 of 19
[-        ] variant_calling:GENOTYPE_GVCFS -
[-        ] var…t_calling:MERGE_JOINT_VCFS -
[-        ] variant_calling:ASM            -
[-        ] var…_calling:MERGE_ASM_OUTPUTS -
[1f/8e642f] var…:MUTECT2 (evoC-Bap1-mut-F) | 4 of 4 ✔
[04/ddc78a] mbi…voC-Bap1-mut-F-CG-5-prime) | 12 of 12 ✔
[71/922293] epi…ZARR (evoC-Bap1-mut-F-CHH) | 12 of 12 ✔
[93/f150a9] epi…PORT (evoC-Bap1-ctrl-M_CG) | 1 of 12
[c4/74cab6] epi…(evoC_Bap1_run-genome-CHG) | 2 of 3
[c1/286c4a] epi…2ZARR (evoC-Bap1-mut-F-CG) | 4 of 4 ✔
[17/ec0760] epi…XPORT (evoC-Bap1-mut-F_CG) | 4 of 4 ✔
[77/1ce2ab] epi…2ZARR (evoC-Bap1-mut-F-CG) | 4 of 4 ✔
[fe/64cede] epi…XPORT (evoC-Bap1-mut-F_CG) | 4 of 4 ✔
[f0/f5c1c4] epi…voC_Bap1_run-long_ctrl-CG) | 1 of 1 ✔
[ce/ac52e7] summary:DQSPY (evoC_Bap1_run)  | 1 of 1 ✔
Plus 3 more processes waiting for tasks…

executor >  slurm (108)
[5a/98213b] res…AW (evoC-Bap1-mut-F, L005) | 4 of 4 ✔
[94/9d8d88] res…DE (evoC-Bap1-mut-F, L005) | 4 of 4 ✔
[-        ] resolve_align:FASTQC_RESOLVED  -
[bc/1d3e7e] res…M2 (evoC-Bap1-mut-F, L005) | 4 of 4 ✔
[-        ] res…align:SAMTOOLS_MERGE_LANES -
[-        ] resolve_align:PRESEQ           -
[b2/0bf87a] bam…t:BAMLET (evoC-Bap1-mut-F) | 4 of 4 ✔
[32/0ea4f0] bam…AP_BAMQC (evoC-Bap1-mut-F) | 4 of 4 ✔
[04/be1053] bam…TSS_BIAS (evoC-Bap1-mut-F) | 4 of 4 ✔
[-        ] bam…:DEEPTOOLS_PLOTFINGERPRINT -
[6f/d0d158] bam…D_GCBIAS (evoC-Bap1-mut-F) | 4 of 4 ✔
[8b/1d68c7] bam…ACCURACY (evoC-Bap1-mut-F) | 4 of 4 ✔
[b2/7e769c] var…E_CALLER (evoC-Bap1-mut-F) | 4 of 4 ✔
[9f/38af8c] var…NTERVALS (GRCm38_filtered) | 1 of 1 ✔
[57/37676d] var…DB_IMPORT (Interval: 0001) | 0 of 19
[-        ] variant_calling:GENOTYPE_GVCFS -
[-        ] var…t_calling:MERGE_JOINT_VCFS -
[-        ] variant_calling:ASM            -
[-        ] var…_calling:MERGE_ASM_OUTPUTS -
[1f/8e642f] var…:MUTECT2 (evoC-Bap1-mut-F) | 4 of 4 ✔
[04/ddc78a] mbi…voC-Bap1-mut-F-CG-5-prime) | 12 of 12 ✔
[71/922293] epi…ZARR (evoC-Bap1-mut-F-CHH) | 12 of 12 ✔
[93/f150a9] epi…PORT (evoC-Bap1-ctrl-M_CG) | 1 of 12
[c4/74cab6] epi…(evoC_Bap1_run-genome-CHG) | 2 of 3
[c1/286c4a] epi…2ZARR (evoC-Bap1-mut-F-CG) | 4 of 4 ✔
[17/ec0760] epi…XPORT (evoC-Bap1-mut-F_CG) | 4 of 4 ✔
[77/1ce2ab] epi…2ZARR (evoC-Bap1-mut-F-CG) | 4 of 4 ✔
[fe/64cede] epi…XPORT (evoC-Bap1-mut-F_CG) | 4 of 4 ✔
[f0/f5c1c4] epi…voC_Bap1_run-long_ctrl-CG) | 1 of 1 ✔
[ce/ac52e7] summary:DQSPY (evoC_Bap1_run)  | 1 of 1 ✔
Plus 3 more processes waiting for tasks…

executor >  slurm (110)
[5a/98213b] res…AW (evoC-Bap1-mut-F, L005) | 4 of 4 ✔
[94/9d8d88] res…DE (evoC-Bap1-mut-F, L005) | 4 of 4 ✔
[-        ] resolve_align:FASTQC_RESOLVED  -
[bc/1d3e7e] res…M2 (evoC-Bap1-mut-F, L005) | 4 of 4 ✔
[-        ] res…align:SAMTOOLS_MERGE_LANES -
[-        ] resolve_align:PRESEQ           -
[b2/0bf87a] bam…t:BAMLET (evoC-Bap1-mut-F) | 4 of 4 ✔
[32/0ea4f0] bam…AP_BAMQC (evoC-Bap1-mut-F) | 4 of 4 ✔
[04/be1053] bam…TSS_BIAS (evoC-Bap1-mut-F) | 4 of 4 ✔
[-        ] bam…:DEEPTOOLS_PLOTFINGERPRINT -
[6f/d0d158] bam…D_GCBIAS (evoC-Bap1-mut-F) | 4 of 4 ✔
[8b/1d68c7] bam…ACCURACY (evoC-Bap1-mut-F) | 4 of 4 ✔
[b2/7e769c] var…E_CALLER (evoC-Bap1-mut-F) | 4 of 4 ✔
[9f/38af8c] var…NTERVALS (GRCm38_filtered) | 1 of 1 ✔
[36/d39e2f] var…DB_IMPORT (Interval: 0008) | 0 of 19
[-        ] variant_calling:GENOTYPE_GVCFS -
[-        ] var…t_calling:MERGE_JOINT_VCFS -
[-        ] variant_calling:ASM            -
[-        ] var…_calling:MERGE_ASM_OUTPUTS -
[1f/8e642f] var…:MUTECT2 (evoC-Bap1-mut-F) | 4 of 4 ✔
[04/ddc78a] mbi…voC-Bap1-mut-F-CG-5-prime) | 12 of 12 ✔
[71/922293] epi…ZARR (evoC-Bap1-mut-F-CHH) | 12 of 12 ✔
[93/f150a9] epi…PORT (evoC-Bap1-ctrl-M_CG) | 1 of 12
[c4/74cab6] epi…(evoC_Bap1_run-genome-CHG) | 2 of 3
[c1/286c4a] epi…2ZARR (evoC-Bap1-mut-F-CG) | 4 of 4 ✔
[17/ec0760] epi…XPORT (evoC-Bap1-mut-F_CG) | 4 of 4 ✔
[77/1ce2ab] epi…2ZARR (evoC-Bap1-mut-F-CG) | 4 of 4 ✔
[fe/64cede] epi…XPORT (evoC-Bap1-mut-F_CG) | 4 of 4 ✔
[f0/f5c1c4] epi…voC_Bap1_run-long_ctrl-CG) | 1 of 1 ✔
[ce/ac52e7] summary:DQSPY (evoC_Bap1_run)  | 1 of 1 ✔
Plus 3 more processes waiting for tasks…

executor >  slurm (112)
[5a/98213b] res…AW (evoC-Bap1-mut-F, L005) | 4 of 4 ✔
[94/9d8d88] res…DE (evoC-Bap1-mut-F, L005) | 4 of 4 ✔
[-        ] resolve_align:FASTQC_RESOLVED  -
[bc/1d3e7e] res…M2 (evoC-Bap1-mut-F, L005) | 4 of 4 ✔
[-        ] res…align:SAMTOOLS_MERGE_LANES -
[-        ] resolve_align:PRESEQ           -
[b2/0bf87a] bam…t:BAMLET (evoC-Bap1-mut-F) | 4 of 4 ✔
[32/0ea4f0] bam…AP_BAMQC (evoC-Bap1-mut-F) | 4 of 4 ✔
[04/be1053] bam…TSS_BIAS (evoC-Bap1-mut-F) | 4 of 4 ✔
[-        ] bam…:DEEPTOOLS_PLOTFINGERPRINT -
[6f/d0d158] bam…D_GCBIAS (evoC-Bap1-mut-F) | 4 of 4 ✔
[8b/1d68c7] bam…ACCURACY (evoC-Bap1-mut-F) | 4 of 4 ✔
[b2/7e769c] var…E_CALLER (evoC-Bap1-mut-F) | 4 of 4 ✔
[9f/38af8c] var…NTERVALS (GRCm38_filtered) | 1 of 1 ✔
[c8/40f1ee] var…DB_IMPORT (Interval: 0005) | 0 of 19
[-        ] variant_calling:GENOTYPE_GVCFS -
[-        ] var…t_calling:MERGE_JOINT_VCFS -
[-        ] variant_calling:ASM            -
[-        ] var…_calling:MERGE_ASM_OUTPUTS -
[1f/8e642f] var…:MUTECT2 (evoC-Bap1-mut-F) | 4 of 4 ✔
[04/ddc78a] mbi…voC-Bap1-mut-F-CG-5-prime) | 12 of 12 ✔
[71/922293] epi…ZARR (evoC-Bap1-mut-F-CHH) | 12 of 12 ✔
[93/f150a9] epi…PORT (evoC-Bap1-ctrl-M_CG) | 1 of 12
[c4/74cab6] epi…(evoC_Bap1_run-genome-CHG) | 2 of 3
[c1/286c4a] epi…2ZARR (evoC-Bap1-mut-F-CG) | 4 of 4 ✔
[17/ec0760] epi…XPORT (evoC-Bap1-mut-F_CG) | 4 of 4 ✔
[77/1ce2ab] epi…2ZARR (evoC-Bap1-mut-F-CG) | 4 of 4 ✔
[fe/64cede] epi…XPORT (evoC-Bap1-mut-F_CG) | 4 of 4 ✔
[f0/f5c1c4] epi…voC_Bap1_run-long_ctrl-CG) | 1 of 1 ✔
[ce/ac52e7] summary:DQSPY (evoC_Bap1_run)  | 1 of 1 ✔
Plus 3 more processes waiting for tasks…

executor >  slurm (115)
[5a/98213b] res…AW (evoC-Bap1-mut-F, L005) | 4 of 4 ✔
[94/9d8d88] res…DE (evoC-Bap1-mut-F, L005) | 4 of 4 ✔
[-        ] resolve_align:FASTQC_RESOLVED  -
[bc/1d3e7e] res…M2 (evoC-Bap1-mut-F, L005) | 4 of 4 ✔
[-        ] res…align:SAMTOOLS_MERGE_LANES -
[-        ] resolve_align:PRESEQ           -
[b2/0bf87a] bam…t:BAMLET (evoC-Bap1-mut-F) | 4 of 4 ✔
[32/0ea4f0] bam…AP_BAMQC (evoC-Bap1-mut-F) | 4 of 4 ✔
[04/be1053] bam…TSS_BIAS (evoC-Bap1-mut-F) | 4 of 4 ✔
[-        ] bam…:DEEPTOOLS_PLOTFINGERPRINT -
[6f/d0d158] bam…D_GCBIAS (evoC-Bap1-mut-F) | 4 of 4 ✔
[8b/1d68c7] bam…ACCURACY (evoC-Bap1-mut-F) | 4 of 4 ✔
[b2/7e769c] var…E_CALLER (evoC-Bap1-mut-F) | 4 of 4 ✔
[9f/38af8c] var…NTERVALS (GRCm38_filtered) | 1 of 1 ✔
[67/e2fe83] var…DB_IMPORT (Interval: 0017) | 0 of 19
[-        ] variant_calling:GENOTYPE_GVCFS -
[-        ] var…t_calling:MERGE_JOINT_VCFS -
[-        ] variant_calling:ASM            -
[-        ] var…_calling:MERGE_ASM_OUTPUTS -
[1f/8e642f] var…:MUTECT2 (evoC-Bap1-mut-F) | 4 of 4 ✔
[04/ddc78a] mbi…voC-Bap1-mut-F-CG-5-prime) | 12 of 12 ✔
[71/922293] epi…ZARR (evoC-Bap1-mut-F-CHH) | 12 of 12 ✔
[93/f150a9] epi…PORT (evoC-Bap1-ctrl-M_CG) | 1 of 12
[c4/74cab6] epi…(evoC_Bap1_run-genome-CHG) | 2 of 3
[c1/286c4a] epi…2ZARR (evoC-Bap1-mut-F-CG) | 4 of 4 ✔
[17/ec0760] epi…XPORT (evoC-Bap1-mut-F_CG) | 4 of 4 ✔
[77/1ce2ab] epi…2ZARR (evoC-Bap1-mut-F-CG) | 4 of 4 ✔
[fe/64cede] epi…XPORT (evoC-Bap1-mut-F_CG) | 4 of 4 ✔
[f0/f5c1c4] epi…voC_Bap1_run-long_ctrl-CG) | 1 of 1 ✔
[ce/ac52e7] summary:DQSPY (evoC_Bap1_run)  | 1 of 1 ✔
Plus 3 more processes waiting for tasks…

executor >  slurm (117)
[5a/98213b] res…AW (evoC-Bap1-mut-F, L005) | 4 of 4 ✔
[94/9d8d88] res…DE (evoC-Bap1-mut-F, L005) | 4 of 4 ✔
[-        ] resolve_align:FASTQC_RESOLVED  -
[bc/1d3e7e] res…M2 (evoC-Bap1-mut-F, L005) | 4 of 4 ✔
[-        ] res…align:SAMTOOLS_MERGE_LANES -
[-        ] resolve_align:PRESEQ           -
[b2/0bf87a] bam…t:BAMLET (evoC-Bap1-mut-F) | 4 of 4 ✔
[32/0ea4f0] bam…AP_BAMQC (evoC-Bap1-mut-F) | 4 of 4 ✔
[04/be1053] bam…TSS_BIAS (evoC-Bap1-mut-F) | 4 of 4 ✔
[-        ] bam…:DEEPTOOLS_PLOTFINGERPRINT -
[6f/d0d158] bam…D_GCBIAS (evoC-Bap1-mut-F) | 4 of 4 ✔
[8b/1d68c7] bam…ACCURACY (evoC-Bap1-mut-F) | 4 of 4 ✔
[b2/7e769c] var…E_CALLER (evoC-Bap1-mut-F) | 4 of 4 ✔
[9f/38af8c] var…NTERVALS (GRCm38_filtered) | 1 of 1 ✔
[5c/55d56f] var…DB_IMPORT (Interval: 0000) | 0 of 19
[-        ] variant_calling:GENOTYPE_GVCFS -
[-        ] var…t_calling:MERGE_JOINT_VCFS -
[-        ] variant_calling:ASM            -
[-        ] var…_calling:MERGE_ASM_OUTPUTS -
[1f/8e642f] var…:MUTECT2 (evoC-Bap1-mut-F) | 4 of 4 ✔
[04/ddc78a] mbi…voC-Bap1-mut-F-CG-5-prime) | 12 of 12 ✔
[71/922293] epi…ZARR (evoC-Bap1-mut-F-CHH) | 12 of 12 ✔
[93/f150a9] epi…PORT (evoC-Bap1-ctrl-M_CG) | 1 of 12
[c4/74cab6] epi…(evoC_Bap1_run-genome-CHG) | 2 of 3
[c1/286c4a] epi…2ZARR (evoC-Bap1-mut-F-CG) | 4 of 4 ✔
[17/ec0760] epi…XPORT (evoC-Bap1-mut-F_CG) | 4 of 4 ✔
[77/1ce2ab] epi…2ZARR (evoC-Bap1-mut-F-CG) | 4 of 4 ✔
[fe/64cede] epi…XPORT (evoC-Bap1-mut-F_CG) | 4 of 4 ✔
[f0/f5c1c4] epi…voC_Bap1_run-long_ctrl-CG) | 1 of 1 ✔
[ce/ac52e7] summary:DQSPY (evoC_Bap1_run)  | 1 of 1 ✔
Plus 3 more processes waiting for tasks…

executor >  slurm (117)
[5a/98213b] res…AW (evoC-Bap1-mut-F, L005) | 4 of 4 ✔
[94/9d8d88] res…DE (evoC-Bap1-mut-F, L005) | 4 of 4 ✔
[-        ] resolve_align:FASTQC_RESOLVED  -
[bc/1d3e7e] res…M2 (evoC-Bap1-mut-F, L005) | 4 of 4 ✔
[-        ] res…align:SAMTOOLS_MERGE_LANES -
[-        ] resolve_align:PRESEQ           -
[b2/0bf87a] bam…t:BAMLET (evoC-Bap1-mut-F) | 4 of 4 ✔
[32/0ea4f0] bam…AP_BAMQC (evoC-Bap1-mut-F) | 4 of 4 ✔
[04/be1053] bam…TSS_BIAS (evoC-Bap1-mut-F) | 4 of 4 ✔
[-        ] bam…:DEEPTOOLS_PLOTFINGERPRINT -
[6f/d0d158] bam…D_GCBIAS (evoC-Bap1-mut-F) | 4 of 4 ✔
[8b/1d68c7] bam…ACCURACY (evoC-Bap1-mut-F) | 4 of 4 ✔
[b2/7e769c] var…E_CALLER (evoC-Bap1-mut-F) | 4 of 4 ✔
[9f/38af8c] var…NTERVALS (GRCm38_filtered) | 1 of 1 ✔
[5c/55d56f] var…DB_IMPORT (Interval: 0000) | 0 of 19
[-        ] variant_calling:GENOTYPE_GVCFS -
[-        ] var…t_calling:MERGE_JOINT_VCFS -
[-        ] variant_calling:ASM            -
[-        ] var…_calling:MERGE_ASM_OUTPUTS -
[1f/8e642f] var…:MUTECT2 (evoC-Bap1-mut-F) | 4 of 4 ✔
[04/ddc78a] mbi…voC-Bap1-mut-F-CG-5-prime) | 12 of 12 ✔
[71/922293] epi…ZARR (evoC-Bap1-mut-F-CHH) | 12 of 12 ✔
[fc/54af45] epi…PORT (evoC-Bap1-ctrl-F_CG) | 2 of 12
[c4/74cab6] epi…(evoC_Bap1_run-genome-CHG) | 2 of 3
[c1/286c4a] epi…2ZARR (evoC-Bap1-mut-F-CG) | 4 of 4 ✔
[17/ec0760] epi…XPORT (evoC-Bap1-mut-F_CG) | 4 of 4 ✔
[77/1ce2ab] epi…2ZARR (evoC-Bap1-mut-F-CG) | 4 of 4 ✔
[fe/64cede] epi…XPORT (evoC-Bap1-mut-F_CG) | 4 of 4 ✔
[f0/f5c1c4] epi…voC_Bap1_run-long_ctrl-CG) | 1 of 1 ✔
[ce/ac52e7] summary:DQSPY (evoC_Bap1_run)  | 1 of 1 ✔
Plus 3 more processes waiting for tasks…

executor >  slurm (117)
[5a/98213b] res…AW (evoC-Bap1-mut-F, L005) | 4 of 4 ✔
[94/9d8d88] res…DE (evoC-Bap1-mut-F, L005) | 4 of 4 ✔
[-        ] resolve_align:FASTQC_RESOLVED  -
[bc/1d3e7e] res…M2 (evoC-Bap1-mut-F, L005) | 4 of 4 ✔
[-        ] res…align:SAMTOOLS_MERGE_LANES -
[-        ] resolve_align:PRESEQ           -
[b2/0bf87a] bam…t:BAMLET (evoC-Bap1-mut-F) | 4 of 4 ✔
[32/0ea4f0] bam…AP_BAMQC (evoC-Bap1-mut-F) | 4 of 4 ✔
[04/be1053] bam…TSS_BIAS (evoC-Bap1-mut-F) | 4 of 4 ✔
[-        ] bam…:DEEPTOOLS_PLOTFINGERPRINT -
[6f/d0d158] bam…D_GCBIAS (evoC-Bap1-mut-F) | 4 of 4 ✔
[8b/1d68c7] bam…ACCURACY (evoC-Bap1-mut-F) | 4 of 4 ✔
[b2/7e769c] var…E_CALLER (evoC-Bap1-mut-F) | 4 of 4 ✔
[9f/38af8c] var…NTERVALS (GRCm38_filtered) | 1 of 1 ✔
[5c/55d56f] var…DB_IMPORT (Interval: 0000) | 0 of 19
[-        ] variant_calling:GENOTYPE_GVCFS -
[-        ] var…t_calling:MERGE_JOINT_VCFS -
[-        ] variant_calling:ASM            -
[-        ] var…_calling:MERGE_ASM_OUTPUTS -
[1f/8e642f] var…:MUTECT2 (evoC-Bap1-mut-F) | 4 of 4 ✔
[04/ddc78a] mbi…voC-Bap1-mut-F-CG-5-prime) | 12 of 12 ✔
[71/922293] epi…ZARR (evoC-Bap1-mut-F-CHH) | 12 of 12 ✔
[33/676710] epi…XPORT (evoC-Bap1-mut-M_CG) | 3 of 12
[c4/74cab6] epi…(evoC_Bap1_run-genome-CHG) | 2 of 3
[c1/286c4a] epi…2ZARR (evoC-Bap1-mut-F-CG) | 4 of 4 ✔
[17/ec0760] epi…XPORT (evoC-Bap1-mut-F_CG) | 4 of 4 ✔
[77/1ce2ab] epi…2ZARR (evoC-Bap1-mut-F-CG) | 4 of 4 ✔
[fe/64cede] epi…XPORT (evoC-Bap1-mut-F_CG) | 4 of 4 ✔
[f0/f5c1c4] epi…voC_Bap1_run-long_ctrl-CG) | 1 of 1 ✔
[ce/ac52e7] summary:DQSPY (evoC_Bap1_run)  | 1 of 1 ✔
Plus 3 more processes waiting for tasks…

executor >  slurm (117)
[5a/98213b] res…AW (evoC-Bap1-mut-F, L005) | 4 of 4 ✔
[94/9d8d88] res…DE (evoC-Bap1-mut-F, L005) | 4 of 4 ✔
[-        ] resolve_align:FASTQC_RESOLVED  -
[bc/1d3e7e] res…M2 (evoC-Bap1-mut-F, L005) | 4 of 4 ✔
[-        ] res…align:SAMTOOLS_MERGE_LANES -
[-        ] resolve_align:PRESEQ           -
[b2/0bf87a] bam…t:BAMLET (evoC-Bap1-mut-F) | 4 of 4 ✔
[32/0ea4f0] bam…AP_BAMQC (evoC-Bap1-mut-F) | 4 of 4 ✔
[04/be1053] bam…TSS_BIAS (evoC-Bap1-mut-F) | 4 of 4 ✔
[-        ] bam…:DEEPTOOLS_PLOTFINGERPRINT -
[6f/d0d158] bam…D_GCBIAS (evoC-Bap1-mut-F) | 4 of 4 ✔
[8b/1d68c7] bam…ACCURACY (evoC-Bap1-mut-F) | 4 of 4 ✔
[b2/7e769c] var…E_CALLER (evoC-Bap1-mut-F) | 4 of 4 ✔
[9f/38af8c] var…NTERVALS (GRCm38_filtered) | 1 of 1 ✔
[5c/55d56f] var…DB_IMPORT (Interval: 0000) | 0 of 19
[-        ] variant_calling:GENOTYPE_GVCFS -
[-        ] var…t_calling:MERGE_JOINT_VCFS -
[-        ] variant_calling:ASM            -
[-        ] var…_calling:MERGE_ASM_OUTPUTS -
[1f/8e642f] var…:MUTECT2 (evoC-Bap1-mut-F) | 4 of 4 ✔
[04/ddc78a] mbi…voC-Bap1-mut-F-CG-5-prime) | 12 of 12 ✔
[71/922293] epi…ZARR (evoC-Bap1-mut-F-CHH) | 12 of 12 ✔
[33/676710] epi…XPORT (evoC-Bap1-mut-M_CG) | 3 of 12
[c4/74cab6] epi…(evoC_Bap1_run-genome-CHG) | 2 of 3 ✔
[c1/286c4a] epi…2ZARR (evoC-Bap1-mut-F-CG) | 4 of 4 ✔
[17/ec0760] epi…XPORT (evoC-Bap1-mut-F_CG) | 4 of 4 ✔
[77/1ce2ab] epi…2ZARR (evoC-Bap1-mut-F-CG) | 4 of 4 ✔
[fe/64cede] epi…XPORT (evoC-Bap1-mut-F_CG) | 4 of 4 ✔
[f0/f5c1c4] epi…voC_Bap1_run-long_ctrl-CG) | 1 of 1 ✔
[ce/ac52e7] summary:DQSPY (evoC_Bap1_run)  | 1 of 1 ✔
Plus 3 more processes waiting for tasks…

executor >  slurm (117)
[5a/98213b] res…AW (evoC-Bap1-mut-F, L005) | 4 of 4 ✔
[94/9d8d88] res…DE (evoC-Bap1-mut-F, L005) | 4 of 4 ✔
[-        ] resolve_align:FASTQC_RESOLVED  -
[bc/1d3e7e] res…M2 (evoC-Bap1-mut-F, L005) | 4 of 4 ✔
[-        ] res…align:SAMTOOLS_MERGE_LANES -
[-        ] resolve_align:PRESEQ           -
[b2/0bf87a] bam…t:BAMLET (evoC-Bap1-mut-F) | 4 of 4 ✔
[32/0ea4f0] bam…AP_BAMQC (evoC-Bap1-mut-F) | 4 of 4 ✔
[04/be1053] bam…TSS_BIAS (evoC-Bap1-mut-F) | 4 of 4 ✔
[-        ] bam…:DEEPTOOLS_PLOTFINGERPRINT -
[6f/d0d158] bam…D_GCBIAS (evoC-Bap1-mut-F) | 4 of 4 ✔
[8b/1d68c7] bam…ACCURACY (evoC-Bap1-mut-F) | 4 of 4 ✔
[b2/7e769c] var…E_CALLER (evoC-Bap1-mut-F) | 4 of 4 ✔
[9f/38af8c] var…NTERVALS (GRCm38_filtered) | 1 of 1 ✔
[5c/55d56f] var…DB_IMPORT (Interval: 0000) | 0 of 19
[-        ] variant_calling:GENOTYPE_GVCFS -
[-        ] var…t_calling:MERGE_JOINT_VCFS -
[-        ] variant_calling:ASM            -
[-        ] var…_calling:MERGE_ASM_OUTPUTS -
[1f/8e642f] var…:MUTECT2 (evoC-Bap1-mut-F) | 4 of 4 ✔
[04/ddc78a] mbi…voC-Bap1-mut-F-CG-5-prime) | 12 of 12 ✔
[71/922293] epi…ZARR (evoC-Bap1-mut-F-CHH) | 12 of 12 ✔
[33/676710] epi…XPORT (evoC-Bap1-mut-M_CG) | 3 of 12
[b5/29d2e4] epi…(evoC_Bap1_run-genome-CHH) | 3 of 3 ✔
[c1/286c4a] epi…2ZARR (evoC-Bap1-mut-F-CG) | 4 of 4 ✔
[17/ec0760] epi…XPORT (evoC-Bap1-mut-F_CG) | 4 of 4 ✔
[77/1ce2ab] epi…2ZARR (evoC-Bap1-mut-F-CG) | 4 of 4 ✔
[fe/64cede] epi…XPORT (evoC-Bap1-mut-F_CG) | 4 of 4 ✔
[f0/f5c1c4] epi…voC_Bap1_run-long_ctrl-CG) | 1 of 1 ✔
[ce/ac52e7] summary:DQSPY (evoC_Bap1_run)  | 1 of 1 ✔
Plus 3 more processes waiting for tasks…

executor >  slurm (117)
[5a/98213b] res…AW (evoC-Bap1-mut-F, L005) | 4 of 4 ✔
[94/9d8d88] res…DE (evoC-Bap1-mut-F, L005) | 4 of 4 ✔
[-        ] resolve_align:FASTQC_RESOLVED  -
[bc/1d3e7e] res…M2 (evoC-Bap1-mut-F, L005) | 4 of 4 ✔
[-        ] res…align:SAMTOOLS_MERGE_LANES -
[-        ] resolve_align:PRESEQ           -
[b2/0bf87a] bam…t:BAMLET (evoC-Bap1-mut-F) | 4 of 4 ✔
[32/0ea4f0] bam…AP_BAMQC (evoC-Bap1-mut-F) | 4 of 4 ✔
[04/be1053] bam…TSS_BIAS (evoC-Bap1-mut-F) | 4 of 4 ✔
[-        ] bam…:DEEPTOOLS_PLOTFINGERPRINT -
[6f/d0d158] bam…D_GCBIAS (evoC-Bap1-mut-F) | 4 of 4 ✔
[8b/1d68c7] bam…ACCURACY (evoC-Bap1-mut-F) | 4 of 4 ✔
[b2/7e769c] var…E_CALLER (evoC-Bap1-mut-F) | 4 of 4 ✔
[9f/38af8c] var…NTERVALS (GRCm38_filtered) | 1 of 1 ✔
[5c/55d56f] var…DB_IMPORT (Interval: 0000) | 0 of 19
[-        ] variant_calling:GENOTYPE_GVCFS -
[-        ] var…t_calling:MERGE_JOINT_VCFS -
[-        ] variant_calling:ASM            -
[-        ] var…_calling:MERGE_ASM_OUTPUTS -
[1f/8e642f] var…:MUTECT2 (evoC-Bap1-mut-F) | 4 of 4 ✔
[04/ddc78a] mbi…voC-Bap1-mut-F-CG-5-prime) | 12 of 12 ✔
[71/922293] epi…ZARR (evoC-Bap1-mut-F-CHH) | 12 of 12 ✔
[1c/bbe64a] epi…XPORT (evoC-Bap1-mut-F_CG) | 4 of 12
[b5/29d2e4] epi…(evoC_Bap1_run-genome-CHH) | 3 of 3 ✔
[c1/286c4a] epi…2ZARR (evoC-Bap1-mut-F-CG) | 4 of 4 ✔
[17/ec0760] epi…XPORT (evoC-Bap1-mut-F_CG) | 4 of 4 ✔
[77/1ce2ab] epi…2ZARR (evoC-Bap1-mut-F-CG) | 4 of 4 ✔
[fe/64cede] epi…XPORT (evoC-Bap1-mut-F_CG) | 4 of 4 ✔
[f0/f5c1c4] epi…voC_Bap1_run-long_ctrl-CG) | 1 of 1 ✔
[ce/ac52e7] summary:DQSPY (evoC_Bap1_run)  | 1 of 1 ✔
Plus 3 more processes waiting for tasks…

executor >  slurm (117)
[5a/98213b] res…AW (evoC-Bap1-mut-F, L005) | 4 of 4 ✔
[94/9d8d88] res…DE (evoC-Bap1-mut-F, L005) | 4 of 4 ✔
[-        ] resolve_align:FASTQC_RESOLVED  -
[bc/1d3e7e] res…M2 (evoC-Bap1-mut-F, L005) | 4 of 4 ✔
[-        ] res…align:SAMTOOLS_MERGE_LANES -
[-        ] resolve_align:PRESEQ           -
[b2/0bf87a] bam…t:BAMLET (evoC-Bap1-mut-F) | 4 of 4 ✔
[32/0ea4f0] bam…AP_BAMQC (evoC-Bap1-mut-F) | 4 of 4 ✔
[04/be1053] bam…TSS_BIAS (evoC-Bap1-mut-F) | 4 of 4 ✔
[-        ] bam…:DEEPTOOLS_PLOTFINGERPRINT -
[6f/d0d158] bam…D_GCBIAS (evoC-Bap1-mut-F) | 4 of 4 ✔
[8b/1d68c7] bam…ACCURACY (evoC-Bap1-mut-F) | 4 of 4 ✔
[b2/7e769c] var…E_CALLER (evoC-Bap1-mut-F) | 4 of 4 ✔
[9f/38af8c] var…NTERVALS (GRCm38_filtered) | 1 of 1 ✔
[5c/55d56f] var…DB_IMPORT (Interval: 0000) | 0 of 19
[-        ] variant_calling:GENOTYPE_GVCFS -
[-        ] var…t_calling:MERGE_JOINT_VCFS -
[-        ] variant_calling:ASM            -
[-        ] var…_calling:MERGE_ASM_OUTPUTS -
[1f/8e642f] var…:MUTECT2 (evoC-Bap1-mut-F) | 4 of 4 ✔
[04/ddc78a] mbi…voC-Bap1-mut-F-CG-5-prime) | 12 of 12 ✔
[71/922293] epi…ZARR (evoC-Bap1-mut-F-CHH) | 12 of 12 ✔
[1c/bbe64a] epi…XPORT (evoC-Bap1-mut-F_CG) | 4 of 12
[b5/29d2e4] epi…(evoC_Bap1_run-genome-CHH) | 3 of 3 ✔
[c1/286c4a] epi…2ZARR (evoC-Bap1-mut-F-CG) | 4 of 4 ✔
[17/ec0760] epi…XPORT (evoC-Bap1-mut-F_CG) | 4 of 4 ✔
[77/1ce2ab] epi…2ZARR (evoC-Bap1-mut-F-CG) | 4 of 4 ✔
[fe/64cede] epi…XPORT (evoC-Bap1-mut-F_CG) | 4 of 4 ✔
[f0/f5c1c4] epi…voC_Bap1_run-long_ctrl-CG) | 1 of 1 ✔
[ce/ac52e7] summary:DQSPY (evoC_Bap1_run)  | 1 of 1 ✔
Plus 3 more processes waiting for tasks…

executor >  slurm (117)
[5a/98213b] res…AW (evoC-Bap1-mut-F, L005) | 4 of 4 ✔
[94/9d8d88] res…DE (evoC-Bap1-mut-F, L005) | 4 of 4 ✔
[-        ] resolve_align:FASTQC_RESOLVED  -
[bc/1d3e7e] res…M2 (evoC-Bap1-mut-F, L005) | 4 of 4 ✔
[-        ] res…align:SAMTOOLS_MERGE_LANES -
[-        ] resolve_align:PRESEQ           -
[b2/0bf87a] bam…t:BAMLET (evoC-Bap1-mut-F) | 4 of 4 ✔
[32/0ea4f0] bam…AP_BAMQC (evoC-Bap1-mut-F) | 4 of 4 ✔
[04/be1053] bam…TSS_BIAS (evoC-Bap1-mut-F) | 4 of 4 ✔
[-        ] bam…:DEEPTOOLS_PLOTFINGERPRINT -
[6f/d0d158] bam…D_GCBIAS (evoC-Bap1-mut-F) | 4 of 4 ✔
[8b/1d68c7] bam…ACCURACY (evoC-Bap1-mut-F) | 4 of 4 ✔
[b2/7e769c] var…E_CALLER (evoC-Bap1-mut-F) | 4 of 4 ✔
[9f/38af8c] var…NTERVALS (GRCm38_filtered) | 1 of 1 ✔
[c8/40f1ee] var…DB_IMPORT (Interval: 0005) | 1 of 19
[-        ] variant_calling:GENOTYPE_GVCFS | 0 of 1
[-        ] var…t_calling:MERGE_JOINT_VCFS -
[-        ] variant_calling:ASM            -
[-        ] var…_calling:MERGE_ASM_OUTPUTS -
[1f/8e642f] var…:MUTECT2 (evoC-Bap1-mut-F) | 4 of 4 ✔
[04/ddc78a] mbi…voC-Bap1-mut-F-CG-5-prime) | 12 of 12 ✔
[71/922293] epi…ZARR (evoC-Bap1-mut-F-CHH) | 12 of 12 ✔
[1c/bbe64a] epi…XPORT (evoC-Bap1-mut-F_CG) | 4 of 12
[b5/29d2e4] epi…(evoC_Bap1_run-genome-CHH) | 3 of 3 ✔
[c1/286c4a] epi…2ZARR (evoC-Bap1-mut-F-CG) | 4 of 4 ✔
[17/ec0760] epi…XPORT (evoC-Bap1-mut-F_CG) | 4 of 4 ✔
[77/1ce2ab] epi…2ZARR (evoC-Bap1-mut-F-CG) | 4 of 4 ✔
[fe/64cede] epi…XPORT (evoC-Bap1-mut-F_CG) | 4 of 4 ✔
[f0/f5c1c4] epi…voC_Bap1_run-long_ctrl-CG) | 1 of 1 ✔
[ce/ac52e7] summary:DQSPY (evoC_Bap1_run)  | 1 of 1 ✔
Plus 3 more processes waiting for tasks…

executor >  slurm (118)
[5a/98213b] res…AW (evoC-Bap1-mut-F, L005) | 4 of 4 ✔
[94/9d8d88] res…DE (evoC-Bap1-mut-F, L005) | 4 of 4 ✔
[-        ] resolve_align:FASTQC_RESOLVED  -
[bc/1d3e7e] res…M2 (evoC-Bap1-mut-F, L005) | 4 of 4 ✔
[-        ] res…align:SAMTOOLS_MERGE_LANES -
[-        ] resolve_align:PRESEQ           -
[b2/0bf87a] bam…t:BAMLET (evoC-Bap1-mut-F) | 4 of 4 ✔
[32/0ea4f0] bam…AP_BAMQC (evoC-Bap1-mut-F) | 4 of 4 ✔
[04/be1053] bam…TSS_BIAS (evoC-Bap1-mut-F) | 4 of 4 ✔
[-        ] bam…:DEEPTOOLS_PLOTFINGERPRINT -
[6f/d0d158] bam…D_GCBIAS (evoC-Bap1-mut-F) | 4 of 4 ✔
[8b/1d68c7] bam…ACCURACY (evoC-Bap1-mut-F) | 4 of 4 ✔
[b2/7e769c] var…E_CALLER (evoC-Bap1-mut-F) | 4 of 4 ✔
[9f/38af8c] var…NTERVALS (GRCm38_filtered) | 1 of 1 ✔
[c8/40f1ee] var…DB_IMPORT (Interval: 0005) | 1 of 19
[8c/24c767] var…YPE_GVCFS (Interval: 0005) | 0 of 1
[-        ] var…t_calling:MERGE_JOINT_VCFS -
[-        ] variant_calling:ASM            -
[-        ] var…_calling:MERGE_ASM_OUTPUTS -
[1f/8e642f] var…:MUTECT2 (evoC-Bap1-mut-F) | 4 of 4 ✔
[04/ddc78a] mbi…voC-Bap1-mut-F-CG-5-prime) | 12 of 12 ✔
[71/922293] epi…ZARR (evoC-Bap1-mut-F-CHH) | 12 of 12 ✔
[1c/bbe64a] epi…XPORT (evoC-Bap1-mut-F_CG) | 4 of 12
[b5/29d2e4] epi…(evoC_Bap1_run-genome-CHH) | 3 of 3 ✔
[c1/286c4a] epi…2ZARR (evoC-Bap1-mut-F-CG) | 4 of 4 ✔
[17/ec0760] epi…XPORT (evoC-Bap1-mut-F_CG) | 4 of 4 ✔
[77/1ce2ab] epi…2ZARR (evoC-Bap1-mut-F-CG) | 4 of 4 ✔
[fe/64cede] epi…XPORT (evoC-Bap1-mut-F_CG) | 4 of 4 ✔
[f0/f5c1c4] epi…voC_Bap1_run-long_ctrl-CG) | 1 of 1 ✔
[ce/ac52e7] summary:DQSPY (evoC_Bap1_run)  | 1 of 1 ✔
Plus 3 more processes waiting for tasks…

executor >  slurm (119)
[5a/98213b] res…AW (evoC-Bap1-mut-F, L005) | 4 of 4 ✔
[94/9d8d88] res…DE (evoC-Bap1-mut-F, L005) | 4 of 4 ✔
[-        ] resolve_align:FASTQC_RESOLVED  -
[bc/1d3e7e] res…M2 (evoC-Bap1-mut-F, L005) | 4 of 4 ✔
[-        ] res…align:SAMTOOLS_MERGE_LANES -
[-        ] resolve_align:PRESEQ           -
[b2/0bf87a] bam…t:BAMLET (evoC-Bap1-mut-F) | 4 of 4 ✔
[32/0ea4f0] bam…AP_BAMQC (evoC-Bap1-mut-F) | 4 of 4 ✔
[04/be1053] bam…TSS_BIAS (evoC-Bap1-mut-F) | 4 of 4 ✔
[-        ] bam…:DEEPTOOLS_PLOTFINGERPRINT -
[6f/d0d158] bam…D_GCBIAS (evoC-Bap1-mut-F) | 4 of 4 ✔
[8b/1d68c7] bam…ACCURACY (evoC-Bap1-mut-F) | 4 of 4 ✔
[b2/7e769c] var…E_CALLER (evoC-Bap1-mut-F) | 4 of 4 ✔
[9f/38af8c] var…NTERVALS (GRCm38_filtered) | 1 of 1 ✔
[36/d39e2f] var…DB_IMPORT (Interval: 0008) | 2 of 19
[f7/e9ea0e] var…YPE_GVCFS (Interval: 0008) | 0 of 2
[-        ] var…t_calling:MERGE_JOINT_VCFS -
[-        ] variant_calling:ASM            -
[-        ] var…_calling:MERGE_ASM_OUTPUTS -
[1f/8e642f] var…:MUTECT2 (evoC-Bap1-mut-F) | 4 of 4 ✔
[04/ddc78a] mbi…voC-Bap1-mut-F-CG-5-prime) | 12 of 12 ✔
[71/922293] epi…ZARR (evoC-Bap1-mut-F-CHH) | 12 of 12 ✔
[1c/bbe64a] epi…XPORT (evoC-Bap1-mut-F_CG) | 4 of 12
[b5/29d2e4] epi…(evoC_Bap1_run-genome-CHH) | 3 of 3 ✔
[c1/286c4a] epi…2ZARR (evoC-Bap1-mut-F-CG) | 4 of 4 ✔
[17/ec0760] epi…XPORT (evoC-Bap1-mut-F_CG) | 4 of 4 ✔
[77/1ce2ab] epi…2ZARR (evoC-Bap1-mut-F-CG) | 4 of 4 ✔
[fe/64cede] epi…XPORT (evoC-Bap1-mut-F_CG) | 4 of 4 ✔
[f0/f5c1c4] epi…voC_Bap1_run-long_ctrl-CG) | 1 of 1 ✔
[ce/ac52e7] summary:DQSPY (evoC_Bap1_run)  | 1 of 1 ✔
Plus 3 more processes waiting for tasks…

executor >  slurm (119)
[5a/98213b] res…AW (evoC-Bap1-mut-F, L005) | 4 of 4 ✔
[94/9d8d88] res…DE (evoC-Bap1-mut-F, L005) | 4 of 4 ✔
[-        ] resolve_align:FASTQC_RESOLVED  -
[bc/1d3e7e] res…M2 (evoC-Bap1-mut-F, L005) | 4 of 4 ✔
[-        ] res…align:SAMTOOLS_MERGE_LANES -
[-        ] resolve_align:PRESEQ           -
[b2/0bf87a] bam…t:BAMLET (evoC-Bap1-mut-F) | 4 of 4 ✔
[32/0ea4f0] bam…AP_BAMQC (evoC-Bap1-mut-F) | 4 of 4 ✔
[04/be1053] bam…TSS_BIAS (evoC-Bap1-mut-F) | 4 of 4 ✔
[-        ] bam…:DEEPTOOLS_PLOTFINGERPRINT -
[6f/d0d158] bam…D_GCBIAS (evoC-Bap1-mut-F) | 4 of 4 ✔
[8b/1d68c7] bam…ACCURACY (evoC-Bap1-mut-F) | 4 of 4 ✔
[b2/7e769c] var…E_CALLER (evoC-Bap1-mut-F) | 4 of 4 ✔
[9f/38af8c] var…NTERVALS (GRCm38_filtered) | 1 of 1 ✔
[72/0df8b9] var…DB_IMPORT (Interval: 0012) | 3 of 19
[f7/e9ea0e] var…YPE_GVCFS (Interval: 0008) | 0 of 3
[-        ] var…t_calling:MERGE_JOINT_VCFS -
[-        ] variant_calling:ASM            -
[-        ] var…_calling:MERGE_ASM_OUTPUTS -
[1f/8e642f] var…:MUTECT2 (evoC-Bap1-mut-F) | 4 of 4 ✔
[04/ddc78a] mbi…voC-Bap1-mut-F-CG-5-prime) | 12 of 12 ✔
[71/922293] epi…ZARR (evoC-Bap1-mut-F-CHH) | 12 of 12 ✔
[1c/bbe64a] epi…XPORT (evoC-Bap1-mut-F_CG) | 4 of 12
[b5/29d2e4] epi…(evoC_Bap1_run-genome-CHH) | 3 of 3 ✔
[c1/286c4a] epi…2ZARR (evoC-Bap1-mut-F-CG) | 4 of 4 ✔
[17/ec0760] epi…XPORT (evoC-Bap1-mut-F_CG) | 4 of 4 ✔
[77/1ce2ab] epi…2ZARR (evoC-Bap1-mut-F-CG) | 4 of 4 ✔
[fe/64cede] epi…XPORT (evoC-Bap1-mut-F_CG) | 4 of 4 ✔
[f0/f5c1c4] epi…voC_Bap1_run-long_ctrl-CG) | 1 of 1 ✔
[ce/ac52e7] summary:DQSPY (evoC_Bap1_run)  | 1 of 1 ✔
Plus 3 more processes waiting for tasks…

executor >  slurm (120)
[5a/98213b] res…AW (evoC-Bap1-mut-F, L005) | 4 of 4 ✔
[94/9d8d88] res…DE (evoC-Bap1-mut-F, L005) | 4 of 4 ✔
[-        ] resolve_align:FASTQC_RESOLVED  -
[bc/1d3e7e] res…M2 (evoC-Bap1-mut-F, L005) | 4 of 4 ✔
[-        ] res…align:SAMTOOLS_MERGE_LANES -
[-        ] resolve_align:PRESEQ           -
[b2/0bf87a] bam…t:BAMLET (evoC-Bap1-mut-F) | 4 of 4 ✔
[32/0ea4f0] bam…AP_BAMQC (evoC-Bap1-mut-F) | 4 of 4 ✔
[04/be1053] bam…TSS_BIAS (evoC-Bap1-mut-F) | 4 of 4 ✔
[-        ] bam…:DEEPTOOLS_PLOTFINGERPRINT -
[6f/d0d158] bam…D_GCBIAS (evoC-Bap1-mut-F) | 4 of 4 ✔
[8b/1d68c7] bam…ACCURACY (evoC-Bap1-mut-F) | 4 of 4 ✔
[b2/7e769c] var…E_CALLER (evoC-Bap1-mut-F) | 4 of 4 ✔
[9f/38af8c] var…NTERVALS (GRCm38_filtered) | 1 of 1 ✔
[72/0df8b9] var…DB_IMPORT (Interval: 0012) | 3 of 19
[1e/4f4a42] var…YPE_GVCFS (Interval: 0012) | 0 of 3
[-        ] var…t_calling:MERGE_JOINT_VCFS -
[-        ] variant_calling:ASM            -
[-        ] var…_calling:MERGE_ASM_OUTPUTS -
[1f/8e642f] var…:MUTECT2 (evoC-Bap1-mut-F) | 4 of 4 ✔
[04/ddc78a] mbi…voC-Bap1-mut-F-CG-5-prime) | 12 of 12 ✔
[71/922293] epi…ZARR (evoC-Bap1-mut-F-CHH) | 12 of 12 ✔
[1c/bbe64a] epi…XPORT (evoC-Bap1-mut-F_CG) | 4 of 12
[b5/29d2e4] epi…(evoC_Bap1_run-genome-CHH) | 3 of 3 ✔
[c1/286c4a] epi…2ZARR (evoC-Bap1-mut-F-CG) | 4 of 4 ✔
[17/ec0760] epi…XPORT (evoC-Bap1-mut-F_CG) | 4 of 4 ✔
[77/1ce2ab] epi…2ZARR (evoC-Bap1-mut-F-CG) | 4 of 4 ✔
[fe/64cede] epi…XPORT (evoC-Bap1-mut-F_CG) | 4 of 4 ✔
[f0/f5c1c4] epi…voC_Bap1_run-long_ctrl-CG) | 1 of 1 ✔
[ce/ac52e7] summary:DQSPY (evoC_Bap1_run)  | 1 of 1 ✔
Plus 3 more processes waiting for tasks…

executor >  slurm (120)
[5a/98213b] res…AW (evoC-Bap1-mut-F, L005) | 4 of 4 ✔
[94/9d8d88] res…DE (evoC-Bap1-mut-F, L005) | 4 of 4 ✔
[-        ] resolve_align:FASTQC_RESOLVED  -
[bc/1d3e7e] res…M2 (evoC-Bap1-mut-F, L005) | 4 of 4 ✔
[-        ] res…align:SAMTOOLS_MERGE_LANES -
[-        ] resolve_align:PRESEQ           -
[b2/0bf87a] bam…t:BAMLET (evoC-Bap1-mut-F) | 4 of 4 ✔
[32/0ea4f0] bam…AP_BAMQC (evoC-Bap1-mut-F) | 4 of 4 ✔
[04/be1053] bam…TSS_BIAS (evoC-Bap1-mut-F) | 4 of 4 ✔
[-        ] bam…:DEEPTOOLS_PLOTFINGERPRINT -
[6f/d0d158] bam…D_GCBIAS (evoC-Bap1-mut-F) | 4 of 4 ✔
[8b/1d68c7] bam…ACCURACY (evoC-Bap1-mut-F) | 4 of 4 ✔
[b2/7e769c] var…E_CALLER (evoC-Bap1-mut-F) | 4 of 4 ✔
[9f/38af8c] var…NTERVALS (GRCm38_filtered) | 1 of 1 ✔
[72/0df8b9] var…DB_IMPORT (Interval: 0012) | 3 of 19
[1e/4f4a42] var…YPE_GVCFS (Interval: 0012) | 0 of 3
[-        ] var…t_calling:MERGE_JOINT_VCFS -
[-        ] variant_calling:ASM            -
[-        ] var…_calling:MERGE_ASM_OUTPUTS -
[1f/8e642f] var…:MUTECT2 (evoC-Bap1-mut-F) | 4 of 4 ✔
[04/ddc78a] mbi…voC-Bap1-mut-F-CG-5-prime) | 12 of 12 ✔
[71/922293] epi…ZARR (evoC-Bap1-mut-F-CHH) | 12 of 12 ✔
[1c/bbe64a] epi…XPORT (evoC-Bap1-mut-F_CG) | 4 of 12
[b5/29d2e4] epi…(evoC_Bap1_run-genome-CHH) | 3 of 3 ✔
[c1/286c4a] epi…2ZARR (evoC-Bap1-mut-F-CG) | 4 of 4 ✔
[17/ec0760] epi…XPORT (evoC-Bap1-mut-F_CG) | 4 of 4 ✔
[77/1ce2ab] epi…2ZARR (evoC-Bap1-mut-F-CG) | 4 of 4 ✔
[fe/64cede] epi…XPORT (evoC-Bap1-mut-F_CG) | 4 of 4 ✔
[f0/f5c1c4] epi…voC_Bap1_run-long_ctrl-CG) | 1 of 1 ✔
[ce/ac52e7] summary:DQSPY (evoC_Bap1_run)  | 1 of 1 ✔
Plus 3 more processes waiting for tasks…

executor >  slurm (120)
[5a/98213b] res…AW (evoC-Bap1-mut-F, L005) | 4 of 4 ✔
[94/9d8d88] res…DE (evoC-Bap1-mut-F, L005) | 4 of 4 ✔
[-        ] resolve_align:FASTQC_RESOLVED  -
[bc/1d3e7e] res…M2 (evoC-Bap1-mut-F, L005) | 4 of 4 ✔
[-        ] res…align:SAMTOOLS_MERGE_LANES -
[-        ] resolve_align:PRESEQ           -
[b2/0bf87a] bam…t:BAMLET (evoC-Bap1-mut-F) | 4 of 4 ✔
[32/0ea4f0] bam…AP_BAMQC (evoC-Bap1-mut-F) | 4 of 4 ✔
[04/be1053] bam…TSS_BIAS (evoC-Bap1-mut-F) | 4 of 4 ✔
[-        ] bam…:DEEPTOOLS_PLOTFINGERPRINT -
[6f/d0d158] bam…D_GCBIAS (evoC-Bap1-mut-F) | 4 of 4 ✔
[8b/1d68c7] bam…ACCURACY (evoC-Bap1-mut-F) | 4 of 4 ✔
[b2/7e769c] var…E_CALLER (evoC-Bap1-mut-F) | 4 of 4 ✔
[9f/38af8c] var…NTERVALS (GRCm38_filtered) | 1 of 1 ✔
[72/0df8b9] var…DB_IMPORT (Interval: 0012) | 3 of 19
[8c/24c767] var…YPE_GVCFS (Interval: 0005) | 1 of 3
[-        ] var…t_calling:MERGE_JOINT_VCFS -
[-        ] variant_calling:ASM            -
[-        ] var…_calling:MERGE_ASM_OUTPUTS -
[1f/8e642f] var…:MUTECT2 (evoC-Bap1-mut-F) | 4 of 4 ✔
[04/ddc78a] mbi…voC-Bap1-mut-F-CG-5-prime) | 12 of 12 ✔
[71/922293] epi…ZARR (evoC-Bap1-mut-F-CHH) | 12 of 12 ✔
[1c/bbe64a] epi…XPORT (evoC-Bap1-mut-F_CG) | 4 of 12
[b5/29d2e4] epi…(evoC_Bap1_run-genome-CHH) | 3 of 3 ✔
[c1/286c4a] epi…2ZARR (evoC-Bap1-mut-F-CG) | 4 of 4 ✔
[17/ec0760] epi…XPORT (evoC-Bap1-mut-F_CG) | 4 of 4 ✔
[77/1ce2ab] epi…2ZARR (evoC-Bap1-mut-F-CG) | 4 of 4 ✔
[fe/64cede] epi…XPORT (evoC-Bap1-mut-F_CG) | 4 of 4 ✔
[f0/f5c1c4] epi…voC_Bap1_run-long_ctrl-CG) | 1 of 1 ✔
[ce/ac52e7] summary:DQSPY (evoC_Bap1_run)  | 1 of 1 ✔
Plus 3 more processes waiting for tasks…

executor >  slurm (121)
[5a/98213b] res…AW (evoC-Bap1-mut-F, L005) | 4 of 4 ✔
[94/9d8d88] res…DE (evoC-Bap1-mut-F, L005) | 4 of 4 ✔
[-        ] resolve_align:FASTQC_RESOLVED  -
[bc/1d3e7e] res…M2 (evoC-Bap1-mut-F, L005) | 4 of 4 ✔
[-        ] res…align:SAMTOOLS_MERGE_LANES -
[-        ] resolve_align:PRESEQ           -
[b2/0bf87a] bam…t:BAMLET (evoC-Bap1-mut-F) | 4 of 4 ✔
[32/0ea4f0] bam…AP_BAMQC (evoC-Bap1-mut-F) | 4 of 4 ✔
[04/be1053] bam…TSS_BIAS (evoC-Bap1-mut-F) | 4 of 4 ✔
[-        ] bam…:DEEPTOOLS_PLOTFINGERPRINT -
[6f/d0d158] bam…D_GCBIAS (evoC-Bap1-mut-F) | 4 of 4 ✔
[8b/1d68c7] bam…ACCURACY (evoC-Bap1-mut-F) | 4 of 4 ✔
[b2/7e769c] var…E_CALLER (evoC-Bap1-mut-F) | 4 of 4 ✔
[9f/38af8c] var…NTERVALS (GRCm38_filtered) | 1 of 1 ✔
[57/37676d] var…DB_IMPORT (Interval: 0001) | 4 of 19
[b9/b31697] var…YPE_GVCFS (Interval: 0001) | 1 of 4
[-        ] var…t_calling:MERGE_JOINT_VCFS -
[-        ] variant_calling:ASM            -
[-        ] var…_calling:MERGE_ASM_OUTPUTS -
[1f/8e642f] var…:MUTECT2 (evoC-Bap1-mut-F) | 4 of 4 ✔
[04/ddc78a] mbi…voC-Bap1-mut-F-CG-5-prime) | 12 of 12 ✔
[71/922293] epi…ZARR (evoC-Bap1-mut-F-CHH) | 12 of 12 ✔
[1c/bbe64a] epi…XPORT (evoC-Bap1-mut-F_CG) | 4 of 12
[b5/29d2e4] epi…(evoC_Bap1_run-genome-CHH) | 3 of 3 ✔
[c1/286c4a] epi…2ZARR (evoC-Bap1-mut-F-CG) | 4 of 4 ✔
[17/ec0760] epi…XPORT (evoC-Bap1-mut-F_CG) | 4 of 4 ✔
[77/1ce2ab] epi…2ZARR (evoC-Bap1-mut-F-CG) | 4 of 4 ✔
[fe/64cede] epi…XPORT (evoC-Bap1-mut-F_CG) | 4 of 4 ✔
[f0/f5c1c4] epi…voC_Bap1_run-long_ctrl-CG) | 1 of 1 ✔
[ce/ac52e7] summary:DQSPY (evoC_Bap1_run)  | 1 of 1 ✔
Plus 3 more processes waiting for tasks…

executor >  slurm (122)
[5a/98213b] res…AW (evoC-Bap1-mut-F, L005) | 4 of 4 ✔
[94/9d8d88] res…DE (evoC-Bap1-mut-F, L005) | 4 of 4 ✔
[-        ] resolve_align:FASTQC_RESOLVED  -
[bc/1d3e7e] res…M2 (evoC-Bap1-mut-F, L005) | 4 of 4 ✔
[-        ] res…align:SAMTOOLS_MERGE_LANES -
[-        ] resolve_align:PRESEQ           -
[b2/0bf87a] bam…t:BAMLET (evoC-Bap1-mut-F) | 4 of 4 ✔
[32/0ea4f0] bam…AP_BAMQC (evoC-Bap1-mut-F) | 4 of 4 ✔
[04/be1053] bam…TSS_BIAS (evoC-Bap1-mut-F) | 4 of 4 ✔
[-        ] bam…:DEEPTOOLS_PLOTFINGERPRINT -
[6f/d0d158] bam…D_GCBIAS (evoC-Bap1-mut-F) | 4 of 4 ✔
[8b/1d68c7] bam…ACCURACY (evoC-Bap1-mut-F) | 4 of 4 ✔
[b2/7e769c] var…E_CALLER (evoC-Bap1-mut-F) | 4 of 4 ✔
[9f/38af8c] var…NTERVALS (GRCm38_filtered) | 1 of 1 ✔
[b2/edf1e4] var…DB_IMPORT (Interval: 0016) | 5 of 19
[53/5a9d75] var…YPE_GVCFS (Interval: 0016) | 1 of 5
[-        ] var…t_calling:MERGE_JOINT_VCFS -
[-        ] variant_calling:ASM            -
[-        ] var…_calling:MERGE_ASM_OUTPUTS -
[1f/8e642f] var…:MUTECT2 (evoC-Bap1-mut-F) | 4 of 4 ✔
[04/ddc78a] mbi…voC-Bap1-mut-F-CG-5-prime) | 12 of 12 ✔
[71/922293] epi…ZARR (evoC-Bap1-mut-F-CHH) | 12 of 12 ✔
[1c/bbe64a] epi…XPORT (evoC-Bap1-mut-F_CG) | 4 of 12
[b5/29d2e4] epi…(evoC_Bap1_run-genome-CHH) | 3 of 3 ✔
[c1/286c4a] epi…2ZARR (evoC-Bap1-mut-F-CG) | 4 of 4 ✔
[17/ec0760] epi…XPORT (evoC-Bap1-mut-F_CG) | 4 of 4 ✔
[77/1ce2ab] epi…2ZARR (evoC-Bap1-mut-F-CG) | 4 of 4 ✔
[fe/64cede] epi…XPORT (evoC-Bap1-mut-F_CG) | 4 of 4 ✔
[f0/f5c1c4] epi…voC_Bap1_run-long_ctrl-CG) | 1 of 1 ✔
[ce/ac52e7] summary:DQSPY (evoC_Bap1_run)  | 1 of 1 ✔
Plus 3 more processes waiting for tasks…

executor >  slurm (123)
[5a/98213b] res…AW (evoC-Bap1-mut-F, L005) | 4 of 4 ✔
[94/9d8d88] res…DE (evoC-Bap1-mut-F, L005) | 4 of 4 ✔
[-        ] resolve_align:FASTQC_RESOLVED  -
[bc/1d3e7e] res…M2 (evoC-Bap1-mut-F, L005) | 4 of 4 ✔
[-        ] res…align:SAMTOOLS_MERGE_LANES -
[-        ] resolve_align:PRESEQ           -
[b2/0bf87a] bam…t:BAMLET (evoC-Bap1-mut-F) | 4 of 4 ✔
[32/0ea4f0] bam…AP_BAMQC (evoC-Bap1-mut-F) | 4 of 4 ✔
[04/be1053] bam…TSS_BIAS (evoC-Bap1-mut-F) | 4 of 4 ✔
[-        ] bam…:DEEPTOOLS_PLOTFINGERPRINT -
[6f/d0d158] bam…D_GCBIAS (evoC-Bap1-mut-F) | 4 of 4 ✔
[8b/1d68c7] bam…ACCURACY (evoC-Bap1-mut-F) | 4 of 4 ✔
[b2/7e769c] var…E_CALLER (evoC-Bap1-mut-F) | 4 of 4 ✔
[9f/38af8c] var…NTERVALS (GRCm38_filtered) | 1 of 1 ✔
[b7/574675] var…DB_IMPORT (Interval: 0018) | 6 of 19
[6a/82f4ac] var…YPE_GVCFS (Interval: 0018) | 1 of 6
[-        ] var…t_calling:MERGE_JOINT_VCFS -
[-        ] variant_calling:ASM            -
[-        ] var…_calling:MERGE_ASM_OUTPUTS -
[1f/8e642f] var…:MUTECT2 (evoC-Bap1-mut-F) | 4 of 4 ✔
[04/ddc78a] mbi…voC-Bap1-mut-F-CG-5-prime) | 12 of 12 ✔
[71/922293] epi…ZARR (evoC-Bap1-mut-F-CHH) | 12 of 12 ✔
[1c/bbe64a] epi…XPORT (evoC-Bap1-mut-F_CG) | 4 of 12
[b5/29d2e4] epi…(evoC_Bap1_run-genome-CHH) | 3 of 3 ✔
[c1/286c4a] epi…2ZARR (evoC-Bap1-mut-F-CG) | 4 of 4 ✔
[17/ec0760] epi…XPORT (evoC-Bap1-mut-F_CG) | 4 of 4 ✔
[77/1ce2ab] epi…2ZARR (evoC-Bap1-mut-F-CG) | 4 of 4 ✔
[fe/64cede] epi…XPORT (evoC-Bap1-mut-F_CG) | 4 of 4 ✔
[f0/f5c1c4] epi…voC_Bap1_run-long_ctrl-CG) | 1 of 1 ✔
[ce/ac52e7] summary:DQSPY (evoC_Bap1_run)  | 1 of 1 ✔
Plus 3 more processes waiting for tasks…

executor >  slurm (124)
[5a/98213b] res…AW (evoC-Bap1-mut-F, L005) | 4 of 4 ✔
[94/9d8d88] res…DE (evoC-Bap1-mut-F, L005) | 4 of 4 ✔
[-        ] resolve_align:FASTQC_RESOLVED  -
[bc/1d3e7e] res…M2 (evoC-Bap1-mut-F, L005) | 4 of 4 ✔
[-        ] res…align:SAMTOOLS_MERGE_LANES -
[-        ] resolve_align:PRESEQ           -
[b2/0bf87a] bam…t:BAMLET (evoC-Bap1-mut-F) | 4 of 4 ✔
[32/0ea4f0] bam…AP_BAMQC (evoC-Bap1-mut-F) | 4 of 4 ✔
[04/be1053] bam…TSS_BIAS (evoC-Bap1-mut-F) | 4 of 4 ✔
[-        ] bam…:DEEPTOOLS_PLOTFINGERPRINT -
[6f/d0d158] bam…D_GCBIAS (evoC-Bap1-mut-F) | 4 of 4 ✔
[8b/1d68c7] bam…ACCURACY (evoC-Bap1-mut-F) | 4 of 4 ✔
[b2/7e769c] var…E_CALLER (evoC-Bap1-mut-F) | 4 of 4 ✔
[9f/38af8c] var…NTERVALS (GRCm38_filtered) | 1 of 1 ✔
[9a/86db6e] var…DB_IMPORT (Interval: 0010) | 7 of 19
[1b/5ba849] var…YPE_GVCFS (Interval: 0010) | 1 of 7
[-        ] var…t_calling:MERGE_JOINT_VCFS -
[-        ] variant_calling:ASM            -
[-        ] var…_calling:MERGE_ASM_OUTPUTS -
[1f/8e642f] var…:MUTECT2 (evoC-Bap1-mut-F) | 4 of 4 ✔
[04/ddc78a] mbi…voC-Bap1-mut-F-CG-5-prime) | 12 of 12 ✔
[71/922293] epi…ZARR (evoC-Bap1-mut-F-CHH) | 12 of 12 ✔
[1c/bbe64a] epi…XPORT (evoC-Bap1-mut-F_CG) | 4 of 12
[b5/29d2e4] epi…(evoC_Bap1_run-genome-CHH) | 3 of 3 ✔
[c1/286c4a] epi…2ZARR (evoC-Bap1-mut-F-CG) | 4 of 4 ✔
[17/ec0760] epi…XPORT (evoC-Bap1-mut-F_CG) | 4 of 4 ✔
[77/1ce2ab] epi…2ZARR (evoC-Bap1-mut-F-CG) | 4 of 4 ✔
[fe/64cede] epi…XPORT (evoC-Bap1-mut-F_CG) | 4 of 4 ✔
[f0/f5c1c4] epi…voC_Bap1_run-long_ctrl-CG) | 1 of 1 ✔
[ce/ac52e7] summary:DQSPY (evoC_Bap1_run)  | 1 of 1 ✔
Plus 3 more processes waiting for tasks…

executor >  slurm (125)
[5a/98213b] res…AW (evoC-Bap1-mut-F, L005) | 4 of 4 ✔
[94/9d8d88] res…DE (evoC-Bap1-mut-F, L005) | 4 of 4 ✔
[-        ] resolve_align:FASTQC_RESOLVED  -
[bc/1d3e7e] res…M2 (evoC-Bap1-mut-F, L005) | 4 of 4 ✔
[-        ] res…align:SAMTOOLS_MERGE_LANES -
[-        ] resolve_align:PRESEQ           -
[b2/0bf87a] bam…t:BAMLET (evoC-Bap1-mut-F) | 4 of 4 ✔
[32/0ea4f0] bam…AP_BAMQC (evoC-Bap1-mut-F) | 4 of 4 ✔
[04/be1053] bam…TSS_BIAS (evoC-Bap1-mut-F) | 4 of 4 ✔
[-        ] bam…:DEEPTOOLS_PLOTFINGERPRINT -
[6f/d0d158] bam…D_GCBIAS (evoC-Bap1-mut-F) | 4 of 4 ✔
[8b/1d68c7] bam…ACCURACY (evoC-Bap1-mut-F) | 4 of 4 ✔
[b2/7e769c] var…E_CALLER (evoC-Bap1-mut-F) | 4 of 4 ✔
[9f/38af8c] var…NTERVALS (GRCm38_filtered) | 1 of 1 ✔
[96/1b985f] var…DB_IMPORT (Interval: 0004) | 8 of 19
[73/7f9f2d] var…YPE_GVCFS (Interval: 0004) | 1 of 8
[-        ] var…t_calling:MERGE_JOINT_VCFS -
[-        ] variant_calling:ASM            -
[-        ] var…_calling:MERGE_ASM_OUTPUTS -
[1f/8e642f] var…:MUTECT2 (evoC-Bap1-mut-F) | 4 of 4 ✔
[04/ddc78a] mbi…voC-Bap1-mut-F-CG-5-prime) | 12 of 12 ✔
[71/922293] epi…ZARR (evoC-Bap1-mut-F-CHH) | 12 of 12 ✔
[1c/bbe64a] epi…XPORT (evoC-Bap1-mut-F_CG) | 4 of 12
[b5/29d2e4] epi…(evoC_Bap1_run-genome-CHH) | 3 of 3 ✔
[c1/286c4a] epi…2ZARR (evoC-Bap1-mut-F-CG) | 4 of 4 ✔
[17/ec0760] epi…XPORT (evoC-Bap1-mut-F_CG) | 4 of 4 ✔
[77/1ce2ab] epi…2ZARR (evoC-Bap1-mut-F-CG) | 4 of 4 ✔
[fe/64cede] epi…XPORT (evoC-Bap1-mut-F_CG) | 4 of 4 ✔
[f0/f5c1c4] epi…voC_Bap1_run-long_ctrl-CG) | 1 of 1 ✔
[ce/ac52e7] summary:DQSPY (evoC_Bap1_run)  | 1 of 1 ✔
Plus 3 more processes waiting for tasks…

executor >  slurm (125)
[5a/98213b] res…AW (evoC-Bap1-mut-F, L005) | 4 of 4 ✔
[94/9d8d88] res…DE (evoC-Bap1-mut-F, L005) | 4 of 4 ✔
[-        ] resolve_align:FASTQC_RESOLVED  -
[bc/1d3e7e] res…M2 (evoC-Bap1-mut-F, L005) | 4 of 4 ✔
[-        ] res…align:SAMTOOLS_MERGE_LANES -
[-        ] resolve_align:PRESEQ           -
[b2/0bf87a] bam…t:BAMLET (evoC-Bap1-mut-F) | 4 of 4 ✔
[32/0ea4f0] bam…AP_BAMQC (evoC-Bap1-mut-F) | 4 of 4 ✔
[04/be1053] bam…TSS_BIAS (evoC-Bap1-mut-F) | 4 of 4 ✔
[-        ] bam…:DEEPTOOLS_PLOTFINGERPRINT -
[6f/d0d158] bam…D_GCBIAS (evoC-Bap1-mut-F) | 4 of 4 ✔
[8b/1d68c7] bam…ACCURACY (evoC-Bap1-mut-F) | 4 of 4 ✔
[b2/7e769c] var…E_CALLER (evoC-Bap1-mut-F) | 4 of 4 ✔
[9f/38af8c] var…NTERVALS (GRCm38_filtered) | 1 of 1 ✔
[b8/9e97ff] var…DB_IMPORT (Interval: 0006) | 9 of 19
[73/7f9f2d] var…YPE_GVCFS (Interval: 0004) | 1 of 8
[-        ] var…t_calling:MERGE_JOINT_VCFS -
[-        ] variant_calling:ASM            -
[-        ] var…_calling:MERGE_ASM_OUTPUTS -
[1f/8e642f] var…:MUTECT2 (evoC-Bap1-mut-F) | 4 of 4 ✔
[04/ddc78a] mbi…voC-Bap1-mut-F-CG-5-prime) | 12 of 12 ✔
[71/922293] epi…ZARR (evoC-Bap1-mut-F-CHH) | 12 of 12 ✔
[1c/bbe64a] epi…XPORT (evoC-Bap1-mut-F_CG) | 4 of 12
[b5/29d2e4] epi…(evoC_Bap1_run-genome-CHH) | 3 of 3 ✔
[c1/286c4a] epi…2ZARR (evoC-Bap1-mut-F-CG) | 4 of 4 ✔
[17/ec0760] epi…XPORT (evoC-Bap1-mut-F_CG) | 4 of 4 ✔
[77/1ce2ab] epi…2ZARR (evoC-Bap1-mut-F-CG) | 4 of 4 ✔
[fe/64cede] epi…XPORT (evoC-Bap1-mut-F_CG) | 4 of 4 ✔
[f0/f5c1c4] epi…voC_Bap1_run-long_ctrl-CG) | 1 of 1 ✔
[ce/ac52e7] summary:DQSPY (evoC_Bap1_run)  | 1 of 1 ✔
Plus 3 more processes waiting for tasks…

executor >  slurm (126)
[5a/98213b] res…AW (evoC-Bap1-mut-F, L005) | 4 of 4 ✔
[94/9d8d88] res…DE (evoC-Bap1-mut-F, L005) | 4 of 4 ✔
[-        ] resolve_align:FASTQC_RESOLVED  -
[bc/1d3e7e] res…M2 (evoC-Bap1-mut-F, L005) | 4 of 4 ✔
[-        ] res…align:SAMTOOLS_MERGE_LANES -
[-        ] resolve_align:PRESEQ           -
[b2/0bf87a] bam…t:BAMLET (evoC-Bap1-mut-F) | 4 of 4 ✔
[32/0ea4f0] bam…AP_BAMQC (evoC-Bap1-mut-F) | 4 of 4 ✔
[04/be1053] bam…TSS_BIAS (evoC-Bap1-mut-F) | 4 of 4 ✔
[-        ] bam…:DEEPTOOLS_PLOTFINGERPRINT -
[6f/d0d158] bam…D_GCBIAS (evoC-Bap1-mut-F) | 4 of 4 ✔
[8b/1d68c7] bam…ACCURACY (evoC-Bap1-mut-F) | 4 of 4 ✔
[b2/7e769c] var…E_CALLER (evoC-Bap1-mut-F) | 4 of 4 ✔
[9f/38af8c] var…NTERVALS (GRCm38_filtered) | 1 of 1 ✔
[b8/9e97ff] var…DB_IMPORT (Interval: 0006) | 9 of 19
[a2/aef87c] var…YPE_GVCFS (Interval: 0006) | 1 of 9
[-        ] var…t_calling:MERGE_JOINT_VCFS -
[-        ] variant_calling:ASM            -
[-        ] var…_calling:MERGE_ASM_OUTPUTS -
[1f/8e642f] var…:MUTECT2 (evoC-Bap1-mut-F) | 4 of 4 ✔
[04/ddc78a] mbi…voC-Bap1-mut-F-CG-5-prime) | 12 of 12 ✔
[71/922293] epi…ZARR (evoC-Bap1-mut-F-CHH) | 12 of 12 ✔
[1c/bbe64a] epi…XPORT (evoC-Bap1-mut-F_CG) | 4 of 12
[b5/29d2e4] epi…(evoC_Bap1_run-genome-CHH) | 3 of 3 ✔
[c1/286c4a] epi…2ZARR (evoC-Bap1-mut-F-CG) | 4 of 4 ✔
[17/ec0760] epi…XPORT (evoC-Bap1-mut-F_CG) | 4 of 4 ✔
[77/1ce2ab] epi…2ZARR (evoC-Bap1-mut-F-CG) | 4 of 4 ✔
[fe/64cede] epi…XPORT (evoC-Bap1-mut-F_CG) | 4 of 4 ✔
[f0/f5c1c4] epi…voC_Bap1_run-long_ctrl-CG) | 1 of 1 ✔
[ce/ac52e7] summary:DQSPY (evoC_Bap1_run)  | 1 of 1 ✔
Plus 3 more processes waiting for tasks…

executor >  slurm (126)
[5a/98213b] res…AW (evoC-Bap1-mut-F, L005) | 4 of 4 ✔
[94/9d8d88] res…DE (evoC-Bap1-mut-F, L005) | 4 of 4 ✔
[-        ] resolve_align:FASTQC_RESOLVED  -
[bc/1d3e7e] res…M2 (evoC-Bap1-mut-F, L005) | 4 of 4 ✔
[-        ] res…align:SAMTOOLS_MERGE_LANES -
[-        ] resolve_align:PRESEQ           -
[b2/0bf87a] bam…t:BAMLET (evoC-Bap1-mut-F) | 4 of 4 ✔
[32/0ea4f0] bam…AP_BAMQC (evoC-Bap1-mut-F) | 4 of 4 ✔
[04/be1053] bam…TSS_BIAS (evoC-Bap1-mut-F) | 4 of 4 ✔
[-        ] bam…:DEEPTOOLS_PLOTFINGERPRINT -
[6f/d0d158] bam…D_GCBIAS (evoC-Bap1-mut-F) | 4 of 4 ✔
[8b/1d68c7] bam…ACCURACY (evoC-Bap1-mut-F) | 4 of 4 ✔
[b2/7e769c] var…E_CALLER (evoC-Bap1-mut-F) | 4 of 4 ✔
[9f/38af8c] var…NTERVALS (GRCm38_filtered) | 1 of 1 ✔
[b8/9e97ff] var…DB_IMPORT (Interval: 0006) | 9 of 19
[a2/aef87c] var…YPE_GVCFS (Interval: 0006) | 1 of 9
[-        ] var…t_calling:MERGE_JOINT_VCFS -
[-        ] variant_calling:ASM            -
[-        ] var…_calling:MERGE_ASM_OUTPUTS -
[1f/8e642f] var…:MUTECT2 (evoC-Bap1-mut-F) | 4 of 4 ✔
[04/ddc78a] mbi…voC-Bap1-mut-F-CG-5-prime) | 12 of 12 ✔
[71/922293] epi…ZARR (evoC-Bap1-mut-F-CHH) | 12 of 12 ✔
[1c/bbe64a] epi…XPORT (evoC-Bap1-mut-F_CG) | 4 of 12
[b5/29d2e4] epi…(evoC_Bap1_run-genome-CHH) | 3 of 3 ✔
[c1/286c4a] epi…2ZARR (evoC-Bap1-mut-F-CG) | 4 of 4 ✔
[17/ec0760] epi…XPORT (evoC-Bap1-mut-F_CG) | 4 of 4 ✔
[77/1ce2ab] epi…2ZARR (evoC-Bap1-mut-F-CG) | 4 of 4 ✔
[fe/64cede] epi…XPORT (evoC-Bap1-mut-F_CG) | 4 of 4 ✔
[f0/f5c1c4] epi…voC_Bap1_run-long_ctrl-CG) | 1 of 1 ✔
[ce/ac52e7] summary:DQSPY (evoC_Bap1_run)  | 1 of 1 ✔
Plus 3 more processes waiting for tasks…

executor >  slurm (126)
[5a/98213b] res…AW (evoC-Bap1-mut-F, L005) | 4 of 4 ✔
[94/9d8d88] res…DE (evoC-Bap1-mut-F, L005) | 4 of 4 ✔
[-        ] resolve_align:FASTQC_RESOLVED  -
[bc/1d3e7e] res…M2 (evoC-Bap1-mut-F, L005) | 4 of 4 ✔
[-        ] res…align:SAMTOOLS_MERGE_LANES -
[-        ] resolve_align:PRESEQ           -
[b2/0bf87a] bam…t:BAMLET (evoC-Bap1-mut-F) | 4 of 4 ✔
[32/0ea4f0] bam…AP_BAMQC (evoC-Bap1-mut-F) | 4 of 4 ✔
[04/be1053] bam…TSS_BIAS (evoC-Bap1-mut-F) | 4 of 4 ✔
[-        ] bam…:DEEPTOOLS_PLOTFINGERPRINT -
[6f/d0d158] bam…D_GCBIAS (evoC-Bap1-mut-F) | 4 of 4 ✔
[8b/1d68c7] bam…ACCURACY (evoC-Bap1-mut-F) | 4 of 4 ✔
[b2/7e769c] var…E_CALLER (evoC-Bap1-mut-F) | 4 of 4 ✔
[9f/38af8c] var…NTERVALS (GRCm38_filtered) | 1 of 1 ✔
[b8/9e97ff] var…DB_IMPORT (Interval: 0006) | 9 of 19
[a2/aef87c] var…YPE_GVCFS (Interval: 0006) | 1 of 9
[-        ] var…t_calling:MERGE_JOINT_VCFS -
[-        ] variant_calling:ASM            -
[-        ] var…_calling:MERGE_ASM_OUTPUTS -
[1f/8e642f] var…:MUTECT2 (evoC-Bap1-mut-F) | 4 of 4 ✔
[04/ddc78a] mbi…voC-Bap1-mut-F-CG-5-prime) | 12 of 12 ✔
[71/922293] epi…ZARR (evoC-Bap1-mut-F-CHH) | 12 of 12 ✔
[1c/bbe64a] epi…XPORT (evoC-Bap1-mut-F_CG) | 4 of 12
[b5/29d2e4] epi…(evoC_Bap1_run-genome-CHH) | 3 of 3 ✔
[c1/286c4a] epi…2ZARR (evoC-Bap1-mut-F-CG) | 4 of 4 ✔
[17/ec0760] epi…XPORT (evoC-Bap1-mut-F_CG) | 4 of 4 ✔
[77/1ce2ab] epi…2ZARR (evoC-Bap1-mut-F-CG) | 4 of 4 ✔
[fe/64cede] epi…XPORT (evoC-Bap1-mut-F_CG) | 4 of 4 ✔
[f0/f5c1c4] epi…voC_Bap1_run-long_ctrl-CG) | 1 of 1 ✔
[ce/ac52e7] summary:DQSPY (evoC_Bap1_run)  | 1 of 1 ✔
Plus 3 more processes waiting for tasks…

executor >  slurm (126)
[5a/98213b] res…AW (evoC-Bap1-mut-F, L005) | 4 of 4 ✔
[94/9d8d88] res…DE (evoC-Bap1-mut-F, L005) | 4 of 4 ✔
[-        ] resolve_align:FASTQC_RESOLVED  -
[bc/1d3e7e] res…M2 (evoC-Bap1-mut-F, L005) | 4 of 4 ✔
[-        ] res…align:SAMTOOLS_MERGE_LANES -
[-        ] resolve_align:PRESEQ           -
[b2/0bf87a] bam…t:BAMLET (evoC-Bap1-mut-F) | 4 of 4 ✔
[32/0ea4f0] bam…AP_BAMQC (evoC-Bap1-mut-F) | 4 of 4 ✔
[04/be1053] bam…TSS_BIAS (evoC-Bap1-mut-F) | 4 of 4 ✔
[-        ] bam…:DEEPTOOLS_PLOTFINGERPRINT -
[6f/d0d158] bam…D_GCBIAS (evoC-Bap1-mut-F) | 4 of 4 ✔
[8b/1d68c7] bam…ACCURACY (evoC-Bap1-mut-F) | 4 of 4 ✔
[b2/7e769c] var…E_CALLER (evoC-Bap1-mut-F) | 4 of 4 ✔
[9f/38af8c] var…NTERVALS (GRCm38_filtered) | 1 of 1 ✔
[b8/9e97ff] var…DB_IMPORT (Interval: 0006) | 9 of 19
[a2/aef87c] var…YPE_GVCFS (Interval: 0006) | 1 of 9
[-        ] var…t_calling:MERGE_JOINT_VCFS -
[-        ] variant_calling:ASM            -
[-        ] var…_calling:MERGE_ASM_OUTPUTS -
[1f/8e642f] var…:MUTECT2 (evoC-Bap1-mut-F) | 4 of 4 ✔
[04/ddc78a] mbi…voC-Bap1-mut-F-CG-5-prime) | 12 of 12 ✔
[71/922293] epi…ZARR (evoC-Bap1-mut-F-CHH) | 12 of 12 ✔
[1c/bbe64a] epi…XPORT (evoC-Bap1-mut-F_CG) | 4 of 12
[b5/29d2e4] epi…(evoC_Bap1_run-genome-CHH) | 3 of 3 ✔
[c1/286c4a] epi…2ZARR (evoC-Bap1-mut-F-CG) | 4 of 4 ✔
[17/ec0760] epi…XPORT (evoC-Bap1-mut-F_CG) | 4 of 4 ✔
[77/1ce2ab] epi…2ZARR (evoC-Bap1-mut-F-CG) | 4 of 4 ✔
[fe/64cede] epi…XPORT (evoC-Bap1-mut-F_CG) | 4 of 4 ✔
[f0/f5c1c4] epi…voC_Bap1_run-long_ctrl-CG) | 1 of 1 ✔
[ce/ac52e7] summary:DQSPY (evoC_Bap1_run)  | 1 of 1 ✔
Plus 3 more processes waiting for tasks…

executor >  slurm (126)
[5a/98213b] res…AW (evoC-Bap1-mut-F, L005) | 4 of 4 ✔
[94/9d8d88] res…DE (evoC-Bap1-mut-F, L005) | 4 of 4 ✔
[-        ] resolve_align:FASTQC_RESOLVED  -
[bc/1d3e7e] res…M2 (evoC-Bap1-mut-F, L005) | 4 of 4 ✔
[-        ] res…align:SAMTOOLS_MERGE_LANES -
[-        ] resolve_align:PRESEQ           -
[b2/0bf87a] bam…t:BAMLET (evoC-Bap1-mut-F) | 4 of 4 ✔
[32/0ea4f0] bam…AP_BAMQC (evoC-Bap1-mut-F) | 4 of 4 ✔
[04/be1053] bam…TSS_BIAS (evoC-Bap1-mut-F) | 4 of 4 ✔
[-        ] bam…:DEEPTOOLS_PLOTFINGERPRINT -
[6f/d0d158] bam…D_GCBIAS (evoC-Bap1-mut-F) | 4 of 4 ✔
[8b/1d68c7] bam…ACCURACY (evoC-Bap1-mut-F) | 4 of 4 ✔
[b2/7e769c] var…E_CALLER (evoC-Bap1-mut-F) | 4 of 4 ✔
[9f/38af8c] var…NTERVALS (GRCm38_filtered) | 1 of 1 ✔
[b8/9e97ff] var…DB_IMPORT (Interval: 0006) | 9 of 19
[a2/aef87c] var…YPE_GVCFS (Interval: 0006) | 1 of 9
[-        ] var…t_calling:MERGE_JOINT_VCFS -
[-        ] variant_calling:ASM            -
[-        ] var…_calling:MERGE_ASM_OUTPUTS -
[1f/8e642f] var…:MUTECT2 (evoC-Bap1-mut-F) | 4 of 4 ✔
[04/ddc78a] mbi…voC-Bap1-mut-F-CG-5-prime) | 12 of 12 ✔
[71/922293] epi…ZARR (evoC-Bap1-mut-F-CHH) | 12 of 12 ✔
[1c/bbe64a] epi…XPORT (evoC-Bap1-mut-F_CG) | 4 of 12
[b5/29d2e4] epi…(evoC_Bap1_run-genome-CHH) | 3 of 3 ✔
[c1/286c4a] epi…2ZARR (evoC-Bap1-mut-F-CG) | 4 of 4 ✔
[17/ec0760] epi…XPORT (evoC-Bap1-mut-F_CG) | 4 of 4 ✔
[77/1ce2ab] epi…2ZARR (evoC-Bap1-mut-F-CG) | 4 of 4 ✔
[fe/64cede] epi…XPORT (evoC-Bap1-mut-F_CG) | 4 of 4 ✔
[f0/f5c1c4] epi…voC_Bap1_run-long_ctrl-CG) | 1 of 1 ✔
[ce/ac52e7] summary:DQSPY (evoC_Bap1_run)  | 1 of 1 ✔
Plus 3 more processes waiting for tasks…

executor >  slurm (126)
[5a/98213b] res…AW (evoC-Bap1-mut-F, L005) | 4 of 4 ✔
[94/9d8d88] res…DE (evoC-Bap1-mut-F, L005) | 4 of 4 ✔
[-        ] resolve_align:FASTQC_RESOLVED  -
[bc/1d3e7e] res…M2 (evoC-Bap1-mut-F, L005) | 4 of 4 ✔
[-        ] res…align:SAMTOOLS_MERGE_LANES -
[-        ] resolve_align:PRESEQ           -
[b2/0bf87a] bam…t:BAMLET (evoC-Bap1-mut-F) | 4 of 4 ✔
[32/0ea4f0] bam…AP_BAMQC (evoC-Bap1-mut-F) | 4 of 4 ✔
[04/be1053] bam…TSS_BIAS (evoC-Bap1-mut-F) | 4 of 4 ✔
[-        ] bam…:DEEPTOOLS_PLOTFINGERPRINT -
[6f/d0d158] bam…D_GCBIAS (evoC-Bap1-mut-F) | 4 of 4 ✔
[8b/1d68c7] bam…ACCURACY (evoC-Bap1-mut-F) | 4 of 4 ✔
[b2/7e769c] var…E_CALLER (evoC-Bap1-mut-F) | 4 of 4 ✔
[9f/38af8c] var…NTERVALS (GRCm38_filtered) | 1 of 1 ✔
[5c/55d56f] var…DB_IMPORT (Interval: 0000) | 10 of 19
[a2/aef87c] var…YPE_GVCFS (Interval: 0006) | 1 of 10
[-        ] var…t_calling:MERGE_JOINT_VCFS -
[-        ] variant_calling:ASM            -
[-        ] var…_calling:MERGE_ASM_OUTPUTS -
[1f/8e642f] var…:MUTECT2 (evoC-Bap1-mut-F) | 4 of 4 ✔
[04/ddc78a] mbi…voC-Bap1-mut-F-CG-5-prime) | 12 of 12 ✔
[71/922293] epi…ZARR (evoC-Bap1-mut-F-CHH) | 12 of 12 ✔
[1c/bbe64a] epi…XPORT (evoC-Bap1-mut-F_CG) | 4 of 12
[b5/29d2e4] epi…(evoC_Bap1_run-genome-CHH) | 3 of 3 ✔
[c1/286c4a] epi…2ZARR (evoC-Bap1-mut-F-CG) | 4 of 4 ✔
[17/ec0760] epi…XPORT (evoC-Bap1-mut-F_CG) | 4 of 4 ✔
[77/1ce2ab] epi…2ZARR (evoC-Bap1-mut-F-CG) | 4 of 4 ✔
[fe/64cede] epi…XPORT (evoC-Bap1-mut-F_CG) | 4 of 4 ✔
[f0/f5c1c4] epi…voC_Bap1_run-long_ctrl-CG) | 1 of 1 ✔
[ce/ac52e7] summary:DQSPY (evoC_Bap1_run)  | 1 of 1 ✔
Plus 3 more processes waiting for tasks…

executor >  slurm (127)
[5a/98213b] res…AW (evoC-Bap1-mut-F, L005) | 4 of 4 ✔
[94/9d8d88] res…DE (evoC-Bap1-mut-F, L005) | 4 of 4 ✔
[-        ] resolve_align:FASTQC_RESOLVED  -
[bc/1d3e7e] res…M2 (evoC-Bap1-mut-F, L005) | 4 of 4 ✔
[-        ] res…align:SAMTOOLS_MERGE_LANES -
[-        ] resolve_align:PRESEQ           -
[b2/0bf87a] bam…t:BAMLET (evoC-Bap1-mut-F) | 4 of 4 ✔
[32/0ea4f0] bam…AP_BAMQC (evoC-Bap1-mut-F) | 4 of 4 ✔
[04/be1053] bam…TSS_BIAS (evoC-Bap1-mut-F) | 4 of 4 ✔
[-        ] bam…:DEEPTOOLS_PLOTFINGERPRINT -
[6f/d0d158] bam…D_GCBIAS (evoC-Bap1-mut-F) | 4 of 4 ✔
[8b/1d68c7] bam…ACCURACY (evoC-Bap1-mut-F) | 4 of 4 ✔
[b2/7e769c] var…E_CALLER (evoC-Bap1-mut-F) | 4 of 4 ✔
[9f/38af8c] var…NTERVALS (GRCm38_filtered) | 1 of 1 ✔
[5c/55d56f] var…DB_IMPORT (Interval: 0000) | 10 of 19
[3d/20b4d1] var…YPE_GVCFS (Interval: 0000) | 1 of 10
[-        ] var…t_calling:MERGE_JOINT_VCFS -
[-        ] variant_calling:ASM            -
[-        ] var…_calling:MERGE_ASM_OUTPUTS -
[1f/8e642f] var…:MUTECT2 (evoC-Bap1-mut-F) | 4 of 4 ✔
[04/ddc78a] mbi…voC-Bap1-mut-F-CG-5-prime) | 12 of 12 ✔
[71/922293] epi…ZARR (evoC-Bap1-mut-F-CHH) | 12 of 12 ✔
[1c/bbe64a] epi…XPORT (evoC-Bap1-mut-F_CG) | 4 of 12
[b5/29d2e4] epi…(evoC_Bap1_run-genome-CHH) | 3 of 3 ✔
[c1/286c4a] epi…2ZARR (evoC-Bap1-mut-F-CG) | 4 of 4 ✔
[17/ec0760] epi…XPORT (evoC-Bap1-mut-F_CG) | 4 of 4 ✔
[77/1ce2ab] epi…2ZARR (evoC-Bap1-mut-F-CG) | 4 of 4 ✔
[fe/64cede] epi…XPORT (evoC-Bap1-mut-F_CG) | 4 of 4 ✔
[f0/f5c1c4] epi…voC_Bap1_run-long_ctrl-CG) | 1 of 1 ✔
[ce/ac52e7] summary:DQSPY (evoC_Bap1_run)  | 1 of 1 ✔
Plus 3 more processes waiting for tasks…

executor >  slurm (128)
[5a/98213b] res…AW (evoC-Bap1-mut-F, L005) | 4 of 4 ✔
[94/9d8d88] res…DE (evoC-Bap1-mut-F, L005) | 4 of 4 ✔
[-        ] resolve_align:FASTQC_RESOLVED  -
[bc/1d3e7e] res…M2 (evoC-Bap1-mut-F, L005) | 4 of 4 ✔
[-        ] res…align:SAMTOOLS_MERGE_LANES -
[-        ] resolve_align:PRESEQ           -
[b2/0bf87a] bam…t:BAMLET (evoC-Bap1-mut-F) | 4 of 4 ✔
[32/0ea4f0] bam…AP_BAMQC (evoC-Bap1-mut-F) | 4 of 4 ✔
[04/be1053] bam…TSS_BIAS (evoC-Bap1-mut-F) | 4 of 4 ✔
[-        ] bam…:DEEPTOOLS_PLOTFINGERPRINT -
[6f/d0d158] bam…D_GCBIAS (evoC-Bap1-mut-F) | 4 of 4 ✔
[8b/1d68c7] bam…ACCURACY (evoC-Bap1-mut-F) | 4 of 4 ✔
[b2/7e769c] var…E_CALLER (evoC-Bap1-mut-F) | 4 of 4 ✔
[9f/38af8c] var…NTERVALS (GRCm38_filtered) | 1 of 1 ✔
[67/e2fe83] var…DB_IMPORT (Interval: 0017) | 11 of 19
[58/0c92d4] var…YPE_GVCFS (Interval: 0017) | 1 of 11
[-        ] var…t_calling:MERGE_JOINT_VCFS -
[-        ] variant_calling:ASM            -
[-        ] var…_calling:MERGE_ASM_OUTPUTS -
[1f/8e642f] var…:MUTECT2 (evoC-Bap1-mut-F) | 4 of 4 ✔
[04/ddc78a] mbi…voC-Bap1-mut-F-CG-5-prime) | 12 of 12 ✔
[71/922293] epi…ZARR (evoC-Bap1-mut-F-CHH) | 12 of 12 ✔
[1c/bbe64a] epi…XPORT (evoC-Bap1-mut-F_CG) | 4 of 12
[b5/29d2e4] epi…(evoC_Bap1_run-genome-CHH) | 3 of 3 ✔
[c1/286c4a] epi…2ZARR (evoC-Bap1-mut-F-CG) | 4 of 4 ✔
[17/ec0760] epi…XPORT (evoC-Bap1-mut-F_CG) | 4 of 4 ✔
[77/1ce2ab] epi…2ZARR (evoC-Bap1-mut-F-CG) | 4 of 4 ✔
[fe/64cede] epi…XPORT (evoC-Bap1-mut-F_CG) | 4 of 4 ✔
[f0/f5c1c4] epi…voC_Bap1_run-long_ctrl-CG) | 1 of 1 ✔
[ce/ac52e7] summary:DQSPY (evoC_Bap1_run)  | 1 of 1 ✔
Plus 3 more processes waiting for tasks…

executor >  slurm (129)
[5a/98213b] res…AW (evoC-Bap1-mut-F, L005) | 4 of 4 ✔
[94/9d8d88] res…DE (evoC-Bap1-mut-F, L005) | 4 of 4 ✔
[-        ] resolve_align:FASTQC_RESOLVED  -
[bc/1d3e7e] res…M2 (evoC-Bap1-mut-F, L005) | 4 of 4 ✔
[-        ] res…align:SAMTOOLS_MERGE_LANES -
[-        ] resolve_align:PRESEQ           -
[b2/0bf87a] bam…t:BAMLET (evoC-Bap1-mut-F) | 4 of 4 ✔
[32/0ea4f0] bam…AP_BAMQC (evoC-Bap1-mut-F) | 4 of 4 ✔
[04/be1053] bam…TSS_BIAS (evoC-Bap1-mut-F) | 4 of 4 ✔
[-        ] bam…:DEEPTOOLS_PLOTFINGERPRINT -
[6f/d0d158] bam…D_GCBIAS (evoC-Bap1-mut-F) | 4 of 4 ✔
[8b/1d68c7] bam…ACCURACY (evoC-Bap1-mut-F) | 4 of 4 ✔
[b2/7e769c] var…E_CALLER (evoC-Bap1-mut-F) | 4 of 4 ✔
[9f/38af8c] var…NTERVALS (GRCm38_filtered) | 1 of 1 ✔
[21/f2a3d1] var…DB_IMPORT (Interval: 0011) | 12 of 19
[db/ad9abe] var…YPE_GVCFS (Interval: 0011) | 1 of 12
[-        ] var…t_calling:MERGE_JOINT_VCFS -
[-        ] variant_calling:ASM            -
[-        ] var…_calling:MERGE_ASM_OUTPUTS -
[1f/8e642f] var…:MUTECT2 (evoC-Bap1-mut-F) | 4 of 4 ✔
[04/ddc78a] mbi…voC-Bap1-mut-F-CG-5-prime) | 12 of 12 ✔
[71/922293] epi…ZARR (evoC-Bap1-mut-F-CHH) | 12 of 12 ✔
[1c/bbe64a] epi…XPORT (evoC-Bap1-mut-F_CG) | 4 of 12
[b5/29d2e4] epi…(evoC_Bap1_run-genome-CHH) | 3 of 3 ✔
[c1/286c4a] epi…2ZARR (evoC-Bap1-mut-F-CG) | 4 of 4 ✔
[17/ec0760] epi…XPORT (evoC-Bap1-mut-F_CG) | 4 of 4 ✔
[77/1ce2ab] epi…2ZARR (evoC-Bap1-mut-F-CG) | 4 of 4 ✔
[fe/64cede] epi…XPORT (evoC-Bap1-mut-F_CG) | 4 of 4 ✔
[f0/f5c1c4] epi…voC_Bap1_run-long_ctrl-CG) | 1 of 1 ✔
[ce/ac52e7] summary:DQSPY (evoC_Bap1_run)  | 1 of 1 ✔
Plus 3 more processes waiting for tasks…

executor >  slurm (129)
[5a/98213b] res…AW (evoC-Bap1-mut-F, L005) | 4 of 4 ✔
[94/9d8d88] res…DE (evoC-Bap1-mut-F, L005) | 4 of 4 ✔
[-        ] resolve_align:FASTQC_RESOLVED  -
[bc/1d3e7e] res…M2 (evoC-Bap1-mut-F, L005) | 4 of 4 ✔
[-        ] res…align:SAMTOOLS_MERGE_LANES -
[-        ] resolve_align:PRESEQ           -
[b2/0bf87a] bam…t:BAMLET (evoC-Bap1-mut-F) | 4 of 4 ✔
[32/0ea4f0] bam…AP_BAMQC (evoC-Bap1-mut-F) | 4 of 4 ✔
[04/be1053] bam…TSS_BIAS (evoC-Bap1-mut-F) | 4 of 4 ✔
[-        ] bam…:DEEPTOOLS_PLOTFINGERPRINT -
[6f/d0d158] bam…D_GCBIAS (evoC-Bap1-mut-F) | 4 of 4 ✔
[8b/1d68c7] bam…ACCURACY (evoC-Bap1-mut-F) | 4 of 4 ✔
[b2/7e769c] var…E_CALLER (evoC-Bap1-mut-F) | 4 of 4 ✔
[9f/38af8c] var…NTERVALS (GRCm38_filtered) | 1 of 1 ✔
[21/f2a3d1] var…DB_IMPORT (Interval: 0011) | 12 of 19
[db/ad9abe] var…YPE_GVCFS (Interval: 0011) | 1 of 12
[-        ] var…t_calling:MERGE_JOINT_VCFS -
[-        ] variant_calling:ASM            -
[-        ] var…_calling:MERGE_ASM_OUTPUTS -
[1f/8e642f] var…:MUTECT2 (evoC-Bap1-mut-F) | 4 of 4 ✔
[04/ddc78a] mbi…voC-Bap1-mut-F-CG-5-prime) | 12 of 12 ✔
[71/922293] epi…ZARR (evoC-Bap1-mut-F-CHH) | 12 of 12 ✔
[1c/bbe64a] epi…XPORT (evoC-Bap1-mut-F_CG) | 4 of 12
[b5/29d2e4] epi…(evoC_Bap1_run-genome-CHH) | 3 of 3 ✔
[c1/286c4a] epi…2ZARR (evoC-Bap1-mut-F-CG) | 4 of 4 ✔
[17/ec0760] epi…XPORT (evoC-Bap1-mut-F_CG) | 4 of 4 ✔
[77/1ce2ab] epi…2ZARR (evoC-Bap1-mut-F-CG) | 4 of 4 ✔
[fe/64cede] epi…XPORT (evoC-Bap1-mut-F_CG) | 4 of 4 ✔
[f0/f5c1c4] epi…voC_Bap1_run-long_ctrl-CG) | 1 of 1 ✔
[ce/ac52e7] summary:DQSPY (evoC_Bap1_run)  | 1 of 1 ✔
Plus 3 more processes waiting for tasks…

executor >  slurm (130)
[5a/98213b] res…AW (evoC-Bap1-mut-F, L005) | 4 of 4 ✔
[94/9d8d88] res…DE (evoC-Bap1-mut-F, L005) | 4 of 4 ✔
[-        ] resolve_align:FASTQC_RESOLVED  -
[bc/1d3e7e] res…M2 (evoC-Bap1-mut-F, L005) | 4 of 4 ✔
[-        ] res…align:SAMTOOLS_MERGE_LANES -
[-        ] resolve_align:PRESEQ           -
[b2/0bf87a] bam…t:BAMLET (evoC-Bap1-mut-F) | 4 of 4 ✔
[32/0ea4f0] bam…AP_BAMQC (evoC-Bap1-mut-F) | 4 of 4 ✔
[04/be1053] bam…TSS_BIAS (evoC-Bap1-mut-F) | 4 of 4 ✔
[-        ] bam…:DEEPTOOLS_PLOTFINGERPRINT -
[6f/d0d158] bam…D_GCBIAS (evoC-Bap1-mut-F) | 4 of 4 ✔
[8b/1d68c7] bam…ACCURACY (evoC-Bap1-mut-F) | 4 of 4 ✔
[b2/7e769c] var…E_CALLER (evoC-Bap1-mut-F) | 4 of 4 ✔
[9f/38af8c] var…NTERVALS (GRCm38_filtered) | 1 of 1 ✔
[c5/519b6e] var…DB_IMPORT (Interval: 0014) | 13 of 19
[0d/23fa4d] var…YPE_GVCFS (Interval: 0014) | 1 of 13
[-        ] var…t_calling:MERGE_JOINT_VCFS -
[-        ] variant_calling:ASM            -
[-        ] var…_calling:MERGE_ASM_OUTPUTS -
[1f/8e642f] var…:MUTECT2 (evoC-Bap1-mut-F) | 4 of 4 ✔
[04/ddc78a] mbi…voC-Bap1-mut-F-CG-5-prime) | 12 of 12 ✔
[71/922293] epi…ZARR (evoC-Bap1-mut-F-CHH) | 12 of 12 ✔
[1c/bbe64a] epi…XPORT (evoC-Bap1-mut-F_CG) | 4 of 12
[b5/29d2e4] epi…(evoC_Bap1_run-genome-CHH) | 3 of 3 ✔
[c1/286c4a] epi…2ZARR (evoC-Bap1-mut-F-CG) | 4 of 4 ✔
[17/ec0760] epi…XPORT (evoC-Bap1-mut-F_CG) | 4 of 4 ✔
[77/1ce2ab] epi…2ZARR (evoC-Bap1-mut-F-CG) | 4 of 4 ✔
[fe/64cede] epi…XPORT (evoC-Bap1-mut-F_CG) | 4 of 4 ✔
[f0/f5c1c4] epi…voC_Bap1_run-long_ctrl-CG) | 1 of 1 ✔
[ce/ac52e7] summary:DQSPY (evoC_Bap1_run)  | 1 of 1 ✔
Plus 3 more processes waiting for tasks…

executor >  slurm (130)
[5a/98213b] res…AW (evoC-Bap1-mut-F, L005) | 4 of 4 ✔
[94/9d8d88] res…DE (evoC-Bap1-mut-F, L005) | 4 of 4 ✔
[-        ] resolve_align:FASTQC_RESOLVED  -
[bc/1d3e7e] res…M2 (evoC-Bap1-mut-F, L005) | 4 of 4 ✔
[-        ] res…align:SAMTOOLS_MERGE_LANES -
[-        ] resolve_align:PRESEQ           -
[b2/0bf87a] bam…t:BAMLET (evoC-Bap1-mut-F) | 4 of 4 ✔
[32/0ea4f0] bam…AP_BAMQC (evoC-Bap1-mut-F) | 4 of 4 ✔
[04/be1053] bam…TSS_BIAS (evoC-Bap1-mut-F) | 4 of 4 ✔
[-        ] bam…:DEEPTOOLS_PLOTFINGERPRINT -
[6f/d0d158] bam…D_GCBIAS (evoC-Bap1-mut-F) | 4 of 4 ✔
[8b/1d68c7] bam…ACCURACY (evoC-Bap1-mut-F) | 4 of 4 ✔
[b2/7e769c] var…E_CALLER (evoC-Bap1-mut-F) | 4 of 4 ✔
[9f/38af8c] var…NTERVALS (GRCm38_filtered) | 1 of 1 ✔
[c5/519b6e] var…DB_IMPORT (Interval: 0014) | 13 of 19
[0d/23fa4d] var…YPE_GVCFS (Interval: 0014) | 1 of 13
[-        ] var…t_calling:MERGE_JOINT_VCFS -
[-        ] variant_calling:ASM            -
[-        ] var…_calling:MERGE_ASM_OUTPUTS -
[1f/8e642f] var…:MUTECT2 (evoC-Bap1-mut-F) | 4 of 4 ✔
[04/ddc78a] mbi…voC-Bap1-mut-F-CG-5-prime) | 12 of 12 ✔
[71/922293] epi…ZARR (evoC-Bap1-mut-F-CHH) | 12 of 12 ✔
[1c/bbe64a] epi…XPORT (evoC-Bap1-mut-F_CG) | 4 of 12
[b5/29d2e4] epi…(evoC_Bap1_run-genome-CHH) | 3 of 3 ✔
[c1/286c4a] epi…2ZARR (evoC-Bap1-mut-F-CG) | 4 of 4 ✔
[17/ec0760] epi…XPORT (evoC-Bap1-mut-F_CG) | 4 of 4 ✔
[77/1ce2ab] epi…2ZARR (evoC-Bap1-mut-F-CG) | 4 of 4 ✔
[fe/64cede] epi…XPORT (evoC-Bap1-mut-F_CG) | 4 of 4 ✔
[f0/f5c1c4] epi…voC_Bap1_run-long_ctrl-CG) | 1 of 1 ✔
[ce/ac52e7] summary:DQSPY (evoC_Bap1_run)  | 1 of 1 ✔
Plus 3 more processes waiting for tasks…

executor >  slurm (130)
[5a/98213b] res…AW (evoC-Bap1-mut-F, L005) | 4 of 4 ✔
[94/9d8d88] res…DE (evoC-Bap1-mut-F, L005) | 4 of 4 ✔
[-        ] resolve_align:FASTQC_RESOLVED  -
[bc/1d3e7e] res…M2 (evoC-Bap1-mut-F, L005) | 4 of 4 ✔
[-        ] res…align:SAMTOOLS_MERGE_LANES -
[-        ] resolve_align:PRESEQ           -
[b2/0bf87a] bam…t:BAMLET (evoC-Bap1-mut-F) | 4 of 4 ✔
[32/0ea4f0] bam…AP_BAMQC (evoC-Bap1-mut-F) | 4 of 4 ✔
[04/be1053] bam…TSS_BIAS (evoC-Bap1-mut-F) | 4 of 4 ✔
[-        ] bam…:DEEPTOOLS_PLOTFINGERPRINT -
[6f/d0d158] bam…D_GCBIAS (evoC-Bap1-mut-F) | 4 of 4 ✔
[8b/1d68c7] bam…ACCURACY (evoC-Bap1-mut-F) | 4 of 4 ✔
[b2/7e769c] var…E_CALLER (evoC-Bap1-mut-F) | 4 of 4 ✔
[9f/38af8c] var…NTERVALS (GRCm38_filtered) | 1 of 1 ✔
[c5/519b6e] var…DB_IMPORT (Interval: 0014) | 13 of 19
[0d/23fa4d] var…YPE_GVCFS (Interval: 0014) | 1 of 13
[-        ] var…t_calling:MERGE_JOINT_VCFS -
[-        ] variant_calling:ASM            -
[-        ] var…_calling:MERGE_ASM_OUTPUTS -
[1f/8e642f] var…:MUTECT2 (evoC-Bap1-mut-F) | 4 of 4 ✔
[04/ddc78a] mbi…voC-Bap1-mut-F-CG-5-prime) | 12 of 12 ✔
[71/922293] epi…ZARR (evoC-Bap1-mut-F-CHH) | 12 of 12 ✔
[38/e7a8dc] epi…ORT (evoC-Bap1-ctrl-M_CHG) | 5 of 12
[b5/29d2e4] epi…(evoC_Bap1_run-genome-CHH) | 3 of 3 ✔
[c1/286c4a] epi…2ZARR (evoC-Bap1-mut-F-CG) | 4 of 4 ✔
[17/ec0760] epi…XPORT (evoC-Bap1-mut-F_CG) | 4 of 4 ✔
[77/1ce2ab] epi…2ZARR (evoC-Bap1-mut-F-CG) | 4 of 4 ✔
[fe/64cede] epi…XPORT (evoC-Bap1-mut-F_CG) | 4 of 4 ✔
[f0/f5c1c4] epi…voC_Bap1_run-long_ctrl-CG) | 1 of 1 ✔
[ce/ac52e7] summary:DQSPY (evoC_Bap1_run)  | 1 of 1 ✔
Plus 3 more processes waiting for tasks…

executor >  slurm (130)
[5a/98213b] res…AW (evoC-Bap1-mut-F, L005) | 4 of 4 ✔
[94/9d8d88] res…DE (evoC-Bap1-mut-F, L005) | 4 of 4 ✔
[-        ] resolve_align:FASTQC_RESOLVED  -
[bc/1d3e7e] res…M2 (evoC-Bap1-mut-F, L005) | 4 of 4 ✔
[-        ] res…align:SAMTOOLS_MERGE_LANES -
[-        ] resolve_align:PRESEQ           -
[b2/0bf87a] bam…t:BAMLET (evoC-Bap1-mut-F) | 4 of 4 ✔
[32/0ea4f0] bam…AP_BAMQC (evoC-Bap1-mut-F) | 4 of 4 ✔
[04/be1053] bam…TSS_BIAS (evoC-Bap1-mut-F) | 4 of 4 ✔
[-        ] bam…:DEEPTOOLS_PLOTFINGERPRINT -
[6f/d0d158] bam…D_GCBIAS (evoC-Bap1-mut-F) | 4 of 4 ✔
[8b/1d68c7] bam…ACCURACY (evoC-Bap1-mut-F) | 4 of 4 ✔
[b2/7e769c] var…E_CALLER (evoC-Bap1-mut-F) | 4 of 4 ✔
[9f/38af8c] var…NTERVALS (GRCm38_filtered) | 1 of 1 ✔
[46/6c38a0] var…DB_IMPORT (Interval: 0013) | 14 of 19
[0d/23fa4d] var…YPE_GVCFS (Interval: 0014) | 1 of 14
[-        ] var…t_calling:MERGE_JOINT_VCFS -
[-        ] variant_calling:ASM            -
[-        ] var…_calling:MERGE_ASM_OUTPUTS -
[1f/8e642f] var…:MUTECT2 (evoC-Bap1-mut-F) | 4 of 4 ✔
[04/ddc78a] mbi…voC-Bap1-mut-F-CG-5-prime) | 12 of 12 ✔
[71/922293] epi…ZARR (evoC-Bap1-mut-F-CHH) | 12 of 12 ✔
[38/e7a8dc] epi…ORT (evoC-Bap1-ctrl-M_CHG) | 5 of 12
[b5/29d2e4] epi…(evoC_Bap1_run-genome-CHH) | 3 of 3 ✔
[c1/286c4a] epi…2ZARR (evoC-Bap1-mut-F-CG) | 4 of 4 ✔
[17/ec0760] epi…XPORT (evoC-Bap1-mut-F_CG) | 4 of 4 ✔
[77/1ce2ab] epi…2ZARR (evoC-Bap1-mut-F-CG) | 4 of 4 ✔
[fe/64cede] epi…XPORT (evoC-Bap1-mut-F_CG) | 4 of 4 ✔
[f0/f5c1c4] epi…voC_Bap1_run-long_ctrl-CG) | 1 of 1 ✔
[ce/ac52e7] summary:DQSPY (evoC_Bap1_run)  | 1 of 1 ✔
Plus 3 more processes waiting for tasks…

executor >  slurm (131)
[5a/98213b] res…AW (evoC-Bap1-mut-F, L005) | 4 of 4 ✔
[94/9d8d88] res…DE (evoC-Bap1-mut-F, L005) | 4 of 4 ✔
[-        ] resolve_align:FASTQC_RESOLVED  -
[bc/1d3e7e] res…M2 (evoC-Bap1-mut-F, L005) | 4 of 4 ✔
[-        ] res…align:SAMTOOLS_MERGE_LANES -
[-        ] resolve_align:PRESEQ           -
[b2/0bf87a] bam…t:BAMLET (evoC-Bap1-mut-F) | 4 of 4 ✔
[32/0ea4f0] bam…AP_BAMQC (evoC-Bap1-mut-F) | 4 of 4 ✔
[04/be1053] bam…TSS_BIAS (evoC-Bap1-mut-F) | 4 of 4 ✔
[-        ] bam…:DEEPTOOLS_PLOTFINGERPRINT -
[6f/d0d158] bam…D_GCBIAS (evoC-Bap1-mut-F) | 4 of 4 ✔
[8b/1d68c7] bam…ACCURACY (evoC-Bap1-mut-F) | 4 of 4 ✔
[b2/7e769c] var…E_CALLER (evoC-Bap1-mut-F) | 4 of 4 ✔
[9f/38af8c] var…NTERVALS (GRCm38_filtered) | 1 of 1 ✔
[46/6c38a0] var…DB_IMPORT (Interval: 0013) | 14 of 19
[00/155267] var…YPE_GVCFS (Interval: 0013) | 1 of 14
[-        ] var…t_calling:MERGE_JOINT_VCFS -
[-        ] variant_calling:ASM            -
[-        ] var…_calling:MERGE_ASM_OUTPUTS -
[1f/8e642f] var…:MUTECT2 (evoC-Bap1-mut-F) | 4 of 4 ✔
[04/ddc78a] mbi…voC-Bap1-mut-F-CG-5-prime) | 12 of 12 ✔
[71/922293] epi…ZARR (evoC-Bap1-mut-F-CHH) | 12 of 12 ✔
[38/e7a8dc] epi…ORT (evoC-Bap1-ctrl-M_CHG) | 5 of 12
[b5/29d2e4] epi…(evoC_Bap1_run-genome-CHH) | 3 of 3 ✔
[c1/286c4a] epi…2ZARR (evoC-Bap1-mut-F-CG) | 4 of 4 ✔
[17/ec0760] epi…XPORT (evoC-Bap1-mut-F_CG) | 4 of 4 ✔
[77/1ce2ab] epi…2ZARR (evoC-Bap1-mut-F-CG) | 4 of 4 ✔
[fe/64cede] epi…XPORT (evoC-Bap1-mut-F_CG) | 4 of 4 ✔
[f0/f5c1c4] epi…voC_Bap1_run-long_ctrl-CG) | 1 of 1 ✔
[ce/ac52e7] summary:DQSPY (evoC_Bap1_run)  | 1 of 1 ✔
Plus 3 more processes waiting for tasks…

executor >  slurm (131)
[5a/98213b] res…AW (evoC-Bap1-mut-F, L005) | 4 of 4 ✔
[94/9d8d88] res…DE (evoC-Bap1-mut-F, L005) | 4 of 4 ✔
[-        ] resolve_align:FASTQC_RESOLVED  -
[bc/1d3e7e] res…M2 (evoC-Bap1-mut-F, L005) | 4 of 4 ✔
[-        ] res…align:SAMTOOLS_MERGE_LANES -
[-        ] resolve_align:PRESEQ           -
[b2/0bf87a] bam…t:BAMLET (evoC-Bap1-mut-F) | 4 of 4 ✔
[32/0ea4f0] bam…AP_BAMQC (evoC-Bap1-mut-F) | 4 of 4 ✔
[04/be1053] bam…TSS_BIAS (evoC-Bap1-mut-F) | 4 of 4 ✔
[-        ] bam…:DEEPTOOLS_PLOTFINGERPRINT -
[6f/d0d158] bam…D_GCBIAS (evoC-Bap1-mut-F) | 4 of 4 ✔
[8b/1d68c7] bam…ACCURACY (evoC-Bap1-mut-F) | 4 of 4 ✔
[b2/7e769c] var…E_CALLER (evoC-Bap1-mut-F) | 4 of 4 ✔
[9f/38af8c] var…NTERVALS (GRCm38_filtered) | 1 of 1 ✔
[46/6c38a0] var…DB_IMPORT (Interval: 0013) | 14 of 19
[00/155267] var…YPE_GVCFS (Interval: 0013) | 1 of 14
[-        ] var…t_calling:MERGE_JOINT_VCFS -
[-        ] variant_calling:ASM            -
[-        ] var…_calling:MERGE_ASM_OUTPUTS -
[1f/8e642f] var…:MUTECT2 (evoC-Bap1-mut-F) | 4 of 4 ✔
[04/ddc78a] mbi…voC-Bap1-mut-F-CG-5-prime) | 12 of 12 ✔
[71/922293] epi…ZARR (evoC-Bap1-mut-F-CHH) | 12 of 12 ✔
[38/e7a8dc] epi…ORT (evoC-Bap1-ctrl-M_CHG) | 5 of 12
[b5/29d2e4] epi…(evoC_Bap1_run-genome-CHH) | 3 of 3 ✔
[c1/286c4a] epi…2ZARR (evoC-Bap1-mut-F-CG) | 4 of 4 ✔
[17/ec0760] epi…XPORT (evoC-Bap1-mut-F_CG) | 4 of 4 ✔
[77/1ce2ab] epi…2ZARR (evoC-Bap1-mut-F-CG) | 4 of 4 ✔
[fe/64cede] epi…XPORT (evoC-Bap1-mut-F_CG) | 4 of 4 ✔
[f0/f5c1c4] epi…voC_Bap1_run-long_ctrl-CG) | 1 of 1 ✔
[ce/ac52e7] summary:DQSPY (evoC_Bap1_run)  | 1 of 1 ✔
Plus 3 more processes waiting for tasks…

executor >  slurm (131)
[5a/98213b] res…AW (evoC-Bap1-mut-F, L005) | 4 of 4 ✔
[94/9d8d88] res…DE (evoC-Bap1-mut-F, L005) | 4 of 4 ✔
[-        ] resolve_align:FASTQC_RESOLVED  -
[bc/1d3e7e] res…M2 (evoC-Bap1-mut-F, L005) | 4 of 4 ✔
[-        ] res…align:SAMTOOLS_MERGE_LANES -
[-        ] resolve_align:PRESEQ           -
[b2/0bf87a] bam…t:BAMLET (evoC-Bap1-mut-F) | 4 of 4 ✔
[32/0ea4f0] bam…AP_BAMQC (evoC-Bap1-mut-F) | 4 of 4 ✔
[04/be1053] bam…TSS_BIAS (evoC-Bap1-mut-F) | 4 of 4 ✔
[-        ] bam…:DEEPTOOLS_PLOTFINGERPRINT -
[6f/d0d158] bam…D_GCBIAS (evoC-Bap1-mut-F) | 4 of 4 ✔
[8b/1d68c7] bam…ACCURACY (evoC-Bap1-mut-F) | 4 of 4 ✔
[b2/7e769c] var…E_CALLER (evoC-Bap1-mut-F) | 4 of 4 ✔
[9f/38af8c] var…NTERVALS (GRCm38_filtered) | 1 of 1 ✔
[46/6c38a0] var…DB_IMPORT (Interval: 0013) | 14 of 19
[f7/e9ea0e] var…YPE_GVCFS (Interval: 0008) | 2 of 14
[-        ] var…t_calling:MERGE_JOINT_VCFS -
[-        ] variant_calling:ASM            -
[-        ] var…_calling:MERGE_ASM_OUTPUTS -
[1f/8e642f] var…:MUTECT2 (evoC-Bap1-mut-F) | 4 of 4 ✔
[04/ddc78a] mbi…voC-Bap1-mut-F-CG-5-prime) | 12 of 12 ✔
[71/922293] epi…ZARR (evoC-Bap1-mut-F-CHH) | 12 of 12 ✔
[38/e7a8dc] epi…ORT (evoC-Bap1-ctrl-M_CHG) | 5 of 12
[b5/29d2e4] epi…(evoC_Bap1_run-genome-CHH) | 3 of 3 ✔
[c1/286c4a] epi…2ZARR (evoC-Bap1-mut-F-CG) | 4 of 4 ✔
[17/ec0760] epi…XPORT (evoC-Bap1-mut-F_CG) | 4 of 4 ✔
[77/1ce2ab] epi…2ZARR (evoC-Bap1-mut-F-CG) | 4 of 4 ✔
[fe/64cede] epi…XPORT (evoC-Bap1-mut-F_CG) | 4 of 4 ✔
[f0/f5c1c4] epi…voC_Bap1_run-long_ctrl-CG) | 1 of 1 ✔
[ce/ac52e7] summary:DQSPY (evoC_Bap1_run)  | 1 of 1 ✔
Plus 3 more processes waiting for tasks…

executor >  slurm (131)
[5a/98213b] res…AW (evoC-Bap1-mut-F, L005) | 4 of 4 ✔
[94/9d8d88] res…DE (evoC-Bap1-mut-F, L005) | 4 of 4 ✔
[-        ] resolve_align:FASTQC_RESOLVED  -
[bc/1d3e7e] res…M2 (evoC-Bap1-mut-F, L005) | 4 of 4 ✔
[-        ] res…align:SAMTOOLS_MERGE_LANES -
[-        ] resolve_align:PRESEQ           -
[b2/0bf87a] bam…t:BAMLET (evoC-Bap1-mut-F) | 4 of 4 ✔
[32/0ea4f0] bam…AP_BAMQC (evoC-Bap1-mut-F) | 4 of 4 ✔
[04/be1053] bam…TSS_BIAS (evoC-Bap1-mut-F) | 4 of 4 ✔
[-        ] bam…:DEEPTOOLS_PLOTFINGERPRINT -
[6f/d0d158] bam…D_GCBIAS (evoC-Bap1-mut-F) | 4 of 4 ✔
[8b/1d68c7] bam…ACCURACY (evoC-Bap1-mut-F) | 4 of 4 ✔
[b2/7e769c] var…E_CALLER (evoC-Bap1-mut-F) | 4 of 4 ✔
[9f/38af8c] var…NTERVALS (GRCm38_filtered) | 1 of 1 ✔
[46/6c38a0] var…DB_IMPORT (Interval: 0013) | 14 of 19
[1e/4f4a42] var…YPE_GVCFS (Interval: 0012) | 3 of 14
[-        ] var…t_calling:MERGE_JOINT_VCFS -
[-        ] variant_calling:ASM            -
[-        ] var…_calling:MERGE_ASM_OUTPUTS -
[1f/8e642f] var…:MUTECT2 (evoC-Bap1-mut-F) | 4 of 4 ✔
[04/ddc78a] mbi…voC-Bap1-mut-F-CG-5-prime) | 12 of 12 ✔
[71/922293] epi…ZARR (evoC-Bap1-mut-F-CHH) | 12 of 12 ✔
[38/e7a8dc] epi…ORT (evoC-Bap1-ctrl-M_CHG) | 5 of 12
[b5/29d2e4] epi…(evoC_Bap1_run-genome-CHH) | 3 of 3 ✔
[c1/286c4a] epi…2ZARR (evoC-Bap1-mut-F-CG) | 4 of 4 ✔
[17/ec0760] epi…XPORT (evoC-Bap1-mut-F_CG) | 4 of 4 ✔
[77/1ce2ab] epi…2ZARR (evoC-Bap1-mut-F-CG) | 4 of 4 ✔
[fe/64cede] epi…XPORT (evoC-Bap1-mut-F_CG) | 4 of 4 ✔
[f0/f5c1c4] epi…voC_Bap1_run-long_ctrl-CG) | 1 of 1 ✔
[ce/ac52e7] summary:DQSPY (evoC_Bap1_run)  | 1 of 1 ✔
Plus 3 more processes waiting for tasks…

executor >  slurm (132)
[5a/98213b] res…AW (evoC-Bap1-mut-F, L005) | 4 of 4 ✔
[94/9d8d88] res…DE (evoC-Bap1-mut-F, L005) | 4 of 4 ✔
[-        ] resolve_align:FASTQC_RESOLVED  -
[bc/1d3e7e] res…M2 (evoC-Bap1-mut-F, L005) | 4 of 4 ✔
[-        ] res…align:SAMTOOLS_MERGE_LANES -
[-        ] resolve_align:PRESEQ           -
[b2/0bf87a] bam…t:BAMLET (evoC-Bap1-mut-F) | 4 of 4 ✔
[32/0ea4f0] bam…AP_BAMQC (evoC-Bap1-mut-F) | 4 of 4 ✔
[04/be1053] bam…TSS_BIAS (evoC-Bap1-mut-F) | 4 of 4 ✔
[-        ] bam…:DEEPTOOLS_PLOTFINGERPRINT -
[6f/d0d158] bam…D_GCBIAS (evoC-Bap1-mut-F) | 4 of 4 ✔
[8b/1d68c7] bam…ACCURACY (evoC-Bap1-mut-F) | 4 of 4 ✔
[b2/7e769c] var…E_CALLER (evoC-Bap1-mut-F) | 4 of 4 ✔
[9f/38af8c] var…NTERVALS (GRCm38_filtered) | 1 of 1 ✔
[dc/d7d886] var…DB_IMPORT (Interval: 0003) | 15 of 19
[ff/ad10eb] var…YPE_GVCFS (Interval: 0003) | 3 of 15
[-        ] var…t_calling:MERGE_JOINT_VCFS -
[-        ] variant_calling:ASM            -
[-        ] var…_calling:MERGE_ASM_OUTPUTS -
[1f/8e642f] var…:MUTECT2 (evoC-Bap1-mut-F) | 4 of 4 ✔
[04/ddc78a] mbi…voC-Bap1-mut-F-CG-5-prime) | 12 of 12 ✔
[71/922293] epi…ZARR (evoC-Bap1-mut-F-CHH) | 12 of 12 ✔
[38/e7a8dc] epi…ORT (evoC-Bap1-ctrl-M_CHG) | 5 of 12
[b5/29d2e4] epi…(evoC_Bap1_run-genome-CHH) | 3 of 3 ✔
[c1/286c4a] epi…2ZARR (evoC-Bap1-mut-F-CG) | 4 of 4 ✔
[17/ec0760] epi…XPORT (evoC-Bap1-mut-F_CG) | 4 of 4 ✔
[77/1ce2ab] epi…2ZARR (evoC-Bap1-mut-F-CG) | 4 of 4 ✔
[fe/64cede] epi…XPORT (evoC-Bap1-mut-F_CG) | 4 of 4 ✔
[f0/f5c1c4] epi…voC_Bap1_run-long_ctrl-CG) | 1 of 1 ✔
[ce/ac52e7] summary:DQSPY (evoC_Bap1_run)  | 1 of 1 ✔
Plus 3 more processes waiting for tasks…

executor >  slurm (132)
[5a/98213b] res…AW (evoC-Bap1-mut-F, L005) | 4 of 4 ✔
[94/9d8d88] res…DE (evoC-Bap1-mut-F, L005) | 4 of 4 ✔
[-        ] resolve_align:FASTQC_RESOLVED  -
[bc/1d3e7e] res…M2 (evoC-Bap1-mut-F, L005) | 4 of 4 ✔
[-        ] res…align:SAMTOOLS_MERGE_LANES -
[-        ] resolve_align:PRESEQ           -
[b2/0bf87a] bam…t:BAMLET (evoC-Bap1-mut-F) | 4 of 4 ✔
[32/0ea4f0] bam…AP_BAMQC (evoC-Bap1-mut-F) | 4 of 4 ✔
[04/be1053] bam…TSS_BIAS (evoC-Bap1-mut-F) | 4 of 4 ✔
[-        ] bam…:DEEPTOOLS_PLOTFINGERPRINT -
[6f/d0d158] bam…D_GCBIAS (evoC-Bap1-mut-F) | 4 of 4 ✔
[8b/1d68c7] bam…ACCURACY (evoC-Bap1-mut-F) | 4 of 4 ✔
[b2/7e769c] var…E_CALLER (evoC-Bap1-mut-F) | 4 of 4 ✔
[9f/38af8c] var…NTERVALS (GRCm38_filtered) | 1 of 1 ✔
[dc/d7d886] var…DB_IMPORT (Interval: 0003) | 15 of 19
[ff/ad10eb] var…YPE_GVCFS (Interval: 0003) | 3 of 15
[-        ] var…t_calling:MERGE_JOINT_VCFS -
[-        ] variant_calling:ASM            -
[-        ] var…_calling:MERGE_ASM_OUTPUTS -
[1f/8e642f] var…:MUTECT2 (evoC-Bap1-mut-F) | 4 of 4 ✔
[04/ddc78a] mbi…voC-Bap1-mut-F-CG-5-prime) | 12 of 12 ✔
[71/922293] epi…ZARR (evoC-Bap1-mut-F-CHH) | 12 of 12 ✔
[38/e7a8dc] epi…ORT (evoC-Bap1-ctrl-M_CHG) | 5 of 12
[b5/29d2e4] epi…(evoC_Bap1_run-genome-CHH) | 3 of 3 ✔
[c1/286c4a] epi…2ZARR (evoC-Bap1-mut-F-CG) | 4 of 4 ✔
[17/ec0760] epi…XPORT (evoC-Bap1-mut-F_CG) | 4 of 4 ✔
[77/1ce2ab] epi…2ZARR (evoC-Bap1-mut-F-CG) | 4 of 4 ✔
[fe/64cede] epi…XPORT (evoC-Bap1-mut-F_CG) | 4 of 4 ✔
[f0/f5c1c4] epi…voC_Bap1_run-long_ctrl-CG) | 1 of 1 ✔
[ce/ac52e7] summary:DQSPY (evoC_Bap1_run)  | 1 of 1 ✔
Plus 3 more processes waiting for tasks…

executor >  slurm (133)
[5a/98213b] res…AW (evoC-Bap1-mut-F, L005) | 4 of 4 ✔
[94/9d8d88] res…DE (evoC-Bap1-mut-F, L005) | 4 of 4 ✔
[-        ] resolve_align:FASTQC_RESOLVED  -
[bc/1d3e7e] res…M2 (evoC-Bap1-mut-F, L005) | 4 of 4 ✔
[-        ] res…align:SAMTOOLS_MERGE_LANES -
[-        ] resolve_align:PRESEQ           -
[b2/0bf87a] bam…t:BAMLET (evoC-Bap1-mut-F) | 4 of 4 ✔
[32/0ea4f0] bam…AP_BAMQC (evoC-Bap1-mut-F) | 4 of 4 ✔
[04/be1053] bam…TSS_BIAS (evoC-Bap1-mut-F) | 4 of 4 ✔
[-        ] bam…:DEEPTOOLS_PLOTFINGERPRINT -
[6f/d0d158] bam…D_GCBIAS (evoC-Bap1-mut-F) | 4 of 4 ✔
[8b/1d68c7] bam…ACCURACY (evoC-Bap1-mut-F) | 4 of 4 ✔
[b2/7e769c] var…E_CALLER (evoC-Bap1-mut-F) | 4 of 4 ✔
[9f/38af8c] var…NTERVALS (GRCm38_filtered) | 1 of 1 ✔
[f9/2fd8e0] var…DB_IMPORT (Interval: 0007) | 16 of 19
[ac/0998cb] var…YPE_GVCFS (Interval: 0007) | 3 of 16
[-        ] var…t_calling:MERGE_JOINT_VCFS -
[-        ] variant_calling:ASM            -
[-        ] var…_calling:MERGE_ASM_OUTPUTS -
[1f/8e642f] var…:MUTECT2 (evoC-Bap1-mut-F) | 4 of 4 ✔
[04/ddc78a] mbi…voC-Bap1-mut-F-CG-5-prime) | 12 of 12 ✔
[71/922293] epi…ZARR (evoC-Bap1-mut-F-CHH) | 12 of 12 ✔
[38/e7a8dc] epi…ORT (evoC-Bap1-ctrl-M_CHG) | 5 of 12
[b5/29d2e4] epi…(evoC_Bap1_run-genome-CHH) | 3 of 3 ✔
[c1/286c4a] epi…2ZARR (evoC-Bap1-mut-F-CG) | 4 of 4 ✔
[17/ec0760] epi…XPORT (evoC-Bap1-mut-F_CG) | 4 of 4 ✔
[77/1ce2ab] epi…2ZARR (evoC-Bap1-mut-F-CG) | 4 of 4 ✔
[fe/64cede] epi…XPORT (evoC-Bap1-mut-F_CG) | 4 of 4 ✔
[f0/f5c1c4] epi…voC_Bap1_run-long_ctrl-CG) | 1 of 1 ✔
[ce/ac52e7] summary:DQSPY (evoC_Bap1_run)  | 1 of 1 ✔
Plus 3 more processes waiting for tasks…

executor >  slurm (133)
[5a/98213b] res…AW (evoC-Bap1-mut-F, L005) | 4 of 4 ✔
[94/9d8d88] res…DE (evoC-Bap1-mut-F, L005) | 4 of 4 ✔
[-        ] resolve_align:FASTQC_RESOLVED  -
[bc/1d3e7e] res…M2 (evoC-Bap1-mut-F, L005) | 4 of 4 ✔
[-        ] res…align:SAMTOOLS_MERGE_LANES -
[-        ] resolve_align:PRESEQ           -
[b2/0bf87a] bam…t:BAMLET (evoC-Bap1-mut-F) | 4 of 4 ✔
[32/0ea4f0] bam…AP_BAMQC (evoC-Bap1-mut-F) | 4 of 4 ✔
[04/be1053] bam…TSS_BIAS (evoC-Bap1-mut-F) | 4 of 4 ✔
[-        ] bam…:DEEPTOOLS_PLOTFINGERPRINT -
[6f/d0d158] bam…D_GCBIAS (evoC-Bap1-mut-F) | 4 of 4 ✔
[8b/1d68c7] bam…ACCURACY (evoC-Bap1-mut-F) | 4 of 4 ✔
[b2/7e769c] var…E_CALLER (evoC-Bap1-mut-F) | 4 of 4 ✔
[9f/38af8c] var…NTERVALS (GRCm38_filtered) | 1 of 1 ✔
[f9/2fd8e0] var…DB_IMPORT (Interval: 0007) | 16 of 19
[ac/0998cb] var…YPE_GVCFS (Interval: 0007) | 3 of 16
[-        ] var…t_calling:MERGE_JOINT_VCFS -
[-        ] variant_calling:ASM            -
[-        ] var…_calling:MERGE_ASM_OUTPUTS -
[1f/8e642f] var…:MUTECT2 (evoC-Bap1-mut-F) | 4 of 4 ✔
[04/ddc78a] mbi…voC-Bap1-mut-F-CG-5-prime) | 12 of 12 ✔
[71/922293] epi…ZARR (evoC-Bap1-mut-F-CHH) | 12 of 12 ✔
[38/e7a8dc] epi…ORT (evoC-Bap1-ctrl-M_CHG) | 5 of 12
[b5/29d2e4] epi…(evoC_Bap1_run-genome-CHH) | 3 of 3 ✔
[c1/286c4a] epi…2ZARR (evoC-Bap1-mut-F-CG) | 4 of 4 ✔
[17/ec0760] epi…XPORT (evoC-Bap1-mut-F_CG) | 4 of 4 ✔
[77/1ce2ab] epi…2ZARR (evoC-Bap1-mut-F-CG) | 4 of 4 ✔
[fe/64cede] epi…XPORT (evoC-Bap1-mut-F_CG) | 4 of 4 ✔
[f0/f5c1c4] epi…voC_Bap1_run-long_ctrl-CG) | 1 of 1 ✔
[ce/ac52e7] summary:DQSPY (evoC_Bap1_run)  | 1 of 1 ✔
Plus 3 more processes waiting for tasks…

executor >  slurm (133)
[5a/98213b] res…AW (evoC-Bap1-mut-F, L005) | 4 of 4 ✔
[94/9d8d88] res…DE (evoC-Bap1-mut-F, L005) | 4 of 4 ✔
[-        ] resolve_align:FASTQC_RESOLVED  -
[bc/1d3e7e] res…M2 (evoC-Bap1-mut-F, L005) | 4 of 4 ✔
[-        ] res…align:SAMTOOLS_MERGE_LANES -
[-        ] resolve_align:PRESEQ           -
[b2/0bf87a] bam…t:BAMLET (evoC-Bap1-mut-F) | 4 of 4 ✔
[32/0ea4f0] bam…AP_BAMQC (evoC-Bap1-mut-F) | 4 of 4 ✔
[04/be1053] bam…TSS_BIAS (evoC-Bap1-mut-F) | 4 of 4 ✔
[-        ] bam…:DEEPTOOLS_PLOTFINGERPRINT -
[6f/d0d158] bam…D_GCBIAS (evoC-Bap1-mut-F) | 4 of 4 ✔
[8b/1d68c7] bam…ACCURACY (evoC-Bap1-mut-F) | 4 of 4 ✔
[b2/7e769c] var…E_CALLER (evoC-Bap1-mut-F) | 4 of 4 ✔
[9f/38af8c] var…NTERVALS (GRCm38_filtered) | 1 of 1 ✔
[20/ac5e3e] var…DB_IMPORT (Interval: 0002) | 17 of 19
[ac/0998cb] var…YPE_GVCFS (Interval: 0007) | 3 of 17
[-        ] var…t_calling:MERGE_JOINT_VCFS -
[-        ] variant_calling:ASM            -
[-        ] var…_calling:MERGE_ASM_OUTPUTS -
[1f/8e642f] var…:MUTECT2 (evoC-Bap1-mut-F) | 4 of 4 ✔
[04/ddc78a] mbi…voC-Bap1-mut-F-CG-5-prime) | 12 of 12 ✔
[71/922293] epi…ZARR (evoC-Bap1-mut-F-CHH) | 12 of 12 ✔
[38/e7a8dc] epi…ORT (evoC-Bap1-ctrl-M_CHG) | 5 of 12
[b5/29d2e4] epi…(evoC_Bap1_run-genome-CHH) | 3 of 3 ✔
[c1/286c4a] epi…2ZARR (evoC-Bap1-mut-F-CG) | 4 of 4 ✔
[17/ec0760] epi…XPORT (evoC-Bap1-mut-F_CG) | 4 of 4 ✔
[77/1ce2ab] epi…2ZARR (evoC-Bap1-mut-F-CG) | 4 of 4 ✔
[fe/64cede] epi…XPORT (evoC-Bap1-mut-F_CG) | 4 of 4 ✔
[f0/f5c1c4] epi…voC_Bap1_run-long_ctrl-CG) | 1 of 1 ✔
[ce/ac52e7] summary:DQSPY (evoC_Bap1_run)  | 1 of 1 ✔
Plus 3 more processes waiting for tasks…

executor >  slurm (134)
[5a/98213b] res…AW (evoC-Bap1-mut-F, L005) | 4 of 4 ✔
[94/9d8d88] res…DE (evoC-Bap1-mut-F, L005) | 4 of 4 ✔
[-        ] resolve_align:FASTQC_RESOLVED  -
[bc/1d3e7e] res…M2 (evoC-Bap1-mut-F, L005) | 4 of 4 ✔
[-        ] res…align:SAMTOOLS_MERGE_LANES -
[-        ] resolve_align:PRESEQ           -
[b2/0bf87a] bam…t:BAMLET (evoC-Bap1-mut-F) | 4 of 4 ✔
[32/0ea4f0] bam…AP_BAMQC (evoC-Bap1-mut-F) | 4 of 4 ✔
[04/be1053] bam…TSS_BIAS (evoC-Bap1-mut-F) | 4 of 4 ✔
[-        ] bam…:DEEPTOOLS_PLOTFINGERPRINT -
[6f/d0d158] bam…D_GCBIAS (evoC-Bap1-mut-F) | 4 of 4 ✔
[8b/1d68c7] bam…ACCURACY (evoC-Bap1-mut-F) | 4 of 4 ✔
[b2/7e769c] var…E_CALLER (evoC-Bap1-mut-F) | 4 of 4 ✔
[9f/38af8c] var…NTERVALS (GRCm38_filtered) | 1 of 1 ✔
[20/ac5e3e] var…DB_IMPORT (Interval: 0002) | 17 of 19
[a0/c9069a] var…YPE_GVCFS (Interval: 0002) | 3 of 17
[-        ] var…t_calling:MERGE_JOINT_VCFS -
[-        ] variant_calling:ASM            -
[-        ] var…_calling:MERGE_ASM_OUTPUTS -
[1f/8e642f] var…:MUTECT2 (evoC-Bap1-mut-F) | 4 of 4 ✔
[04/ddc78a] mbi…voC-Bap1-mut-F-CG-5-prime) | 12 of 12 ✔
[71/922293] epi…ZARR (evoC-Bap1-mut-F-CHH) | 12 of 12 ✔
[38/e7a8dc] epi…ORT (evoC-Bap1-ctrl-M_CHG) | 5 of 12
[b5/29d2e4] epi…(evoC_Bap1_run-genome-CHH) | 3 of 3 ✔
[c1/286c4a] epi…2ZARR (evoC-Bap1-mut-F-CG) | 4 of 4 ✔
[17/ec0760] epi…XPORT (evoC-Bap1-mut-F_CG) | 4 of 4 ✔
[77/1ce2ab] epi…2ZARR (evoC-Bap1-mut-F-CG) | 4 of 4 ✔
[fe/64cede] epi…XPORT (evoC-Bap1-mut-F_CG) | 4 of 4 ✔
[f0/f5c1c4] epi…voC_Bap1_run-long_ctrl-CG) | 1 of 1 ✔
[ce/ac52e7] summary:DQSPY (evoC_Bap1_run)  | 1 of 1 ✔
Plus 3 more processes waiting for tasks…

executor >  slurm (134)
[5a/98213b] res…AW (evoC-Bap1-mut-F, L005) | 4 of 4 ✔
[94/9d8d88] res…DE (evoC-Bap1-mut-F, L005) | 4 of 4 ✔
[-        ] resolve_align:FASTQC_RESOLVED  -
[bc/1d3e7e] res…M2 (evoC-Bap1-mut-F, L005) | 4 of 4 ✔
[-        ] res…align:SAMTOOLS_MERGE_LANES -
[-        ] resolve_align:PRESEQ           -
[b2/0bf87a] bam…t:BAMLET (evoC-Bap1-mut-F) | 4 of 4 ✔
[32/0ea4f0] bam…AP_BAMQC (evoC-Bap1-mut-F) | 4 of 4 ✔
[04/be1053] bam…TSS_BIAS (evoC-Bap1-mut-F) | 4 of 4 ✔
[-        ] bam…:DEEPTOOLS_PLOTFINGERPRINT -
[6f/d0d158] bam…D_GCBIAS (evoC-Bap1-mut-F) | 4 of 4 ✔
[8b/1d68c7] bam…ACCURACY (evoC-Bap1-mut-F) | 4 of 4 ✔
[b2/7e769c] var…E_CALLER (evoC-Bap1-mut-F) | 4 of 4 ✔
[9f/38af8c] var…NTERVALS (GRCm38_filtered) | 1 of 1 ✔
[20/ac5e3e] var…DB_IMPORT (Interval: 0002) | 17 of 19
[a0/c9069a] var…YPE_GVCFS (Interval: 0002) | 3 of 17
[-        ] var…t_calling:MERGE_JOINT_VCFS -
[-        ] variant_calling:ASM            -
[-        ] var…_calling:MERGE_ASM_OUTPUTS -
[1f/8e642f] var…:MUTECT2 (evoC-Bap1-mut-F) | 4 of 4 ✔
[04/ddc78a] mbi…voC-Bap1-mut-F-CG-5-prime) | 12 of 12 ✔
[71/922293] epi…ZARR (evoC-Bap1-mut-F-CHH) | 12 of 12 ✔
[38/e7a8dc] epi…ORT (evoC-Bap1-ctrl-M_CHG) | 5 of 12
[b5/29d2e4] epi…(evoC_Bap1_run-genome-CHH) | 3 of 3 ✔
[c1/286c4a] epi…2ZARR (evoC-Bap1-mut-F-CG) | 4 of 4 ✔
[17/ec0760] epi…XPORT (evoC-Bap1-mut-F_CG) | 4 of 4 ✔
[77/1ce2ab] epi…2ZARR (evoC-Bap1-mut-F-CG) | 4 of 4 ✔
[fe/64cede] epi…XPORT (evoC-Bap1-mut-F_CG) | 4 of 4 ✔
[f0/f5c1c4] epi…voC_Bap1_run-long_ctrl-CG) | 1 of 1 ✔
[ce/ac52e7] summary:DQSPY (evoC_Bap1_run)  | 1 of 1 ✔
Plus 3 more processes waiting for tasks…

executor >  slurm (134)
[5a/98213b] res…AW (evoC-Bap1-mut-F, L005) | 4 of 4 ✔
[94/9d8d88] res…DE (evoC-Bap1-mut-F, L005) | 4 of 4 ✔
[-        ] resolve_align:FASTQC_RESOLVED  -
[bc/1d3e7e] res…M2 (evoC-Bap1-mut-F, L005) | 4 of 4 ✔
[-        ] res…align:SAMTOOLS_MERGE_LANES -
[-        ] resolve_align:PRESEQ           -
[b2/0bf87a] bam…t:BAMLET (evoC-Bap1-mut-F) | 4 of 4 ✔
[32/0ea4f0] bam…AP_BAMQC (evoC-Bap1-mut-F) | 4 of 4 ✔
[04/be1053] bam…TSS_BIAS (evoC-Bap1-mut-F) | 4 of 4 ✔
[-        ] bam…:DEEPTOOLS_PLOTFINGERPRINT -
[6f/d0d158] bam…D_GCBIAS (evoC-Bap1-mut-F) | 4 of 4 ✔
[8b/1d68c7] bam…ACCURACY (evoC-Bap1-mut-F) | 4 of 4 ✔
[b2/7e769c] var…E_CALLER (evoC-Bap1-mut-F) | 4 of 4 ✔
[9f/38af8c] var…NTERVALS (GRCm38_filtered) | 1 of 1 ✔
[20/ac5e3e] var…DB_IMPORT (Interval: 0002) | 17 of 19
[6a/82f4ac] var…YPE_GVCFS (Interval: 0018) | 4 of 17
[-        ] var…t_calling:MERGE_JOINT_VCFS -
[-        ] variant_calling:ASM            -
[-        ] var…_calling:MERGE_ASM_OUTPUTS -
[1f/8e642f] var…:MUTECT2 (evoC-Bap1-mut-F) | 4 of 4 ✔
[04/ddc78a] mbi…voC-Bap1-mut-F-CG-5-prime) | 12 of 12 ✔
[71/922293] epi…ZARR (evoC-Bap1-mut-F-CHH) | 12 of 12 ✔
[38/e7a8dc] epi…ORT (evoC-Bap1-ctrl-M_CHG) | 5 of 12
[b5/29d2e4] epi…(evoC_Bap1_run-genome-CHH) | 3 of 3 ✔
[c1/286c4a] epi…2ZARR (evoC-Bap1-mut-F-CG) | 4 of 4 ✔
[17/ec0760] epi…XPORT (evoC-Bap1-mut-F_CG) | 4 of 4 ✔
[77/1ce2ab] epi…2ZARR (evoC-Bap1-mut-F-CG) | 4 of 4 ✔
[fe/64cede] epi…XPORT (evoC-Bap1-mut-F_CG) | 4 of 4 ✔
[f0/f5c1c4] epi…voC_Bap1_run-long_ctrl-CG) | 1 of 1 ✔
[ce/ac52e7] summary:DQSPY (evoC_Bap1_run)  | 1 of 1 ✔
Plus 3 more processes waiting for tasks…

executor >  slurm (134)
[5a/98213b] res…AW (evoC-Bap1-mut-F, L005) | 4 of 4 ✔
[94/9d8d88] res…DE (evoC-Bap1-mut-F, L005) | 4 of 4 ✔
[-        ] resolve_align:FASTQC_RESOLVED  -
[bc/1d3e7e] res…M2 (evoC-Bap1-mut-F, L005) | 4 of 4 ✔
[-        ] res…align:SAMTOOLS_MERGE_LANES -
[-        ] resolve_align:PRESEQ           -
[b2/0bf87a] bam…t:BAMLET (evoC-Bap1-mut-F) | 4 of 4 ✔
[32/0ea4f0] bam…AP_BAMQC (evoC-Bap1-mut-F) | 4 of 4 ✔
[04/be1053] bam…TSS_BIAS (evoC-Bap1-mut-F) | 4 of 4 ✔
[-        ] bam…:DEEPTOOLS_PLOTFINGERPRINT -
[6f/d0d158] bam…D_GCBIAS (evoC-Bap1-mut-F) | 4 of 4 ✔
[8b/1d68c7] bam…ACCURACY (evoC-Bap1-mut-F) | 4 of 4 ✔
[b2/7e769c] var…E_CALLER (evoC-Bap1-mut-F) | 4 of 4 ✔
[9f/38af8c] var…NTERVALS (GRCm38_filtered) | 1 of 1 ✔
[20/ac5e3e] var…DB_IMPORT (Interval: 0002) | 17 of 19
[b9/b31697] var…YPE_GVCFS (Interval: 0001) | 5 of 17
[-        ] var…t_calling:MERGE_JOINT_VCFS -
[-        ] variant_calling:ASM            -
[-        ] var…_calling:MERGE_ASM_OUTPUTS -
[1f/8e642f] var…:MUTECT2 (evoC-Bap1-mut-F) | 4 of 4 ✔
[04/ddc78a] mbi…voC-Bap1-mut-F-CG-5-prime) | 12 of 12 ✔
[71/922293] epi…ZARR (evoC-Bap1-mut-F-CHH) | 12 of 12 ✔
[38/e7a8dc] epi…ORT (evoC-Bap1-ctrl-M_CHG) | 5 of 12
[b5/29d2e4] epi…(evoC_Bap1_run-genome-CHH) | 3 of 3 ✔
[c1/286c4a] epi…2ZARR (evoC-Bap1-mut-F-CG) | 4 of 4 ✔
[17/ec0760] epi…XPORT (evoC-Bap1-mut-F_CG) | 4 of 4 ✔
[77/1ce2ab] epi…2ZARR (evoC-Bap1-mut-F-CG) | 4 of 4 ✔
[fe/64cede] epi…XPORT (evoC-Bap1-mut-F_CG) | 4 of 4 ✔
[f0/f5c1c4] epi…voC_Bap1_run-long_ctrl-CG) | 1 of 1 ✔
[ce/ac52e7] summary:DQSPY (evoC_Bap1_run)  | 1 of 1 ✔
Plus 3 more processes waiting for tasks…

executor >  slurm (134)
[5a/98213b] res…AW (evoC-Bap1-mut-F, L005) | 4 of 4 ✔
[94/9d8d88] res…DE (evoC-Bap1-mut-F, L005) | 4 of 4 ✔
[-        ] resolve_align:FASTQC_RESOLVED  -
[bc/1d3e7e] res…M2 (evoC-Bap1-mut-F, L005) | 4 of 4 ✔
[-        ] res…align:SAMTOOLS_MERGE_LANES -
[-        ] resolve_align:PRESEQ           -
[b2/0bf87a] bam…t:BAMLET (evoC-Bap1-mut-F) | 4 of 4 ✔
[32/0ea4f0] bam…AP_BAMQC (evoC-Bap1-mut-F) | 4 of 4 ✔
[04/be1053] bam…TSS_BIAS (evoC-Bap1-mut-F) | 4 of 4 ✔
[-        ] bam…:DEEPTOOLS_PLOTFINGERPRINT -
[6f/d0d158] bam…D_GCBIAS (evoC-Bap1-mut-F) | 4 of 4 ✔
[8b/1d68c7] bam…ACCURACY (evoC-Bap1-mut-F) | 4 of 4 ✔
[b2/7e769c] var…E_CALLER (evoC-Bap1-mut-F) | 4 of 4 ✔
[9f/38af8c] var…NTERVALS (GRCm38_filtered) | 1 of 1 ✔
[59/de9397] var…DB_IMPORT (Interval: 0015) | 18 of 19
[b9/b31697] var…YPE_GVCFS (Interval: 0001) | 5 of 18
[-        ] var…t_calling:MERGE_JOINT_VCFS -
[-        ] variant_calling:ASM            -
[-        ] var…_calling:MERGE_ASM_OUTPUTS -
[1f/8e642f] var…:MUTECT2 (evoC-Bap1-mut-F) | 4 of 4 ✔
[04/ddc78a] mbi…voC-Bap1-mut-F-CG-5-prime) | 12 of 12 ✔
[71/922293] epi…ZARR (evoC-Bap1-mut-F-CHH) | 12 of 12 ✔
[38/e7a8dc] epi…ORT (evoC-Bap1-ctrl-M_CHG) | 5 of 12
[b5/29d2e4] epi…(evoC_Bap1_run-genome-CHH) | 3 of 3 ✔
[c1/286c4a] epi…2ZARR (evoC-Bap1-mut-F-CG) | 4 of 4 ✔
[17/ec0760] epi…XPORT (evoC-Bap1-mut-F_CG) | 4 of 4 ✔
[77/1ce2ab] epi…2ZARR (evoC-Bap1-mut-F-CG) | 4 of 4 ✔
[fe/64cede] epi…XPORT (evoC-Bap1-mut-F_CG) | 4 of 4 ✔
[f0/f5c1c4] epi…voC_Bap1_run-long_ctrl-CG) | 1 of 1 ✔
[ce/ac52e7] summary:DQSPY (evoC_Bap1_run)  | 1 of 1 ✔
Plus 3 more processes waiting for tasks…

executor >  slurm (135)
[5a/98213b] res…AW (evoC-Bap1-mut-F, L005) | 4 of 4 ✔
[94/9d8d88] res…DE (evoC-Bap1-mut-F, L005) | 4 of 4 ✔
[-        ] resolve_align:FASTQC_RESOLVED  -
[bc/1d3e7e] res…M2 (evoC-Bap1-mut-F, L005) | 4 of 4 ✔
[-        ] res…align:SAMTOOLS_MERGE_LANES -
[-        ] resolve_align:PRESEQ           -
[b2/0bf87a] bam…t:BAMLET (evoC-Bap1-mut-F) | 4 of 4 ✔
[32/0ea4f0] bam…AP_BAMQC (evoC-Bap1-mut-F) | 4 of 4 ✔
[04/be1053] bam…TSS_BIAS (evoC-Bap1-mut-F) | 4 of 4 ✔
[-        ] bam…:DEEPTOOLS_PLOTFINGERPRINT -
[6f/d0d158] bam…D_GCBIAS (evoC-Bap1-mut-F) | 4 of 4 ✔
[8b/1d68c7] bam…ACCURACY (evoC-Bap1-mut-F) | 4 of 4 ✔
[b2/7e769c] var…E_CALLER (evoC-Bap1-mut-F) | 4 of 4 ✔
[9f/38af8c] var…NTERVALS (GRCm38_filtered) | 1 of 1 ✔
[59/de9397] var…DB_IMPORT (Interval: 0015) | 18 of 19
[16/097ade] var…YPE_GVCFS (Interval: 0015) | 5 of 18
[-        ] var…t_calling:MERGE_JOINT_VCFS -
[-        ] variant_calling:ASM            -
[-        ] var…_calling:MERGE_ASM_OUTPUTS -
[1f/8e642f] var…:MUTECT2 (evoC-Bap1-mut-F) | 4 of 4 ✔
[04/ddc78a] mbi…voC-Bap1-mut-F-CG-5-prime) | 12 of 12 ✔
[71/922293] epi…ZARR (evoC-Bap1-mut-F-CHH) | 12 of 12 ✔
[38/e7a8dc] epi…ORT (evoC-Bap1-ctrl-M_CHG) | 5 of 12
[b5/29d2e4] epi…(evoC_Bap1_run-genome-CHH) | 3 of 3 ✔
[c1/286c4a] epi…2ZARR (evoC-Bap1-mut-F-CG) | 4 of 4 ✔
[17/ec0760] epi…XPORT (evoC-Bap1-mut-F_CG) | 4 of 4 ✔
[77/1ce2ab] epi…2ZARR (evoC-Bap1-mut-F-CG) | 4 of 4 ✔
[fe/64cede] epi…XPORT (evoC-Bap1-mut-F_CG) | 4 of 4 ✔
[f0/f5c1c4] epi…voC_Bap1_run-long_ctrl-CG) | 1 of 1 ✔
[ce/ac52e7] summary:DQSPY (evoC_Bap1_run)  | 1 of 1 ✔
Plus 3 more processes waiting for tasks…

executor >  slurm (135)
[5a/98213b] res…AW (evoC-Bap1-mut-F, L005) | 4 of 4 ✔
[94/9d8d88] res…DE (evoC-Bap1-mut-F, L005) | 4 of 4 ✔
[-        ] resolve_align:FASTQC_RESOLVED  -
[bc/1d3e7e] res…M2 (evoC-Bap1-mut-F, L005) | 4 of 4 ✔
[-        ] res…align:SAMTOOLS_MERGE_LANES -
[-        ] resolve_align:PRESEQ           -
[b2/0bf87a] bam…t:BAMLET (evoC-Bap1-mut-F) | 4 of 4 ✔
[32/0ea4f0] bam…AP_BAMQC (evoC-Bap1-mut-F) | 4 of 4 ✔
[04/be1053] bam…TSS_BIAS (evoC-Bap1-mut-F) | 4 of 4 ✔
[-        ] bam…:DEEPTOOLS_PLOTFINGERPRINT -
[6f/d0d158] bam…D_GCBIAS (evoC-Bap1-mut-F) | 4 of 4 ✔
[8b/1d68c7] bam…ACCURACY (evoC-Bap1-mut-F) | 4 of 4 ✔
[b2/7e769c] var…E_CALLER (evoC-Bap1-mut-F) | 4 of 4 ✔
[9f/38af8c] var…NTERVALS (GRCm38_filtered) | 1 of 1 ✔
[59/de9397] var…DB_IMPORT (Interval: 0015) | 18 of 19
[16/097ade] var…YPE_GVCFS (Interval: 0015) | 5 of 18
[-        ] var…t_calling:MERGE_JOINT_VCFS -
[-        ] variant_calling:ASM            -
[-        ] var…_calling:MERGE_ASM_OUTPUTS -
[1f/8e642f] var…:MUTECT2 (evoC-Bap1-mut-F) | 4 of 4 ✔
[04/ddc78a] mbi…voC-Bap1-mut-F-CG-5-prime) | 12 of 12 ✔
[71/922293] epi…ZARR (evoC-Bap1-mut-F-CHH) | 12 of 12 ✔
[38/e7a8dc] epi…ORT (evoC-Bap1-ctrl-M_CHG) | 5 of 12
[b5/29d2e4] epi…(evoC_Bap1_run-genome-CHH) | 3 of 3 ✔
[c1/286c4a] epi…2ZARR (evoC-Bap1-mut-F-CG) | 4 of 4 ✔
[17/ec0760] epi…XPORT (evoC-Bap1-mut-F_CG) | 4 of 4 ✔
[77/1ce2ab] epi…2ZARR (evoC-Bap1-mut-F-CG) | 4 of 4 ✔
[fe/64cede] epi…XPORT (evoC-Bap1-mut-F_CG) | 4 of 4 ✔
[f0/f5c1c4] epi…voC_Bap1_run-long_ctrl-CG) | 1 of 1 ✔
[ce/ac52e7] summary:DQSPY (evoC_Bap1_run)  | 1 of 1 ✔
Plus 3 more processes waiting for tasks…

executor >  slurm (135)
[5a/98213b] res…AW (evoC-Bap1-mut-F, L005) | 4 of 4 ✔
[94/9d8d88] res…DE (evoC-Bap1-mut-F, L005) | 4 of 4 ✔
[-        ] resolve_align:FASTQC_RESOLVED  -
[bc/1d3e7e] res…M2 (evoC-Bap1-mut-F, L005) | 4 of 4 ✔
[-        ] res…align:SAMTOOLS_MERGE_LANES -
[-        ] resolve_align:PRESEQ           -
[b2/0bf87a] bam…t:BAMLET (evoC-Bap1-mut-F) | 4 of 4 ✔
[32/0ea4f0] bam…AP_BAMQC (evoC-Bap1-mut-F) | 4 of 4 ✔
[04/be1053] bam…TSS_BIAS (evoC-Bap1-mut-F) | 4 of 4 ✔
[-        ] bam…:DEEPTOOLS_PLOTFINGERPRINT -
[6f/d0d158] bam…D_GCBIAS (evoC-Bap1-mut-F) | 4 of 4 ✔
[8b/1d68c7] bam…ACCURACY (evoC-Bap1-mut-F) | 4 of 4 ✔
[b2/7e769c] var…E_CALLER (evoC-Bap1-mut-F) | 4 of 4 ✔
[9f/38af8c] var…NTERVALS (GRCm38_filtered) | 1 of 1 ✔
[59/de9397] var…DB_IMPORT (Interval: 0015) | 18 of 19
[16/097ade] var…YPE_GVCFS (Interval: 0015) | 5 of 18
[-        ] var…t_calling:MERGE_JOINT_VCFS -
[-        ] variant_calling:ASM            -
[-        ] var…_calling:MERGE_ASM_OUTPUTS -
[1f/8e642f] var…:MUTECT2 (evoC-Bap1-mut-F) | 4 of 4 ✔
[04/ddc78a] mbi…voC-Bap1-mut-F-CG-5-prime) | 12 of 12 ✔
[71/922293] epi…ZARR (evoC-Bap1-mut-F-CHH) | 12 of 12 ✔
[0d/af1271] epi…ORT (evoC-Bap1-ctrl-F_CHG) | 6 of 12
[b5/29d2e4] epi…(evoC_Bap1_run-genome-CHH) | 3 of 3 ✔
[c1/286c4a] epi…2ZARR (evoC-Bap1-mut-F-CG) | 4 of 4 ✔
[17/ec0760] epi…XPORT (evoC-Bap1-mut-F_CG) | 4 of 4 ✔
[77/1ce2ab] epi…2ZARR (evoC-Bap1-mut-F-CG) | 4 of 4 ✔
[fe/64cede] epi…XPORT (evoC-Bap1-mut-F_CG) | 4 of 4 ✔
[f0/f5c1c4] epi…voC_Bap1_run-long_ctrl-CG) | 1 of 1 ✔
[ce/ac52e7] summary:DQSPY (evoC_Bap1_run)  | 1 of 1 ✔
Plus 3 more processes waiting for tasks…

executor >  slurm (135)
[5a/98213b] res…AW (evoC-Bap1-mut-F, L005) | 4 of 4 ✔
[94/9d8d88] res…DE (evoC-Bap1-mut-F, L005) | 4 of 4 ✔
[-        ] resolve_align:FASTQC_RESOLVED  -
[bc/1d3e7e] res…M2 (evoC-Bap1-mut-F, L005) | 4 of 4 ✔
[-        ] res…align:SAMTOOLS_MERGE_LANES -
[-        ] resolve_align:PRESEQ           -
[b2/0bf87a] bam…t:BAMLET (evoC-Bap1-mut-F) | 4 of 4 ✔
[32/0ea4f0] bam…AP_BAMQC (evoC-Bap1-mut-F) | 4 of 4 ✔
[04/be1053] bam…TSS_BIAS (evoC-Bap1-mut-F) | 4 of 4 ✔
[-        ] bam…:DEEPTOOLS_PLOTFINGERPRINT -
[6f/d0d158] bam…D_GCBIAS (evoC-Bap1-mut-F) | 4 of 4 ✔
[8b/1d68c7] bam…ACCURACY (evoC-Bap1-mut-F) | 4 of 4 ✔
[b2/7e769c] var…E_CALLER (evoC-Bap1-mut-F) | 4 of 4 ✔
[9f/38af8c] var…NTERVALS (GRCm38_filtered) | 1 of 1 ✔
[59/de9397] var…DB_IMPORT (Interval: 0015) | 18 of 19
[3d/20b4d1] var…YPE_GVCFS (Interval: 0000) | 6 of 18
[-        ] var…t_calling:MERGE_JOINT_VCFS -
[-        ] variant_calling:ASM            -
[-        ] var…_calling:MERGE_ASM_OUTPUTS -
[1f/8e642f] var…:MUTECT2 (evoC-Bap1-mut-F) | 4 of 4 ✔
[04/ddc78a] mbi…voC-Bap1-mut-F-CG-5-prime) | 12 of 12 ✔
[71/922293] epi…ZARR (evoC-Bap1-mut-F-CHH) | 12 of 12 ✔
[0d/af1271] epi…ORT (evoC-Bap1-ctrl-F_CHG) | 6 of 12
[b5/29d2e4] epi…(evoC_Bap1_run-genome-CHH) | 3 of 3 ✔
[c1/286c4a] epi…2ZARR (evoC-Bap1-mut-F-CG) | 4 of 4 ✔
[17/ec0760] epi…XPORT (evoC-Bap1-mut-F_CG) | 4 of 4 ✔
[77/1ce2ab] epi…2ZARR (evoC-Bap1-mut-F-CG) | 4 of 4 ✔
[fe/64cede] epi…XPORT (evoC-Bap1-mut-F_CG) | 4 of 4 ✔
[f0/f5c1c4] epi…voC_Bap1_run-long_ctrl-CG) | 1 of 1 ✔
[ce/ac52e7] summary:DQSPY (evoC_Bap1_run)  | 1 of 1 ✔
Plus 3 more processes waiting for tasks…

executor >  slurm (135)
[5a/98213b] res…AW (evoC-Bap1-mut-F, L005) | 4 of 4 ✔
[94/9d8d88] res…DE (evoC-Bap1-mut-F, L005) | 4 of 4 ✔
[-        ] resolve_align:FASTQC_RESOLVED  -
[bc/1d3e7e] res…M2 (evoC-Bap1-mut-F, L005) | 4 of 4 ✔
[-        ] res…align:SAMTOOLS_MERGE_LANES -
[-        ] resolve_align:PRESEQ           -
[b2/0bf87a] bam…t:BAMLET (evoC-Bap1-mut-F) | 4 of 4 ✔
[32/0ea4f0] bam…AP_BAMQC (evoC-Bap1-mut-F) | 4 of 4 ✔
[04/be1053] bam…TSS_BIAS (evoC-Bap1-mut-F) | 4 of 4 ✔
[-        ] bam…:DEEPTOOLS_PLOTFINGERPRINT -
[6f/d0d158] bam…D_GCBIAS (evoC-Bap1-mut-F) | 4 of 4 ✔
[8b/1d68c7] bam…ACCURACY (evoC-Bap1-mut-F) | 4 of 4 ✔
[b2/7e769c] var…E_CALLER (evoC-Bap1-mut-F) | 4 of 4 ✔
[9f/38af8c] var…NTERVALS (GRCm38_filtered) | 1 of 1 ✔
[59/de9397] var…DB_IMPORT (Interval: 0015) | 18 of 19
[58/0c92d4] var…YPE_GVCFS (Interval: 0017) | 7 of 18
[-        ] var…t_calling:MERGE_JOINT_VCFS -
[-        ] variant_calling:ASM            -
[-        ] var…_calling:MERGE_ASM_OUTPUTS -
[1f/8e642f] var…:MUTECT2 (evoC-Bap1-mut-F) | 4 of 4 ✔
[04/ddc78a] mbi…voC-Bap1-mut-F-CG-5-prime) | 12 of 12 ✔
[71/922293] epi…ZARR (evoC-Bap1-mut-F-CHH) | 12 of 12 ✔
[0d/af1271] epi…ORT (evoC-Bap1-ctrl-F_CHG) | 6 of 12
[b5/29d2e4] epi…(evoC_Bap1_run-genome-CHH) | 3 of 3 ✔
[c1/286c4a] epi…2ZARR (evoC-Bap1-mut-F-CG) | 4 of 4 ✔
[17/ec0760] epi…XPORT (evoC-Bap1-mut-F_CG) | 4 of 4 ✔
[77/1ce2ab] epi…2ZARR (evoC-Bap1-mut-F-CG) | 4 of 4 ✔
[fe/64cede] epi…XPORT (evoC-Bap1-mut-F_CG) | 4 of 4 ✔
[f0/f5c1c4] epi…voC_Bap1_run-long_ctrl-CG) | 1 of 1 ✔
[ce/ac52e7] summary:DQSPY (evoC_Bap1_run)  | 1 of 1 ✔
Plus 3 more processes waiting for tasks…

executor >  slurm (135)
[5a/98213b] res…AW (evoC-Bap1-mut-F, L005) | 4 of 4 ✔
[94/9d8d88] res…DE (evoC-Bap1-mut-F, L005) | 4 of 4 ✔
[-        ] resolve_align:FASTQC_RESOLVED  -
[bc/1d3e7e] res…M2 (evoC-Bap1-mut-F, L005) | 4 of 4 ✔
[-        ] res…align:SAMTOOLS_MERGE_LANES -
[-        ] resolve_align:PRESEQ           -
[b2/0bf87a] bam…t:BAMLET (evoC-Bap1-mut-F) | 4 of 4 ✔
[32/0ea4f0] bam…AP_BAMQC (evoC-Bap1-mut-F) | 4 of 4 ✔
[04/be1053] bam…TSS_BIAS (evoC-Bap1-mut-F) | 4 of 4 ✔
[-        ] bam…:DEEPTOOLS_PLOTFINGERPRINT -
[6f/d0d158] bam…D_GCBIAS (evoC-Bap1-mut-F) | 4 of 4 ✔
[8b/1d68c7] bam…ACCURACY (evoC-Bap1-mut-F) | 4 of 4 ✔
[b2/7e769c] var…E_CALLER (evoC-Bap1-mut-F) | 4 of 4 ✔
[9f/38af8c] var…NTERVALS (GRCm38_filtered) | 1 of 1 ✔
[59/de9397] var…DB_IMPORT (Interval: 0015) | 18 of 19
[0d/23fa4d] var…YPE_GVCFS (Interval: 0014) | 8 of 18
[-        ] var…t_calling:MERGE_JOINT_VCFS -
[-        ] variant_calling:ASM            -
[-        ] var…_calling:MERGE_ASM_OUTPUTS -
[1f/8e642f] var…:MUTECT2 (evoC-Bap1-mut-F) | 4 of 4 ✔
[04/ddc78a] mbi…voC-Bap1-mut-F-CG-5-prime) | 12 of 12 ✔
[71/922293] epi…ZARR (evoC-Bap1-mut-F-CHH) | 12 of 12 ✔
[0d/af1271] epi…ORT (evoC-Bap1-ctrl-F_CHG) | 6 of 12
[b5/29d2e4] epi…(evoC_Bap1_run-genome-CHH) | 3 of 3 ✔
[c1/286c4a] epi…2ZARR (evoC-Bap1-mut-F-CG) | 4 of 4 ✔
[17/ec0760] epi…XPORT (evoC-Bap1-mut-F_CG) | 4 of 4 ✔
[77/1ce2ab] epi…2ZARR (evoC-Bap1-mut-F-CG) | 4 of 4 ✔
[fe/64cede] epi…XPORT (evoC-Bap1-mut-F_CG) | 4 of 4 ✔
[f0/f5c1c4] epi…voC_Bap1_run-long_ctrl-CG) | 1 of 1 ✔
[ce/ac52e7] summary:DQSPY (evoC_Bap1_run)  | 1 of 1 ✔
Plus 3 more processes waiting for tasks…

executor >  slurm (135)
[5a/98213b] res…AW (evoC-Bap1-mut-F, L005) | 4 of 4 ✔
[94/9d8d88] res…DE (evoC-Bap1-mut-F, L005) | 4 of 4 ✔
[-        ] resolve_align:FASTQC_RESOLVED  -
[bc/1d3e7e] res…M2 (evoC-Bap1-mut-F, L005) | 4 of 4 ✔
[-        ] res…align:SAMTOOLS_MERGE_LANES -
[-        ] resolve_align:PRESEQ           -
[b2/0bf87a] bam…t:BAMLET (evoC-Bap1-mut-F) | 4 of 4 ✔
[32/0ea4f0] bam…AP_BAMQC (evoC-Bap1-mut-F) | 4 of 4 ✔
[04/be1053] bam…TSS_BIAS (evoC-Bap1-mut-F) | 4 of 4 ✔
[-        ] bam…:DEEPTOOLS_PLOTFINGERPRINT -
[6f/d0d158] bam…D_GCBIAS (evoC-Bap1-mut-F) | 4 of 4 ✔
[8b/1d68c7] bam…ACCURACY (evoC-Bap1-mut-F) | 4 of 4 ✔
[b2/7e769c] var…E_CALLER (evoC-Bap1-mut-F) | 4 of 4 ✔
[9f/38af8c] var…NTERVALS (GRCm38_filtered) | 1 of 1 ✔
[59/de9397] var…DB_IMPORT (Interval: 0015) | 18 of 19
[db/ad9abe] var…YPE_GVCFS (Interval: 0011) | 9 of 18
[-        ] var…t_calling:MERGE_JOINT_VCFS -
[-        ] variant_calling:ASM            -
[-        ] var…_calling:MERGE_ASM_OUTPUTS -
[1f/8e642f] var…:MUTECT2 (evoC-Bap1-mut-F) | 4 of 4 ✔
[04/ddc78a] mbi…voC-Bap1-mut-F-CG-5-prime) | 12 of 12 ✔
[71/922293] epi…ZARR (evoC-Bap1-mut-F-CHH) | 12 of 12 ✔
[0d/af1271] epi…ORT (evoC-Bap1-ctrl-F_CHG) | 6 of 12
[b5/29d2e4] epi…(evoC_Bap1_run-genome-CHH) | 3 of 3 ✔
[c1/286c4a] epi…2ZARR (evoC-Bap1-mut-F-CG) | 4 of 4 ✔
[17/ec0760] epi…XPORT (evoC-Bap1-mut-F_CG) | 4 of 4 ✔
[77/1ce2ab] epi…2ZARR (evoC-Bap1-mut-F-CG) | 4 of 4 ✔
[fe/64cede] epi…XPORT (evoC-Bap1-mut-F_CG) | 4 of 4 ✔
[f0/f5c1c4] epi…voC_Bap1_run-long_ctrl-CG) | 1 of 1 ✔
[ce/ac52e7] summary:DQSPY (evoC_Bap1_run)  | 1 of 1 ✔
Plus 3 more processes waiting for tasks…

executor >  slurm (135)
[5a/98213b] res…AW (evoC-Bap1-mut-F, L005) | 4 of 4 ✔
[94/9d8d88] res…DE (evoC-Bap1-mut-F, L005) | 4 of 4 ✔
[-        ] resolve_align:FASTQC_RESOLVED  -
[bc/1d3e7e] res…M2 (evoC-Bap1-mut-F, L005) | 4 of 4 ✔
[-        ] res…align:SAMTOOLS_MERGE_LANES -
[-        ] resolve_align:PRESEQ           -
[b2/0bf87a] bam…t:BAMLET (evoC-Bap1-mut-F) | 4 of 4 ✔
[32/0ea4f0] bam…AP_BAMQC (evoC-Bap1-mut-F) | 4 of 4 ✔
[04/be1053] bam…TSS_BIAS (evoC-Bap1-mut-F) | 4 of 4 ✔
[-        ] bam…:DEEPTOOLS_PLOTFINGERPRINT -
[6f/d0d158] bam…D_GCBIAS (evoC-Bap1-mut-F) | 4 of 4 ✔
[8b/1d68c7] bam…ACCURACY (evoC-Bap1-mut-F) | 4 of 4 ✔
[b2/7e769c] var…E_CALLER (evoC-Bap1-mut-F) | 4 of 4 ✔
[9f/38af8c] var…NTERVALS (GRCm38_filtered) | 1 of 1 ✔
[59/de9397] var…DB_IMPORT (Interval: 0015) | 18 of 19
[53/5a9d75] var…YPE_GVCFS (Interval: 0016) | 10 of 18
[-        ] var…t_calling:MERGE_JOINT_VCFS -
[-        ] variant_calling:ASM            -
[-        ] var…_calling:MERGE_ASM_OUTPUTS -
[1f/8e642f] var…:MUTECT2 (evoC-Bap1-mut-F) | 4 of 4 ✔
[04/ddc78a] mbi…voC-Bap1-mut-F-CG-5-prime) | 12 of 12 ✔
[71/922293] epi…ZARR (evoC-Bap1-mut-F-CHH) | 12 of 12 ✔
[0d/af1271] epi…ORT (evoC-Bap1-ctrl-F_CHG) | 6 of 12
[b5/29d2e4] epi…(evoC_Bap1_run-genome-CHH) | 3 of 3 ✔
[c1/286c4a] epi…2ZARR (evoC-Bap1-mut-F-CG) | 4 of 4 ✔
[17/ec0760] epi…XPORT (evoC-Bap1-mut-F_CG) | 4 of 4 ✔
[77/1ce2ab] epi…2ZARR (evoC-Bap1-mut-F-CG) | 4 of 4 ✔
[fe/64cede] epi…XPORT (evoC-Bap1-mut-F_CG) | 4 of 4 ✔
[f0/f5c1c4] epi…voC_Bap1_run-long_ctrl-CG) | 1 of 1 ✔
[ce/ac52e7] summary:DQSPY (evoC_Bap1_run)  | 1 of 1 ✔
Plus 3 more processes waiting for tasks…

executor >  slurm (135)
[5a/98213b] res…AW (evoC-Bap1-mut-F, L005) | 4 of 4 ✔
[94/9d8d88] res…DE (evoC-Bap1-mut-F, L005) | 4 of 4 ✔
[-        ] resolve_align:FASTQC_RESOLVED  -
[bc/1d3e7e] res…M2 (evoC-Bap1-mut-F, L005) | 4 of 4 ✔
[-        ] res…align:SAMTOOLS_MERGE_LANES -
[-        ] resolve_align:PRESEQ           -
[b2/0bf87a] bam…t:BAMLET (evoC-Bap1-mut-F) | 4 of 4 ✔
[32/0ea4f0] bam…AP_BAMQC (evoC-Bap1-mut-F) | 4 of 4 ✔
[04/be1053] bam…TSS_BIAS (evoC-Bap1-mut-F) | 4 of 4 ✔
[-        ] bam…:DEEPTOOLS_PLOTFINGERPRINT -
[6f/d0d158] bam…D_GCBIAS (evoC-Bap1-mut-F) | 4 of 4 ✔
[8b/1d68c7] bam…ACCURACY (evoC-Bap1-mut-F) | 4 of 4 ✔
[b2/7e769c] var…E_CALLER (evoC-Bap1-mut-F) | 4 of 4 ✔
[9f/38af8c] var…NTERVALS (GRCm38_filtered) | 1 of 1 ✔
[59/de9397] var…DB_IMPORT (Interval: 0015) | 18 of 19
[53/5a9d75] var…YPE_GVCFS (Interval: 0016) | 10 of 18
[-        ] var…t_calling:MERGE_JOINT_VCFS -
[-        ] variant_calling:ASM            -
[-        ] var…_calling:MERGE_ASM_OUTPUTS -
[1f/8e642f] var…:MUTECT2 (evoC-Bap1-mut-F) | 4 of 4 ✔
[04/ddc78a] mbi…voC-Bap1-mut-F-CG-5-prime) | 12 of 12 ✔
[71/922293] epi…ZARR (evoC-Bap1-mut-F-CHH) | 12 of 12 ✔
[02/23a0f6] epi…PORT (evoC-Bap1-mut-M_CHG) | 7 of 12
[b5/29d2e4] epi…(evoC_Bap1_run-genome-CHH) | 3 of 3 ✔
[c1/286c4a] epi…2ZARR (evoC-Bap1-mut-F-CG) | 4 of 4 ✔
[17/ec0760] epi…XPORT (evoC-Bap1-mut-F_CG) | 4 of 4 ✔
[77/1ce2ab] epi…2ZARR (evoC-Bap1-mut-F-CG) | 4 of 4 ✔
[fe/64cede] epi…XPORT (evoC-Bap1-mut-F_CG) | 4 of 4 ✔
[f0/f5c1c4] epi…voC_Bap1_run-long_ctrl-CG) | 1 of 1 ✔
[ce/ac52e7] summary:DQSPY (evoC_Bap1_run)  | 1 of 1 ✔
Plus 3 more processes waiting for tasks…

executor >  slurm (135)
[5a/98213b] res…AW (evoC-Bap1-mut-F, L005) | 4 of 4 ✔
[94/9d8d88] res…DE (evoC-Bap1-mut-F, L005) | 4 of 4 ✔
[-        ] resolve_align:FASTQC_RESOLVED  -
[bc/1d3e7e] res…M2 (evoC-Bap1-mut-F, L005) | 4 of 4 ✔
[-        ] res…align:SAMTOOLS_MERGE_LANES -
[-        ] resolve_align:PRESEQ           -
[b2/0bf87a] bam…t:BAMLET (evoC-Bap1-mut-F) | 4 of 4 ✔
[32/0ea4f0] bam…AP_BAMQC (evoC-Bap1-mut-F) | 4 of 4 ✔
[04/be1053] bam…TSS_BIAS (evoC-Bap1-mut-F) | 4 of 4 ✔
[-        ] bam…:DEEPTOOLS_PLOTFINGERPRINT -
[6f/d0d158] bam…D_GCBIAS (evoC-Bap1-mut-F) | 4 of 4 ✔
[8b/1d68c7] bam…ACCURACY (evoC-Bap1-mut-F) | 4 of 4 ✔
[b2/7e769c] var…E_CALLER (evoC-Bap1-mut-F) | 4 of 4 ✔
[9f/38af8c] var…NTERVALS (GRCm38_filtered) | 1 of 1 ✔
[59/de9397] var…DB_IMPORT (Interval: 0015) | 18 of 19
[00/155267] var…YPE_GVCFS (Interval: 0013) | 11 of 18
[-        ] var…t_calling:MERGE_JOINT_VCFS -
[-        ] variant_calling:ASM            -
[-        ] var…_calling:MERGE_ASM_OUTPUTS -
[1f/8e642f] var…:MUTECT2 (evoC-Bap1-mut-F) | 4 of 4 ✔
[04/ddc78a] mbi…voC-Bap1-mut-F-CG-5-prime) | 12 of 12 ✔
[71/922293] epi…ZARR (evoC-Bap1-mut-F-CHH) | 12 of 12 ✔
[02/23a0f6] epi…PORT (evoC-Bap1-mut-M_CHG) | 7 of 12
[b5/29d2e4] epi…(evoC_Bap1_run-genome-CHH) | 3 of 3 ✔
[c1/286c4a] epi…2ZARR (evoC-Bap1-mut-F-CG) | 4 of 4 ✔
[17/ec0760] epi…XPORT (evoC-Bap1-mut-F_CG) | 4 of 4 ✔
[77/1ce2ab] epi…2ZARR (evoC-Bap1-mut-F-CG) | 4 of 4 ✔
[fe/64cede] epi…XPORT (evoC-Bap1-mut-F_CG) | 4 of 4 ✔
[f0/f5c1c4] epi…voC_Bap1_run-long_ctrl-CG) | 1 of 1 ✔
[ce/ac52e7] summary:DQSPY (evoC_Bap1_run)  | 1 of 1 ✔
Plus 3 more processes waiting for tasks…

executor >  slurm (135)
[5a/98213b] res…AW (evoC-Bap1-mut-F, L005) | 4 of 4 ✔
[94/9d8d88] res…DE (evoC-Bap1-mut-F, L005) | 4 of 4 ✔
[-        ] resolve_align:FASTQC_RESOLVED  -
[bc/1d3e7e] res…M2 (evoC-Bap1-mut-F, L005) | 4 of 4 ✔
[-        ] res…align:SAMTOOLS_MERGE_LANES -
[-        ] resolve_align:PRESEQ           -
[b2/0bf87a] bam…t:BAMLET (evoC-Bap1-mut-F) | 4 of 4 ✔
[32/0ea4f0] bam…AP_BAMQC (evoC-Bap1-mut-F) | 4 of 4 ✔
[04/be1053] bam…TSS_BIAS (evoC-Bap1-mut-F) | 4 of 4 ✔
[-        ] bam…:DEEPTOOLS_PLOTFINGERPRINT -
[6f/d0d158] bam…D_GCBIAS (evoC-Bap1-mut-F) | 4 of 4 ✔
[8b/1d68c7] bam…ACCURACY (evoC-Bap1-mut-F) | 4 of 4 ✔
[b2/7e769c] var…E_CALLER (evoC-Bap1-mut-F) | 4 of 4 ✔
[9f/38af8c] var…NTERVALS (GRCm38_filtered) | 1 of 1 ✔
[59/de9397] var…DB_IMPORT (Interval: 0015) | 18 of 19
[00/155267] var…YPE_GVCFS (Interval: 0013) | 11 of 18
[-        ] var…t_calling:MERGE_JOINT_VCFS -
[-        ] variant_calling:ASM            -
[-        ] var…_calling:MERGE_ASM_OUTPUTS -
[1f/8e642f] var…:MUTECT2 (evoC-Bap1-mut-F) | 4 of 4 ✔
[04/ddc78a] mbi…voC-Bap1-mut-F-CG-5-prime) | 12 of 12 ✔
[71/922293] epi…ZARR (evoC-Bap1-mut-F-CHH) | 12 of 12 ✔
[1a/fca7c1] epi…PORT (evoC-Bap1-mut-F_CHG) | 8 of 12
[b5/29d2e4] epi…(evoC_Bap1_run-genome-CHH) | 3 of 3 ✔
[c1/286c4a] epi…2ZARR (evoC-Bap1-mut-F-CG) | 4 of 4 ✔
[17/ec0760] epi…XPORT (evoC-Bap1-mut-F_CG) | 4 of 4 ✔
[77/1ce2ab] epi…2ZARR (evoC-Bap1-mut-F-CG) | 4 of 4 ✔
[fe/64cede] epi…XPORT (evoC-Bap1-mut-F_CG) | 4 of 4 ✔
[f0/f5c1c4] epi…voC_Bap1_run-long_ctrl-CG) | 1 of 1 ✔
[ce/ac52e7] summary:DQSPY (evoC_Bap1_run)  | 1 of 1 ✔
Plus 3 more processes waiting for tasks…

executor >  slurm (135)
[5a/98213b] res…AW (evoC-Bap1-mut-F, L005) | 4 of 4 ✔
[94/9d8d88] res…DE (evoC-Bap1-mut-F, L005) | 4 of 4 ✔
[-        ] resolve_align:FASTQC_RESOLVED  -
[bc/1d3e7e] res…M2 (evoC-Bap1-mut-F, L005) | 4 of 4 ✔
[-        ] res…align:SAMTOOLS_MERGE_LANES -
[-        ] resolve_align:PRESEQ           -
[b2/0bf87a] bam…t:BAMLET (evoC-Bap1-mut-F) | 4 of 4 ✔
[32/0ea4f0] bam…AP_BAMQC (evoC-Bap1-mut-F) | 4 of 4 ✔
[04/be1053] bam…TSS_BIAS (evoC-Bap1-mut-F) | 4 of 4 ✔
[-        ] bam…:DEEPTOOLS_PLOTFINGERPRINT -
[6f/d0d158] bam…D_GCBIAS (evoC-Bap1-mut-F) | 4 of 4 ✔
[8b/1d68c7] bam…ACCURACY (evoC-Bap1-mut-F) | 4 of 4 ✔
[b2/7e769c] var…E_CALLER (evoC-Bap1-mut-F) | 4 of 4 ✔
[9f/38af8c] var…NTERVALS (GRCm38_filtered) | 1 of 1 ✔
[59/de9397] var…DB_IMPORT (Interval: 0015) | 18 of 19
[ff/ad10eb] var…YPE_GVCFS (Interval: 0003) | 12 of 18
[-        ] var…t_calling:MERGE_JOINT_VCFS -
[-        ] variant_calling:ASM            -
[-        ] var…_calling:MERGE_ASM_OUTPUTS -
[1f/8e642f] var…:MUTECT2 (evoC-Bap1-mut-F) | 4 of 4 ✔
[04/ddc78a] mbi…voC-Bap1-mut-F-CG-5-prime) | 12 of 12 ✔
[71/922293] epi…ZARR (evoC-Bap1-mut-F-CHH) | 12 of 12 ✔
[1a/fca7c1] epi…PORT (evoC-Bap1-mut-F_CHG) | 8 of 12
[b5/29d2e4] epi…(evoC_Bap1_run-genome-CHH) | 3 of 3 ✔
[c1/286c4a] epi…2ZARR (evoC-Bap1-mut-F-CG) | 4 of 4 ✔
[17/ec0760] epi…XPORT (evoC-Bap1-mut-F_CG) | 4 of 4 ✔
[77/1ce2ab] epi…2ZARR (evoC-Bap1-mut-F-CG) | 4 of 4 ✔
[fe/64cede] epi…XPORT (evoC-Bap1-mut-F_CG) | 4 of 4 ✔
[f0/f5c1c4] epi…voC_Bap1_run-long_ctrl-CG) | 1 of 1 ✔
[ce/ac52e7] summary:DQSPY (evoC_Bap1_run)  | 1 of 1 ✔
Plus 3 more processes waiting for tasks…

executor >  slurm (135)
[5a/98213b] res…AW (evoC-Bap1-mut-F, L005) | 4 of 4 ✔
[94/9d8d88] res…DE (evoC-Bap1-mut-F, L005) | 4 of 4 ✔
[-        ] resolve_align:FASTQC_RESOLVED  -
[bc/1d3e7e] res…M2 (evoC-Bap1-mut-F, L005) | 4 of 4 ✔
[-        ] res…align:SAMTOOLS_MERGE_LANES -
[-        ] resolve_align:PRESEQ           -
[b2/0bf87a] bam…t:BAMLET (evoC-Bap1-mut-F) | 4 of 4 ✔
[32/0ea4f0] bam…AP_BAMQC (evoC-Bap1-mut-F) | 4 of 4 ✔
[04/be1053] bam…TSS_BIAS (evoC-Bap1-mut-F) | 4 of 4 ✔
[-        ] bam…:DEEPTOOLS_PLOTFINGERPRINT -
[6f/d0d158] bam…D_GCBIAS (evoC-Bap1-mut-F) | 4 of 4 ✔
[8b/1d68c7] bam…ACCURACY (evoC-Bap1-mut-F) | 4 of 4 ✔
[b2/7e769c] var…E_CALLER (evoC-Bap1-mut-F) | 4 of 4 ✔
[9f/38af8c] var…NTERVALS (GRCm38_filtered) | 1 of 1 ✔
[0e/f3e438] var…DB_IMPORT (Interval: 0009) | 19 of 19 ✔
[a0/c9069a] var…YPE_GVCFS (Interval: 0002) | 13 of 19
[-        ] var…t_calling:MERGE_JOINT_VCFS -
[-        ] variant_calling:ASM            -
[-        ] var…_calling:MERGE_ASM_OUTPUTS -
[1f/8e642f] var…:MUTECT2 (evoC-Bap1-mut-F) | 4 of 4 ✔
[04/ddc78a] mbi…voC-Bap1-mut-F-CG-5-prime) | 12 of 12 ✔
[71/922293] epi…ZARR (evoC-Bap1-mut-F-CHH) | 12 of 12 ✔
[1a/fca7c1] epi…PORT (evoC-Bap1-mut-F_CHG) | 8 of 12
[b5/29d2e4] epi…(evoC_Bap1_run-genome-CHH) | 3 of 3 ✔
[c1/286c4a] epi…2ZARR (evoC-Bap1-mut-F-CG) | 4 of 4 ✔
[17/ec0760] epi…XPORT (evoC-Bap1-mut-F_CG) | 4 of 4 ✔
[77/1ce2ab] epi…2ZARR (evoC-Bap1-mut-F-CG) | 4 of 4 ✔
[fe/64cede] epi…XPORT (evoC-Bap1-mut-F_CG) | 4 of 4 ✔
[f0/f5c1c4] epi…voC_Bap1_run-long_ctrl-CG) | 1 of 1 ✔
[ce/ac52e7] summary:DQSPY (evoC_Bap1_run)  | 1 of 1 ✔
Plus 3 more processes waiting for tasks…

executor >  slurm (136)
[5a/98213b] res…AW (evoC-Bap1-mut-F, L005) | 4 of 4 ✔
[94/9d8d88] res…DE (evoC-Bap1-mut-F, L005) | 4 of 4 ✔
[-        ] resolve_align:FASTQC_RESOLVED  -
[bc/1d3e7e] res…M2 (evoC-Bap1-mut-F, L005) | 4 of 4 ✔
[-        ] res…align:SAMTOOLS_MERGE_LANES -
[-        ] resolve_align:PRESEQ           -
[b2/0bf87a] bam…t:BAMLET (evoC-Bap1-mut-F) | 4 of 4 ✔
[32/0ea4f0] bam…AP_BAMQC (evoC-Bap1-mut-F) | 4 of 4 ✔
[04/be1053] bam…TSS_BIAS (evoC-Bap1-mut-F) | 4 of 4 ✔
[-        ] bam…:DEEPTOOLS_PLOTFINGERPRINT -
[6f/d0d158] bam…D_GCBIAS (evoC-Bap1-mut-F) | 4 of 4 ✔
[8b/1d68c7] bam…ACCURACY (evoC-Bap1-mut-F) | 4 of 4 ✔
[b2/7e769c] var…E_CALLER (evoC-Bap1-mut-F) | 4 of 4 ✔
[9f/38af8c] var…NTERVALS (GRCm38_filtered) | 1 of 1 ✔
[0e/f3e438] var…DB_IMPORT (Interval: 0009) | 19 of 19 ✔
[d4/e45500] var…YPE_GVCFS (Interval: 0009) | 13 of 19
[-        ] var…t_calling:MERGE_JOINT_VCFS -
[-        ] variant_calling:ASM            -
[-        ] var…_calling:MERGE_ASM_OUTPUTS -
[1f/8e642f] var…:MUTECT2 (evoC-Bap1-mut-F) | 4 of 4 ✔
[04/ddc78a] mbi…voC-Bap1-mut-F-CG-5-prime) | 12 of 12 ✔
[71/922293] epi…ZARR (evoC-Bap1-mut-F-CHH) | 12 of 12 ✔
[1a/fca7c1] epi…PORT (evoC-Bap1-mut-F_CHG) | 8 of 12
[b5/29d2e4] epi…(evoC_Bap1_run-genome-CHH) | 3 of 3 ✔
[c1/286c4a] epi…2ZARR (evoC-Bap1-mut-F-CG) | 4 of 4 ✔
[17/ec0760] epi…XPORT (evoC-Bap1-mut-F_CG) | 4 of 4 ✔
[77/1ce2ab] epi…2ZARR (evoC-Bap1-mut-F-CG) | 4 of 4 ✔
[fe/64cede] epi…XPORT (evoC-Bap1-mut-F_CG) | 4 of 4 ✔
[f0/f5c1c4] epi…voC_Bap1_run-long_ctrl-CG) | 1 of 1 ✔
[ce/ac52e7] summary:DQSPY (evoC_Bap1_run)  | 1 of 1 ✔
Plus 3 more processes waiting for tasks…

executor >  slurm (136)
[5a/98213b] res…AW (evoC-Bap1-mut-F, L005) | 4 of 4 ✔
[94/9d8d88] res…DE (evoC-Bap1-mut-F, L005) | 4 of 4 ✔
[-        ] resolve_align:FASTQC_RESOLVED  -
[bc/1d3e7e] res…M2 (evoC-Bap1-mut-F, L005) | 4 of 4 ✔
[-        ] res…align:SAMTOOLS_MERGE_LANES -
[-        ] resolve_align:PRESEQ           -
[b2/0bf87a] bam…t:BAMLET (evoC-Bap1-mut-F) | 4 of 4 ✔
[32/0ea4f0] bam…AP_BAMQC (evoC-Bap1-mut-F) | 4 of 4 ✔
[04/be1053] bam…TSS_BIAS (evoC-Bap1-mut-F) | 4 of 4 ✔
[-        ] bam…:DEEPTOOLS_PLOTFINGERPRINT -
[6f/d0d158] bam…D_GCBIAS (evoC-Bap1-mut-F) | 4 of 4 ✔
[8b/1d68c7] bam…ACCURACY (evoC-Bap1-mut-F) | 4 of 4 ✔
[b2/7e769c] var…E_CALLER (evoC-Bap1-mut-F) | 4 of 4 ✔
[9f/38af8c] var…NTERVALS (GRCm38_filtered) | 1 of 1 ✔
[0e/f3e438] var…DB_IMPORT (Interval: 0009) | 19 of 19 ✔
[ac/0998cb] var…YPE_GVCFS (Interval: 0007) | 14 of 19
[-        ] var…t_calling:MERGE_JOINT_VCFS -
[-        ] variant_calling:ASM            -
[-        ] var…_calling:MERGE_ASM_OUTPUTS -
[1f/8e642f] var…:MUTECT2 (evoC-Bap1-mut-F) | 4 of 4 ✔
[04/ddc78a] mbi…voC-Bap1-mut-F-CG-5-prime) | 12 of 12 ✔
[71/922293] epi…ZARR (evoC-Bap1-mut-F-CHH) | 12 of 12 ✔
[1a/fca7c1] epi…PORT (evoC-Bap1-mut-F_CHG) | 8 of 12
[b5/29d2e4] epi…(evoC_Bap1_run-genome-CHH) | 3 of 3 ✔
[c1/286c4a] epi…2ZARR (evoC-Bap1-mut-F-CG) | 4 of 4 ✔
[17/ec0760] epi…XPORT (evoC-Bap1-mut-F_CG) | 4 of 4 ✔
[77/1ce2ab] epi…2ZARR (evoC-Bap1-mut-F-CG) | 4 of 4 ✔
[fe/64cede] epi…XPORT (evoC-Bap1-mut-F_CG) | 4 of 4 ✔
[f0/f5c1c4] epi…voC_Bap1_run-long_ctrl-CG) | 1 of 1 ✔
[ce/ac52e7] summary:DQSPY (evoC_Bap1_run)  | 1 of 1 ✔
Plus 3 more processes waiting for tasks…

executor >  slurm (136)
[5a/98213b] res…AW (evoC-Bap1-mut-F, L005) | 4 of 4 ✔
[94/9d8d88] res…DE (evoC-Bap1-mut-F, L005) | 4 of 4 ✔
[-        ] resolve_align:FASTQC_RESOLVED  -
[bc/1d3e7e] res…M2 (evoC-Bap1-mut-F, L005) | 4 of 4 ✔
[-        ] res…align:SAMTOOLS_MERGE_LANES -
[-        ] resolve_align:PRESEQ           -
[b2/0bf87a] bam…t:BAMLET (evoC-Bap1-mut-F) | 4 of 4 ✔
[32/0ea4f0] bam…AP_BAMQC (evoC-Bap1-mut-F) | 4 of 4 ✔
[04/be1053] bam…TSS_BIAS (evoC-Bap1-mut-F) | 4 of 4 ✔
[-        ] bam…:DEEPTOOLS_PLOTFINGERPRINT -
[6f/d0d158] bam…D_GCBIAS (evoC-Bap1-mut-F) | 4 of 4 ✔
[8b/1d68c7] bam…ACCURACY (evoC-Bap1-mut-F) | 4 of 4 ✔
[b2/7e769c] var…E_CALLER (evoC-Bap1-mut-F) | 4 of 4 ✔
[9f/38af8c] var…NTERVALS (GRCm38_filtered) | 1 of 1 ✔
[0e/f3e438] var…DB_IMPORT (Interval: 0009) | 19 of 19 ✔
[73/7f9f2d] var…YPE_GVCFS (Interval: 0004) | 15 of 19
[-        ] var…t_calling:MERGE_JOINT_VCFS -
[-        ] variant_calling:ASM            -
[-        ] var…_calling:MERGE_ASM_OUTPUTS -
[1f/8e642f] var…:MUTECT2 (evoC-Bap1-mut-F) | 4 of 4 ✔
[04/ddc78a] mbi…voC-Bap1-mut-F-CG-5-prime) | 12 of 12 ✔
[71/922293] epi…ZARR (evoC-Bap1-mut-F-CHH) | 12 of 12 ✔
[1a/fca7c1] epi…PORT (evoC-Bap1-mut-F_CHG) | 8 of 12
[b5/29d2e4] epi…(evoC_Bap1_run-genome-CHH) | 3 of 3 ✔
[c1/286c4a] epi…2ZARR (evoC-Bap1-mut-F-CG) | 4 of 4 ✔
[17/ec0760] epi…XPORT (evoC-Bap1-mut-F_CG) | 4 of 4 ✔
[77/1ce2ab] epi…2ZARR (evoC-Bap1-mut-F-CG) | 4 of 4 ✔
[fe/64cede] epi…XPORT (evoC-Bap1-mut-F_CG) | 4 of 4 ✔
[f0/f5c1c4] epi…voC_Bap1_run-long_ctrl-CG) | 1 of 1 ✔
[ce/ac52e7] summary:DQSPY (evoC_Bap1_run)  | 1 of 1 ✔
Plus 3 more processes waiting for tasks…

executor >  slurm (136)
[5a/98213b] res…AW (evoC-Bap1-mut-F, L005) | 4 of 4 ✔
[94/9d8d88] res…DE (evoC-Bap1-mut-F, L005) | 4 of 4 ✔
[-        ] resolve_align:FASTQC_RESOLVED  -
[bc/1d3e7e] res…M2 (evoC-Bap1-mut-F, L005) | 4 of 4 ✔
[-        ] res…align:SAMTOOLS_MERGE_LANES -
[-        ] resolve_align:PRESEQ           -
[b2/0bf87a] bam…t:BAMLET (evoC-Bap1-mut-F) | 4 of 4 ✔
[32/0ea4f0] bam…AP_BAMQC (evoC-Bap1-mut-F) | 4 of 4 ✔
[04/be1053] bam…TSS_BIAS (evoC-Bap1-mut-F) | 4 of 4 ✔
[-        ] bam…:DEEPTOOLS_PLOTFINGERPRINT -
[6f/d0d158] bam…D_GCBIAS (evoC-Bap1-mut-F) | 4 of 4 ✔
[8b/1d68c7] bam…ACCURACY (evoC-Bap1-mut-F) | 4 of 4 ✔
[b2/7e769c] var…E_CALLER (evoC-Bap1-mut-F) | 4 of 4 ✔
[9f/38af8c] var…NTERVALS (GRCm38_filtered) | 1 of 1 ✔
[0e/f3e438] var…DB_IMPORT (Interval: 0009) | 19 of 19 ✔
[1b/5ba849] var…YPE_GVCFS (Interval: 0010) | 16 of 19
[-        ] var…t_calling:MERGE_JOINT_VCFS -
[-        ] variant_calling:ASM            -
[-        ] var…_calling:MERGE_ASM_OUTPUTS -
[1f/8e642f] var…:MUTECT2 (evoC-Bap1-mut-F) | 4 of 4 ✔
[04/ddc78a] mbi…voC-Bap1-mut-F-CG-5-prime) | 12 of 12 ✔
[71/922293] epi…ZARR (evoC-Bap1-mut-F-CHH) | 12 of 12 ✔
[1a/fca7c1] epi…PORT (evoC-Bap1-mut-F_CHG) | 8 of 12
[b5/29d2e4] epi…(evoC_Bap1_run-genome-CHH) | 3 of 3 ✔
[c1/286c4a] epi…2ZARR (evoC-Bap1-mut-F-CG) | 4 of 4 ✔
[17/ec0760] epi…XPORT (evoC-Bap1-mut-F_CG) | 4 of 4 ✔
[77/1ce2ab] epi…2ZARR (evoC-Bap1-mut-F-CG) | 4 of 4 ✔
[fe/64cede] epi…XPORT (evoC-Bap1-mut-F_CG) | 4 of 4 ✔
[f0/f5c1c4] epi…voC_Bap1_run-long_ctrl-CG) | 1 of 1 ✔
[ce/ac52e7] summary:DQSPY (evoC_Bap1_run)  | 1 of 1 ✔
Plus 3 more processes waiting for tasks…

executor >  slurm (136)
[5a/98213b] res…AW (evoC-Bap1-mut-F, L005) | 4 of 4 ✔
[94/9d8d88] res…DE (evoC-Bap1-mut-F, L005) | 4 of 4 ✔
[-        ] resolve_align:FASTQC_RESOLVED  -
[bc/1d3e7e] res…M2 (evoC-Bap1-mut-F, L005) | 4 of 4 ✔
[-        ] res…align:SAMTOOLS_MERGE_LANES -
[-        ] resolve_align:PRESEQ           -
[b2/0bf87a] bam…t:BAMLET (evoC-Bap1-mut-F) | 4 of 4 ✔
[32/0ea4f0] bam…AP_BAMQC (evoC-Bap1-mut-F) | 4 of 4 ✔
[04/be1053] bam…TSS_BIAS (evoC-Bap1-mut-F) | 4 of 4 ✔
[-        ] bam…:DEEPTOOLS_PLOTFINGERPRINT -
[6f/d0d158] bam…D_GCBIAS (evoC-Bap1-mut-F) | 4 of 4 ✔
[8b/1d68c7] bam…ACCURACY (evoC-Bap1-mut-F) | 4 of 4 ✔
[b2/7e769c] var…E_CALLER (evoC-Bap1-mut-F) | 4 of 4 ✔
[9f/38af8c] var…NTERVALS (GRCm38_filtered) | 1 of 1 ✔
[0e/f3e438] var…DB_IMPORT (Interval: 0009) | 19 of 19 ✔
[16/097ade] var…YPE_GVCFS (Interval: 0015) | 18 of 19
[-        ] var…t_calling:MERGE_JOINT_VCFS -
[-        ] variant_calling:ASM            -
[-        ] var…_calling:MERGE_ASM_OUTPUTS -
[1f/8e642f] var…:MUTECT2 (evoC-Bap1-mut-F) | 4 of 4 ✔
[04/ddc78a] mbi…voC-Bap1-mut-F-CG-5-prime) | 12 of 12 ✔
[71/922293] epi…ZARR (evoC-Bap1-mut-F-CHH) | 12 of 12 ✔
[1a/fca7c1] epi…PORT (evoC-Bap1-mut-F_CHG) | 8 of 12
[b5/29d2e4] epi…(evoC_Bap1_run-genome-CHH) | 3 of 3 ✔
[c1/286c4a] epi…2ZARR (evoC-Bap1-mut-F-CG) | 4 of 4 ✔
[17/ec0760] epi…XPORT (evoC-Bap1-mut-F_CG) | 4 of 4 ✔
[77/1ce2ab] epi…2ZARR (evoC-Bap1-mut-F-CG) | 4 of 4 ✔
[fe/64cede] epi…XPORT (evoC-Bap1-mut-F_CG) | 4 of 4 ✔
[f0/f5c1c4] epi…voC_Bap1_run-long_ctrl-CG) | 1 of 1 ✔
[ce/ac52e7] summary:DQSPY (evoC_Bap1_run)  | 1 of 1 ✔
Plus 3 more processes waiting for tasks…

executor >  slurm (136)
[5a/98213b] res…AW (evoC-Bap1-mut-F, L005) | 4 of 4 ✔
[94/9d8d88] res…DE (evoC-Bap1-mut-F, L005) | 4 of 4 ✔
[-        ] resolve_align:FASTQC_RESOLVED  -
[bc/1d3e7e] res…M2 (evoC-Bap1-mut-F, L005) | 4 of 4 ✔
[-        ] res…align:SAMTOOLS_MERGE_LANES -
[-        ] resolve_align:PRESEQ           -
[b2/0bf87a] bam…t:BAMLET (evoC-Bap1-mut-F) | 4 of 4 ✔
[32/0ea4f0] bam…AP_BAMQC (evoC-Bap1-mut-F) | 4 of 4 ✔
[04/be1053] bam…TSS_BIAS (evoC-Bap1-mut-F) | 4 of 4 ✔
[-        ] bam…:DEEPTOOLS_PLOTFINGERPRINT -
[6f/d0d158] bam…D_GCBIAS (evoC-Bap1-mut-F) | 4 of 4 ✔
[8b/1d68c7] bam…ACCURACY (evoC-Bap1-mut-F) | 4 of 4 ✔
[b2/7e769c] var…E_CALLER (evoC-Bap1-mut-F) | 4 of 4 ✔
[9f/38af8c] var…NTERVALS (GRCm38_filtered) | 1 of 1 ✔
[0e/f3e438] var…DB_IMPORT (Interval: 0009) | 19 of 19 ✔
[d4/e45500] var…YPE_GVCFS (Interval: 0009) | 19 of 19 ✔
[-        ] var…t_calling:MERGE_JOINT_VCFS -
[-        ] variant_calling:ASM            -
[-        ] var…_calling:MERGE_ASM_OUTPUTS -
[1f/8e642f] var…:MUTECT2 (evoC-Bap1-mut-F) | 4 of 4 ✔
[04/ddc78a] mbi…voC-Bap1-mut-F-CG-5-prime) | 12 of 12 ✔
[71/922293] epi…ZARR (evoC-Bap1-mut-F-CHH) | 12 of 12 ✔
[1a/fca7c1] epi…PORT (evoC-Bap1-mut-F_CHG) | 8 of 12
[b5/29d2e4] epi…(evoC_Bap1_run-genome-CHH) | 3 of 3 ✔
[c1/286c4a] epi…2ZARR (evoC-Bap1-mut-F-CG) | 4 of 4 ✔
[17/ec0760] epi…XPORT (evoC-Bap1-mut-F_CG) | 4 of 4 ✔
[77/1ce2ab] epi…2ZARR (evoC-Bap1-mut-F-CG) | 4 of 4 ✔
[fe/64cede] epi…XPORT (evoC-Bap1-mut-F_CG) | 4 of 4 ✔
[f0/f5c1c4] epi…voC_Bap1_run-long_ctrl-CG) | 1 of 1 ✔
[ce/ac52e7] summary:DQSPY (evoC_Bap1_run)  | 1 of 1 ✔
Plus 3 more processes waiting for tasks…

executor >  slurm (136)
[5a/98213b] res…AW (evoC-Bap1-mut-F, L005) | 4 of 4 ✔
[94/9d8d88] res…DE (evoC-Bap1-mut-F, L005) | 4 of 4 ✔
[-        ] resolve_align:FASTQC_RESOLVED  -
[bc/1d3e7e] res…M2 (evoC-Bap1-mut-F, L005) | 4 of 4 ✔
[-        ] res…align:SAMTOOLS_MERGE_LANES -
[-        ] resolve_align:PRESEQ           -
[b2/0bf87a] bam…t:BAMLET (evoC-Bap1-mut-F) | 4 of 4 ✔
[32/0ea4f0] bam…AP_BAMQC (evoC-Bap1-mut-F) | 4 of 4 ✔
[04/be1053] bam…TSS_BIAS (evoC-Bap1-mut-F) | 4 of 4 ✔
[-        ] bam…:DEEPTOOLS_PLOTFINGERPRINT -
[6f/d0d158] bam…D_GCBIAS (evoC-Bap1-mut-F) | 4 of 4 ✔
[8b/1d68c7] bam…ACCURACY (evoC-Bap1-mut-F) | 4 of 4 ✔
[b2/7e769c] var…E_CALLER (evoC-Bap1-mut-F) | 4 of 4 ✔
[9f/38af8c] var…NTERVALS (GRCm38_filtered) | 1 of 1 ✔
[0e/f3e438] var…DB_IMPORT (Interval: 0009) | 19 of 19 ✔
[d4/e45500] var…YPE_GVCFS (Interval: 0009) | 19 of 19 ✔
[-        ] var…t_calling:MERGE_JOINT_VCFS | 0 of 1
[-        ] variant_calling:ASM            -
[-        ] var…_calling:MERGE_ASM_OUTPUTS -
[1f/8e642f] var…:MUTECT2 (evoC-Bap1-mut-F) | 4 of 4 ✔
[04/ddc78a] mbi…voC-Bap1-mut-F-CG-5-prime) | 12 of 12 ✔
[71/922293] epi…ZARR (evoC-Bap1-mut-F-CHH) | 12 of 12 ✔
[1a/fca7c1] epi…PORT (evoC-Bap1-mut-F_CHG) | 8 of 12
[b5/29d2e4] epi…(evoC_Bap1_run-genome-CHH) | 3 of 3 ✔
[c1/286c4a] epi…2ZARR (evoC-Bap1-mut-F-CG) | 4 of 4 ✔
[17/ec0760] epi…XPORT (evoC-Bap1-mut-F_CG) | 4 of 4 ✔
[77/1ce2ab] epi…2ZARR (evoC-Bap1-mut-F-CG) | 4 of 4 ✔
[fe/64cede] epi…XPORT (evoC-Bap1-mut-F_CG) | 4 of 4 ✔
[f0/f5c1c4] epi…voC_Bap1_run-long_ctrl-CG) | 1 of 1 ✔
[ce/ac52e7] summary:DQSPY (evoC_Bap1_run)  | 1 of 1 ✔
Plus 3 more processes waiting for tasks…

executor >  slurm (137)
[5a/98213b] res…AW (evoC-Bap1-mut-F, L005) | 4 of 4 ✔
[94/9d8d88] res…DE (evoC-Bap1-mut-F, L005) | 4 of 4 ✔
[-        ] resolve_align:FASTQC_RESOLVED  -
[bc/1d3e7e] res…M2 (evoC-Bap1-mut-F, L005) | 4 of 4 ✔
[-        ] res…align:SAMTOOLS_MERGE_LANES -
[-        ] resolve_align:PRESEQ           -
[b2/0bf87a] bam…t:BAMLET (evoC-Bap1-mut-F) | 4 of 4 ✔
[32/0ea4f0] bam…AP_BAMQC (evoC-Bap1-mut-F) | 4 of 4 ✔
[04/be1053] bam…TSS_BIAS (evoC-Bap1-mut-F) | 4 of 4 ✔
[-        ] bam…:DEEPTOOLS_PLOTFINGERPRINT -
[6f/d0d158] bam…D_GCBIAS (evoC-Bap1-mut-F) | 4 of 4 ✔
[8b/1d68c7] bam…ACCURACY (evoC-Bap1-mut-F) | 4 of 4 ✔
[b2/7e769c] var…E_CALLER (evoC-Bap1-mut-F) | 4 of 4 ✔
[9f/38af8c] var…NTERVALS (GRCm38_filtered) | 1 of 1 ✔
[0e/f3e438] var…DB_IMPORT (Interval: 0009) | 19 of 19 ✔
[d4/e45500] var…YPE_GVCFS (Interval: 0009) | 19 of 19 ✔
[82/089102] var…t_calling:MERGE_JOINT_VCFS | 0 of 1
[-        ] variant_calling:ASM            -
[-        ] var…_calling:MERGE_ASM_OUTPUTS -
[1f/8e642f] var…:MUTECT2 (evoC-Bap1-mut-F) | 4 of 4 ✔
[04/ddc78a] mbi…voC-Bap1-mut-F-CG-5-prime) | 12 of 12 ✔
[71/922293] epi…ZARR (evoC-Bap1-mut-F-CHH) | 12 of 12 ✔
[1a/fca7c1] epi…PORT (evoC-Bap1-mut-F_CHG) | 8 of 12
[b5/29d2e4] epi…(evoC_Bap1_run-genome-CHH) | 3 of 3 ✔
[c1/286c4a] epi…2ZARR (evoC-Bap1-mut-F-CG) | 4 of 4 ✔
[17/ec0760] epi…XPORT (evoC-Bap1-mut-F_CG) | 4 of 4 ✔
[77/1ce2ab] epi…2ZARR (evoC-Bap1-mut-F-CG) | 4 of 4 ✔
[fe/64cede] epi…XPORT (evoC-Bap1-mut-F_CG) | 4 of 4 ✔
[f0/f5c1c4] epi…voC_Bap1_run-long_ctrl-CG) | 1 of 1 ✔
[ce/ac52e7] summary:DQSPY (evoC_Bap1_run)  | 1 of 1 ✔
Plus 3 more processes waiting for tasks…

executor >  slurm (137)
[5a/98213b] res…AW (evoC-Bap1-mut-F, L005) | 4 of 4 ✔
[94/9d8d88] res…DE (evoC-Bap1-mut-F, L005) | 4 of 4 ✔
[-        ] resolve_align:FASTQC_RESOLVED  -
[bc/1d3e7e] res…M2 (evoC-Bap1-mut-F, L005) | 4 of 4 ✔
[-        ] res…align:SAMTOOLS_MERGE_LANES -
[-        ] resolve_align:PRESEQ           -
[b2/0bf87a] bam…t:BAMLET (evoC-Bap1-mut-F) | 4 of 4 ✔
[32/0ea4f0] bam…AP_BAMQC (evoC-Bap1-mut-F) | 4 of 4 ✔
[04/be1053] bam…TSS_BIAS (evoC-Bap1-mut-F) | 4 of 4 ✔
[-        ] bam…:DEEPTOOLS_PLOTFINGERPRINT -
[6f/d0d158] bam…D_GCBIAS (evoC-Bap1-mut-F) | 4 of 4 ✔
[8b/1d68c7] bam…ACCURACY (evoC-Bap1-mut-F) | 4 of 4 ✔
[b2/7e769c] var…E_CALLER (evoC-Bap1-mut-F) | 4 of 4 ✔
[9f/38af8c] var…NTERVALS (GRCm38_filtered) | 1 of 1 ✔
[0e/f3e438] var…DB_IMPORT (Interval: 0009) | 19 of 19 ✔
[d4/e45500] var…YPE_GVCFS (Interval: 0009) | 19 of 19 ✔
[82/089102] var…t_calling:MERGE_JOINT_VCFS | 0 of 1
[-        ] variant_calling:ASM            -
[-        ] var…_calling:MERGE_ASM_OUTPUTS -
[1f/8e642f] var…:MUTECT2 (evoC-Bap1-mut-F) | 4 of 4 ✔
[04/ddc78a] mbi…voC-Bap1-mut-F-CG-5-prime) | 12 of 12 ✔
[71/922293] epi…ZARR (evoC-Bap1-mut-F-CHH) | 12 of 12 ✔
[1a/fca7c1] epi…PORT (evoC-Bap1-mut-F_CHG) | 8 of 12
[b5/29d2e4] epi…(evoC_Bap1_run-genome-CHH) | 3 of 3 ✔
[c1/286c4a] epi…2ZARR (evoC-Bap1-mut-F-CG) | 4 of 4 ✔
[17/ec0760] epi…XPORT (evoC-Bap1-mut-F_CG) | 4 of 4 ✔
[77/1ce2ab] epi…2ZARR (evoC-Bap1-mut-F-CG) | 4 of 4 ✔
[fe/64cede] epi…XPORT (evoC-Bap1-mut-F_CG) | 4 of 4 ✔
[f0/f5c1c4] epi…voC_Bap1_run-long_ctrl-CG) | 1 of 1 ✔
[ce/ac52e7] summary:DQSPY (evoC_Bap1_run)  | 1 of 1 ✔
Plus 3 more processes waiting for tasks…

executor >  slurm (137)
[5a/98213b] res…AW (evoC-Bap1-mut-F, L005) | 4 of 4 ✔
[94/9d8d88] res…DE (evoC-Bap1-mut-F, L005) | 4 of 4 ✔
[-        ] resolve_align:FASTQC_RESOLVED  -
[bc/1d3e7e] res…M2 (evoC-Bap1-mut-F, L005) | 4 of 4 ✔
[-        ] res…align:SAMTOOLS_MERGE_LANES -
[-        ] resolve_align:PRESEQ           -
[b2/0bf87a] bam…t:BAMLET (evoC-Bap1-mut-F) | 4 of 4 ✔
[32/0ea4f0] bam…AP_BAMQC (evoC-Bap1-mut-F) | 4 of 4 ✔
[04/be1053] bam…TSS_BIAS (evoC-Bap1-mut-F) | 4 of 4 ✔
[-        ] bam…:DEEPTOOLS_PLOTFINGERPRINT -
[6f/d0d158] bam…D_GCBIAS (evoC-Bap1-mut-F) | 4 of 4 ✔
[8b/1d68c7] bam…ACCURACY (evoC-Bap1-mut-F) | 4 of 4 ✔
[b2/7e769c] var…E_CALLER (evoC-Bap1-mut-F) | 4 of 4 ✔
[9f/38af8c] var…NTERVALS (GRCm38_filtered) | 1 of 1 ✔
[0e/f3e438] var…DB_IMPORT (Interval: 0009) | 19 of 19 ✔
[d4/e45500] var…YPE_GVCFS (Interval: 0009) | 19 of 19 ✔
[82/089102] var…t_calling:MERGE_JOINT_VCFS | 1 of 1 ✔
[-        ] variant_calling:ASM            | 0 of 1
[-        ] var…_calling:MERGE_ASM_OUTPUTS -
[1f/8e642f] var…:MUTECT2 (evoC-Bap1-mut-F) | 4 of 4 ✔
[04/ddc78a] mbi…voC-Bap1-mut-F-CG-5-prime) | 12 of 12 ✔
[71/922293] epi…ZARR (evoC-Bap1-mut-F-CHH) | 12 of 12 ✔
[1a/fca7c1] epi…PORT (evoC-Bap1-mut-F_CHG) | 8 of 12
[b5/29d2e4] epi…(evoC_Bap1_run-genome-CHH) | 3 of 3 ✔
[c1/286c4a] epi…2ZARR (evoC-Bap1-mut-F-CG) | 4 of 4 ✔
[17/ec0760] epi…XPORT (evoC-Bap1-mut-F_CG) | 4 of 4 ✔
[77/1ce2ab] epi…2ZARR (evoC-Bap1-mut-F-CG) | 4 of 4 ✔
[fe/64cede] epi…XPORT (evoC-Bap1-mut-F_CG) | 4 of 4 ✔
[f0/f5c1c4] epi…voC_Bap1_run-long_ctrl-CG) | 1 of 1 ✔
[ce/ac52e7] summary:DQSPY (evoC_Bap1_run)  | 1 of 1 ✔
Plus 3 more processes waiting for tasks…

executor >  slurm (140)
[5a/98213b] res…AW (evoC-Bap1-mut-F, L005) | 4 of 4 ✔
[94/9d8d88] res…DE (evoC-Bap1-mut-F, L005) | 4 of 4 ✔
[-        ] resolve_align:FASTQC_RESOLVED  -
[bc/1d3e7e] res…M2 (evoC-Bap1-mut-F, L005) | 4 of 4 ✔
[-        ] res…align:SAMTOOLS_MERGE_LANES -
[-        ] resolve_align:PRESEQ           -
[b2/0bf87a] bam…t:BAMLET (evoC-Bap1-mut-F) | 4 of 4 ✔
[32/0ea4f0] bam…AP_BAMQC (evoC-Bap1-mut-F) | 4 of 4 ✔
[04/be1053] bam…TSS_BIAS (evoC-Bap1-mut-F) | 4 of 4 ✔
[-        ] bam…:DEEPTOOLS_PLOTFINGERPRINT -
[6f/d0d158] bam…D_GCBIAS (evoC-Bap1-mut-F) | 4 of 4 ✔
[8b/1d68c7] bam…ACCURACY (evoC-Bap1-mut-F) | 4 of 4 ✔
[b2/7e769c] var…E_CALLER (evoC-Bap1-mut-F) | 4 of 4 ✔
[9f/38af8c] var…NTERVALS (GRCm38_filtered) | 1 of 1 ✔
[0e/f3e438] var…DB_IMPORT (Interval: 0009) | 19 of 19 ✔
[d4/e45500] var…YPE_GVCFS (Interval: 0009) | 19 of 19 ✔
[82/089102] var…t_calling:MERGE_JOINT_VCFS | 1 of 1 ✔
[26/0cbbca] var…ing_vcf, evoC-Bap1-ctrl-M) | 0 of 4
[-        ] var…_calling:MERGE_ASM_OUTPUTS -
[1f/8e642f] var…:MUTECT2 (evoC-Bap1-mut-F) | 4 of 4 ✔
[04/ddc78a] mbi…voC-Bap1-mut-F-CG-5-prime) | 12 of 12 ✔
[71/922293] epi…ZARR (evoC-Bap1-mut-F-CHH) | 12 of 12 ✔
[1a/fca7c1] epi…PORT (evoC-Bap1-mut-F_CHG) | 8 of 12
[b5/29d2e4] epi…(evoC_Bap1_run-genome-CHH) | 3 of 3 ✔
[c1/286c4a] epi…2ZARR (evoC-Bap1-mut-F-CG) | 4 of 4 ✔
[17/ec0760] epi…XPORT (evoC-Bap1-mut-F_CG) | 4 of 4 ✔
[77/1ce2ab] epi…2ZARR (evoC-Bap1-mut-F-CG) | 4 of 4 ✔
[fe/64cede] epi…XPORT (evoC-Bap1-mut-F_CG) | 4 of 4 ✔
[f0/f5c1c4] epi…voC_Bap1_run-long_ctrl-CG) | 1 of 1 ✔
[ce/ac52e7] summary:DQSPY (evoC_Bap1_run)  | 1 of 1 ✔
Plus 3 more processes waiting for tasks…

executor >  slurm (141)
[5a/98213b] res…AW (evoC-Bap1-mut-F, L005) | 4 of 4 ✔
[94/9d8d88] res…DE (evoC-Bap1-mut-F, L005) | 4 of 4 ✔
[-        ] resolve_align:FASTQC_RESOLVED  -
[bc/1d3e7e] res…M2 (evoC-Bap1-mut-F, L005) | 4 of 4 ✔
[-        ] res…align:SAMTOOLS_MERGE_LANES -
[-        ] resolve_align:PRESEQ           -
[b2/0bf87a] bam…t:BAMLET (evoC-Bap1-mut-F) | 4 of 4 ✔
[32/0ea4f0] bam…AP_BAMQC (evoC-Bap1-mut-F) | 4 of 4 ✔
[04/be1053] bam…TSS_BIAS (evoC-Bap1-mut-F) | 4 of 4 ✔
[-        ] bam…:DEEPTOOLS_PLOTFINGERPRINT -
[6f/d0d158] bam…D_GCBIAS (evoC-Bap1-mut-F) | 4 of 4 ✔
[8b/1d68c7] bam…ACCURACY (evoC-Bap1-mut-F) | 4 of 4 ✔
[b2/7e769c] var…E_CALLER (evoC-Bap1-mut-F) | 4 of 4 ✔
[9f/38af8c] var…NTERVALS (GRCm38_filtered) | 1 of 1 ✔
[0e/f3e438] var…DB_IMPORT (Interval: 0009) | 19 of 19 ✔
[d4/e45500] var…YPE_GVCFS (Interval: 0009) | 19 of 19 ✔
[82/089102] var…t_calling:MERGE_JOINT_VCFS | 1 of 1 ✔
[b4/03e7e9] var…ing_vcf, evoC-Bap1-ctrl-F) | 0 of 4
[-        ] var…_calling:MERGE_ASM_OUTPUTS -
[1f/8e642f] var…:MUTECT2 (evoC-Bap1-mut-F) | 4 of 4 ✔
[04/ddc78a] mbi…voC-Bap1-mut-F-CG-5-prime) | 12 of 12 ✔
[71/922293] epi…ZARR (evoC-Bap1-mut-F-CHH) | 12 of 12 ✔
[1a/fca7c1] epi…PORT (evoC-Bap1-mut-F_CHG) | 8 of 12
[b5/29d2e4] epi…(evoC_Bap1_run-genome-CHH) | 3 of 3 ✔
[c1/286c4a] epi…2ZARR (evoC-Bap1-mut-F-CG) | 4 of 4 ✔
[17/ec0760] epi…XPORT (evoC-Bap1-mut-F_CG) | 4 of 4 ✔
[77/1ce2ab] epi…2ZARR (evoC-Bap1-mut-F-CG) | 4 of 4 ✔
[fe/64cede] epi…XPORT (evoC-Bap1-mut-F_CG) | 4 of 4 ✔
[f0/f5c1c4] epi…voC_Bap1_run-long_ctrl-CG) | 1 of 1 ✔
[ce/ac52e7] summary:DQSPY (evoC_Bap1_run)  | 1 of 1 ✔
Plus 3 more processes waiting for tasks…

executor >  slurm (141)
[5a/98213b] res…AW (evoC-Bap1-mut-F, L005) | 4 of 4 ✔
[94/9d8d88] res…DE (evoC-Bap1-mut-F, L005) | 4 of 4 ✔
[-        ] resolve_align:FASTQC_RESOLVED  -
[bc/1d3e7e] res…M2 (evoC-Bap1-mut-F, L005) | 4 of 4 ✔
[-        ] res…align:SAMTOOLS_MERGE_LANES -
[-        ] resolve_align:PRESEQ           -
[b2/0bf87a] bam…t:BAMLET (evoC-Bap1-mut-F) | 4 of 4 ✔
[32/0ea4f0] bam…AP_BAMQC (evoC-Bap1-mut-F) | 4 of 4 ✔
[04/be1053] bam…TSS_BIAS (evoC-Bap1-mut-F) | 4 of 4 ✔
[-        ] bam…:DEEPTOOLS_PLOTFINGERPRINT -
[6f/d0d158] bam…D_GCBIAS (evoC-Bap1-mut-F) | 4 of 4 ✔
[8b/1d68c7] bam…ACCURACY (evoC-Bap1-mut-F) | 4 of 4 ✔
[b2/7e769c] var…E_CALLER (evoC-Bap1-mut-F) | 4 of 4 ✔
[9f/38af8c] var…NTERVALS (GRCm38_filtered) | 1 of 1 ✔
[0e/f3e438] var…DB_IMPORT (Interval: 0009) | 19 of 19 ✔
[d4/e45500] var…YPE_GVCFS (Interval: 0009) | 19 of 19 ✔
[82/089102] var…t_calling:MERGE_JOINT_VCFS | 1 of 1 ✔
[b4/03e7e9] var…ing_vcf, evoC-Bap1-ctrl-F) | 0 of 4
[-        ] var…_calling:MERGE_ASM_OUTPUTS -
[1f/8e642f] var…:MUTECT2 (evoC-Bap1-mut-F) | 4 of 4 ✔
[04/ddc78a] mbi…voC-Bap1-mut-F-CG-5-prime) | 12 of 12 ✔
[71/922293] epi…ZARR (evoC-Bap1-mut-F-CHH) | 12 of 12 ✔
[1a/fca7c1] epi…PORT (evoC-Bap1-mut-F_CHG) | 8 of 12
[b5/29d2e4] epi…(evoC_Bap1_run-genome-CHH) | 3 of 3 ✔
[c1/286c4a] epi…2ZARR (evoC-Bap1-mut-F-CG) | 4 of 4 ✔
[17/ec0760] epi…XPORT (evoC-Bap1-mut-F_CG) | 4 of 4 ✔
[77/1ce2ab] epi…2ZARR (evoC-Bap1-mut-F-CG) | 4 of 4 ✔
[fe/64cede] epi…XPORT (evoC-Bap1-mut-F_CG) | 4 of 4 ✔
[f0/f5c1c4] epi…voC_Bap1_run-long_ctrl-CG) | 1 of 1 ✔
[ce/ac52e7] summary:DQSPY (evoC_Bap1_run)  | 1 of 1 ✔
Plus 3 more processes waiting for tasks…

executor >  slurm (141)
[5a/98213b] res…AW (evoC-Bap1-mut-F, L005) | 4 of 4 ✔
[94/9d8d88] res…DE (evoC-Bap1-mut-F, L005) | 4 of 4 ✔
[-        ] resolve_align:FASTQC_RESOLVED  -
[bc/1d3e7e] res…M2 (evoC-Bap1-mut-F, L005) | 4 of 4 ✔
[-        ] res…align:SAMTOOLS_MERGE_LANES -
[-        ] resolve_align:PRESEQ           -
[b2/0bf87a] bam…t:BAMLET (evoC-Bap1-mut-F) | 4 of 4 ✔
[32/0ea4f0] bam…AP_BAMQC (evoC-Bap1-mut-F) | 4 of 4 ✔
[04/be1053] bam…TSS_BIAS (evoC-Bap1-mut-F) | 4 of 4 ✔
[-        ] bam…:DEEPTOOLS_PLOTFINGERPRINT -
[6f/d0d158] bam…D_GCBIAS (evoC-Bap1-mut-F) | 4 of 4 ✔
[8b/1d68c7] bam…ACCURACY (evoC-Bap1-mut-F) | 4 of 4 ✔
[b2/7e769c] var…E_CALLER (evoC-Bap1-mut-F) | 4 of 4 ✔
[9f/38af8c] var…NTERVALS (GRCm38_filtered) | 1 of 1 ✔
[0e/f3e438] var…DB_IMPORT (Interval: 0009) | 19 of 19 ✔
[d4/e45500] var…YPE_GVCFS (Interval: 0009) | 19 of 19 ✔
[82/089102] var…t_calling:MERGE_JOINT_VCFS | 1 of 1 ✔
[b4/03e7e9] var…ing_vcf, evoC-Bap1-ctrl-F) | 1 of 4
[-        ] var…_calling:MERGE_ASM_OUTPUTS -
[1f/8e642f] var…:MUTECT2 (evoC-Bap1-mut-F) | 4 of 4 ✔
[04/ddc78a] mbi…voC-Bap1-mut-F-CG-5-prime) | 12 of 12 ✔
[71/922293] epi…ZARR (evoC-Bap1-mut-F-CHH) | 12 of 12 ✔
[1a/fca7c1] epi…PORT (evoC-Bap1-mut-F_CHG) | 8 of 12
[b5/29d2e4] epi…(evoC_Bap1_run-genome-CHH) | 3 of 3 ✔
[c1/286c4a] epi…2ZARR (evoC-Bap1-mut-F-CG) | 4 of 4 ✔
[17/ec0760] epi…XPORT (evoC-Bap1-mut-F_CG) | 4 of 4 ✔
[77/1ce2ab] epi…2ZARR (evoC-Bap1-mut-F-CG) | 4 of 4 ✔
[fe/64cede] epi…XPORT (evoC-Bap1-mut-F_CG) | 4 of 4 ✔
[f0/f5c1c4] epi…voC_Bap1_run-long_ctrl-CG) | 1 of 1 ✔
[ce/ac52e7] summary:DQSPY (evoC_Bap1_run)  | 1 of 1 ✔
Plus 3 more processes waiting for tasks…

executor >  slurm (141)
[5a/98213b] res…AW (evoC-Bap1-mut-F, L005) | 4 of 4 ✔
[94/9d8d88] res…DE (evoC-Bap1-mut-F, L005) | 4 of 4 ✔
[-        ] resolve_align:FASTQC_RESOLVED  -
[bc/1d3e7e] res…M2 (evoC-Bap1-mut-F, L005) | 4 of 4 ✔
[-        ] res…align:SAMTOOLS_MERGE_LANES -
[-        ] resolve_align:PRESEQ           -
[b2/0bf87a] bam…t:BAMLET (evoC-Bap1-mut-F) | 4 of 4 ✔
[32/0ea4f0] bam…AP_BAMQC (evoC-Bap1-mut-F) | 4 of 4 ✔
[04/be1053] bam…TSS_BIAS (evoC-Bap1-mut-F) | 4 of 4 ✔
[-        ] bam…:DEEPTOOLS_PLOTFINGERPRINT -
[6f/d0d158] bam…D_GCBIAS (evoC-Bap1-mut-F) | 4 of 4 ✔
[8b/1d68c7] bam…ACCURACY (evoC-Bap1-mut-F) | 4 of 4 ✔
[b2/7e769c] var…E_CALLER (evoC-Bap1-mut-F) | 4 of 4 ✔
[9f/38af8c] var…NTERVALS (GRCm38_filtered) | 1 of 1 ✔
[0e/f3e438] var…DB_IMPORT (Interval: 0009) | 19 of 19 ✔
[d4/e45500] var…YPE_GVCFS (Interval: 0009) | 19 of 19 ✔
[82/089102] var…t_calling:MERGE_JOINT_VCFS | 1 of 1 ✔
[23/f44187] var…ping_vcf, evoC-Bap1-mut-M) | 2 of 4
[-        ] var…_calling:MERGE_ASM_OUTPUTS -
[1f/8e642f] var…:MUTECT2 (evoC-Bap1-mut-F) | 4 of 4 ✔
[04/ddc78a] mbi…voC-Bap1-mut-F-CG-5-prime) | 12 of 12 ✔
[71/922293] epi…ZARR (evoC-Bap1-mut-F-CHH) | 12 of 12 ✔
[1a/fca7c1] epi…PORT (evoC-Bap1-mut-F_CHG) | 8 of 12
[b5/29d2e4] epi…(evoC_Bap1_run-genome-CHH) | 3 of 3 ✔
[c1/286c4a] epi…2ZARR (evoC-Bap1-mut-F-CG) | 4 of 4 ✔
[17/ec0760] epi…XPORT (evoC-Bap1-mut-F_CG) | 4 of 4 ✔
[77/1ce2ab] epi…2ZARR (evoC-Bap1-mut-F-CG) | 4 of 4 ✔
[fe/64cede] epi…XPORT (evoC-Bap1-mut-F_CG) | 4 of 4 ✔
[f0/f5c1c4] epi…voC_Bap1_run-long_ctrl-CG) | 1 of 1 ✔
[ce/ac52e7] summary:DQSPY (evoC_Bap1_run)  | 1 of 1 ✔
Plus 3 more processes waiting for tasks…

executor >  slurm (141)
[5a/98213b] res…AW (evoC-Bap1-mut-F, L005) | 4 of 4 ✔
[94/9d8d88] res…DE (evoC-Bap1-mut-F, L005) | 4 of 4 ✔
[-        ] resolve_align:FASTQC_RESOLVED  -
[bc/1d3e7e] res…M2 (evoC-Bap1-mut-F, L005) | 4 of 4 ✔
[-        ] res…align:SAMTOOLS_MERGE_LANES -
[-        ] resolve_align:PRESEQ           -
[b2/0bf87a] bam…t:BAMLET (evoC-Bap1-mut-F) | 4 of 4 ✔
[32/0ea4f0] bam…AP_BAMQC (evoC-Bap1-mut-F) | 4 of 4 ✔
[04/be1053] bam…TSS_BIAS (evoC-Bap1-mut-F) | 4 of 4 ✔
[-        ] bam…:DEEPTOOLS_PLOTFINGERPRINT -
[6f/d0d158] bam…D_GCBIAS (evoC-Bap1-mut-F) | 4 of 4 ✔
[8b/1d68c7] bam…ACCURACY (evoC-Bap1-mut-F) | 4 of 4 ✔
[b2/7e769c] var…E_CALLER (evoC-Bap1-mut-F) | 4 of 4 ✔
[9f/38af8c] var…NTERVALS (GRCm38_filtered) | 1 of 1 ✔
[0e/f3e438] var…DB_IMPORT (Interval: 0009) | 19 of 19 ✔
[d4/e45500] var…YPE_GVCFS (Interval: 0009) | 19 of 19 ✔
[82/089102] var…t_calling:MERGE_JOINT_VCFS | 1 of 1 ✔
[26/0cbbca] var…ing_vcf, evoC-Bap1-ctrl-M) | 3 of 4
[-        ] var…_calling:MERGE_ASM_OUTPUTS -
[1f/8e642f] var…:MUTECT2 (evoC-Bap1-mut-F) | 4 of 4 ✔
[04/ddc78a] mbi…voC-Bap1-mut-F-CG-5-prime) | 12 of 12 ✔
[71/922293] epi…ZARR (evoC-Bap1-mut-F-CHH) | 12 of 12 ✔
[1a/fca7c1] epi…PORT (evoC-Bap1-mut-F_CHG) | 8 of 12
[b5/29d2e4] epi…(evoC_Bap1_run-genome-CHH) | 3 of 3 ✔
[c1/286c4a] epi…2ZARR (evoC-Bap1-mut-F-CG) | 4 of 4 ✔
[17/ec0760] epi…XPORT (evoC-Bap1-mut-F_CG) | 4 of 4 ✔
[77/1ce2ab] epi…2ZARR (evoC-Bap1-mut-F-CG) | 4 of 4 ✔
[fe/64cede] epi…XPORT (evoC-Bap1-mut-F_CG) | 4 of 4 ✔
[f0/f5c1c4] epi…voC_Bap1_run-long_ctrl-CG) | 1 of 1 ✔
[ce/ac52e7] summary:DQSPY (evoC_Bap1_run)  | 1 of 1 ✔
Plus 3 more processes waiting for tasks…

executor >  slurm (142)
[5a/98213b] res…AW (evoC-Bap1-mut-F, L005) | 4 of 4 ✔
[94/9d8d88] res…DE (evoC-Bap1-mut-F, L005) | 4 of 4 ✔
[-        ] resolve_align:FASTQC_RESOLVED  -
[bc/1d3e7e] res…M2 (evoC-Bap1-mut-F, L005) | 4 of 4 ✔
[-        ] res…align:SAMTOOLS_MERGE_LANES -
[-        ] resolve_align:PRESEQ           -
[b2/0bf87a] bam…t:BAMLET (evoC-Bap1-mut-F) | 4 of 4 ✔
[32/0ea4f0] bam…AP_BAMQC (evoC-Bap1-mut-F) | 4 of 4 ✔
[04/be1053] bam…TSS_BIAS (evoC-Bap1-mut-F) | 4 of 4 ✔
[-        ] bam…:DEEPTOOLS_PLOTFINGERPRINT -
[6f/d0d158] bam…D_GCBIAS (evoC-Bap1-mut-F) | 4 of 4 ✔
[8b/1d68c7] bam…ACCURACY (evoC-Bap1-mut-F) | 4 of 4 ✔
[b2/7e769c] var…E_CALLER (evoC-Bap1-mut-F) | 4 of 4 ✔
[9f/38af8c] var…NTERVALS (GRCm38_filtered) | 1 of 1 ✔
[0e/f3e438] var…DB_IMPORT (Interval: 0009) | 19 of 19 ✔
[d4/e45500] var…YPE_GVCFS (Interval: 0009) | 19 of 19 ✔
[82/089102] var…t_calling:MERGE_JOINT_VCFS | 1 of 1 ✔
[13/44f213] var…ping_vcf, evoC-Bap1-mut-F) | 4 of 4 ✔
[51/9d69c9] var…_calling:MERGE_ASM_OUTPUTS | 0 of 1
[1f/8e642f] var…:MUTECT2 (evoC-Bap1-mut-F) | 4 of 4 ✔
[04/ddc78a] mbi…voC-Bap1-mut-F-CG-5-prime) | 12 of 12 ✔
[71/922293] epi…ZARR (evoC-Bap1-mut-F-CHH) | 12 of 12 ✔
[1a/fca7c1] epi…PORT (evoC-Bap1-mut-F_CHG) | 8 of 12
[b5/29d2e4] epi…(evoC_Bap1_run-genome-CHH) | 3 of 3 ✔
[c1/286c4a] epi…2ZARR (evoC-Bap1-mut-F-CG) | 4 of 4 ✔
[17/ec0760] epi…XPORT (evoC-Bap1-mut-F_CG) | 4 of 4 ✔
[77/1ce2ab] epi…2ZARR (evoC-Bap1-mut-F-CG) | 4 of 4 ✔
[fe/64cede] epi…XPORT (evoC-Bap1-mut-F_CG) | 4 of 4 ✔
[f0/f5c1c4] epi…voC_Bap1_run-long_ctrl-CG) | 1 of 1 ✔
[ce/ac52e7] summary:DQSPY (evoC_Bap1_run)  | 1 of 1 ✔
Plus 3 more processes waiting for tasks…

executor >  slurm (142)
[5a/98213b] res…AW (evoC-Bap1-mut-F, L005) | 4 of 4 ✔
[94/9d8d88] res…DE (evoC-Bap1-mut-F, L005) | 4 of 4 ✔
[-        ] resolve_align:FASTQC_RESOLVED  -
[bc/1d3e7e] res…M2 (evoC-Bap1-mut-F, L005) | 4 of 4 ✔
[-        ] res…align:SAMTOOLS_MERGE_LANES -
[-        ] resolve_align:PRESEQ           -
[b2/0bf87a] bam…t:BAMLET (evoC-Bap1-mut-F) | 4 of 4 ✔
[32/0ea4f0] bam…AP_BAMQC (evoC-Bap1-mut-F) | 4 of 4 ✔
[04/be1053] bam…TSS_BIAS (evoC-Bap1-mut-F) | 4 of 4 ✔
[-        ] bam…:DEEPTOOLS_PLOTFINGERPRINT -
[6f/d0d158] bam…D_GCBIAS (evoC-Bap1-mut-F) | 4 of 4 ✔
[8b/1d68c7] bam…ACCURACY (evoC-Bap1-mut-F) | 4 of 4 ✔
[b2/7e769c] var…E_CALLER (evoC-Bap1-mut-F) | 4 of 4 ✔
[9f/38af8c] var…NTERVALS (GRCm38_filtered) | 1 of 1 ✔
[0e/f3e438] var…DB_IMPORT (Interval: 0009) | 19 of 19 ✔
[d4/e45500] var…YPE_GVCFS (Interval: 0009) | 19 of 19 ✔
[82/089102] var…t_calling:MERGE_JOINT_VCFS | 1 of 1 ✔
[13/44f213] var…ping_vcf, evoC-Bap1-mut-F) | 4 of 4 ✔
[51/9d69c9] var…_calling:MERGE_ASM_OUTPUTS | 0 of 1
[1f/8e642f] var…:MUTECT2 (evoC-Bap1-mut-F) | 4 of 4 ✔
[04/ddc78a] mbi…voC-Bap1-mut-F-CG-5-prime) | 12 of 12 ✔
[71/922293] epi…ZARR (evoC-Bap1-mut-F-CHH) | 12 of 12 ✔
[1a/fca7c1] epi…PORT (evoC-Bap1-mut-F_CHG) | 8 of 12
[b5/29d2e4] epi…(evoC_Bap1_run-genome-CHH) | 3 of 3 ✔
[c1/286c4a] epi…2ZARR (evoC-Bap1-mut-F-CG) | 4 of 4 ✔
[17/ec0760] epi…XPORT (evoC-Bap1-mut-F_CG) | 4 of 4 ✔
[77/1ce2ab] epi…2ZARR (evoC-Bap1-mut-F-CG) | 4 of 4 ✔
[fe/64cede] epi…XPORT (evoC-Bap1-mut-F_CG) | 4 of 4 ✔
[f0/f5c1c4] epi…voC_Bap1_run-long_ctrl-CG) | 1 of 1 ✔
[ce/ac52e7] summary:DQSPY (evoC_Bap1_run)  | 1 of 1 ✔
Plus 3 more processes waiting for tasks…

executor >  slurm (142)
[5a/98213b] res…AW (evoC-Bap1-mut-F, L005) | 4 of 4 ✔
[94/9d8d88] res…DE (evoC-Bap1-mut-F, L005) | 4 of 4 ✔
[-        ] resolve_align:FASTQC_RESOLVED  -
[bc/1d3e7e] res…M2 (evoC-Bap1-mut-F, L005) | 4 of 4 ✔
[-        ] res…align:SAMTOOLS_MERGE_LANES -
[-        ] resolve_align:PRESEQ           -
[b2/0bf87a] bam…t:BAMLET (evoC-Bap1-mut-F) | 4 of 4 ✔
[32/0ea4f0] bam…AP_BAMQC (evoC-Bap1-mut-F) | 4 of 4 ✔
[04/be1053] bam…TSS_BIAS (evoC-Bap1-mut-F) | 4 of 4 ✔
[-        ] bam…:DEEPTOOLS_PLOTFINGERPRINT -
[6f/d0d158] bam…D_GCBIAS (evoC-Bap1-mut-F) | 4 of 4 ✔
[8b/1d68c7] bam…ACCURACY (evoC-Bap1-mut-F) | 4 of 4 ✔
[b2/7e769c] var…E_CALLER (evoC-Bap1-mut-F) | 4 of 4 ✔
[9f/38af8c] var…NTERVALS (GRCm38_filtered) | 1 of 1 ✔
[0e/f3e438] var…DB_IMPORT (Interval: 0009) | 19 of 19 ✔
[d4/e45500] var…YPE_GVCFS (Interval: 0009) | 19 of 19 ✔
[82/089102] var…t_calling:MERGE_JOINT_VCFS | 1 of 1 ✔
[13/44f213] var…ping_vcf, evoC-Bap1-mut-F) | 4 of 4 ✔
[51/9d69c9] var…_calling:MERGE_ASM_OUTPUTS | 1 of 1 ✔
[1f/8e642f] var…:MUTECT2 (evoC-Bap1-mut-F) | 4 of 4 ✔
[04/ddc78a] mbi…voC-Bap1-mut-F-CG-5-prime) | 12 of 12 ✔
[71/922293] epi…ZARR (evoC-Bap1-mut-F-CHH) | 12 of 12 ✔
[1a/fca7c1] epi…PORT (evoC-Bap1-mut-F_CHG) | 8 of 12
[b5/29d2e4] epi…(evoC_Bap1_run-genome-CHH) | 3 of 3 ✔
[c1/286c4a] epi…2ZARR (evoC-Bap1-mut-F-CG) | 4 of 4 ✔
[17/ec0760] epi…XPORT (evoC-Bap1-mut-F_CG) | 4 of 4 ✔
[77/1ce2ab] epi…2ZARR (evoC-Bap1-mut-F-CG) | 4 of 4 ✔
[fe/64cede] epi…XPORT (evoC-Bap1-mut-F_CG) | 4 of 4 ✔
[f0/f5c1c4] epi…voC_Bap1_run-long_ctrl-CG) | 1 of 1 ✔
[ce/ac52e7] summary:DQSPY (evoC_Bap1_run)  | 1 of 1 ✔
Plus 3 more processes waiting for tasks…

executor >  slurm (142)
[5a/98213b] res…AW (evoC-Bap1-mut-F, L005) | 4 of 4 ✔
[94/9d8d88] res…DE (evoC-Bap1-mut-F, L005) | 4 of 4 ✔
[-        ] resolve_align:FASTQC_RESOLVED  -
[bc/1d3e7e] res…M2 (evoC-Bap1-mut-F, L005) | 4 of 4 ✔
[-        ] res…align:SAMTOOLS_MERGE_LANES -
[-        ] resolve_align:PRESEQ           -
[b2/0bf87a] bam…t:BAMLET (evoC-Bap1-mut-F) | 4 of 4 ✔
[32/0ea4f0] bam…AP_BAMQC (evoC-Bap1-mut-F) | 4 of 4 ✔
[04/be1053] bam…TSS_BIAS (evoC-Bap1-mut-F) | 4 of 4 ✔
[-        ] bam…:DEEPTOOLS_PLOTFINGERPRINT -
[6f/d0d158] bam…D_GCBIAS (evoC-Bap1-mut-F) | 4 of 4 ✔
[8b/1d68c7] bam…ACCURACY (evoC-Bap1-mut-F) | 4 of 4 ✔
[b2/7e769c] var…E_CALLER (evoC-Bap1-mut-F) | 4 of 4 ✔
[9f/38af8c] var…NTERVALS (GRCm38_filtered) | 1 of 1 ✔
[0e/f3e438] var…DB_IMPORT (Interval: 0009) | 19 of 19 ✔
[d4/e45500] var…YPE_GVCFS (Interval: 0009) | 19 of 19 ✔
[82/089102] var…t_calling:MERGE_JOINT_VCFS | 1 of 1 ✔
[13/44f213] var…ping_vcf, evoC-Bap1-mut-F) | 4 of 4 ✔
[51/9d69c9] var…_calling:MERGE_ASM_OUTPUTS | 1 of 1 ✔
[1f/8e642f] var…:MUTECT2 (evoC-Bap1-mut-F) | 4 of 4 ✔
[04/ddc78a] mbi…voC-Bap1-mut-F-CG-5-prime) | 12 of 12 ✔
[71/922293] epi…ZARR (evoC-Bap1-mut-F-CHH) | 12 of 12 ✔
[33/377758] epi…ORT (evoC-Bap1-ctrl-F_CHH) | 9 of 12
[b5/29d2e4] epi…(evoC_Bap1_run-genome-CHH) | 3 of 3 ✔
[c1/286c4a] epi…2ZARR (evoC-Bap1-mut-F-CG) | 4 of 4 ✔
[17/ec0760] epi…XPORT (evoC-Bap1-mut-F_CG) | 4 of 4 ✔
[77/1ce2ab] epi…2ZARR (evoC-Bap1-mut-F-CG) | 4 of 4 ✔
[fe/64cede] epi…XPORT (evoC-Bap1-mut-F_CG) | 4 of 4 ✔
[f0/f5c1c4] epi…voC_Bap1_run-long_ctrl-CG) | 1 of 1 ✔
[ce/ac52e7] summary:DQSPY (evoC_Bap1_run)  | 1 of 1 ✔
Plus 3 more processes waiting for tasks…

executor >  slurm (142)
[5a/98213b] res…AW (evoC-Bap1-mut-F, L005) | 4 of 4 ✔
[94/9d8d88] res…DE (evoC-Bap1-mut-F, L005) | 4 of 4 ✔
[-        ] resolve_align:FASTQC_RESOLVED  -
[bc/1d3e7e] res…M2 (evoC-Bap1-mut-F, L005) | 4 of 4 ✔
[-        ] res…align:SAMTOOLS_MERGE_LANES -
[-        ] resolve_align:PRESEQ           -
[b2/0bf87a] bam…t:BAMLET (evoC-Bap1-mut-F) | 4 of 4 ✔
[32/0ea4f0] bam…AP_BAMQC (evoC-Bap1-mut-F) | 4 of 4 ✔
[04/be1053] bam…TSS_BIAS (evoC-Bap1-mut-F) | 4 of 4 ✔
[-        ] bam…:DEEPTOOLS_PLOTFINGERPRINT -
[6f/d0d158] bam…D_GCBIAS (evoC-Bap1-mut-F) | 4 of 4 ✔
[8b/1d68c7] bam…ACCURACY (evoC-Bap1-mut-F) | 4 of 4 ✔
[b2/7e769c] var…E_CALLER (evoC-Bap1-mut-F) | 4 of 4 ✔
[9f/38af8c] var…NTERVALS (GRCm38_filtered) | 1 of 1 ✔
[0e/f3e438] var…DB_IMPORT (Interval: 0009) | 19 of 19 ✔
[d4/e45500] var…YPE_GVCFS (Interval: 0009) | 19 of 19 ✔
[82/089102] var…t_calling:MERGE_JOINT_VCFS | 1 of 1 ✔
[13/44f213] var…ping_vcf, evoC-Bap1-mut-F) | 4 of 4 ✔
[51/9d69c9] var…_calling:MERGE_ASM_OUTPUTS | 1 of 1 ✔
[1f/8e642f] var…:MUTECT2 (evoC-Bap1-mut-F) | 4 of 4 ✔
[04/ddc78a] mbi…voC-Bap1-mut-F-CG-5-prime) | 12 of 12 ✔
[71/922293] epi…ZARR (evoC-Bap1-mut-F-CHH) | 12 of 12 ✔
[b6/2da116] epi…ORT (evoC-Bap1-ctrl-M_CHH) | 10 of 12
[b5/29d2e4] epi…(evoC_Bap1_run-genome-CHH) | 3 of 3 ✔
[c1/286c4a] epi…2ZARR (evoC-Bap1-mut-F-CG) | 4 of 4 ✔
[17/ec0760] epi…XPORT (evoC-Bap1-mut-F_CG) | 4 of 4 ✔
[77/1ce2ab] epi…2ZARR (evoC-Bap1-mut-F-CG) | 4 of 4 ✔
[fe/64cede] epi…XPORT (evoC-Bap1-mut-F_CG) | 4 of 4 ✔
[f0/f5c1c4] epi…voC_Bap1_run-long_ctrl-CG) | 1 of 1 ✔
[ce/ac52e7] summary:DQSPY (evoC_Bap1_run)  | 1 of 1 ✔
Plus 3 more processes waiting for tasks…

executor >  slurm (142)
[5a/98213b] res…AW (evoC-Bap1-mut-F, L005) | 4 of 4 ✔
[94/9d8d88] res…DE (evoC-Bap1-mut-F, L005) | 4 of 4 ✔
[-        ] resolve_align:FASTQC_RESOLVED  -
[bc/1d3e7e] res…M2 (evoC-Bap1-mut-F, L005) | 4 of 4 ✔
[-        ] res…align:SAMTOOLS_MERGE_LANES -
[-        ] resolve_align:PRESEQ           -
[b2/0bf87a] bam…t:BAMLET (evoC-Bap1-mut-F) | 4 of 4 ✔
[32/0ea4f0] bam…AP_BAMQC (evoC-Bap1-mut-F) | 4 of 4 ✔
[04/be1053] bam…TSS_BIAS (evoC-Bap1-mut-F) | 4 of 4 ✔
[-        ] bam…:DEEPTOOLS_PLOTFINGERPRINT -
[6f/d0d158] bam…D_GCBIAS (evoC-Bap1-mut-F) | 4 of 4 ✔
[8b/1d68c7] bam…ACCURACY (evoC-Bap1-mut-F) | 4 of 4 ✔
[b2/7e769c] var…E_CALLER (evoC-Bap1-mut-F) | 4 of 4 ✔
[9f/38af8c] var…NTERVALS (GRCm38_filtered) | 1 of 1 ✔
[0e/f3e438] var…DB_IMPORT (Interval: 0009) | 19 of 19 ✔
[d4/e45500] var…YPE_GVCFS (Interval: 0009) | 19 of 19 ✔
[82/089102] var…t_calling:MERGE_JOINT_VCFS | 1 of 1 ✔
[13/44f213] var…ping_vcf, evoC-Bap1-mut-F) | 4 of 4 ✔
[51/9d69c9] var…_calling:MERGE_ASM_OUTPUTS | 1 of 1 ✔
[1f/8e642f] var…:MUTECT2 (evoC-Bap1-mut-F) | 4 of 4 ✔
[04/ddc78a] mbi…voC-Bap1-mut-F-CG-5-prime) | 12 of 12 ✔
[71/922293] epi…ZARR (evoC-Bap1-mut-F-CHH) | 12 of 12 ✔
[c5/7aed2e] epi…PORT (evoC-Bap1-mut-F_CHH) | 11 of 12
[b5/29d2e4] epi…(evoC_Bap1_run-genome-CHH) | 3 of 3 ✔
[c1/286c4a] epi…2ZARR (evoC-Bap1-mut-F-CG) | 4 of 4 ✔
[17/ec0760] epi…XPORT (evoC-Bap1-mut-F_CG) | 4 of 4 ✔
[77/1ce2ab] epi…2ZARR (evoC-Bap1-mut-F-CG) | 4 of 4 ✔
[fe/64cede] epi…XPORT (evoC-Bap1-mut-F_CG) | 4 of 4 ✔
[f0/f5c1c4] epi…voC_Bap1_run-long_ctrl-CG) | 1 of 1 ✔
[ce/ac52e7] summary:DQSPY (evoC_Bap1_run)  | 1 of 1 ✔
Plus 3 more processes waiting for tasks…

executor >  slurm (142)
[5a/98213b] res…AW (evoC-Bap1-mut-F, L005) | 4 of 4 ✔
[94/9d8d88] res…DE (evoC-Bap1-mut-F, L005) | 4 of 4 ✔
[-        ] resolve_align:FASTQC_RESOLVED  -
[bc/1d3e7e] res…M2 (evoC-Bap1-mut-F, L005) | 4 of 4 ✔
[-        ] res…align:SAMTOOLS_MERGE_LANES -
[-        ] resolve_align:PRESEQ           -
[b2/0bf87a] bam…t:BAMLET (evoC-Bap1-mut-F) | 4 of 4 ✔
[32/0ea4f0] bam…AP_BAMQC (evoC-Bap1-mut-F) | 4 of 4 ✔
[04/be1053] bam…TSS_BIAS (evoC-Bap1-mut-F) | 4 of 4 ✔
[-        ] bam…:DEEPTOOLS_PLOTFINGERPRINT -
[6f/d0d158] bam…D_GCBIAS (evoC-Bap1-mut-F) | 4 of 4 ✔
[8b/1d68c7] bam…ACCURACY (evoC-Bap1-mut-F) | 4 of 4 ✔
[b2/7e769c] var…E_CALLER (evoC-Bap1-mut-F) | 4 of 4 ✔
[9f/38af8c] var…NTERVALS (GRCm38_filtered) | 1 of 1 ✔
[0e/f3e438] var…DB_IMPORT (Interval: 0009) | 19 of 19 ✔
[d4/e45500] var…YPE_GVCFS (Interval: 0009) | 19 of 19 ✔
[82/089102] var…t_calling:MERGE_JOINT_VCFS | 1 of 1 ✔
[13/44f213] var…ping_vcf, evoC-Bap1-mut-F) | 4 of 4 ✔
[51/9d69c9] var…_calling:MERGE_ASM_OUTPUTS | 1 of 1 ✔
[1f/8e642f] var…:MUTECT2 (evoC-Bap1-mut-F) | 4 of 4 ✔
[04/ddc78a] mbi…voC-Bap1-mut-F-CG-5-prime) | 12 of 12 ✔
[71/922293] epi…ZARR (evoC-Bap1-mut-F-CHH) | 12 of 12 ✔
[b4/f1639c] epi…PORT (evoC-Bap1-mut-M_CHH) | 12 of 12 ✔
[b5/29d2e4] epi…(evoC_Bap1_run-genome-CHH) | 3 of 3 ✔
[c1/286c4a] epi…2ZARR (evoC-Bap1-mut-F-CG) | 4 of 4 ✔
[17/ec0760] epi…XPORT (evoC-Bap1-mut-F_CG) | 4 of 4 ✔
[77/1ce2ab] epi…2ZARR (evoC-Bap1-mut-F-CG) | 4 of 4 ✔
[fe/64cede] epi…XPORT (evoC-Bap1-mut-F_CG) | 4 of 4 ✔
[f0/f5c1c4] epi…voC_Bap1_run-long_ctrl-CG) | 1 of 1 ✔
[ce/ac52e7] summary:DQSPY (evoC_Bap1_run)  | 1 of 1 ✔
Plus 3 more processes waiting for tasks…

executor >  slurm (142)
[5a/98213b] res…AW (evoC-Bap1-mut-F, L005) | 4 of 4 ✔
[94/9d8d88] res…DE (evoC-Bap1-mut-F, L005) | 4 of 4 ✔
[-        ] resolve_align:FASTQC_RESOLVED  -
[bc/1d3e7e] res…M2 (evoC-Bap1-mut-F, L005) | 4 of 4 ✔
[-        ] res…align:SAMTOOLS_MERGE_LANES -
[-        ] resolve_align:PRESEQ           -
[b2/0bf87a] bam…t:BAMLET (evoC-Bap1-mut-F) | 4 of 4 ✔
[32/0ea4f0] bam…AP_BAMQC (evoC-Bap1-mut-F) | 4 of 4 ✔
[04/be1053] bam…TSS_BIAS (evoC-Bap1-mut-F) | 4 of 4 ✔
[-        ] bam…:DEEPTOOLS_PLOTFINGERPRINT -
[6f/d0d158] bam…D_GCBIAS (evoC-Bap1-mut-F) | 4 of 4 ✔
[8b/1d68c7] bam…ACCURACY (evoC-Bap1-mut-F) | 4 of 4 ✔
[b2/7e769c] var…E_CALLER (evoC-Bap1-mut-F) | 4 of 4 ✔
[9f/38af8c] var…NTERVALS (GRCm38_filtered) | 1 of 1 ✔
[0e/f3e438] var…DB_IMPORT (Interval: 0009) | 19 of 19 ✔
[d4/e45500] var…YPE_GVCFS (Interval: 0009) | 19 of 19 ✔
[82/089102] var…t_calling:MERGE_JOINT_VCFS | 1 of 1 ✔
[13/44f213] var…ping_vcf, evoC-Bap1-mut-F) | 4 of 4 ✔
[51/9d69c9] var…_calling:MERGE_ASM_OUTPUTS | 1 of 1 ✔
[1f/8e642f] var…:MUTECT2 (evoC-Bap1-mut-F) | 4 of 4 ✔
[04/ddc78a] mbi…voC-Bap1-mut-F-CG-5-prime) | 12 of 12 ✔
[71/922293] epi…ZARR (evoC-Bap1-mut-F-CHH) | 12 of 12 ✔
[b4/f1639c] epi…PORT (evoC-Bap1-mut-M_CHH) | 12 of 12 ✔
[b5/29d2e4] epi…(evoC_Bap1_run-genome-CHH) | 3 of 3 ✔
[c1/286c4a] epi…2ZARR (evoC-Bap1-mut-F-CG) | 4 of 4 ✔
[17/ec0760] epi…XPORT (evoC-Bap1-mut-F_CG) | 4 of 4 ✔
[77/1ce2ab] epi…2ZARR (evoC-Bap1-mut-F-CG) | 4 of 4 ✔
[fe/64cede] epi…XPORT (evoC-Bap1-mut-F_CG) | 4 of 4 ✔
[f0/f5c1c4] epi…voC_Bap1_run-long_ctrl-CG) | 1 of 1 ✔
[ce/ac52e7] summary:DQSPY (evoC_Bap1_run)  | 1 of 1 ✔
[-        ] summary:PIPELINE_REPORT        | 0 of 1
Plus 2 more processes waiting for tasks…

executor >  slurm (143)
[5a/98213b] res…AW (evoC-Bap1-mut-F, L005) | 4 of 4 ✔
[94/9d8d88] res…DE (evoC-Bap1-mut-F, L005) | 4 of 4 ✔
[-        ] resolve_align:FASTQC_RESOLVED  -
[bc/1d3e7e] res…M2 (evoC-Bap1-mut-F, L005) | 4 of 4 ✔
[-        ] res…align:SAMTOOLS_MERGE_LANES -
[-        ] resolve_align:PRESEQ           -
[b2/0bf87a] bam…t:BAMLET (evoC-Bap1-mut-F) | 4 of 4 ✔
[32/0ea4f0] bam…AP_BAMQC (evoC-Bap1-mut-F) | 4 of 4 ✔
[04/be1053] bam…TSS_BIAS (evoC-Bap1-mut-F) | 4 of 4 ✔
[-        ] bam…:DEEPTOOLS_PLOTFINGERPRINT -
[6f/d0d158] bam…D_GCBIAS (evoC-Bap1-mut-F) | 4 of 4 ✔
[8b/1d68c7] bam…ACCURACY (evoC-Bap1-mut-F) | 4 of 4 ✔
[b2/7e769c] var…E_CALLER (evoC-Bap1-mut-F) | 4 of 4 ✔
[9f/38af8c] var…NTERVALS (GRCm38_filtered) | 1 of 1 ✔
[0e/f3e438] var…DB_IMPORT (Interval: 0009) | 19 of 19 ✔
[d4/e45500] var…YPE_GVCFS (Interval: 0009) | 19 of 19 ✔
[82/089102] var…t_calling:MERGE_JOINT_VCFS | 1 of 1 ✔
[13/44f213] var…ping_vcf, evoC-Bap1-mut-F) | 4 of 4 ✔
[51/9d69c9] var…_calling:MERGE_ASM_OUTPUTS | 1 of 1 ✔
[1f/8e642f] var…:MUTECT2 (evoC-Bap1-mut-F) | 4 of 4 ✔
[04/ddc78a] mbi…voC-Bap1-mut-F-CG-5-prime) | 12 of 12 ✔
[71/922293] epi…ZARR (evoC-Bap1-mut-F-CHH) | 12 of 12 ✔
[b4/f1639c] epi…PORT (evoC-Bap1-mut-M_CHH) | 12 of 12 ✔
[b5/29d2e4] epi…(evoC_Bap1_run-genome-CHH) | 3 of 3 ✔
[c1/286c4a] epi…2ZARR (evoC-Bap1-mut-F-CG) | 4 of 4 ✔
[17/ec0760] epi…XPORT (evoC-Bap1-mut-F_CG) | 4 of 4 ✔
[77/1ce2ab] epi…2ZARR (evoC-Bap1-mut-F-CG) | 4 of 4 ✔
[fe/64cede] epi…XPORT (evoC-Bap1-mut-F_CG) | 4 of 4 ✔
[f0/f5c1c4] epi…voC_Bap1_run-long_ctrl-CG) | 1 of 1 ✔
[ce/ac52e7] summary:DQSPY (evoC_Bap1_run)  | 1 of 1 ✔
[8b/e9d12c] sum…INE_REPORT (evoC_Bap1_run) | 0 of 1
Plus 2 more processes waiting for tasks…

executor >  slurm (143)
[5a/98213b] res…AW (evoC-Bap1-mut-F, L005) | 4 of 4 ✔
[94/9d8d88] res…DE (evoC-Bap1-mut-F, L005) | 4 of 4 ✔
[-        ] resolve_align:FASTQC_RESOLVED  -
[bc/1d3e7e] res…M2 (evoC-Bap1-mut-F, L005) | 4 of 4 ✔
[-        ] res…align:SAMTOOLS_MERGE_LANES -
[-        ] resolve_align:PRESEQ           -
[b2/0bf87a] bam…t:BAMLET (evoC-Bap1-mut-F) | 4 of 4 ✔
[32/0ea4f0] bam…AP_BAMQC (evoC-Bap1-mut-F) | 4 of 4 ✔
[04/be1053] bam…TSS_BIAS (evoC-Bap1-mut-F) | 4 of 4 ✔
[-        ] bam…:DEEPTOOLS_PLOTFINGERPRINT -
[6f/d0d158] bam…D_GCBIAS (evoC-Bap1-mut-F) | 4 of 4 ✔
[8b/1d68c7] bam…ACCURACY (evoC-Bap1-mut-F) | 4 of 4 ✔
[b2/7e769c] var…E_CALLER (evoC-Bap1-mut-F) | 4 of 4 ✔
[9f/38af8c] var…NTERVALS (GRCm38_filtered) | 1 of 1 ✔
[0e/f3e438] var…DB_IMPORT (Interval: 0009) | 19 of 19 ✔
[d4/e45500] var…YPE_GVCFS (Interval: 0009) | 19 of 19 ✔
[82/089102] var…t_calling:MERGE_JOINT_VCFS | 1 of 1 ✔
[13/44f213] var…ping_vcf, evoC-Bap1-mut-F) | 4 of 4 ✔
[51/9d69c9] var…_calling:MERGE_ASM_OUTPUTS | 1 of 1 ✔
[1f/8e642f] var…:MUTECT2 (evoC-Bap1-mut-F) | 4 of 4 ✔
[04/ddc78a] mbi…voC-Bap1-mut-F-CG-5-prime) | 12 of 12 ✔
[71/922293] epi…ZARR (evoC-Bap1-mut-F-CHH) | 12 of 12 ✔
[b4/f1639c] epi…PORT (evoC-Bap1-mut-M_CHH) | 12 of 12 ✔
[b5/29d2e4] epi…(evoC_Bap1_run-genome-CHH) | 3 of 3 ✔
[c1/286c4a] epi…2ZARR (evoC-Bap1-mut-F-CG) | 4 of 4 ✔
[17/ec0760] epi…XPORT (evoC-Bap1-mut-F_CG) | 4 of 4 ✔
[77/1ce2ab] epi…2ZARR (evoC-Bap1-mut-F-CG) | 4 of 4 ✔
[fe/64cede] epi…XPORT (evoC-Bap1-mut-F_CG) | 4 of 4 ✔
[f0/f5c1c4] epi…voC_Bap1_run-long_ctrl-CG) | 1 of 1 ✔
[ce/ac52e7] summary:DQSPY (evoC_Bap1_run)  | 1 of 1 ✔
[8b/e9d12c] sum…INE_REPORT (evoC_Bap1_run) | 0 of 1
Plus 2 more processes waiting for tasks…

executor >  slurm (143)
[5a/98213b] res…AW (evoC-Bap1-mut-F, L005) | 4 of 4 ✔
[94/9d8d88] res…DE (evoC-Bap1-mut-F, L005) | 4 of 4 ✔
[-        ] resolve_align:FASTQC_RESOLVED  -
[bc/1d3e7e] res…M2 (evoC-Bap1-mut-F, L005) | 4 of 4 ✔
[-        ] res…align:SAMTOOLS_MERGE_LANES -
[-        ] resolve_align:PRESEQ           -
[b2/0bf87a] bam…t:BAMLET (evoC-Bap1-mut-F) | 4 of 4 ✔
[32/0ea4f0] bam…AP_BAMQC (evoC-Bap1-mut-F) | 4 of 4 ✔
[04/be1053] bam…TSS_BIAS (evoC-Bap1-mut-F) | 4 of 4 ✔
[-        ] bam…:DEEPTOOLS_PLOTFINGERPRINT -
[6f/d0d158] bam…D_GCBIAS (evoC-Bap1-mut-F) | 4 of 4 ✔
[8b/1d68c7] bam…ACCURACY (evoC-Bap1-mut-F) | 4 of 4 ✔
[b2/7e769c] var…E_CALLER (evoC-Bap1-mut-F) | 4 of 4 ✔
[9f/38af8c] var…NTERVALS (GRCm38_filtered) | 1 of 1 ✔
[0e/f3e438] var…DB_IMPORT (Interval: 0009) | 19 of 19 ✔
[d4/e45500] var…YPE_GVCFS (Interval: 0009) | 19 of 19 ✔
[82/089102] var…t_calling:MERGE_JOINT_VCFS | 1 of 1 ✔
[13/44f213] var…ping_vcf, evoC-Bap1-mut-F) | 4 of 4 ✔
[51/9d69c9] var…_calling:MERGE_ASM_OUTPUTS | 1 of 1 ✔
[1f/8e642f] var…:MUTECT2 (evoC-Bap1-mut-F) | 4 of 4 ✔
[04/ddc78a] mbi…voC-Bap1-mut-F-CG-5-prime) | 12 of 12 ✔
[71/922293] epi…ZARR (evoC-Bap1-mut-F-CHH) | 12 of 12 ✔
[b4/f1639c] epi…PORT (evoC-Bap1-mut-M_CHH) | 12 of 12 ✔
[b5/29d2e4] epi…(evoC_Bap1_run-genome-CHH) | 3 of 3 ✔
[c1/286c4a] epi…2ZARR (evoC-Bap1-mut-F-CG) | 4 of 4 ✔
[17/ec0760] epi…XPORT (evoC-Bap1-mut-F_CG) | 4 of 4 ✔
[77/1ce2ab] epi…2ZARR (evoC-Bap1-mut-F-CG) | 4 of 4 ✔
[fe/64cede] epi…XPORT (evoC-Bap1-mut-F_CG) | 4 of 4 ✔
[f0/f5c1c4] epi…voC_Bap1_run-long_ctrl-CG) | 1 of 1 ✔
[ce/ac52e7] summary:DQSPY (evoC_Bap1_run)  | 1 of 1 ✔
[8b/e9d12c] sum…INE_REPORT (evoC_Bap1_run) | 1 of 1 ✔
Plus 2 more processes waiting for tasks…

executor >  slurm (143)
[5a/98213b] res…AW (evoC-Bap1-mut-F, L005) | 4 of 4 ✔
[94/9d8d88] res…DE (evoC-Bap1-mut-F, L005) | 4 of 4 ✔
[-        ] resolve_align:FASTQC_RESOLVED  -
[bc/1d3e7e] res…M2 (evoC-Bap1-mut-F, L005) | 4 of 4 ✔
[-        ] res…align:SAMTOOLS_MERGE_LANES -
[-        ] resolve_align:PRESEQ           -
[b2/0bf87a] bam…t:BAMLET (evoC-Bap1-mut-F) | 4 of 4 ✔
[32/0ea4f0] bam…AP_BAMQC (evoC-Bap1-mut-F) | 4 of 4 ✔
[04/be1053] bam…TSS_BIAS (evoC-Bap1-mut-F) | 4 of 4 ✔
[-        ] bam…:DEEPTOOLS_PLOTFINGERPRINT -
[6f/d0d158] bam…D_GCBIAS (evoC-Bap1-mut-F) | 4 of 4 ✔
[8b/1d68c7] bam…ACCURACY (evoC-Bap1-mut-F) | 4 of 4 ✔
[b2/7e769c] var…E_CALLER (evoC-Bap1-mut-F) | 4 of 4 ✔
[9f/38af8c] var…NTERVALS (GRCm38_filtered) | 1 of 1 ✔
[0e/f3e438] var…DB_IMPORT (Interval: 0009) | 19 of 19 ✔
[d4/e45500] var…YPE_GVCFS (Interval: 0009) | 19 of 19 ✔
[82/089102] var…t_calling:MERGE_JOINT_VCFS | 1 of 1 ✔
[13/44f213] var…ping_vcf, evoC-Bap1-mut-F) | 4 of 4 ✔
[51/9d69c9] var…_calling:MERGE_ASM_OUTPUTS | 1 of 1 ✔
[1f/8e642f] var…:MUTECT2 (evoC-Bap1-mut-F) | 4 of 4 ✔
[04/ddc78a] mbi…voC-Bap1-mut-F-CG-5-prime) | 12 of 12 ✔
[71/922293] epi…ZARR (evoC-Bap1-mut-F-CHH) | 12 of 12 ✔
[b4/f1639c] epi…PORT (evoC-Bap1-mut-M_CHH) | 12 of 12 ✔
[b5/29d2e4] epi…(evoC_Bap1_run-genome-CHH) | 3 of 3 ✔
[c1/286c4a] epi…2ZARR (evoC-Bap1-mut-F-CG) | 4 of 4 ✔
[17/ec0760] epi…XPORT (evoC-Bap1-mut-F_CG) | 4 of 4 ✔
[77/1ce2ab] epi…2ZARR (evoC-Bap1-mut-F-CG) | 4 of 4 ✔
[fe/64cede] epi…XPORT (evoC-Bap1-mut-F_CG) | 4 of 4 ✔
[f0/f5c1c4] epi…voC_Bap1_run-long_ctrl-CG) | 1 of 1 ✔
[ce/ac52e7] summary:DQSPY (evoC_Bap1_run)  | 1 of 1 ✔
[8b/e9d12c] sum…INE_REPORT (evoC_Bap1_run) | 1 of 1 ✔
[-        ] summary:MULTIQC                | 0 of 1
Plus 1 more processes waiting for tasks…

executor >  slurm (144)
[5a/98213b] res…AW (evoC-Bap1-mut-F, L005) | 4 of 4 ✔
[94/9d8d88] res…DE (evoC-Bap1-mut-F, L005) | 4 of 4 ✔
[-        ] resolve_align:FASTQC_RESOLVED  -
[bc/1d3e7e] res…M2 (evoC-Bap1-mut-F, L005) | 4 of 4 ✔
[-        ] res…align:SAMTOOLS_MERGE_LANES -
[-        ] resolve_align:PRESEQ           -
[b2/0bf87a] bam…t:BAMLET (evoC-Bap1-mut-F) | 4 of 4 ✔
[32/0ea4f0] bam…AP_BAMQC (evoC-Bap1-mut-F) | 4 of 4 ✔
[04/be1053] bam…TSS_BIAS (evoC-Bap1-mut-F) | 4 of 4 ✔
[-        ] bam…:DEEPTOOLS_PLOTFINGERPRINT -
[6f/d0d158] bam…D_GCBIAS (evoC-Bap1-mut-F) | 4 of 4 ✔
[8b/1d68c7] bam…ACCURACY (evoC-Bap1-mut-F) | 4 of 4 ✔
[b2/7e769c] var…E_CALLER (evoC-Bap1-mut-F) | 4 of 4 ✔
[9f/38af8c] var…NTERVALS (GRCm38_filtered) | 1 of 1 ✔
[0e/f3e438] var…DB_IMPORT (Interval: 0009) | 19 of 19 ✔
[d4/e45500] var…YPE_GVCFS (Interval: 0009) | 19 of 19 ✔
[82/089102] var…t_calling:MERGE_JOINT_VCFS | 1 of 1 ✔
[13/44f213] var…ping_vcf, evoC-Bap1-mut-F) | 4 of 4 ✔
[51/9d69c9] var…_calling:MERGE_ASM_OUTPUTS | 1 of 1 ✔
[1f/8e642f] var…:MUTECT2 (evoC-Bap1-mut-F) | 4 of 4 ✔
[04/ddc78a] mbi…voC-Bap1-mut-F-CG-5-prime) | 12 of 12 ✔
[71/922293] epi…ZARR (evoC-Bap1-mut-F-CHH) | 12 of 12 ✔
[b4/f1639c] epi…PORT (evoC-Bap1-mut-M_CHH) | 12 of 12 ✔
[b5/29d2e4] epi…(evoC_Bap1_run-genome-CHH) | 3 of 3 ✔
[c1/286c4a] epi…2ZARR (evoC-Bap1-mut-F-CG) | 4 of 4 ✔
[17/ec0760] epi…XPORT (evoC-Bap1-mut-F_CG) | 4 of 4 ✔
[77/1ce2ab] epi…2ZARR (evoC-Bap1-mut-F-CG) | 4 of 4 ✔
[fe/64cede] epi…XPORT (evoC-Bap1-mut-F_CG) | 4 of 4 ✔
[f0/f5c1c4] epi…voC_Bap1_run-long_ctrl-CG) | 1 of 1 ✔
[ce/ac52e7] summary:DQSPY (evoC_Bap1_run)  | 1 of 1 ✔
[8b/e9d12c] sum…INE_REPORT (evoC_Bap1_run) | 1 of 1 ✔
[7a/f38285] sum…ry:MULTIQC (evoC_Bap1_run) | 0 of 1
Plus 1 more processes waiting for tasks…

executor >  slurm (144)
[5a/98213b] res…AW (evoC-Bap1-mut-F, L005) | 4 of 4 ✔
[94/9d8d88] res…DE (evoC-Bap1-mut-F, L005) | 4 of 4 ✔
[-        ] resolve_align:FASTQC_RESOLVED  -
[bc/1d3e7e] res…M2 (evoC-Bap1-mut-F, L005) | 4 of 4 ✔
[-        ] res…align:SAMTOOLS_MERGE_LANES -
[-        ] resolve_align:PRESEQ           -
[b2/0bf87a] bam…t:BAMLET (evoC-Bap1-mut-F) | 4 of 4 ✔
[32/0ea4f0] bam…AP_BAMQC (evoC-Bap1-mut-F) | 4 of 4 ✔
[04/be1053] bam…TSS_BIAS (evoC-Bap1-mut-F) | 4 of 4 ✔
[-        ] bam…:DEEPTOOLS_PLOTFINGERPRINT -
[6f/d0d158] bam…D_GCBIAS (evoC-Bap1-mut-F) | 4 of 4 ✔
[8b/1d68c7] bam…ACCURACY (evoC-Bap1-mut-F) | 4 of 4 ✔
[b2/7e769c] var…E_CALLER (evoC-Bap1-mut-F) | 4 of 4 ✔
[9f/38af8c] var…NTERVALS (GRCm38_filtered) | 1 of 1 ✔
[0e/f3e438] var…DB_IMPORT (Interval: 0009) | 19 of 19 ✔
[d4/e45500] var…YPE_GVCFS (Interval: 0009) | 19 of 19 ✔
[82/089102] var…t_calling:MERGE_JOINT_VCFS | 1 of 1 ✔
[13/44f213] var…ping_vcf, evoC-Bap1-mut-F) | 4 of 4 ✔
[51/9d69c9] var…_calling:MERGE_ASM_OUTPUTS | 1 of 1 ✔
[1f/8e642f] var…:MUTECT2 (evoC-Bap1-mut-F) | 4 of 4 ✔
[04/ddc78a] mbi…voC-Bap1-mut-F-CG-5-prime) | 12 of 12 ✔
[71/922293] epi…ZARR (evoC-Bap1-mut-F-CHH) | 12 of 12 ✔
[b4/f1639c] epi…PORT (evoC-Bap1-mut-M_CHH) | 12 of 12 ✔
[b5/29d2e4] epi…(evoC_Bap1_run-genome-CHH) | 3 of 3 ✔
[c1/286c4a] epi…2ZARR (evoC-Bap1-mut-F-CG) | 4 of 4 ✔
[17/ec0760] epi…XPORT (evoC-Bap1-mut-F_CG) | 4 of 4 ✔
[77/1ce2ab] epi…2ZARR (evoC-Bap1-mut-F-CG) | 4 of 4 ✔
[fe/64cede] epi…XPORT (evoC-Bap1-mut-F_CG) | 4 of 4 ✔
[f0/f5c1c4] epi…voC_Bap1_run-long_ctrl-CG) | 1 of 1 ✔
[ce/ac52e7] summary:DQSPY (evoC_Bap1_run)  | 1 of 1 ✔
[8b/e9d12c] sum…INE_REPORT (evoC_Bap1_run) | 1 of 1 ✔
[7a/f38285] sum…ry:MULTIQC (evoC_Bap1_run) | 0 of 1
Plus 1 more processes waiting for tasks…

executor >  slurm (144)
[5a/98213b] res…AW (evoC-Bap1-mut-F, L005) | 4 of 4 ✔
[94/9d8d88] res…DE (evoC-Bap1-mut-F, L005) | 4 of 4 ✔
[-        ] resolve_align:FASTQC_RESOLVED  -
[bc/1d3e7e] res…M2 (evoC-Bap1-mut-F, L005) | 4 of 4 ✔
[-        ] res…align:SAMTOOLS_MERGE_LANES -
[-        ] resolve_align:PRESEQ           -
[b2/0bf87a] bam…t:BAMLET (evoC-Bap1-mut-F) | 4 of 4 ✔
[32/0ea4f0] bam…AP_BAMQC (evoC-Bap1-mut-F) | 4 of 4 ✔
[04/be1053] bam…TSS_BIAS (evoC-Bap1-mut-F) | 4 of 4 ✔
[-        ] bam…:DEEPTOOLS_PLOTFINGERPRINT -
[6f/d0d158] bam…D_GCBIAS (evoC-Bap1-mut-F) | 4 of 4 ✔
[8b/1d68c7] bam…ACCURACY (evoC-Bap1-mut-F) | 4 of 4 ✔
[b2/7e769c] var…E_CALLER (evoC-Bap1-mut-F) | 4 of 4 ✔
[9f/38af8c] var…NTERVALS (GRCm38_filtered) | 1 of 1 ✔
[0e/f3e438] var…DB_IMPORT (Interval: 0009) | 19 of 19 ✔
[d4/e45500] var…YPE_GVCFS (Interval: 0009) | 19 of 19 ✔
[82/089102] var…t_calling:MERGE_JOINT_VCFS | 1 of 1 ✔
[13/44f213] var…ping_vcf, evoC-Bap1-mut-F) | 4 of 4 ✔
[51/9d69c9] var…_calling:MERGE_ASM_OUTPUTS | 1 of 1 ✔
[1f/8e642f] var…:MUTECT2 (evoC-Bap1-mut-F) | 4 of 4 ✔
[04/ddc78a] mbi…voC-Bap1-mut-F-CG-5-prime) | 12 of 12 ✔
[71/922293] epi…ZARR (evoC-Bap1-mut-F-CHH) | 12 of 12 ✔
[b4/f1639c] epi…PORT (evoC-Bap1-mut-M_CHH) | 12 of 12 ✔
[b5/29d2e4] epi…(evoC_Bap1_run-genome-CHH) | 3 of 3 ✔
[c1/286c4a] epi…2ZARR (evoC-Bap1-mut-F-CG) | 4 of 4 ✔
[17/ec0760] epi…XPORT (evoC-Bap1-mut-F_CG) | 4 of 4 ✔
[77/1ce2ab] epi…2ZARR (evoC-Bap1-mut-F-CG) | 4 of 4 ✔
[fe/64cede] epi…XPORT (evoC-Bap1-mut-F_CG) | 4 of 4 ✔
[f0/f5c1c4] epi…voC_Bap1_run-long_ctrl-CG) | 1 of 1 ✔
[ce/ac52e7] summary:DQSPY (evoC_Bap1_run)  | 1 of 1 ✔
[8b/e9d12c] sum…INE_REPORT (evoC_Bap1_run) | 1 of 1 ✔
[7a/f38285] sum…ry:MULTIQC (evoC_Bap1_run) | 1 of 1 ✔
Plus 1 more processes waiting for tasks…

executor >  slurm (144)
[5a/98213b] res…AW (evoC-Bap1-mut-F, L005) | 4 of 4 ✔
[94/9d8d88] res…DE (evoC-Bap1-mut-F, L005) | 4 of 4 ✔
[-        ] resolve_align:FASTQC_RESOLVED  -
[bc/1d3e7e] res…M2 (evoC-Bap1-mut-F, L005) | 4 of 4 ✔
[-        ] res…align:SAMTOOLS_MERGE_LANES -
[-        ] resolve_align:PRESEQ           -
[b2/0bf87a] bam…t:BAMLET (evoC-Bap1-mut-F) | 4 of 4 ✔
[32/0ea4f0] bam…AP_BAMQC (evoC-Bap1-mut-F) | 4 of 4 ✔
[04/be1053] bam…TSS_BIAS (evoC-Bap1-mut-F) | 4 of 4 ✔
[-        ] bam…:DEEPTOOLS_PLOTFINGERPRINT -
[6f/d0d158] bam…D_GCBIAS (evoC-Bap1-mut-F) | 4 of 4 ✔
[8b/1d68c7] bam…ACCURACY (evoC-Bap1-mut-F) | 4 of 4 ✔
[b2/7e769c] var…E_CALLER (evoC-Bap1-mut-F) | 4 of 4 ✔
[9f/38af8c] var…NTERVALS (GRCm38_filtered) | 1 of 1 ✔
[0e/f3e438] var…DB_IMPORT (Interval: 0009) | 19 of 19 ✔
[d4/e45500] var…YPE_GVCFS (Interval: 0009) | 19 of 19 ✔
[82/089102] var…t_calling:MERGE_JOINT_VCFS | 1 of 1 ✔
[13/44f213] var…ping_vcf, evoC-Bap1-mut-F) | 4 of 4 ✔
[51/9d69c9] var…_calling:MERGE_ASM_OUTPUTS | 1 of 1 ✔
[1f/8e642f] var…:MUTECT2 (evoC-Bap1-mut-F) | 4 of 4 ✔
[04/ddc78a] mbi…voC-Bap1-mut-F-CG-5-prime) | 12 of 12 ✔
[71/922293] epi…ZARR (evoC-Bap1-mut-F-CHH) | 12 of 12 ✔
[b4/f1639c] epi…PORT (evoC-Bap1-mut-M_CHH) | 12 of 12 ✔
[b5/29d2e4] epi…(evoC_Bap1_run-genome-CHH) | 3 of 3 ✔
[c1/286c4a] epi…2ZARR (evoC-Bap1-mut-F-CG) | 4 of 4 ✔
[17/ec0760] epi…XPORT (evoC-Bap1-mut-F_CG) | 4 of 4 ✔
[77/1ce2ab] epi…2ZARR (evoC-Bap1-mut-F-CG) | 4 of 4 ✔
[fe/64cede] epi…XPORT (evoC-Bap1-mut-F_CG) | 4 of 4 ✔
[f0/f5c1c4] epi…voC_Bap1_run-long_ctrl-CG) | 1 of 1 ✔
[ce/ac52e7] summary:DQSPY (evoC_Bap1_run)  | 1 of 1 ✔
[8b/e9d12c] sum…INE_REPORT (evoC_Bap1_run) | 1 of 1 ✔
[7a/f38285] sum…ry:MULTIQC (evoC_Bap1_run) | 1 of 1 ✔
Plus 1 more processes waiting for tasks…
Completed at: 21-Jan-2026 11:40:31
Duration    : 19h 16m 31s
CPU hours   : 1'599.6
Succeeded   : 144



=========================================
End time: Wed Jan 21 11:40:32 PST 2026
=========================================
