=========================================
Duet evoC Bap1 Run
=========================================
Job ID: 46619089
Node: exp-2-03
CPUs: 16
Memory: 128GB
Start time: Thu Feb 19 23:30:48 PST 2026
=========================================


 N E X T F L O W   ~  version 25.04.8

Launching `/expanse/lustre/projects/csd940/zalibhai/biomodal/pipelines/duet/1.5.0/main.nf` [tiny_magritte] DSL2 - revision: c04799865d

creating /expanse/lustre/projects/csd940/zalibhai/biomodal/evoC-run/output/duet-1.5.0_evoC_Bap1_run_6bp/diagnostics
[-        ] resolve_align:FASTQC_RAW      -
[-        ] resolve_align:PRELUDE         -
[-        ] resolve_align:FASTQC_RESOLVED -
[-        ] resolve_align:BWA_MEM2        -

[-        ] resolve_align:FASTQC_RAW       -
[-        ] resolve_align:PRELUDE          -
[-        ] resolve_align:FASTQC_RESOLVED  -
[-        ] resolve_align:BWA_MEM2         -
[-        ] res…align:SAMTOOLS_MERGE_LANES -
[-        ] resolve_align:PRESEQ           -
[-        ] bamlet:BAMLET                  -
[-        ] bamlet:QUALIMAP_BAMQC          -
[-        ] bam_stats_genome:TSS_BIAS      -
[-        ] bam…:DEEPTOOLS_PLOTFINGERPRINT -
[-        ] bam_stats_genome:PICARD_GCBIAS -
[-        ] bam…LONG_CTRL_GENETIC_ACCURACY -
[-        ] var…t_calling:HAPLOTYPE_CALLER -

[-        ] resolve_align:FASTQC_RAW       -
[-        ] resolve_align:PRELUDE          -
[-        ] resolve_align:FASTQC_RESOLVED  -
[-        ] resolve_align:BWA_MEM2         -
[-        ] res…align:SAMTOOLS_MERGE_LANES -
[-        ] resolve_align:PRESEQ           -
[-        ] bamlet:BAMLET                  -
[-        ] bamlet:QUALIMAP_BAMQC          -
[-        ] bam_stats_genome:TSS_BIAS      -
[-        ] bam…:DEEPTOOLS_PLOTFINGERPRINT -
[-        ] bam_stats_genome:PICARD_GCBIAS -
[-        ] bam…LONG_CTRL_GENETIC_ACCURACY -
[-        ] var…t_calling:HAPLOTYPE_CALLER -
[-        ] var…nt_calling:SPLIT_INTERVALS -
[-        ] var…calling:GENOMICS_DB_IMPORT -
[-        ] variant_calling:GENOTYPE_GVCFS -
[-        ] var…t_calling:MERGE_JOINT_VCFS -
[-        ] variant_calling:ASM            -
[-        ] var…_calling:MERGE_ASM_OUTPUTS -
[-        ] variant_calling:MUTECT2        -
Plus 3 more processes waiting for tasks…
Running somatic variant calling with Mutect2

[-        ] resolve_align:FASTQC_RAW       -
[-        ] resolve_align:PRELUDE          -
[-        ] resolve_align:FASTQC_RESOLVED  -
[-        ] resolve_align:BWA_MEM2         -
[-        ] res…align:SAMTOOLS_MERGE_LANES -
[-        ] resolve_align:PRESEQ           -
[-        ] bamlet:BAMLET                  -
[-        ] bamlet:QUALIMAP_BAMQC          -
[-        ] bam_stats_genome:TSS_BIAS      -
[-        ] bam…:DEEPTOOLS_PLOTFINGERPRINT -
[-        ] bam_stats_genome:PICARD_GCBIAS -
[-        ] bam…LONG_CTRL_GENETIC_ACCURACY -
[-        ] var…t_calling:HAPLOTYPE_CALLER -
[-        ] var…nt_calling:SPLIT_INTERVALS -
[-        ] var…calling:GENOMICS_DB_IMPORT -
[-        ] variant_calling:GENOTYPE_GVCFS -
[-        ] var…t_calling:MERGE_JOINT_VCFS -
[-        ] variant_calling:ASM            -
[-        ] var…_calling:MERGE_ASM_OUTPUTS -
[-        ] variant_calling:MUTECT2        -
Plus 13 more processes waiting for tasks…
Running somatic variant calling with Mutect2

[-        ] resolve_align:FASTQC_RAW       | 0 of 4
[-        ] resolve_align:PRELUDE          -
[-        ] resolve_align:FASTQC_RESOLVED  -
[-        ] resolve_align:BWA_MEM2         -
[-        ] res…align:SAMTOOLS_MERGE_LANES -
[-        ] resolve_align:PRESEQ           -
[-        ] bamlet:BAMLET                  -
[-        ] bamlet:QUALIMAP_BAMQC          -
[-        ] bam_stats_genome:TSS_BIAS      -
[-        ] bam…:DEEPTOOLS_PLOTFINGERPRINT -
[-        ] bam_stats_genome:PICARD_GCBIAS -
[-        ] bam…LONG_CTRL_GENETIC_ACCURACY -
[-        ] var…t_calling:HAPLOTYPE_CALLER -
[-        ] var…nt_calling:SPLIT_INTERVALS -
[-        ] var…calling:GENOMICS_DB_IMPORT -
[-        ] variant_calling:GENOTYPE_GVCFS -
[-        ] var…t_calling:MERGE_JOINT_VCFS -
[-        ] variant_calling:ASM            -
[-        ] var…_calling:MERGE_ASM_OUTPUTS -
[-        ] variant_calling:MUTECT2        -
Plus 13 more processes waiting for tasks…
Running somatic variant calling with Mutect2

executor >  slurm (1)
[b0/b1ed15] res…W (evoC-Bap1-ctrl-M, L000) | 0 of 4
[-        ] resolve_align:PRELUDE          | 0 of 4
[-        ] resolve_align:FASTQC_RESOLVED  -
[-        ] resolve_align:BWA_MEM2         -
[-        ] res…align:SAMTOOLS_MERGE_LANES -
[-        ] resolve_align:PRESEQ           -
[-        ] bamlet:BAMLET                  -
[-        ] bamlet:QUALIMAP_BAMQC          -
[-        ] bam_stats_genome:TSS_BIAS      -
[-        ] bam…:DEEPTOOLS_PLOTFINGERPRINT -
[-        ] bam_stats_genome:PICARD_GCBIAS -
[-        ] bam…LONG_CTRL_GENETIC_ACCURACY -
[-        ] var…t_calling:HAPLOTYPE_CALLER -
[-        ] var…nt_calling:SPLIT_INTERVALS -
[-        ] var…calling:GENOMICS_DB_IMPORT -
[-        ] variant_calling:GENOTYPE_GVCFS -
[-        ] var…t_calling:MERGE_JOINT_VCFS -
[-        ] variant_calling:ASM            -
[-        ] var…_calling:MERGE_ASM_OUTPUTS -
[-        ] variant_calling:MUTECT2        -
Plus 13 more processes waiting for tasks…
Running somatic variant calling with Mutect2

executor >  slurm (3)
[38/c7ea19] res…AW (evoC-Bap1-mut-F, L000) | 0 of 4
[-        ] resolve_align:PRELUDE          | 0 of 4
[-        ] resolve_align:FASTQC_RESOLVED  -
[-        ] resolve_align:BWA_MEM2         -
[-        ] res…align:SAMTOOLS_MERGE_LANES -
[-        ] resolve_align:PRESEQ           -
[-        ] bamlet:BAMLET                  -
[-        ] bamlet:QUALIMAP_BAMQC          -
[-        ] bam_stats_genome:TSS_BIAS      -
[-        ] bam…:DEEPTOOLS_PLOTFINGERPRINT -
[-        ] bam_stats_genome:PICARD_GCBIAS -
[-        ] bam…LONG_CTRL_GENETIC_ACCURACY -
[-        ] var…t_calling:HAPLOTYPE_CALLER -
[-        ] var…nt_calling:SPLIT_INTERVALS -
[-        ] var…calling:GENOMICS_DB_IMPORT -
[-        ] variant_calling:GENOTYPE_GVCFS -
[-        ] var…t_calling:MERGE_JOINT_VCFS -
[-        ] variant_calling:ASM            -
[-        ] var…_calling:MERGE_ASM_OUTPUTS -
[-        ] variant_calling:MUTECT2        -
Plus 13 more processes waiting for tasks…
Running somatic variant calling with Mutect2

executor >  slurm (4)
[50/f52017] res…AW (evoC-Bap1-mut-M, L000) | 0 of 4
[-        ] resolve_align:PRELUDE          | 0 of 4
[-        ] resolve_align:FASTQC_RESOLVED  -
[-        ] resolve_align:BWA_MEM2         -
[-        ] res…align:SAMTOOLS_MERGE_LANES -
[-        ] resolve_align:PRESEQ           -
[-        ] bamlet:BAMLET                  -
[-        ] bamlet:QUALIMAP_BAMQC          -
[-        ] bam_stats_genome:TSS_BIAS      -
[-        ] bam…:DEEPTOOLS_PLOTFINGERPRINT -
[-        ] bam_stats_genome:PICARD_GCBIAS -
[-        ] bam…LONG_CTRL_GENETIC_ACCURACY -
[-        ] var…t_calling:HAPLOTYPE_CALLER -
[-        ] var…nt_calling:SPLIT_INTERVALS -
[-        ] var…calling:GENOMICS_DB_IMPORT -
[-        ] variant_calling:GENOTYPE_GVCFS -
[-        ] var…t_calling:MERGE_JOINT_VCFS -
[-        ] variant_calling:ASM            -
[-        ] var…_calling:MERGE_ASM_OUTPUTS -
[-        ] variant_calling:MUTECT2        -
Plus 13 more processes waiting for tasks…
Running somatic variant calling with Mutect2

executor >  slurm (5)
[50/f52017] res…AW (evoC-Bap1-mut-M, L000) | 0 of 4
[2e/166a6b] res…DE (evoC-Bap1-mut-M, L000) | 0 of 4
[-        ] resolve_align:FASTQC_RESOLVED  -
[-        ] resolve_align:BWA_MEM2         -
[-        ] res…align:SAMTOOLS_MERGE_LANES -
[-        ] resolve_align:PRESEQ           -
[-        ] bamlet:BAMLET                  -
[-        ] bamlet:QUALIMAP_BAMQC          -
[-        ] bam_stats_genome:TSS_BIAS      -
[-        ] bam…:DEEPTOOLS_PLOTFINGERPRINT -
[-        ] bam_stats_genome:PICARD_GCBIAS -
[-        ] bam…LONG_CTRL_GENETIC_ACCURACY -
[-        ] var…t_calling:HAPLOTYPE_CALLER -
[-        ] var…nt_calling:SPLIT_INTERVALS -
[-        ] var…calling:GENOMICS_DB_IMPORT -
[-        ] variant_calling:GENOTYPE_GVCFS -
[-        ] var…t_calling:MERGE_JOINT_VCFS -
[-        ] variant_calling:ASM            -
[-        ] var…_calling:MERGE_ASM_OUTPUTS -
[-        ] variant_calling:MUTECT2        -
Plus 13 more processes waiting for tasks…
Running somatic variant calling with Mutect2

executor >  slurm (7)
[50/f52017] res…AW (evoC-Bap1-mut-M, L000) | 0 of 4
[3f/b413fa] res…E (evoC-Bap1-ctrl-M, L000) | 0 of 4
[-        ] resolve_align:FASTQC_RESOLVED  -
[-        ] resolve_align:BWA_MEM2         -
[-        ] res…align:SAMTOOLS_MERGE_LANES -
[-        ] resolve_align:PRESEQ           -
[-        ] bamlet:BAMLET                  -
[-        ] bamlet:QUALIMAP_BAMQC          -
[-        ] bam_stats_genome:TSS_BIAS      -
[-        ] bam…:DEEPTOOLS_PLOTFINGERPRINT -
[-        ] bam_stats_genome:PICARD_GCBIAS -
[-        ] bam…LONG_CTRL_GENETIC_ACCURACY -
[-        ] var…t_calling:HAPLOTYPE_CALLER -
[-        ] var…nt_calling:SPLIT_INTERVALS -
[-        ] var…calling:GENOMICS_DB_IMPORT -
[-        ] variant_calling:GENOTYPE_GVCFS -
[-        ] var…t_calling:MERGE_JOINT_VCFS -
[-        ] variant_calling:ASM            -
[-        ] var…_calling:MERGE_ASM_OUTPUTS -
[-        ] variant_calling:MUTECT2        -
Plus 13 more processes waiting for tasks…
Running somatic variant calling with Mutect2

executor >  slurm (8)
[50/f52017] res…AW (evoC-Bap1-mut-M, L000) | 0 of 4
[70/26e607] res…E (evoC-Bap1-ctrl-F, L000) | 0 of 4
[-        ] resolve_align:FASTQC_RESOLVED  -
[-        ] resolve_align:BWA_MEM2         -
[-        ] res…align:SAMTOOLS_MERGE_LANES -
[-        ] resolve_align:PRESEQ           -
[-        ] bamlet:BAMLET                  -
[-        ] bamlet:QUALIMAP_BAMQC          -
[-        ] bam_stats_genome:TSS_BIAS      -
[-        ] bam…:DEEPTOOLS_PLOTFINGERPRINT -
[-        ] bam_stats_genome:PICARD_GCBIAS -
[-        ] bam…LONG_CTRL_GENETIC_ACCURACY -
[-        ] var…t_calling:HAPLOTYPE_CALLER -
[-        ] var…nt_calling:SPLIT_INTERVALS -
[-        ] var…calling:GENOMICS_DB_IMPORT -
[-        ] variant_calling:GENOTYPE_GVCFS -
[-        ] var…t_calling:MERGE_JOINT_VCFS -
[-        ] variant_calling:ASM            -
[-        ] var…_calling:MERGE_ASM_OUTPUTS -
[-        ] variant_calling:MUTECT2        -
Plus 13 more processes waiting for tasks…
Running somatic variant calling with Mutect2

executor >  slurm (8)
[50/f52017] res…AW (evoC-Bap1-mut-M, L000) | 0 of 4
[70/26e607] res…E (evoC-Bap1-ctrl-F, L000) | 0 of 4
[-        ] resolve_align:FASTQC_RESOLVED  -
[-        ] resolve_align:BWA_MEM2         -
[-        ] res…align:SAMTOOLS_MERGE_LANES -
[-        ] resolve_align:PRESEQ           -
[-        ] bamlet:BAMLET                  -
[-        ] bamlet:QUALIMAP_BAMQC          -
[-        ] bam_stats_genome:TSS_BIAS      -
[-        ] bam…:DEEPTOOLS_PLOTFINGERPRINT -
[-        ] bam_stats_genome:PICARD_GCBIAS -
[-        ] bam…LONG_CTRL_GENETIC_ACCURACY -
[-        ] var…t_calling:HAPLOTYPE_CALLER -
[-        ] var…nt_calling:SPLIT_INTERVALS -
[-        ] var…calling:GENOMICS_DB_IMPORT -
[-        ] variant_calling:GENOTYPE_GVCFS -
[-        ] var…t_calling:MERGE_JOINT_VCFS -
[-        ] variant_calling:ASM            -
[-        ] var…_calling:MERGE_ASM_OUTPUTS -
[-        ] variant_calling:MUTECT2        -
Plus 13 more processes waiting for tasks…


executor >  slurm (8)
[50/f52017] res…AW (evoC-Bap1-mut-M, L000) | 0 of 4
[3f/b413fa] res…E (evoC-Bap1-ctrl-M, L000) | 1 of 4
[-        ] resolve_align:FASTQC_RESOLVED  -
[-        ] resolve_align:BWA_MEM2         | 0 of 1
[-        ] res…align:SAMTOOLS_MERGE_LANES -
[-        ] resolve_align:PRESEQ           -
[-        ] bamlet:BAMLET                  -
[-        ] bamlet:QUALIMAP_BAMQC          -
[-        ] bam_stats_genome:TSS_BIAS      -
[-        ] bam…:DEEPTOOLS_PLOTFINGERPRINT -
[-        ] bam_stats_genome:PICARD_GCBIAS -
[-        ] bam…LONG_CTRL_GENETIC_ACCURACY -
[-        ] var…t_calling:HAPLOTYPE_CALLER -
[-        ] var…nt_calling:SPLIT_INTERVALS -
[-        ] var…calling:GENOMICS_DB_IMPORT -
[-        ] variant_calling:GENOTYPE_GVCFS -
[-        ] var…t_calling:MERGE_JOINT_VCFS -
[-        ] variant_calling:ASM            -
[-        ] var…_calling:MERGE_ASM_OUTPUTS -
[-        ] variant_calling:MUTECT2        -
Plus 13 more processes waiting for tasks…


executor >  slurm (9)
[50/f52017] res…AW (evoC-Bap1-mut-M, L000) | 0 of 4
[3f/b413fa] res…E (evoC-Bap1-ctrl-M, L000) | 1 of 4
[-        ] resolve_align:FASTQC_RESOLVED  -
[f5/422f84] res…2 (evoC-Bap1-ctrl-M, L000) | 0 of 1
[-        ] res…align:SAMTOOLS_MERGE_LANES -
[-        ] resolve_align:PRESEQ           -
[-        ] bamlet:BAMLET                  -
[-        ] bamlet:QUALIMAP_BAMQC          -
[-        ] bam_stats_genome:TSS_BIAS      -
[-        ] bam…:DEEPTOOLS_PLOTFINGERPRINT -
[-        ] bam_stats_genome:PICARD_GCBIAS -
[-        ] bam…LONG_CTRL_GENETIC_ACCURACY -
[-        ] var…t_calling:HAPLOTYPE_CALLER -
[-        ] var…nt_calling:SPLIT_INTERVALS -
[-        ] var…calling:GENOMICS_DB_IMPORT -
[-        ] variant_calling:GENOTYPE_GVCFS -
[-        ] var…t_calling:MERGE_JOINT_VCFS -
[-        ] variant_calling:ASM            -
[-        ] var…_calling:MERGE_ASM_OUTPUTS -
[-        ] variant_calling:MUTECT2        -
Plus 13 more processes waiting for tasks…

executor >  slurm (9)
[50/f52017] res…AW (evoC-Bap1-mut-M, L000) | 0 of 4
[3f/b413fa] res…E (evoC-Bap1-ctrl-M, L000) | 1 of 4
[-        ] resolve_align:FASTQC_RESOLVED  -
[f5/422f84] res…2 (evoC-Bap1-ctrl-M, L000) | 0 of 1
[-        ] res…align:SAMTOOLS_MERGE_LANES -
[-        ] resolve_align:PRESEQ           -
[-        ] bamlet:BAMLET                  -
[-        ] bamlet:QUALIMAP_BAMQC          -
[-        ] bam_stats_genome:TSS_BIAS      -
[-        ] bam…:DEEPTOOLS_PLOTFINGERPRINT -
[-        ] bam_stats_genome:PICARD_GCBIAS -
[-        ] bam…LONG_CTRL_GENETIC_ACCURACY -
[-        ] var…t_calling:HAPLOTYPE_CALLER -
[-        ] var…nt_calling:SPLIT_INTERVALS -
[-        ] var…calling:GENOMICS_DB_IMPORT -
[-        ] variant_calling:GENOTYPE_GVCFS -
[-        ] var…t_calling:MERGE_JOINT_VCFS -
[-        ] variant_calling:ASM            -
[-        ] var…_calling:MERGE_ASM_OUTPUTS -
[-        ] variant_calling:MUTECT2        -
Plus 13 more processes waiting for tasks…

executor >  slurm (9)
[50/f52017] res…AW (evoC-Bap1-mut-M, L000) | 0 of 4
[70/26e607] res…E (evoC-Bap1-ctrl-F, L000) | 2 of 4
[-        ] resolve_align:FASTQC_RESOLVED  -
[f5/422f84] res…2 (evoC-Bap1-ctrl-M, L000) | 0 of 2
[-        ] res…align:SAMTOOLS_MERGE_LANES -
[-        ] resolve_align:PRESEQ           -
[-        ] bamlet:BAMLET                  -
[-        ] bamlet:QUALIMAP_BAMQC          -
[-        ] bam_stats_genome:TSS_BIAS      -
[-        ] bam…:DEEPTOOLS_PLOTFINGERPRINT -
[-        ] bam_stats_genome:PICARD_GCBIAS -
[-        ] bam…LONG_CTRL_GENETIC_ACCURACY -
[-        ] var…t_calling:HAPLOTYPE_CALLER -
[-        ] var…nt_calling:SPLIT_INTERVALS -
[-        ] var…calling:GENOMICS_DB_IMPORT -
[-        ] variant_calling:GENOTYPE_GVCFS -
[-        ] var…t_calling:MERGE_JOINT_VCFS -
[-        ] variant_calling:ASM            -
[-        ] var…_calling:MERGE_ASM_OUTPUTS -
[-        ] variant_calling:MUTECT2        -
Plus 13 more processes waiting for tasks…

executor >  slurm (10)
[50/f52017] res…AW (evoC-Bap1-mut-M, L000) | 0 of 4
[70/26e607] res…E (evoC-Bap1-ctrl-F, L000) | 2 of 4
[-        ] resolve_align:FASTQC_RESOLVED  -
[dd/9b1476] res…2 (evoC-Bap1-ctrl-F, L000) | 0 of 2
[-        ] res…align:SAMTOOLS_MERGE_LANES -
[-        ] resolve_align:PRESEQ           -
[-        ] bamlet:BAMLET                  -
[-        ] bamlet:QUALIMAP_BAMQC          -
[-        ] bam_stats_genome:TSS_BIAS      -
[-        ] bam…:DEEPTOOLS_PLOTFINGERPRINT -
[-        ] bam_stats_genome:PICARD_GCBIAS -
[-        ] bam…LONG_CTRL_GENETIC_ACCURACY -
[-        ] var…t_calling:HAPLOTYPE_CALLER -
[-        ] var…nt_calling:SPLIT_INTERVALS -
[-        ] var…calling:GENOMICS_DB_IMPORT -
[-        ] variant_calling:GENOTYPE_GVCFS -
[-        ] var…t_calling:MERGE_JOINT_VCFS -
[-        ] variant_calling:ASM            -
[-        ] var…_calling:MERGE_ASM_OUTPUTS -
[-        ] variant_calling:MUTECT2        -
Plus 13 more processes waiting for tasks…

executor >  slurm (10)
[50/f52017] res…AW (evoC-Bap1-mut-M, L000) | 0 of 4
[70/26e607] res…E (evoC-Bap1-ctrl-F, L000) | 2 of 4
[-        ] resolve_align:FASTQC_RESOLVED  -
[dd/9b1476] res…2 (evoC-Bap1-ctrl-F, L000) | 0 of 2
[-        ] res…align:SAMTOOLS_MERGE_LANES -
[-        ] resolve_align:PRESEQ           -
[-        ] bamlet:BAMLET                  -
[-        ] bamlet:QUALIMAP_BAMQC          -
[-        ] bam_stats_genome:TSS_BIAS      -
[-        ] bam…:DEEPTOOLS_PLOTFINGERPRINT -
[-        ] bam_stats_genome:PICARD_GCBIAS -
[-        ] bam…LONG_CTRL_GENETIC_ACCURACY -
[-        ] var…t_calling:HAPLOTYPE_CALLER -
[-        ] var…nt_calling:SPLIT_INTERVALS -
[-        ] var…calling:GENOMICS_DB_IMPORT -
[-        ] variant_calling:GENOTYPE_GVCFS -
[-        ] var…t_calling:MERGE_JOINT_VCFS -
[-        ] variant_calling:ASM            -
[-        ] var…_calling:MERGE_ASM_OUTPUTS -
[-        ] variant_calling:MUTECT2        -
Plus 13 more processes waiting for tasks…

executor >  slurm (10)
[50/f52017] res…AW (evoC-Bap1-mut-M, L000) | 0 of 4
[2e/166a6b] res…DE (evoC-Bap1-mut-M, L000) | 3 of 4
[-        ] resolve_align:FASTQC_RESOLVED  -
[dd/9b1476] res…2 (evoC-Bap1-ctrl-F, L000) | 0 of 3
[-        ] res…align:SAMTOOLS_MERGE_LANES -
[-        ] resolve_align:PRESEQ           -
[-        ] bamlet:BAMLET                  -
[-        ] bamlet:QUALIMAP_BAMQC          -
[-        ] bam_stats_genome:TSS_BIAS      -
[-        ] bam…:DEEPTOOLS_PLOTFINGERPRINT -
[-        ] bam_stats_genome:PICARD_GCBIAS -
[-        ] bam…LONG_CTRL_GENETIC_ACCURACY -
[-        ] var…t_calling:HAPLOTYPE_CALLER -
[-        ] var…nt_calling:SPLIT_INTERVALS -
[-        ] var…calling:GENOMICS_DB_IMPORT -
[-        ] variant_calling:GENOTYPE_GVCFS -
[-        ] var…t_calling:MERGE_JOINT_VCFS -
[-        ] variant_calling:ASM            -
[-        ] var…_calling:MERGE_ASM_OUTPUTS -
[-        ] variant_calling:MUTECT2        -
Plus 13 more processes waiting for tasks…

executor >  slurm (11)
[50/f52017] res…AW (evoC-Bap1-mut-M, L000) | 0 of 4
[2e/166a6b] res…DE (evoC-Bap1-mut-M, L000) | 3 of 4
[-        ] resolve_align:FASTQC_RESOLVED  -
[ff/9e54e6] res…M2 (evoC-Bap1-mut-M, L000) | 0 of 3
[-        ] res…align:SAMTOOLS_MERGE_LANES -
[-        ] resolve_align:PRESEQ           -
[-        ] bamlet:BAMLET                  -
[-        ] bamlet:QUALIMAP_BAMQC          -
[-        ] bam_stats_genome:TSS_BIAS      -
[-        ] bam…:DEEPTOOLS_PLOTFINGERPRINT -
[-        ] bam_stats_genome:PICARD_GCBIAS -
[-        ] bam…LONG_CTRL_GENETIC_ACCURACY -
[-        ] var…t_calling:HAPLOTYPE_CALLER -
[-        ] var…nt_calling:SPLIT_INTERVALS -
[-        ] var…calling:GENOMICS_DB_IMPORT -
[-        ] variant_calling:GENOTYPE_GVCFS -
[-        ] var…t_calling:MERGE_JOINT_VCFS -
[-        ] variant_calling:ASM            -
[-        ] var…_calling:MERGE_ASM_OUTPUTS -
[-        ] variant_calling:MUTECT2        -
Plus 13 more processes waiting for tasks…

executor >  slurm (11)
[50/f52017] res…AW (evoC-Bap1-mut-M, L000) | 0 of 4
[2e/166a6b] res…DE (evoC-Bap1-mut-M, L000) | 3 of 4
[-        ] resolve_align:FASTQC_RESOLVED  -
[ff/9e54e6] res…M2 (evoC-Bap1-mut-M, L000) | 0 of 3
[-        ] res…align:SAMTOOLS_MERGE_LANES -
[-        ] resolve_align:PRESEQ           -
[-        ] bamlet:BAMLET                  -
[-        ] bamlet:QUALIMAP_BAMQC          -
[-        ] bam_stats_genome:TSS_BIAS      -
[-        ] bam…:DEEPTOOLS_PLOTFINGERPRINT -
[-        ] bam_stats_genome:PICARD_GCBIAS -
[-        ] bam…LONG_CTRL_GENETIC_ACCURACY -
[-        ] var…t_calling:HAPLOTYPE_CALLER -
[-        ] var…nt_calling:SPLIT_INTERVALS -
[-        ] var…calling:GENOMICS_DB_IMPORT -
[-        ] variant_calling:GENOTYPE_GVCFS -
[-        ] var…t_calling:MERGE_JOINT_VCFS -
[-        ] variant_calling:ASM            -
[-        ] var…_calling:MERGE_ASM_OUTPUTS -
[-        ] variant_calling:MUTECT2        -
Plus 13 more processes waiting for tasks…

executor >  slurm (11)
[50/f52017] res…AW (evoC-Bap1-mut-M, L000) | 0 of 4
[bb/6ef43d] res…DE (evoC-Bap1-mut-F, L000) | 4 of 4 ✔
[-        ] resolve_align:FASTQC_RESOLVED  -
[ff/9e54e6] res…M2 (evoC-Bap1-mut-M, L000) | 0 of 4
[-        ] res…align:SAMTOOLS_MERGE_LANES -
[-        ] resolve_align:PRESEQ           -
[-        ] bamlet:BAMLET                  -
[-        ] bamlet:QUALIMAP_BAMQC          -
[-        ] bam_stats_genome:TSS_BIAS      -
[-        ] bam…:DEEPTOOLS_PLOTFINGERPRINT -
[-        ] bam_stats_genome:PICARD_GCBIAS -
[-        ] bam…LONG_CTRL_GENETIC_ACCURACY -
[-        ] var…t_calling:HAPLOTYPE_CALLER -
[-        ] var…nt_calling:SPLIT_INTERVALS -
[-        ] var…calling:GENOMICS_DB_IMPORT -
[-        ] variant_calling:GENOTYPE_GVCFS -
[-        ] var…t_calling:MERGE_JOINT_VCFS -
[-        ] variant_calling:ASM            -
[-        ] var…_calling:MERGE_ASM_OUTPUTS -
[-        ] variant_calling:MUTECT2        -
Plus 13 more processes waiting for tasks…

executor >  slurm (12)
[50/f52017] res…AW (evoC-Bap1-mut-M, L000) | 0 of 4
[bb/6ef43d] res…DE (evoC-Bap1-mut-F, L000) | 4 of 4 ✔
[-        ] resolve_align:FASTQC_RESOLVED  -
[35/a3ae4a] res…M2 (evoC-Bap1-mut-F, L000) | 0 of 4
[-        ] res…align:SAMTOOLS_MERGE_LANES -
[-        ] resolve_align:PRESEQ           -
[-        ] bamlet:BAMLET                  -
[-        ] bamlet:QUALIMAP_BAMQC          -
[-        ] bam_stats_genome:TSS_BIAS      -
[-        ] bam…:DEEPTOOLS_PLOTFINGERPRINT -
[-        ] bam_stats_genome:PICARD_GCBIAS -
[-        ] bam…LONG_CTRL_GENETIC_ACCURACY -
[-        ] var…t_calling:HAPLOTYPE_CALLER -
[-        ] var…nt_calling:SPLIT_INTERVALS -
[-        ] var…calling:GENOMICS_DB_IMPORT -
[-        ] variant_calling:GENOTYPE_GVCFS -
[-        ] var…t_calling:MERGE_JOINT_VCFS -
[-        ] variant_calling:ASM            -
[-        ] var…_calling:MERGE_ASM_OUTPUTS -
[-        ] variant_calling:MUTECT2        -
Plus 13 more processes waiting for tasks…

executor >  slurm (12)
[50/f52017] res…AW (evoC-Bap1-mut-M, L000) | 0 of 4
[bb/6ef43d] res…DE (evoC-Bap1-mut-F, L000) | 4 of 4 ✔
[-        ] resolve_align:FASTQC_RESOLVED  -
[35/a3ae4a] res…M2 (evoC-Bap1-mut-F, L000) | 0 of 4
[-        ] res…align:SAMTOOLS_MERGE_LANES -
[-        ] resolve_align:PRESEQ           -
[-        ] bamlet:BAMLET                  -
[-        ] bamlet:QUALIMAP_BAMQC          -
[-        ] bam_stats_genome:TSS_BIAS      -
[-        ] bam…:DEEPTOOLS_PLOTFINGERPRINT -
[-        ] bam_stats_genome:PICARD_GCBIAS -
[-        ] bam…LONG_CTRL_GENETIC_ACCURACY -
[-        ] var…t_calling:HAPLOTYPE_CALLER -
[-        ] var…nt_calling:SPLIT_INTERVALS -
[-        ] var…calling:GENOMICS_DB_IMPORT -
[-        ] variant_calling:GENOTYPE_GVCFS -
[-        ] var…t_calling:MERGE_JOINT_VCFS -
[-        ] variant_calling:ASM            -
[-        ] var…_calling:MERGE_ASM_OUTPUTS -
[-        ] variant_calling:MUTECT2        -
Plus 13 more processes waiting for tasks…

executor >  slurm (12)
[ae/bb95a7] res…W (evoC-Bap1-ctrl-F, L000) | 1 of 4
[bb/6ef43d] res…DE (evoC-Bap1-mut-F, L000) | 4 of 4 ✔
[-        ] resolve_align:FASTQC_RESOLVED  -
[35/a3ae4a] res…M2 (evoC-Bap1-mut-F, L000) | 0 of 4
[-        ] res…align:SAMTOOLS_MERGE_LANES -
[-        ] resolve_align:PRESEQ           -
[-        ] bamlet:BAMLET                  -
[-        ] bamlet:QUALIMAP_BAMQC          -
[-        ] bam_stats_genome:TSS_BIAS      -
[-        ] bam…:DEEPTOOLS_PLOTFINGERPRINT -
[-        ] bam_stats_genome:PICARD_GCBIAS -
[-        ] bam…LONG_CTRL_GENETIC_ACCURACY -
[-        ] var…t_calling:HAPLOTYPE_CALLER -
[-        ] var…nt_calling:SPLIT_INTERVALS -
[-        ] var…calling:GENOMICS_DB_IMPORT -
[-        ] variant_calling:GENOTYPE_GVCFS -
[-        ] var…t_calling:MERGE_JOINT_VCFS -
[-        ] variant_calling:ASM            -
[-        ] var…_calling:MERGE_ASM_OUTPUTS -
[-        ] variant_calling:MUTECT2        -
Plus 13 more processes waiting for tasks…

executor >  slurm (12)
[50/f52017] res…AW (evoC-Bap1-mut-M, L000) | 2 of 4
[bb/6ef43d] res…DE (evoC-Bap1-mut-F, L000) | 4 of 4 ✔
[-        ] resolve_align:FASTQC_RESOLVED  -
[35/a3ae4a] res…M2 (evoC-Bap1-mut-F, L000) | 0 of 4
[-        ] res…align:SAMTOOLS_MERGE_LANES -
[-        ] resolve_align:PRESEQ           -
[-        ] bamlet:BAMLET                  -
[-        ] bamlet:QUALIMAP_BAMQC          -
[-        ] bam_stats_genome:TSS_BIAS      -
[-        ] bam…:DEEPTOOLS_PLOTFINGERPRINT -
[-        ] bam_stats_genome:PICARD_GCBIAS -
[-        ] bam…LONG_CTRL_GENETIC_ACCURACY -
[-        ] var…t_calling:HAPLOTYPE_CALLER -
[-        ] var…nt_calling:SPLIT_INTERVALS -
[-        ] var…calling:GENOMICS_DB_IMPORT -
[-        ] variant_calling:GENOTYPE_GVCFS -
[-        ] var…t_calling:MERGE_JOINT_VCFS -
[-        ] variant_calling:ASM            -
[-        ] var…_calling:MERGE_ASM_OUTPUTS -
[-        ] variant_calling:MUTECT2        -
Plus 13 more processes waiting for tasks…

executor >  slurm (12)
[b0/b1ed15] res…W (evoC-Bap1-ctrl-M, L000) | 3 of 4
[bb/6ef43d] res…DE (evoC-Bap1-mut-F, L000) | 4 of 4 ✔
[-        ] resolve_align:FASTQC_RESOLVED  -
[35/a3ae4a] res…M2 (evoC-Bap1-mut-F, L000) | 0 of 4
[-        ] res…align:SAMTOOLS_MERGE_LANES -
[-        ] resolve_align:PRESEQ           -
[-        ] bamlet:BAMLET                  -
[-        ] bamlet:QUALIMAP_BAMQC          -
[-        ] bam_stats_genome:TSS_BIAS      -
[-        ] bam…:DEEPTOOLS_PLOTFINGERPRINT -
[-        ] bam_stats_genome:PICARD_GCBIAS -
[-        ] bam…LONG_CTRL_GENETIC_ACCURACY -
[-        ] var…t_calling:HAPLOTYPE_CALLER -
[-        ] var…nt_calling:SPLIT_INTERVALS -
[-        ] var…calling:GENOMICS_DB_IMPORT -
[-        ] variant_calling:GENOTYPE_GVCFS -
[-        ] var…t_calling:MERGE_JOINT_VCFS -
[-        ] variant_calling:ASM            -
[-        ] var…_calling:MERGE_ASM_OUTPUTS -
[-        ] variant_calling:MUTECT2        -
Plus 13 more processes waiting for tasks…

executor >  slurm (12)
[38/c7ea19] res…AW (evoC-Bap1-mut-F, L000) | 4 of 4 ✔
[bb/6ef43d] res…DE (evoC-Bap1-mut-F, L000) | 4 of 4 ✔
[-        ] resolve_align:FASTQC_RESOLVED  -
[35/a3ae4a] res…M2 (evoC-Bap1-mut-F, L000) | 0 of 4
[-        ] res…align:SAMTOOLS_MERGE_LANES -
[-        ] resolve_align:PRESEQ           -
[-        ] bamlet:BAMLET                  -
[-        ] bamlet:QUALIMAP_BAMQC          -
[-        ] bam_stats_genome:TSS_BIAS      -
[-        ] bam…:DEEPTOOLS_PLOTFINGERPRINT -
[-        ] bam_stats_genome:PICARD_GCBIAS -
[-        ] bam…LONG_CTRL_GENETIC_ACCURACY -
[-        ] var…t_calling:HAPLOTYPE_CALLER -
[-        ] var…nt_calling:SPLIT_INTERVALS -
[-        ] var…calling:GENOMICS_DB_IMPORT -
[-        ] variant_calling:GENOTYPE_GVCFS -
[-        ] var…t_calling:MERGE_JOINT_VCFS -
[-        ] variant_calling:ASM            -
[-        ] var…_calling:MERGE_ASM_OUTPUTS -
[-        ] variant_calling:MUTECT2        -
Plus 13 more processes waiting for tasks…

executor >  slurm (12)
[38/c7ea19] res…AW (evoC-Bap1-mut-F, L000) | 4 of 4 ✔
[bb/6ef43d] res…DE (evoC-Bap1-mut-F, L000) | 4 of 4 ✔
[-        ] resolve_align:FASTQC_RESOLVED  -
[f5/422f84] res…2 (evoC-Bap1-ctrl-M, L000) | 1 of 4
[-        ] res…align:SAMTOOLS_MERGE_LANES -
[-        ] resolve_align:PRESEQ           -
[-        ] bamlet:BAMLET                  -
[-        ] bamlet:QUALIMAP_BAMQC          -
[-        ] bam_stats_genome:TSS_BIAS      -
[-        ] bam…:DEEPTOOLS_PLOTFINGERPRINT -
[-        ] bam_stats_genome:PICARD_GCBIAS -
[-        ] bam…LONG_CTRL_GENETIC_ACCURACY -
[-        ] var…t_calling:HAPLOTYPE_CALLER -
[-        ] var…nt_calling:SPLIT_INTERVALS -
[-        ] var…calling:GENOMICS_DB_IMPORT -
[-        ] variant_calling:GENOTYPE_GVCFS -
[-        ] var…t_calling:MERGE_JOINT_VCFS -
[-        ] variant_calling:ASM            -
[-        ] var…_calling:MERGE_ASM_OUTPUTS -
[-        ] variant_calling:MUTECT2        -
Plus 13 more processes waiting for tasks…

executor >  slurm (12)
[38/c7ea19] res…AW (evoC-Bap1-mut-F, L000) | 4 of 4 ✔
[bb/6ef43d] res…DE (evoC-Bap1-mut-F, L000) | 4 of 4 ✔
[-        ] resolve_align:FASTQC_RESOLVED  -
[f5/422f84] res…2 (evoC-Bap1-ctrl-M, L000) | 1 of 4
[-        ] res…align:SAMTOOLS_MERGE_LANES -
[-        ] resolve_align:PRESEQ           -
[-        ] bamlet:BAMLET                  | 0 of 1
[-        ] bamlet:QUALIMAP_BAMQC          -
[-        ] bam_stats_genome:TSS_BIAS      -
[-        ] bam…:DEEPTOOLS_PLOTFINGERPRINT -
[-        ] bam_stats_genome:PICARD_GCBIAS -
[-        ] bam…LONG_CTRL_GENETIC_ACCURACY -
[-        ] var…t_calling:HAPLOTYPE_CALLER -
[-        ] var…nt_calling:SPLIT_INTERVALS -
[-        ] var…calling:GENOMICS_DB_IMPORT -
[-        ] variant_calling:GENOTYPE_GVCFS -
[-        ] var…t_calling:MERGE_JOINT_VCFS -
[-        ] variant_calling:ASM            -
[-        ] var…_calling:MERGE_ASM_OUTPUTS -
[-        ] variant_calling:MUTECT2        -
Plus 13 more processes waiting for tasks…

executor >  slurm (13)
[38/c7ea19] res…AW (evoC-Bap1-mut-F, L000) | 4 of 4 ✔
[bb/6ef43d] res…DE (evoC-Bap1-mut-F, L000) | 4 of 4 ✔
[-        ] resolve_align:FASTQC_RESOLVED  -
[f5/422f84] res…2 (evoC-Bap1-ctrl-M, L000) | 1 of 4
[-        ] res…align:SAMTOOLS_MERGE_LANES -
[-        ] resolve_align:PRESEQ           -
[b1/8c330e] bam…:BAMLET (evoC-Bap1-ctrl-M) | 0 of 1
[-        ] bamlet:QUALIMAP_BAMQC          -
[-        ] bam_stats_genome:TSS_BIAS      -
[-        ] bam…:DEEPTOOLS_PLOTFINGERPRINT -
[-        ] bam_stats_genome:PICARD_GCBIAS -
[-        ] bam…LONG_CTRL_GENETIC_ACCURACY -
[-        ] var…t_calling:HAPLOTYPE_CALLER -
[-        ] var…nt_calling:SPLIT_INTERVALS -
[-        ] var…calling:GENOMICS_DB_IMPORT -
[-        ] variant_calling:GENOTYPE_GVCFS -
[-        ] var…t_calling:MERGE_JOINT_VCFS -
[-        ] variant_calling:ASM            -
[-        ] var…_calling:MERGE_ASM_OUTPUTS -
[-        ] variant_calling:MUTECT2        -
Plus 13 more processes waiting for tasks…

executor >  slurm (13)
[38/c7ea19] res…AW (evoC-Bap1-mut-F, L000) | 4 of 4 ✔
[bb/6ef43d] res…DE (evoC-Bap1-mut-F, L000) | 4 of 4 ✔
[-        ] resolve_align:FASTQC_RESOLVED  -
[f5/422f84] res…2 (evoC-Bap1-ctrl-M, L000) | 1 of 4
[-        ] res…align:SAMTOOLS_MERGE_LANES -
[-        ] resolve_align:PRESEQ           -
[b1/8c330e] bam…:BAMLET (evoC-Bap1-ctrl-M) | 0 of 1
[-        ] bamlet:QUALIMAP_BAMQC          -
[-        ] bam_stats_genome:TSS_BIAS      -
[-        ] bam…:DEEPTOOLS_PLOTFINGERPRINT -
[-        ] bam_stats_genome:PICARD_GCBIAS -
[-        ] bam…LONG_CTRL_GENETIC_ACCURACY -
[-        ] var…t_calling:HAPLOTYPE_CALLER -
[-        ] var…nt_calling:SPLIT_INTERVALS -
[-        ] var…calling:GENOMICS_DB_IMPORT -
[-        ] variant_calling:GENOTYPE_GVCFS -
[-        ] var…t_calling:MERGE_JOINT_VCFS -
[-        ] variant_calling:ASM            -
[-        ] var…_calling:MERGE_ASM_OUTPUTS -
[-        ] variant_calling:MUTECT2        -
Plus 13 more processes waiting for tasks…

executor >  slurm (13)
[38/c7ea19] res…AW (evoC-Bap1-mut-F, L000) | 4 of 4 ✔
[bb/6ef43d] res…DE (evoC-Bap1-mut-F, L000) | 4 of 4 ✔
[-        ] resolve_align:FASTQC_RESOLVED  -
[dd/9b1476] res…2 (evoC-Bap1-ctrl-F, L000) | 2 of 4
[-        ] res…align:SAMTOOLS_MERGE_LANES -
[-        ] resolve_align:PRESEQ           -
[b1/8c330e] bam…:BAMLET (evoC-Bap1-ctrl-M) | 0 of 2
[-        ] bamlet:QUALIMAP_BAMQC          -
[-        ] bam_stats_genome:TSS_BIAS      -
[-        ] bam…:DEEPTOOLS_PLOTFINGERPRINT -
[-        ] bam_stats_genome:PICARD_GCBIAS -
[-        ] bam…LONG_CTRL_GENETIC_ACCURACY -
[-        ] var…t_calling:HAPLOTYPE_CALLER -
[-        ] var…nt_calling:SPLIT_INTERVALS -
[-        ] var…calling:GENOMICS_DB_IMPORT -
[-        ] variant_calling:GENOTYPE_GVCFS -
[-        ] var…t_calling:MERGE_JOINT_VCFS -
[-        ] variant_calling:ASM            -
[-        ] var…_calling:MERGE_ASM_OUTPUTS -
[-        ] variant_calling:MUTECT2        -
Plus 13 more processes waiting for tasks…

executor >  slurm (14)
[38/c7ea19] res…AW (evoC-Bap1-mut-F, L000) | 4 of 4 ✔
[bb/6ef43d] res…DE (evoC-Bap1-mut-F, L000) | 4 of 4 ✔
[-        ] resolve_align:FASTQC_RESOLVED  -
[dd/9b1476] res…2 (evoC-Bap1-ctrl-F, L000) | 2 of 4
[-        ] res…align:SAMTOOLS_MERGE_LANES -
[-        ] resolve_align:PRESEQ           -
[ab/3f9586] bam…:BAMLET (evoC-Bap1-ctrl-F) | 0 of 2
[-        ] bamlet:QUALIMAP_BAMQC          -
[-        ] bam_stats_genome:TSS_BIAS      -
[-        ] bam…:DEEPTOOLS_PLOTFINGERPRINT -
[-        ] bam_stats_genome:PICARD_GCBIAS -
[-        ] bam…LONG_CTRL_GENETIC_ACCURACY -
[-        ] var…t_calling:HAPLOTYPE_CALLER -
[-        ] var…nt_calling:SPLIT_INTERVALS -
[-        ] var…calling:GENOMICS_DB_IMPORT -
[-        ] variant_calling:GENOTYPE_GVCFS -
[-        ] var…t_calling:MERGE_JOINT_VCFS -
[-        ] variant_calling:ASM            -
[-        ] var…_calling:MERGE_ASM_OUTPUTS -
[-        ] variant_calling:MUTECT2        -
Plus 13 more processes waiting for tasks…

executor >  slurm (14)
[38/c7ea19] res…AW (evoC-Bap1-mut-F, L000) | 4 of 4 ✔
[bb/6ef43d] res…DE (evoC-Bap1-mut-F, L000) | 4 of 4 ✔
[-        ] resolve_align:FASTQC_RESOLVED  -
[dd/9b1476] res…2 (evoC-Bap1-ctrl-F, L000) | 2 of 4
[-        ] res…align:SAMTOOLS_MERGE_LANES -
[-        ] resolve_align:PRESEQ           -
[ab/3f9586] bam…:BAMLET (evoC-Bap1-ctrl-F) | 0 of 2
[-        ] bamlet:QUALIMAP_BAMQC          -
[-        ] bam_stats_genome:TSS_BIAS      -
[-        ] bam…:DEEPTOOLS_PLOTFINGERPRINT -
[-        ] bam_stats_genome:PICARD_GCBIAS -
[-        ] bam…LONG_CTRL_GENETIC_ACCURACY -
[-        ] var…t_calling:HAPLOTYPE_CALLER -
[-        ] var…nt_calling:SPLIT_INTERVALS -
[-        ] var…calling:GENOMICS_DB_IMPORT -
[-        ] variant_calling:GENOTYPE_GVCFS -
[-        ] var…t_calling:MERGE_JOINT_VCFS -
[-        ] variant_calling:ASM            -
[-        ] var…_calling:MERGE_ASM_OUTPUTS -
[-        ] variant_calling:MUTECT2        -
Plus 13 more processes waiting for tasks…

executor >  slurm (14)
[38/c7ea19] res…AW (evoC-Bap1-mut-F, L000) | 4 of 4 ✔
[bb/6ef43d] res…DE (evoC-Bap1-mut-F, L000) | 4 of 4 ✔
[-        ] resolve_align:FASTQC_RESOLVED  -
[dd/9b1476] res…2 (evoC-Bap1-ctrl-F, L000) | 2 of 4
[-        ] res…align:SAMTOOLS_MERGE_LANES -
[-        ] resolve_align:PRESEQ           -
[b1/8c330e] bam…:BAMLET (evoC-Bap1-ctrl-M) | 1 of 2
[-        ] bamlet:QUALIMAP_BAMQC          | 0 of 1
[-        ] bam_stats_genome:TSS_BIAS      | 0 of 1
[-        ] bam…:DEEPTOOLS_PLOTFINGERPRINT -
[-        ] bam_stats_genome:PICARD_GCBIAS | 0 of 1
[-        ] bam…LONG_CTRL_GENETIC_ACCURACY | 0 of 1
[-        ] var…t_calling:HAPLOTYPE_CALLER -
[-        ] var…nt_calling:SPLIT_INTERVALS -
[-        ] var…calling:GENOMICS_DB_IMPORT -
[-        ] variant_calling:GENOTYPE_GVCFS -
[-        ] var…t_calling:MERGE_JOINT_VCFS -
[-        ] variant_calling:ASM            -
[-        ] var…_calling:MERGE_ASM_OUTPUTS -
[-        ] variant_calling:MUTECT2        -
[-        ] mbias:GENOME_MBIAS             | 0 of 3
[-        ] epi…t_genome:EPIQUANT_BAM2ZARR | 0 of 3
[-        ] epi…ort_ctrl:EPIQUANT_BAM2ZARR | 0 of 1
[-        ] epi…ong_ctrl:EPIQUANT_BAM2ZARR | 0 of 1
Plus 9 more processes waiting for tasks…

executor >  slurm (16)
[38/c7ea19] res…AW (evoC-Bap1-mut-F, L000) | 4 of 4 ✔
[bb/6ef43d] res…DE (evoC-Bap1-mut-F, L000) | 4 of 4 ✔
[-        ] resolve_align:FASTQC_RESOLVED  -
[dd/9b1476] res…2 (evoC-Bap1-ctrl-F, L000) | 2 of 4
[-        ] res…align:SAMTOOLS_MERGE_LANES -
[-        ] resolve_align:PRESEQ           -
[b1/8c330e] bam…:BAMLET (evoC-Bap1-ctrl-M) | 1 of 2
[-        ] bamlet:QUALIMAP_BAMQC          | 0 of 1
[-        ] bam_stats_genome:TSS_BIAS      | 0 of 1
[-        ] bam…:DEEPTOOLS_PLOTFINGERPRINT -
[-        ] bam_stats_genome:PICARD_GCBIAS | 0 of 1
[-        ] bam…LONG_CTRL_GENETIC_ACCURACY | 0 of 1
[-        ] var…t_calling:HAPLOTYPE_CALLER | 0 of 1
[-        ] var…nt_calling:SPLIT_INTERVALS -
[-        ] var…calling:GENOMICS_DB_IMPORT -
[-        ] variant_calling:GENOTYPE_GVCFS -
[-        ] var…t_calling:MERGE_JOINT_VCFS -
[-        ] variant_calling:ASM            -
[-        ] var…_calling:MERGE_ASM_OUTPUTS -
[-        ] variant_calling:MUTECT2        | 0 of 1
[49/a26251] mbi…C-Bap1-ctrl-M-CHH-5-prime) | 0 of 3
[-        ] epi…t_genome:EPIQUANT_BAM2ZARR | 0 of 3
[-        ] epi…ort_ctrl:EPIQUANT_BAM2ZARR | 0 of 1
[-        ] epi…ong_ctrl:EPIQUANT_BAM2ZARR | 0 of 1
Plus 9 more processes waiting for tasks…

executor >  slurm (18)
[38/c7ea19] res…AW (evoC-Bap1-mut-F, L000) | 4 of 4 ✔
[bb/6ef43d] res…DE (evoC-Bap1-mut-F, L000) | 4 of 4 ✔
[-        ] resolve_align:FASTQC_RESOLVED  -
[dd/9b1476] res…2 (evoC-Bap1-ctrl-F, L000) | 2 of 4
[-        ] res…align:SAMTOOLS_MERGE_LANES -
[-        ] resolve_align:PRESEQ           -
[b1/8c330e] bam…:BAMLET (evoC-Bap1-ctrl-M) | 1 of 2
[-        ] bamlet:QUALIMAP_BAMQC          | 0 of 1
[-        ] bam_stats_genome:TSS_BIAS      | 0 of 1
[-        ] bam…:DEEPTOOLS_PLOTFINGERPRINT -
[-        ] bam_stats_genome:PICARD_GCBIAS | 0 of 1
[8b/9ec6e3] bam…CCURACY (evoC-Bap1-ctrl-M) | 0 of 1
[-        ] var…t_calling:HAPLOTYPE_CALLER | 0 of 1
[-        ] var…nt_calling:SPLIT_INTERVALS -
[-        ] var…calling:GENOMICS_DB_IMPORT -
[-        ] variant_calling:GENOTYPE_GVCFS -
[-        ] var…t_calling:MERGE_JOINT_VCFS -
[-        ] variant_calling:ASM            -
[-        ] var…_calling:MERGE_ASM_OUTPUTS -
[-        ] variant_calling:MUTECT2        | 0 of 1
[3d/8d8050] mbi…oC-Bap1-ctrl-M-CG-5-prime) | 0 of 3
[-        ] epi…t_genome:EPIQUANT_BAM2ZARR | 0 of 3
[-        ] epi…ort_ctrl:EPIQUANT_BAM2ZARR | 0 of 1
[-        ] epi…ong_ctrl:EPIQUANT_BAM2ZARR | 0 of 1
Plus 9 more processes waiting for tasks…

executor >  slurm (20)
[38/c7ea19] res…AW (evoC-Bap1-mut-F, L000) | 4 of 4 ✔
[bb/6ef43d] res…DE (evoC-Bap1-mut-F, L000) | 4 of 4 ✔
[-        ] resolve_align:FASTQC_RESOLVED  -
[dd/9b1476] res…2 (evoC-Bap1-ctrl-F, L000) | 2 of 4
[-        ] res…align:SAMTOOLS_MERGE_LANES -
[-        ] resolve_align:PRESEQ           -
[b1/8c330e] bam…:BAMLET (evoC-Bap1-ctrl-M) | 1 of 2
[76/6b1ba6] bam…P_BAMQC (evoC-Bap1-ctrl-M) | 0 of 1
[-        ] bam_stats_genome:TSS_BIAS      | 0 of 1
[-        ] bam…:DEEPTOOLS_PLOTFINGERPRINT -
[0d/6cb788] bam…_GCBIAS (evoC-Bap1-ctrl-M) | 0 of 1
[8b/9ec6e3] bam…CCURACY (evoC-Bap1-ctrl-M) | 0 of 1
[-        ] var…t_calling:HAPLOTYPE_CALLER | 0 of 1
[-        ] var…nt_calling:SPLIT_INTERVALS -
[-        ] var…calling:GENOMICS_DB_IMPORT -
[-        ] variant_calling:GENOTYPE_GVCFS -
[-        ] var…t_calling:MERGE_JOINT_VCFS -
[-        ] variant_calling:ASM            -
[-        ] var…_calling:MERGE_ASM_OUTPUTS -
[-        ] variant_calling:MUTECT2        | 0 of 1
[3d/8d8050] mbi…oC-Bap1-ctrl-M-CG-5-prime) | 0 of 3
[-        ] epi…t_genome:EPIQUANT_BAM2ZARR | 0 of 3
[-        ] epi…ort_ctrl:EPIQUANT_BAM2ZARR | 0 of 1
[-        ] epi…ong_ctrl:EPIQUANT_BAM2ZARR | 0 of 1
Plus 9 more processes waiting for tasks…

executor >  slurm (22)
[38/c7ea19] res…AW (evoC-Bap1-mut-F, L000) | 4 of 4 ✔
[bb/6ef43d] res…DE (evoC-Bap1-mut-F, L000) | 4 of 4 ✔
[-        ] resolve_align:FASTQC_RESOLVED  -
[dd/9b1476] res…2 (evoC-Bap1-ctrl-F, L000) | 2 of 4
[-        ] res…align:SAMTOOLS_MERGE_LANES -
[-        ] resolve_align:PRESEQ           -
[b1/8c330e] bam…:BAMLET (evoC-Bap1-ctrl-M) | 1 of 2
[76/6b1ba6] bam…P_BAMQC (evoC-Bap1-ctrl-M) | 0 of 1
[41/0d92d7] bam…SS_BIAS (evoC-Bap1-ctrl-M) | 0 of 1
[-        ] bam…:DEEPTOOLS_PLOTFINGERPRINT -
[0d/6cb788] bam…_GCBIAS (evoC-Bap1-ctrl-M) | 0 of 1
[8b/9ec6e3] bam…CCURACY (evoC-Bap1-ctrl-M) | 0 of 1
[-        ] var…t_calling:HAPLOTYPE_CALLER | 0 of 1
[-        ] var…nt_calling:SPLIT_INTERVALS -
[-        ] var…calling:GENOMICS_DB_IMPORT -
[-        ] variant_calling:GENOTYPE_GVCFS -
[-        ] var…t_calling:MERGE_JOINT_VCFS -
[-        ] variant_calling:ASM            -
[-        ] var…_calling:MERGE_ASM_OUTPUTS -
[-        ] variant_calling:MUTECT2        | 0 of 1
[3d/8d8050] mbi…oC-Bap1-ctrl-M-CG-5-prime) | 0 of 3
[-        ] epi…t_genome:EPIQUANT_BAM2ZARR | 0 of 3
[46/9420a6] epi…ZARR (evoC-Bap1-ctrl-M-CG) | 0 of 1
[-        ] epi…ong_ctrl:EPIQUANT_BAM2ZARR | 0 of 1
Plus 9 more processes waiting for tasks…

executor >  slurm (25)
[38/c7ea19] res…AW (evoC-Bap1-mut-F, L000) | 4 of 4 ✔
[bb/6ef43d] res…DE (evoC-Bap1-mut-F, L000) | 4 of 4 ✔
[-        ] resolve_align:FASTQC_RESOLVED  -
[dd/9b1476] res…2 (evoC-Bap1-ctrl-F, L000) | 2 of 4
[-        ] res…align:SAMTOOLS_MERGE_LANES -
[-        ] resolve_align:PRESEQ           -
[b1/8c330e] bam…:BAMLET (evoC-Bap1-ctrl-M) | 1 of 2
[76/6b1ba6] bam…P_BAMQC (evoC-Bap1-ctrl-M) | 0 of 1
[41/0d92d7] bam…SS_BIAS (evoC-Bap1-ctrl-M) | 0 of 1
[-        ] bam…:DEEPTOOLS_PLOTFINGERPRINT -
[0d/6cb788] bam…_GCBIAS (evoC-Bap1-ctrl-M) | 0 of 1
[8b/9ec6e3] bam…CCURACY (evoC-Bap1-ctrl-M) | 0 of 1
[-        ] var…t_calling:HAPLOTYPE_CALLER | 0 of 1
[-        ] var…nt_calling:SPLIT_INTERVALS -
[-        ] var…calling:GENOMICS_DB_IMPORT -
[-        ] variant_calling:GENOTYPE_GVCFS -
[-        ] var…t_calling:MERGE_JOINT_VCFS -
[-        ] variant_calling:ASM            -
[-        ] var…_calling:MERGE_ASM_OUTPUTS -
[-        ] variant_calling:MUTECT2        | 0 of 1
[3d/8d8050] mbi…oC-Bap1-ctrl-M-CG-5-prime) | 0 of 3
[37/e02261] epi…ZARR (evoC-Bap1-ctrl-M-CG) | 0 of 3
[46/9420a6] epi…ZARR (evoC-Bap1-ctrl-M-CG) | 0 of 1
[3f/9f7aff] epi…ZARR (evoC-Bap1-ctrl-M-CG) | 0 of 1
Plus 9 more processes waiting for tasks…

executor >  slurm (26)
[38/c7ea19] res…AW (evoC-Bap1-mut-F, L000) | 4 of 4 ✔
[bb/6ef43d] res…DE (evoC-Bap1-mut-F, L000) | 4 of 4 ✔
[-        ] resolve_align:FASTQC_RESOLVED  -
[dd/9b1476] res…2 (evoC-Bap1-ctrl-F, L000) | 2 of 4
[-        ] res…align:SAMTOOLS_MERGE_LANES -
[-        ] resolve_align:PRESEQ           -
[b1/8c330e] bam…:BAMLET (evoC-Bap1-ctrl-M) | 1 of 2
[76/6b1ba6] bam…P_BAMQC (evoC-Bap1-ctrl-M) | 0 of 1
[41/0d92d7] bam…SS_BIAS (evoC-Bap1-ctrl-M) | 0 of 1
[-        ] bam…:DEEPTOOLS_PLOTFINGERPRINT -
[0d/6cb788] bam…_GCBIAS (evoC-Bap1-ctrl-M) | 0 of 1
[8b/9ec6e3] bam…CCURACY (evoC-Bap1-ctrl-M) | 0 of 1
[-        ] var…t_calling:HAPLOTYPE_CALLER | 0 of 1
[-        ] var…nt_calling:SPLIT_INTERVALS -
[-        ] var…calling:GENOMICS_DB_IMPORT -
[-        ] variant_calling:GENOTYPE_GVCFS -
[-        ] var…t_calling:MERGE_JOINT_VCFS -
[-        ] variant_calling:ASM            -
[-        ] var…_calling:MERGE_ASM_OUTPUTS -
[-        ] variant_calling:MUTECT2        | 0 of 1
[3d/8d8050] mbi…oC-Bap1-ctrl-M-CG-5-prime) | 0 of 3
[74/762b9b] epi…ARR (evoC-Bap1-ctrl-M-CHH) | 0 of 3
[46/9420a6] epi…ZARR (evoC-Bap1-ctrl-M-CG) | 0 of 1
[3f/9f7aff] epi…ZARR (evoC-Bap1-ctrl-M-CG) | 0 of 1
Plus 9 more processes waiting for tasks…

executor >  slurm (28)
[38/c7ea19] res…AW (evoC-Bap1-mut-F, L000) | 4 of 4 ✔
[bb/6ef43d] res…DE (evoC-Bap1-mut-F, L000) | 4 of 4 ✔
[-        ] resolve_align:FASTQC_RESOLVED  -
[dd/9b1476] res…2 (evoC-Bap1-ctrl-F, L000) | 2 of 4
[-        ] res…align:SAMTOOLS_MERGE_LANES -
[-        ] resolve_align:PRESEQ           -
[b1/8c330e] bam…:BAMLET (evoC-Bap1-ctrl-M) | 1 of 2
[76/6b1ba6] bam…P_BAMQC (evoC-Bap1-ctrl-M) | 0 of 1
[41/0d92d7] bam…SS_BIAS (evoC-Bap1-ctrl-M) | 0 of 1
[-        ] bam…:DEEPTOOLS_PLOTFINGERPRINT -
[0d/6cb788] bam…_GCBIAS (evoC-Bap1-ctrl-M) | 0 of 1
[8b/9ec6e3] bam…CCURACY (evoC-Bap1-ctrl-M) | 0 of 1
[5b/bb07d9] var…_CALLER (evoC-Bap1-ctrl-M) | 0 of 1
[-        ] var…nt_calling:SPLIT_INTERVALS -
[-        ] var…calling:GENOMICS_DB_IMPORT -
[-        ] variant_calling:GENOTYPE_GVCFS -
[-        ] var…t_calling:MERGE_JOINT_VCFS -
[-        ] variant_calling:ASM            -
[-        ] var…_calling:MERGE_ASM_OUTPUTS -
[85/52c968] var…MUTECT2 (evoC-Bap1-ctrl-M) | 0 of 1
[3d/8d8050] mbi…oC-Bap1-ctrl-M-CG-5-prime) | 0 of 3
[74/762b9b] epi…ARR (evoC-Bap1-ctrl-M-CHH) | 0 of 3
[46/9420a6] epi…ZARR (evoC-Bap1-ctrl-M-CG) | 0 of 1
[3f/9f7aff] epi…ZARR (evoC-Bap1-ctrl-M-CG) | 0 of 1
Plus 9 more processes waiting for tasks…

executor >  slurm (28)
[38/c7ea19] res…AW (evoC-Bap1-mut-F, L000) | 4 of 4 ✔
[bb/6ef43d] res…DE (evoC-Bap1-mut-F, L000) | 4 of 4 ✔
[-        ] resolve_align:FASTQC_RESOLVED  -
[dd/9b1476] res…2 (evoC-Bap1-ctrl-F, L000) | 2 of 4
[-        ] res…align:SAMTOOLS_MERGE_LANES -
[-        ] resolve_align:PRESEQ           -
[b1/8c330e] bam…:BAMLET (evoC-Bap1-ctrl-M) | 1 of 2
[76/6b1ba6] bam…P_BAMQC (evoC-Bap1-ctrl-M) | 0 of 1
[41/0d92d7] bam…SS_BIAS (evoC-Bap1-ctrl-M) | 0 of 1
[-        ] bam…:DEEPTOOLS_PLOTFINGERPRINT -
[0d/6cb788] bam…_GCBIAS (evoC-Bap1-ctrl-M) | 0 of 1
[8b/9ec6e3] bam…CCURACY (evoC-Bap1-ctrl-M) | 0 of 1
[5b/bb07d9] var…_CALLER (evoC-Bap1-ctrl-M) | 0 of 1
[-        ] var…nt_calling:SPLIT_INTERVALS -
[-        ] var…calling:GENOMICS_DB_IMPORT -
[-        ] variant_calling:GENOTYPE_GVCFS -
[-        ] var…t_calling:MERGE_JOINT_VCFS -
[-        ] variant_calling:ASM            -
[-        ] var…_calling:MERGE_ASM_OUTPUTS -
[85/52c968] var…MUTECT2 (evoC-Bap1-ctrl-M) | 0 of 1
[3d/8d8050] mbi…oC-Bap1-ctrl-M-CG-5-prime) | 0 of 3
[74/762b9b] epi…ARR (evoC-Bap1-ctrl-M-CHH) | 0 of 3
[46/9420a6] epi…ZARR (evoC-Bap1-ctrl-M-CG) | 0 of 1
[3f/9f7aff] epi…ZARR (evoC-Bap1-ctrl-M-CG) | 0 of 1
Plus 9 more processes waiting for tasks…

executor >  slurm (28)
[38/c7ea19] res…AW (evoC-Bap1-mut-F, L000) | 4 of 4 ✔
[bb/6ef43d] res…DE (evoC-Bap1-mut-F, L000) | 4 of 4 ✔
[-        ] resolve_align:FASTQC_RESOLVED  -
[dd/9b1476] res…2 (evoC-Bap1-ctrl-F, L000) | 2 of 4
[-        ] res…align:SAMTOOLS_MERGE_LANES -
[-        ] resolve_align:PRESEQ           -
[b1/8c330e] bam…:BAMLET (evoC-Bap1-ctrl-M) | 1 of 2
[76/6b1ba6] bam…P_BAMQC (evoC-Bap1-ctrl-M) | 0 of 1
[41/0d92d7] bam…SS_BIAS (evoC-Bap1-ctrl-M) | 0 of 1
[-        ] bam…:DEEPTOOLS_PLOTFINGERPRINT -
[0d/6cb788] bam…_GCBIAS (evoC-Bap1-ctrl-M) | 0 of 1
[8b/9ec6e3] bam…CCURACY (evoC-Bap1-ctrl-M) | 1 of 1
[5b/bb07d9] var…_CALLER (evoC-Bap1-ctrl-M) | 0 of 1
[-        ] var…nt_calling:SPLIT_INTERVALS -
[-        ] var…calling:GENOMICS_DB_IMPORT -
[-        ] variant_calling:GENOTYPE_GVCFS -
[-        ] var…t_calling:MERGE_JOINT_VCFS -
[-        ] variant_calling:ASM            -
[-        ] var…_calling:MERGE_ASM_OUTPUTS -
[85/52c968] var…MUTECT2 (evoC-Bap1-ctrl-M) | 0 of 1
[3d/8d8050] mbi…oC-Bap1-ctrl-M-CG-5-prime) | 0 of 3
[74/762b9b] epi…ARR (evoC-Bap1-ctrl-M-CHH) | 0 of 3
[46/9420a6] epi…ZARR (evoC-Bap1-ctrl-M-CG) | 0 of 1
[3f/9f7aff] epi…ZARR (evoC-Bap1-ctrl-M-CG) | 0 of 1
Plus 9 more processes waiting for tasks…

executor >  slurm (28)
[38/c7ea19] res…AW (evoC-Bap1-mut-F, L000) | 4 of 4 ✔
[bb/6ef43d] res…DE (evoC-Bap1-mut-F, L000) | 4 of 4 ✔
[-        ] resolve_align:FASTQC_RESOLVED  -
[dd/9b1476] res…2 (evoC-Bap1-ctrl-F, L000) | 2 of 4
[-        ] res…align:SAMTOOLS_MERGE_LANES -
[-        ] resolve_align:PRESEQ           -
[b1/8c330e] bam…:BAMLET (evoC-Bap1-ctrl-M) | 1 of 2
[76/6b1ba6] bam…P_BAMQC (evoC-Bap1-ctrl-M) | 0 of 1
[41/0d92d7] bam…SS_BIAS (evoC-Bap1-ctrl-M) | 0 of 1
[-        ] bam…:DEEPTOOLS_PLOTFINGERPRINT -
[0d/6cb788] bam…_GCBIAS (evoC-Bap1-ctrl-M) | 0 of 1
[8b/9ec6e3] bam…CCURACY (evoC-Bap1-ctrl-M) | 1 of 1
[5b/bb07d9] var…_CALLER (evoC-Bap1-ctrl-M) | 0 of 1
[-        ] var…nt_calling:SPLIT_INTERVALS -
[-        ] var…calling:GENOMICS_DB_IMPORT -
[-        ] variant_calling:GENOTYPE_GVCFS -
[-        ] var…t_calling:MERGE_JOINT_VCFS -
[-        ] variant_calling:ASM            -
[-        ] var…_calling:MERGE_ASM_OUTPUTS -
[85/52c968] var…MUTECT2 (evoC-Bap1-ctrl-M) | 0 of 1
[3d/8d8050] mbi…oC-Bap1-ctrl-M-CG-5-prime) | 0 of 3
[74/762b9b] epi…ARR (evoC-Bap1-ctrl-M-CHH) | 0 of 3
[46/9420a6] epi…ZARR (evoC-Bap1-ctrl-M-CG) | 0 of 1
[3f/9f7aff] epi…ZARR (evoC-Bap1-ctrl-M-CG) | 1 of 1
Plus 9 more processes waiting for tasks…

executor >  slurm (28)
[38/c7ea19] res…AW (evoC-Bap1-mut-F, L000) | 4 of 4 ✔
[bb/6ef43d] res…DE (evoC-Bap1-mut-F, L000) | 4 of 4 ✔
[-        ] resolve_align:FASTQC_RESOLVED  -
[dd/9b1476] res…2 (evoC-Bap1-ctrl-F, L000) | 2 of 4
[-        ] res…align:SAMTOOLS_MERGE_LANES -
[-        ] resolve_align:PRESEQ           -
[b1/8c330e] bam…:BAMLET (evoC-Bap1-ctrl-M) | 1 of 2
[76/6b1ba6] bam…P_BAMQC (evoC-Bap1-ctrl-M) | 0 of 1
[41/0d92d7] bam…SS_BIAS (evoC-Bap1-ctrl-M) | 0 of 1
[-        ] bam…:DEEPTOOLS_PLOTFINGERPRINT -
[0d/6cb788] bam…_GCBIAS (evoC-Bap1-ctrl-M) | 0 of 1
[8b/9ec6e3] bam…CCURACY (evoC-Bap1-ctrl-M) | 1 of 1
[5b/bb07d9] var…_CALLER (evoC-Bap1-ctrl-M) | 0 of 1
[-        ] var…nt_calling:SPLIT_INTERVALS -
[-        ] var…calling:GENOMICS_DB_IMPORT -
[-        ] variant_calling:GENOTYPE_GVCFS -
[-        ] var…t_calling:MERGE_JOINT_VCFS -
[-        ] variant_calling:ASM            -
[-        ] var…_calling:MERGE_ASM_OUTPUTS -
[85/52c968] var…MUTECT2 (evoC-Bap1-ctrl-M) | 0 of 1
[3d/8d8050] mbi…oC-Bap1-ctrl-M-CG-5-prime) | 0 of 3
[74/762b9b] epi…ARR (evoC-Bap1-ctrl-M-CHH) | 0 of 3
[46/9420a6] epi…ZARR (evoC-Bap1-ctrl-M-CG) | 0 of 1
[3f/9f7aff] epi…ZARR (evoC-Bap1-ctrl-M-CG) | 1 of 1
[-        ] epi…_long_ctrl:MODALITY_EXPORT | 0 of 1
Plus 8 more processes waiting for tasks…

executor >  slurm (29)
[38/c7ea19] res…AW (evoC-Bap1-mut-F, L000) | 4 of 4 ✔
[bb/6ef43d] res…DE (evoC-Bap1-mut-F, L000) | 4 of 4 ✔
[-        ] resolve_align:FASTQC_RESOLVED  -
[dd/9b1476] res…2 (evoC-Bap1-ctrl-F, L000) | 2 of 4
[-        ] res…align:SAMTOOLS_MERGE_LANES -
[-        ] resolve_align:PRESEQ           -
[b1/8c330e] bam…:BAMLET (evoC-Bap1-ctrl-M) | 1 of 2
[76/6b1ba6] bam…P_BAMQC (evoC-Bap1-ctrl-M) | 0 of 1
[41/0d92d7] bam…SS_BIAS (evoC-Bap1-ctrl-M) | 0 of 1
[-        ] bam…:DEEPTOOLS_PLOTFINGERPRINT -
[0d/6cb788] bam…_GCBIAS (evoC-Bap1-ctrl-M) | 0 of 1
[8b/9ec6e3] bam…CCURACY (evoC-Bap1-ctrl-M) | 1 of 1
[5b/bb07d9] var…_CALLER (evoC-Bap1-ctrl-M) | 0 of 1
[-        ] var…nt_calling:SPLIT_INTERVALS -
[-        ] var…calling:GENOMICS_DB_IMPORT -
[-        ] variant_calling:GENOTYPE_GVCFS -
[-        ] var…t_calling:MERGE_JOINT_VCFS -
[-        ] variant_calling:ASM            -
[-        ] var…_calling:MERGE_ASM_OUTPUTS -
[85/52c968] var…MUTECT2 (evoC-Bap1-ctrl-M) | 0 of 1
[3d/8d8050] mbi…oC-Bap1-ctrl-M-CG-5-prime) | 0 of 3
[74/762b9b] epi…ARR (evoC-Bap1-ctrl-M-CHH) | 0 of 3
[46/9420a6] epi…ZARR (evoC-Bap1-ctrl-M-CG) | 0 of 1
[3f/9f7aff] epi…ZARR (evoC-Bap1-ctrl-M-CG) | 1 of 1
[01/e9a12c] epi…PORT (evoC-Bap1-ctrl-M_CG) | 0 of 1
Plus 8 more processes waiting for tasks…

executor >  slurm (29)
[38/c7ea19] res…AW (evoC-Bap1-mut-F, L000) | 4 of 4 ✔
[bb/6ef43d] res…DE (evoC-Bap1-mut-F, L000) | 4 of 4 ✔
[-        ] resolve_align:FASTQC_RESOLVED  -
[dd/9b1476] res…2 (evoC-Bap1-ctrl-F, L000) | 2 of 4
[-        ] res…align:SAMTOOLS_MERGE_LANES -
[-        ] resolve_align:PRESEQ           -
[b1/8c330e] bam…:BAMLET (evoC-Bap1-ctrl-M) | 1 of 2
[76/6b1ba6] bam…P_BAMQC (evoC-Bap1-ctrl-M) | 0 of 1
[41/0d92d7] bam…SS_BIAS (evoC-Bap1-ctrl-M) | 0 of 1
[-        ] bam…:DEEPTOOLS_PLOTFINGERPRINT -
[0d/6cb788] bam…_GCBIAS (evoC-Bap1-ctrl-M) | 0 of 1
[8b/9ec6e3] bam…CCURACY (evoC-Bap1-ctrl-M) | 1 of 1
[5b/bb07d9] var…_CALLER (evoC-Bap1-ctrl-M) | 0 of 1
[-        ] var…nt_calling:SPLIT_INTERVALS -
[-        ] var…calling:GENOMICS_DB_IMPORT -
[-        ] variant_calling:GENOTYPE_GVCFS -
[-        ] var…t_calling:MERGE_JOINT_VCFS -
[-        ] variant_calling:ASM            -
[-        ] var…_calling:MERGE_ASM_OUTPUTS -
[85/52c968] var…MUTECT2 (evoC-Bap1-ctrl-M) | 0 of 1
[3d/8d8050] mbi…oC-Bap1-ctrl-M-CG-5-prime) | 0 of 3
[74/762b9b] epi…ARR (evoC-Bap1-ctrl-M-CHH) | 0 of 3
[46/9420a6] epi…ZARR (evoC-Bap1-ctrl-M-CG) | 1 of 1
[3f/9f7aff] epi…ZARR (evoC-Bap1-ctrl-M-CG) | 1 of 1
[01/e9a12c] epi…PORT (evoC-Bap1-ctrl-M_CG) | 0 of 1
Plus 8 more processes waiting for tasks…

executor >  slurm (30)
[38/c7ea19] res…AW (evoC-Bap1-mut-F, L000) | 4 of 4 ✔
[bb/6ef43d] res…DE (evoC-Bap1-mut-F, L000) | 4 of 4 ✔
[-        ] resolve_align:FASTQC_RESOLVED  -
[dd/9b1476] res…2 (evoC-Bap1-ctrl-F, L000) | 2 of 4
[-        ] res…align:SAMTOOLS_MERGE_LANES -
[-        ] resolve_align:PRESEQ           -
[b1/8c330e] bam…:BAMLET (evoC-Bap1-ctrl-M) | 1 of 2
[76/6b1ba6] bam…P_BAMQC (evoC-Bap1-ctrl-M) | 0 of 1
[41/0d92d7] bam…SS_BIAS (evoC-Bap1-ctrl-M) | 0 of 1
[-        ] bam…:DEEPTOOLS_PLOTFINGERPRINT -
[0d/6cb788] bam…_GCBIAS (evoC-Bap1-ctrl-M) | 0 of 1
[8b/9ec6e3] bam…CCURACY (evoC-Bap1-ctrl-M) | 1 of 1
[5b/bb07d9] var…_CALLER (evoC-Bap1-ctrl-M) | 0 of 1
[-        ] var…nt_calling:SPLIT_INTERVALS -
[-        ] var…calling:GENOMICS_DB_IMPORT -
[-        ] variant_calling:GENOTYPE_GVCFS -
[-        ] var…t_calling:MERGE_JOINT_VCFS -
[-        ] variant_calling:ASM            -
[-        ] var…_calling:MERGE_ASM_OUTPUTS -
[85/52c968] var…MUTECT2 (evoC-Bap1-ctrl-M) | 0 of 1
[3d/8d8050] mbi…oC-Bap1-ctrl-M-CG-5-prime) | 0 of 3
[74/762b9b] epi…ARR (evoC-Bap1-ctrl-M-CHH) | 0 of 3
[46/9420a6] epi…ZARR (evoC-Bap1-ctrl-M-CG) | 1 of 1
[9a/0be385] epi…PORT (evoC-Bap1-ctrl-M_CG) | 0 of 1
[3f/9f7aff] epi…ZARR (evoC-Bap1-ctrl-M-CG) | 1 of 1
[01/e9a12c] epi…PORT (evoC-Bap1-ctrl-M_CG) | 0 of 1
Plus 7 more processes waiting for tasks…

executor >  slurm (30)
[38/c7ea19] res…AW (evoC-Bap1-mut-F, L000) | 4 of 4 ✔
[bb/6ef43d] res…DE (evoC-Bap1-mut-F, L000) | 4 of 4 ✔
[-        ] resolve_align:FASTQC_RESOLVED  -
[dd/9b1476] res…2 (evoC-Bap1-ctrl-F, L000) | 2 of 4
[-        ] res…align:SAMTOOLS_MERGE_LANES -
[-        ] resolve_align:PRESEQ           -
[b1/8c330e] bam…:BAMLET (evoC-Bap1-ctrl-M) | 1 of 2
[76/6b1ba6] bam…P_BAMQC (evoC-Bap1-ctrl-M) | 0 of 1
[41/0d92d7] bam…SS_BIAS (evoC-Bap1-ctrl-M) | 0 of 1
[-        ] bam…:DEEPTOOLS_PLOTFINGERPRINT -
[0d/6cb788] bam…_GCBIAS (evoC-Bap1-ctrl-M) | 0 of 1
[8b/9ec6e3] bam…CCURACY (evoC-Bap1-ctrl-M) | 1 of 1
[5b/bb07d9] var…_CALLER (evoC-Bap1-ctrl-M) | 0 of 1
[-        ] var…nt_calling:SPLIT_INTERVALS -
[-        ] var…calling:GENOMICS_DB_IMPORT -
[-        ] variant_calling:GENOTYPE_GVCFS -
[-        ] var…t_calling:MERGE_JOINT_VCFS -
[-        ] variant_calling:ASM            -
[-        ] var…_calling:MERGE_ASM_OUTPUTS -
[85/52c968] var…MUTECT2 (evoC-Bap1-ctrl-M) | 0 of 1
[3d/8d8050] mbi…oC-Bap1-ctrl-M-CG-5-prime) | 0 of 3
[74/762b9b] epi…ARR (evoC-Bap1-ctrl-M-CHH) | 0 of 3
[46/9420a6] epi…ZARR (evoC-Bap1-ctrl-M-CG) | 1 of 1
[9a/0be385] epi…PORT (evoC-Bap1-ctrl-M_CG) | 0 of 1
[3f/9f7aff] epi…ZARR (evoC-Bap1-ctrl-M-CG) | 1 of 1
[01/e9a12c] epi…PORT (evoC-Bap1-ctrl-M_CG) | 0 of 1
Plus 7 more processes waiting for tasks…

executor >  slurm (30)
[38/c7ea19] res…AW (evoC-Bap1-mut-F, L000) | 4 of 4 ✔
[bb/6ef43d] res…DE (evoC-Bap1-mut-F, L000) | 4 of 4 ✔
[-        ] resolve_align:FASTQC_RESOLVED  -
[dd/9b1476] res…2 (evoC-Bap1-ctrl-F, L000) | 2 of 4
[-        ] res…align:SAMTOOLS_MERGE_LANES -
[-        ] resolve_align:PRESEQ           -
[b1/8c330e] bam…:BAMLET (evoC-Bap1-ctrl-M) | 1 of 2
[76/6b1ba6] bam…P_BAMQC (evoC-Bap1-ctrl-M) | 0 of 1
[41/0d92d7] bam…SS_BIAS (evoC-Bap1-ctrl-M) | 0 of 1
[-        ] bam…:DEEPTOOLS_PLOTFINGERPRINT -
[0d/6cb788] bam…_GCBIAS (evoC-Bap1-ctrl-M) | 0 of 1
[8b/9ec6e3] bam…CCURACY (evoC-Bap1-ctrl-M) | 1 of 1
[5b/bb07d9] var…_CALLER (evoC-Bap1-ctrl-M) | 0 of 1
[-        ] var…nt_calling:SPLIT_INTERVALS -
[-        ] var…calling:GENOMICS_DB_IMPORT -
[-        ] variant_calling:GENOTYPE_GVCFS -
[-        ] var…t_calling:MERGE_JOINT_VCFS -
[-        ] variant_calling:ASM            -
[-        ] var…_calling:MERGE_ASM_OUTPUTS -
[85/52c968] var…MUTECT2 (evoC-Bap1-ctrl-M) | 0 of 1
[3d/8d8050] mbi…oC-Bap1-ctrl-M-CG-5-prime) | 0 of 3
[74/762b9b] epi…ARR (evoC-Bap1-ctrl-M-CHH) | 0 of 3
[46/9420a6] epi…ZARR (evoC-Bap1-ctrl-M-CG) | 1 of 1
[9a/0be385] epi…PORT (evoC-Bap1-ctrl-M_CG) | 1 of 1
[3f/9f7aff] epi…ZARR (evoC-Bap1-ctrl-M-CG) | 1 of 1
[01/e9a12c] epi…PORT (evoC-Bap1-ctrl-M_CG) | 1 of 1
Plus 7 more processes waiting for tasks…

executor >  slurm (30)
[38/c7ea19] res…AW (evoC-Bap1-mut-F, L000) | 4 of 4 ✔
[bb/6ef43d] res…DE (evoC-Bap1-mut-F, L000) | 4 of 4 ✔
[-        ] resolve_align:FASTQC_RESOLVED  -
[ff/9e54e6] res…M2 (evoC-Bap1-mut-M, L000) | 3 of 4
[-        ] res…align:SAMTOOLS_MERGE_LANES -
[-        ] resolve_align:PRESEQ           -
[b1/8c330e] bam…:BAMLET (evoC-Bap1-ctrl-M) | 1 of 3
[76/6b1ba6] bam…P_BAMQC (evoC-Bap1-ctrl-M) | 0 of 1
[41/0d92d7] bam…SS_BIAS (evoC-Bap1-ctrl-M) | 0 of 1
[-        ] bam…:DEEPTOOLS_PLOTFINGERPRINT -
[0d/6cb788] bam…_GCBIAS (evoC-Bap1-ctrl-M) | 0 of 1
[8b/9ec6e3] bam…CCURACY (evoC-Bap1-ctrl-M) | 1 of 1
[5b/bb07d9] var…_CALLER (evoC-Bap1-ctrl-M) | 0 of 1
[-        ] var…nt_calling:SPLIT_INTERVALS -
[-        ] var…calling:GENOMICS_DB_IMPORT -
[-        ] variant_calling:GENOTYPE_GVCFS -
[-        ] var…t_calling:MERGE_JOINT_VCFS -
[-        ] variant_calling:ASM            -
[-        ] var…_calling:MERGE_ASM_OUTPUTS -
[85/52c968] var…MUTECT2 (evoC-Bap1-ctrl-M) | 0 of 1
[3d/8d8050] mbi…oC-Bap1-ctrl-M-CG-5-prime) | 0 of 3
[74/762b9b] epi…ARR (evoC-Bap1-ctrl-M-CHH) | 0 of 3
[46/9420a6] epi…ZARR (evoC-Bap1-ctrl-M-CG) | 1 of 1
[9a/0be385] epi…PORT (evoC-Bap1-ctrl-M_CG) | 1 of 1
[3f/9f7aff] epi…ZARR (evoC-Bap1-ctrl-M-CG) | 1 of 1
[01/e9a12c] epi…PORT (evoC-Bap1-ctrl-M_CG) | 1 of 1
Plus 7 more processes waiting for tasks…

executor >  slurm (31)
[38/c7ea19] res…AW (evoC-Bap1-mut-F, L000) | 4 of 4 ✔
[bb/6ef43d] res…DE (evoC-Bap1-mut-F, L000) | 4 of 4 ✔
[-        ] resolve_align:FASTQC_RESOLVED  -
[ff/9e54e6] res…M2 (evoC-Bap1-mut-M, L000) | 3 of 4
[-        ] res…align:SAMTOOLS_MERGE_LANES -
[-        ] resolve_align:PRESEQ           -
[9a/2fcf82] bam…t:BAMLET (evoC-Bap1-mut-M) | 1 of 3
[76/6b1ba6] bam…P_BAMQC (evoC-Bap1-ctrl-M) | 0 of 1
[41/0d92d7] bam…SS_BIAS (evoC-Bap1-ctrl-M) | 0 of 1
[-        ] bam…:DEEPTOOLS_PLOTFINGERPRINT -
[0d/6cb788] bam…_GCBIAS (evoC-Bap1-ctrl-M) | 0 of 1
[8b/9ec6e3] bam…CCURACY (evoC-Bap1-ctrl-M) | 1 of 1
[5b/bb07d9] var…_CALLER (evoC-Bap1-ctrl-M) | 0 of 1
[-        ] var…nt_calling:SPLIT_INTERVALS -
[-        ] var…calling:GENOMICS_DB_IMPORT -
[-        ] variant_calling:GENOTYPE_GVCFS -
[-        ] var…t_calling:MERGE_JOINT_VCFS -
[-        ] variant_calling:ASM            -
[-        ] var…_calling:MERGE_ASM_OUTPUTS -
[85/52c968] var…MUTECT2 (evoC-Bap1-ctrl-M) | 0 of 1
[3d/8d8050] mbi…oC-Bap1-ctrl-M-CG-5-prime) | 0 of 3
[74/762b9b] epi…ARR (evoC-Bap1-ctrl-M-CHH) | 0 of 3
[46/9420a6] epi…ZARR (evoC-Bap1-ctrl-M-CG) | 1 of 1
[9a/0be385] epi…PORT (evoC-Bap1-ctrl-M_CG) | 1 of 1
[3f/9f7aff] epi…ZARR (evoC-Bap1-ctrl-M-CG) | 1 of 1
[01/e9a12c] epi…PORT (evoC-Bap1-ctrl-M_CG) | 1 of 1
Plus 7 more processes waiting for tasks…

executor >  slurm (31)
[38/c7ea19] res…AW (evoC-Bap1-mut-F, L000) | 4 of 4 ✔
[bb/6ef43d] res…DE (evoC-Bap1-mut-F, L000) | 4 of 4 ✔
[-        ] resolve_align:FASTQC_RESOLVED  -
[ff/9e54e6] res…M2 (evoC-Bap1-mut-M, L000) | 3 of 4
[-        ] res…align:SAMTOOLS_MERGE_LANES -
[-        ] resolve_align:PRESEQ           -
[9a/2fcf82] bam…t:BAMLET (evoC-Bap1-mut-M) | 1 of 3
[76/6b1ba6] bam…P_BAMQC (evoC-Bap1-ctrl-M) | 0 of 1
[41/0d92d7] bam…SS_BIAS (evoC-Bap1-ctrl-M) | 0 of 1
[-        ] bam…:DEEPTOOLS_PLOTFINGERPRINT -
[0d/6cb788] bam…_GCBIAS (evoC-Bap1-ctrl-M) | 0 of 1
[8b/9ec6e3] bam…CCURACY (evoC-Bap1-ctrl-M) | 1 of 1
[5b/bb07d9] var…_CALLER (evoC-Bap1-ctrl-M) | 0 of 1
[-        ] var…nt_calling:SPLIT_INTERVALS -
[-        ] var…calling:GENOMICS_DB_IMPORT -
[-        ] variant_calling:GENOTYPE_GVCFS -
[-        ] var…t_calling:MERGE_JOINT_VCFS -
[-        ] variant_calling:ASM            -
[-        ] var…_calling:MERGE_ASM_OUTPUTS -
[85/52c968] var…MUTECT2 (evoC-Bap1-ctrl-M) | 0 of 1
[3d/8d8050] mbi…oC-Bap1-ctrl-M-CG-5-prime) | 0 of 3
[74/762b9b] epi…ARR (evoC-Bap1-ctrl-M-CHH) | 0 of 3
[46/9420a6] epi…ZARR (evoC-Bap1-ctrl-M-CG) | 1 of 1
[9a/0be385] epi…PORT (evoC-Bap1-ctrl-M_CG) | 1 of 1
[3f/9f7aff] epi…ZARR (evoC-Bap1-ctrl-M-CG) | 1 of 1
[01/e9a12c] epi…PORT (evoC-Bap1-ctrl-M_CG) | 1 of 1
Plus 7 more processes waiting for tasks…

executor >  slurm (31)
[38/c7ea19] res…AW (evoC-Bap1-mut-F, L000) | 4 of 4 ✔
[bb/6ef43d] res…DE (evoC-Bap1-mut-F, L000) | 4 of 4 ✔
[-        ] resolve_align:FASTQC_RESOLVED  -
[ff/9e54e6] res…M2 (evoC-Bap1-mut-M, L000) | 3 of 4
[-        ] res…align:SAMTOOLS_MERGE_LANES -
[-        ] resolve_align:PRESEQ           -
[9a/2fcf82] bam…t:BAMLET (evoC-Bap1-mut-M) | 1 of 3
[76/6b1ba6] bam…P_BAMQC (evoC-Bap1-ctrl-M) | 0 of 1
[41/0d92d7] bam…SS_BIAS (evoC-Bap1-ctrl-M) | 1 of 1
[-        ] bam…:DEEPTOOLS_PLOTFINGERPRINT -
[0d/6cb788] bam…_GCBIAS (evoC-Bap1-ctrl-M) | 0 of 1
[8b/9ec6e3] bam…CCURACY (evoC-Bap1-ctrl-M) | 1 of 1
[5b/bb07d9] var…_CALLER (evoC-Bap1-ctrl-M) | 0 of 1
[-        ] var…nt_calling:SPLIT_INTERVALS -
[-        ] var…calling:GENOMICS_DB_IMPORT -
[-        ] variant_calling:GENOTYPE_GVCFS -
[-        ] var…t_calling:MERGE_JOINT_VCFS -
[-        ] variant_calling:ASM            -
[-        ] var…_calling:MERGE_ASM_OUTPUTS -
[85/52c968] var…MUTECT2 (evoC-Bap1-ctrl-M) | 0 of 1
[3d/8d8050] mbi…oC-Bap1-ctrl-M-CG-5-prime) | 0 of 3
[74/762b9b] epi…ARR (evoC-Bap1-ctrl-M-CHH) | 0 of 3
[46/9420a6] epi…ZARR (evoC-Bap1-ctrl-M-CG) | 1 of 1
[9a/0be385] epi…PORT (evoC-Bap1-ctrl-M_CG) | 1 of 1
[3f/9f7aff] epi…ZARR (evoC-Bap1-ctrl-M-CG) | 1 of 1
[01/e9a12c] epi…PORT (evoC-Bap1-ctrl-M_CG) | 1 of 1
Plus 7 more processes waiting for tasks…

executor >  slurm (31)
[38/c7ea19] res…AW (evoC-Bap1-mut-F, L000) | 4 of 4 ✔
[bb/6ef43d] res…DE (evoC-Bap1-mut-F, L000) | 4 of 4 ✔
[-        ] resolve_align:FASTQC_RESOLVED  -
[35/a3ae4a] res…M2 (evoC-Bap1-mut-F, L000) | 4 of 4 ✔
[-        ] res…align:SAMTOOLS_MERGE_LANES -
[-        ] resolve_align:PRESEQ           -
[9a/2fcf82] bam…t:BAMLET (evoC-Bap1-mut-M) | 1 of 4
[76/6b1ba6] bam…P_BAMQC (evoC-Bap1-ctrl-M) | 0 of 1
[41/0d92d7] bam…SS_BIAS (evoC-Bap1-ctrl-M) | 1 of 1
[-        ] bam…:DEEPTOOLS_PLOTFINGERPRINT -
[0d/6cb788] bam…_GCBIAS (evoC-Bap1-ctrl-M) | 0 of 1
[8b/9ec6e3] bam…CCURACY (evoC-Bap1-ctrl-M) | 1 of 1
[5b/bb07d9] var…_CALLER (evoC-Bap1-ctrl-M) | 0 of 1
[-        ] var…nt_calling:SPLIT_INTERVALS -
[-        ] var…calling:GENOMICS_DB_IMPORT -
[-        ] variant_calling:GENOTYPE_GVCFS -
[-        ] var…t_calling:MERGE_JOINT_VCFS -
[-        ] variant_calling:ASM            -
[-        ] var…_calling:MERGE_ASM_OUTPUTS -
[85/52c968] var…MUTECT2 (evoC-Bap1-ctrl-M) | 0 of 1
[3d/8d8050] mbi…oC-Bap1-ctrl-M-CG-5-prime) | 0 of 3
[74/762b9b] epi…ARR (evoC-Bap1-ctrl-M-CHH) | 0 of 3
[46/9420a6] epi…ZARR (evoC-Bap1-ctrl-M-CG) | 1 of 1
[9a/0be385] epi…PORT (evoC-Bap1-ctrl-M_CG) | 1 of 1
[3f/9f7aff] epi…ZARR (evoC-Bap1-ctrl-M-CG) | 1 of 1
[01/e9a12c] epi…PORT (evoC-Bap1-ctrl-M_CG) | 1 of 1
Plus 7 more processes waiting for tasks…

executor >  slurm (32)
[38/c7ea19] res…AW (evoC-Bap1-mut-F, L000) | 4 of 4 ✔
[bb/6ef43d] res…DE (evoC-Bap1-mut-F, L000) | 4 of 4 ✔
[-        ] resolve_align:FASTQC_RESOLVED  -
[35/a3ae4a] res…M2 (evoC-Bap1-mut-F, L000) | 4 of 4 ✔
[-        ] res…align:SAMTOOLS_MERGE_LANES -
[-        ] resolve_align:PRESEQ           -
[f7/1296d9] bam…t:BAMLET (evoC-Bap1-mut-F) | 1 of 4
[76/6b1ba6] bam…P_BAMQC (evoC-Bap1-ctrl-M) | 0 of 1
[41/0d92d7] bam…SS_BIAS (evoC-Bap1-ctrl-M) | 1 of 1
[-        ] bam…:DEEPTOOLS_PLOTFINGERPRINT -
[0d/6cb788] bam…_GCBIAS (evoC-Bap1-ctrl-M) | 0 of 1
[8b/9ec6e3] bam…CCURACY (evoC-Bap1-ctrl-M) | 1 of 1
[5b/bb07d9] var…_CALLER (evoC-Bap1-ctrl-M) | 0 of 1
[-        ] var…nt_calling:SPLIT_INTERVALS -
[-        ] var…calling:GENOMICS_DB_IMPORT -
[-        ] variant_calling:GENOTYPE_GVCFS -
[-        ] var…t_calling:MERGE_JOINT_VCFS -
[-        ] variant_calling:ASM            -
[-        ] var…_calling:MERGE_ASM_OUTPUTS -
[85/52c968] var…MUTECT2 (evoC-Bap1-ctrl-M) | 0 of 1
[3d/8d8050] mbi…oC-Bap1-ctrl-M-CG-5-prime) | 0 of 3
[74/762b9b] epi…ARR (evoC-Bap1-ctrl-M-CHH) | 0 of 3
[46/9420a6] epi…ZARR (evoC-Bap1-ctrl-M-CG) | 1 of 1
[9a/0be385] epi…PORT (evoC-Bap1-ctrl-M_CG) | 1 of 1
[3f/9f7aff] epi…ZARR (evoC-Bap1-ctrl-M-CG) | 1 of 1
[01/e9a12c] epi…PORT (evoC-Bap1-ctrl-M_CG) | 1 of 1
Plus 7 more processes waiting for tasks…

executor >  slurm (32)
[38/c7ea19] res…AW (evoC-Bap1-mut-F, L000) | 4 of 4 ✔
[bb/6ef43d] res…DE (evoC-Bap1-mut-F, L000) | 4 of 4 ✔
[-        ] resolve_align:FASTQC_RESOLVED  -
[35/a3ae4a] res…M2 (evoC-Bap1-mut-F, L000) | 4 of 4 ✔
[-        ] res…align:SAMTOOLS_MERGE_LANES -
[-        ] resolve_align:PRESEQ           -
[f7/1296d9] bam…t:BAMLET (evoC-Bap1-mut-F) | 1 of 4
[76/6b1ba6] bam…P_BAMQC (evoC-Bap1-ctrl-M) | 0 of 1
[41/0d92d7] bam…SS_BIAS (evoC-Bap1-ctrl-M) | 1 of 1
[-        ] bam…:DEEPTOOLS_PLOTFINGERPRINT -
[0d/6cb788] bam…_GCBIAS (evoC-Bap1-ctrl-M) | 0 of 1
[8b/9ec6e3] bam…CCURACY (evoC-Bap1-ctrl-M) | 1 of 1
[5b/bb07d9] var…_CALLER (evoC-Bap1-ctrl-M) | 0 of 1
[-        ] var…nt_calling:SPLIT_INTERVALS -
[-        ] var…calling:GENOMICS_DB_IMPORT -
[-        ] variant_calling:GENOTYPE_GVCFS -
[-        ] var…t_calling:MERGE_JOINT_VCFS -
[-        ] variant_calling:ASM            -
[-        ] var…_calling:MERGE_ASM_OUTPUTS -
[85/52c968] var…MUTECT2 (evoC-Bap1-ctrl-M) | 0 of 1
[3d/8d8050] mbi…oC-Bap1-ctrl-M-CG-5-prime) | 0 of 3
[74/762b9b] epi…ARR (evoC-Bap1-ctrl-M-CHH) | 0 of 3
[46/9420a6] epi…ZARR (evoC-Bap1-ctrl-M-CG) | 1 of 1
[9a/0be385] epi…PORT (evoC-Bap1-ctrl-M_CG) | 1 of 1
[3f/9f7aff] epi…ZARR (evoC-Bap1-ctrl-M-CG) | 1 of 1
[01/e9a12c] epi…PORT (evoC-Bap1-ctrl-M_CG) | 1 of 1
Plus 7 more processes waiting for tasks…

executor >  slurm (32)
[38/c7ea19] res…AW (evoC-Bap1-mut-F, L000) | 4 of 4 ✔
[bb/6ef43d] res…DE (evoC-Bap1-mut-F, L000) | 4 of 4 ✔
[-        ] resolve_align:FASTQC_RESOLVED  -
[35/a3ae4a] res…M2 (evoC-Bap1-mut-F, L000) | 4 of 4 ✔
[-        ] res…align:SAMTOOLS_MERGE_LANES -
[-        ] resolve_align:PRESEQ           -
[ab/3f9586] bam…:BAMLET (evoC-Bap1-ctrl-F) | 2 of 4
[76/6b1ba6] bam…P_BAMQC (evoC-Bap1-ctrl-M) | 0 of 2
[41/0d92d7] bam…SS_BIAS (evoC-Bap1-ctrl-M) | 1 of 2
[-        ] bam…:DEEPTOOLS_PLOTFINGERPRINT -
[0d/6cb788] bam…_GCBIAS (evoC-Bap1-ctrl-M) | 0 of 2
[8b/9ec6e3] bam…CCURACY (evoC-Bap1-ctrl-M) | 1 of 2
[5b/bb07d9] var…_CALLER (evoC-Bap1-ctrl-M) | 0 of 2
[-        ] var…nt_calling:SPLIT_INTERVALS -
[-        ] var…calling:GENOMICS_DB_IMPORT -
[-        ] variant_calling:GENOTYPE_GVCFS -
[-        ] var…t_calling:MERGE_JOINT_VCFS -
[-        ] variant_calling:ASM            -
[-        ] var…_calling:MERGE_ASM_OUTPUTS -
[85/52c968] var…MUTECT2 (evoC-Bap1-ctrl-M) | 0 of 2
[3d/8d8050] mbi…oC-Bap1-ctrl-M-CG-5-prime) | 0 of 6
[74/762b9b] epi…ARR (evoC-Bap1-ctrl-M-CHH) | 0 of 6
[46/9420a6] epi…ZARR (evoC-Bap1-ctrl-M-CG) | 1 of 2
[9a/0be385] epi…PORT (evoC-Bap1-ctrl-M_CG) | 1 of 1
[3f/9f7aff] epi…ZARR (evoC-Bap1-ctrl-M-CG) | 1 of 2
[01/e9a12c] epi…PORT (evoC-Bap1-ctrl-M_CG) | 1 of 1
Plus 7 more processes waiting for tasks…

executor >  slurm (34)
[38/c7ea19] res…AW (evoC-Bap1-mut-F, L000) | 4 of 4 ✔
[bb/6ef43d] res…DE (evoC-Bap1-mut-F, L000) | 4 of 4 ✔
[-        ] resolve_align:FASTQC_RESOLVED  -
[35/a3ae4a] res…M2 (evoC-Bap1-mut-F, L000) | 4 of 4 ✔
[-        ] res…align:SAMTOOLS_MERGE_LANES -
[-        ] resolve_align:PRESEQ           -
[ab/3f9586] bam…:BAMLET (evoC-Bap1-ctrl-F) | 2 of 4
[76/6b1ba6] bam…P_BAMQC (evoC-Bap1-ctrl-M) | 0 of 2
[88/fe2b28] bam…SS_BIAS (evoC-Bap1-ctrl-F) | 1 of 2
[-        ] bam…:DEEPTOOLS_PLOTFINGERPRINT -
[0d/6cb788] bam…_GCBIAS (evoC-Bap1-ctrl-M) | 0 of 2
[61/95bf89] bam…CCURACY (evoC-Bap1-ctrl-F) | 1 of 2
[5b/bb07d9] var…_CALLER (evoC-Bap1-ctrl-M) | 0 of 2
[-        ] var…nt_calling:SPLIT_INTERVALS -
[-        ] var…calling:GENOMICS_DB_IMPORT -
[-        ] variant_calling:GENOTYPE_GVCFS -
[-        ] var…t_calling:MERGE_JOINT_VCFS -
[-        ] variant_calling:ASM            -
[-        ] var…_calling:MERGE_ASM_OUTPUTS -
[85/52c968] var…MUTECT2 (evoC-Bap1-ctrl-M) | 0 of 2
[3d/8d8050] mbi…oC-Bap1-ctrl-M-CG-5-prime) | 0 of 6
[74/762b9b] epi…ARR (evoC-Bap1-ctrl-M-CHH) | 0 of 6
[46/9420a6] epi…ZARR (evoC-Bap1-ctrl-M-CG) | 1 of 2
[9a/0be385] epi…PORT (evoC-Bap1-ctrl-M_CG) | 1 of 1
[3f/9f7aff] epi…ZARR (evoC-Bap1-ctrl-M-CG) | 1 of 2
[01/e9a12c] epi…PORT (evoC-Bap1-ctrl-M_CG) | 1 of 1
Plus 7 more processes waiting for tasks…

executor >  slurm (36)
[38/c7ea19] res…AW (evoC-Bap1-mut-F, L000) | 4 of 4 ✔
[bb/6ef43d] res…DE (evoC-Bap1-mut-F, L000) | 4 of 4 ✔
[-        ] resolve_align:FASTQC_RESOLVED  -
[35/a3ae4a] res…M2 (evoC-Bap1-mut-F, L000) | 4 of 4 ✔
[-        ] res…align:SAMTOOLS_MERGE_LANES -
[-        ] resolve_align:PRESEQ           -
[ab/3f9586] bam…:BAMLET (evoC-Bap1-ctrl-F) | 2 of 4
[76/6b1ba6] bam…P_BAMQC (evoC-Bap1-ctrl-M) | 0 of 2
[88/fe2b28] bam…SS_BIAS (evoC-Bap1-ctrl-F) | 1 of 2
[-        ] bam…:DEEPTOOLS_PLOTFINGERPRINT -
[0d/6cb788] bam…_GCBIAS (evoC-Bap1-ctrl-M) | 0 of 2
[61/95bf89] bam…CCURACY (evoC-Bap1-ctrl-F) | 1 of 2
[5b/bb07d9] var…_CALLER (evoC-Bap1-ctrl-M) | 0 of 2
[-        ] var…nt_calling:SPLIT_INTERVALS -
[-        ] var…calling:GENOMICS_DB_IMPORT -
[-        ] variant_calling:GENOTYPE_GVCFS -
[-        ] var…t_calling:MERGE_JOINT_VCFS -
[-        ] variant_calling:ASM            -
[-        ] var…_calling:MERGE_ASM_OUTPUTS -
[85/52c968] var…MUTECT2 (evoC-Bap1-ctrl-M) | 0 of 2
[88/c5ff0d] mbi…C-Bap1-ctrl-F-CHH-5-prime) | 0 of 6
[74/762b9b] epi…ARR (evoC-Bap1-ctrl-M-CHH) | 0 of 6
[46/9420a6] epi…ZARR (evoC-Bap1-ctrl-M-CG) | 1 of 2
[9a/0be385] epi…PORT (evoC-Bap1-ctrl-M_CG) | 1 of 1
[a3/e3e1fd] epi…ZARR (evoC-Bap1-ctrl-F-CG) | 1 of 2
[01/e9a12c] epi…PORT (evoC-Bap1-ctrl-M_CG) | 1 of 1
Plus 7 more processes waiting for tasks…

executor >  slurm (37)
[38/c7ea19] res…AW (evoC-Bap1-mut-F, L000) | 4 of 4 ✔
[bb/6ef43d] res…DE (evoC-Bap1-mut-F, L000) | 4 of 4 ✔
[-        ] resolve_align:FASTQC_RESOLVED  -
[35/a3ae4a] res…M2 (evoC-Bap1-mut-F, L000) | 4 of 4 ✔
[-        ] res…align:SAMTOOLS_MERGE_LANES -
[-        ] resolve_align:PRESEQ           -
[ab/3f9586] bam…:BAMLET (evoC-Bap1-ctrl-F) | 2 of 4
[76/6b1ba6] bam…P_BAMQC (evoC-Bap1-ctrl-M) | 0 of 2
[88/fe2b28] bam…SS_BIAS (evoC-Bap1-ctrl-F) | 1 of 2
[-        ] bam…:DEEPTOOLS_PLOTFINGERPRINT -
[0d/6cb788] bam…_GCBIAS (evoC-Bap1-ctrl-M) | 0 of 2
[61/95bf89] bam…CCURACY (evoC-Bap1-ctrl-F) | 1 of 2
[51/513ed3] var…_CALLER (evoC-Bap1-ctrl-F) | 0 of 2
[-        ] var…nt_calling:SPLIT_INTERVALS -
[-        ] var…calling:GENOMICS_DB_IMPORT -
[-        ] variant_calling:GENOTYPE_GVCFS -
[-        ] var…t_calling:MERGE_JOINT_VCFS -
[-        ] variant_calling:ASM            -
[-        ] var…_calling:MERGE_ASM_OUTPUTS -
[85/52c968] var…MUTECT2 (evoC-Bap1-ctrl-M) | 0 of 2
[88/c5ff0d] mbi…C-Bap1-ctrl-F-CHH-5-prime) | 0 of 6
[74/762b9b] epi…ARR (evoC-Bap1-ctrl-M-CHH) | 0 of 6
[46/9420a6] epi…ZARR (evoC-Bap1-ctrl-M-CG) | 1 of 2
[9a/0be385] epi…PORT (evoC-Bap1-ctrl-M_CG) | 1 of 1
[a3/e3e1fd] epi…ZARR (evoC-Bap1-ctrl-F-CG) | 1 of 2
[01/e9a12c] epi…PORT (evoC-Bap1-ctrl-M_CG) | 1 of 1
Plus 7 more processes waiting for tasks…

executor >  slurm (39)
[38/c7ea19] res…AW (evoC-Bap1-mut-F, L000) | 4 of 4 ✔
[bb/6ef43d] res…DE (evoC-Bap1-mut-F, L000) | 4 of 4 ✔
[-        ] resolve_align:FASTQC_RESOLVED  -
[35/a3ae4a] res…M2 (evoC-Bap1-mut-F, L000) | 4 of 4 ✔
[-        ] res…align:SAMTOOLS_MERGE_LANES -
[-        ] resolve_align:PRESEQ           -
[ab/3f9586] bam…:BAMLET (evoC-Bap1-ctrl-F) | 2 of 4
[76/6b1ba6] bam…P_BAMQC (evoC-Bap1-ctrl-M) | 0 of 2
[88/fe2b28] bam…SS_BIAS (evoC-Bap1-ctrl-F) | 1 of 2
[-        ] bam…:DEEPTOOLS_PLOTFINGERPRINT -
[0d/6cb788] bam…_GCBIAS (evoC-Bap1-ctrl-M) | 0 of 2
[61/95bf89] bam…CCURACY (evoC-Bap1-ctrl-F) | 1 of 2
[51/513ed3] var…_CALLER (evoC-Bap1-ctrl-F) | 0 of 2
[-        ] var…nt_calling:SPLIT_INTERVALS -
[-        ] var…calling:GENOMICS_DB_IMPORT -
[-        ] variant_calling:GENOTYPE_GVCFS -
[-        ] var…t_calling:MERGE_JOINT_VCFS -
[-        ] variant_calling:ASM            -
[-        ] var…_calling:MERGE_ASM_OUTPUTS -
[85/52c968] var…MUTECT2 (evoC-Bap1-ctrl-M) | 0 of 2
[30/493c8a] mbi…C-Bap1-ctrl-F-CHG-5-prime) | 0 of 6
[74/762b9b] epi…ARR (evoC-Bap1-ctrl-M-CHH) | 0 of 6
[24/26c33b] epi…ZARR (evoC-Bap1-ctrl-F-CG) | 1 of 2
[9a/0be385] epi…PORT (evoC-Bap1-ctrl-M_CG) | 1 of 1
[a3/e3e1fd] epi…ZARR (evoC-Bap1-ctrl-F-CG) | 1 of 2
[01/e9a12c] epi…PORT (evoC-Bap1-ctrl-M_CG) | 1 of 1
Plus 7 more processes waiting for tasks…

executor >  slurm (42)
[38/c7ea19] res…AW (evoC-Bap1-mut-F, L000) | 4 of 4 ✔
[bb/6ef43d] res…DE (evoC-Bap1-mut-F, L000) | 4 of 4 ✔
[-        ] resolve_align:FASTQC_RESOLVED  -
[35/a3ae4a] res…M2 (evoC-Bap1-mut-F, L000) | 4 of 4 ✔
[-        ] res…align:SAMTOOLS_MERGE_LANES -
[-        ] resolve_align:PRESEQ           -
[ab/3f9586] bam…:BAMLET (evoC-Bap1-ctrl-F) | 2 of 4
[76/6b1ba6] bam…P_BAMQC (evoC-Bap1-ctrl-M) | 0 of 2
[88/fe2b28] bam…SS_BIAS (evoC-Bap1-ctrl-F) | 1 of 2
[-        ] bam…:DEEPTOOLS_PLOTFINGERPRINT -
[0d/6cb788] bam…_GCBIAS (evoC-Bap1-ctrl-M) | 0 of 2
[61/95bf89] bam…CCURACY (evoC-Bap1-ctrl-F) | 1 of 2
[51/513ed3] var…_CALLER (evoC-Bap1-ctrl-F) | 0 of 2
[-        ] var…nt_calling:SPLIT_INTERVALS -
[-        ] var…calling:GENOMICS_DB_IMPORT -
[-        ] variant_calling:GENOTYPE_GVCFS -
[-        ] var…t_calling:MERGE_JOINT_VCFS -
[-        ] variant_calling:ASM            -
[-        ] var…_calling:MERGE_ASM_OUTPUTS -
[85/52c968] var…MUTECT2 (evoC-Bap1-ctrl-M) | 0 of 2
[2e/f6261a] mbi…oC-Bap1-ctrl-F-CG-5-prime) | 0 of 6
[27/c4761f] epi…ZARR (evoC-Bap1-ctrl-F-CG) | 0 of 6
[24/26c33b] epi…ZARR (evoC-Bap1-ctrl-F-CG) | 1 of 2
[9a/0be385] epi…PORT (evoC-Bap1-ctrl-M_CG) | 1 of 1
[a3/e3e1fd] epi…ZARR (evoC-Bap1-ctrl-F-CG) | 1 of 2
[01/e9a12c] epi…PORT (evoC-Bap1-ctrl-M_CG) | 1 of 1
Plus 7 more processes waiting for tasks…

executor >  slurm (45)
[38/c7ea19] res…AW (evoC-Bap1-mut-F, L000) | 4 of 4 ✔
[bb/6ef43d] res…DE (evoC-Bap1-mut-F, L000) | 4 of 4 ✔
[-        ] resolve_align:FASTQC_RESOLVED  -
[35/a3ae4a] res…M2 (evoC-Bap1-mut-F, L000) | 4 of 4 ✔
[-        ] res…align:SAMTOOLS_MERGE_LANES -
[-        ] resolve_align:PRESEQ           -
[ab/3f9586] bam…:BAMLET (evoC-Bap1-ctrl-F) | 2 of 4
[9f/e2e775] bam…P_BAMQC (evoC-Bap1-ctrl-F) | 0 of 2
[88/fe2b28] bam…SS_BIAS (evoC-Bap1-ctrl-F) | 1 of 2
[-        ] bam…:DEEPTOOLS_PLOTFINGERPRINT -
[60/893ff2] bam…_GCBIAS (evoC-Bap1-ctrl-F) | 0 of 2
[61/95bf89] bam…CCURACY (evoC-Bap1-ctrl-F) | 1 of 2
[51/513ed3] var…_CALLER (evoC-Bap1-ctrl-F) | 0 of 2
[-        ] var…nt_calling:SPLIT_INTERVALS -
[-        ] var…calling:GENOMICS_DB_IMPORT -
[-        ] variant_calling:GENOTYPE_GVCFS -
[-        ] var…t_calling:MERGE_JOINT_VCFS -
[-        ] variant_calling:ASM            -
[-        ] var…_calling:MERGE_ASM_OUTPUTS -
[43/89abaf] var…MUTECT2 (evoC-Bap1-ctrl-F) | 0 of 2
[2e/f6261a] mbi…oC-Bap1-ctrl-F-CG-5-prime) | 0 of 6
[27/c4761f] epi…ZARR (evoC-Bap1-ctrl-F-CG) | 0 of 6
[24/26c33b] epi…ZARR (evoC-Bap1-ctrl-F-CG) | 1 of 2
[9a/0be385] epi…PORT (evoC-Bap1-ctrl-M_CG) | 1 of 1
[a3/e3e1fd] epi…ZARR (evoC-Bap1-ctrl-F-CG) | 1 of 2
[01/e9a12c] epi…PORT (evoC-Bap1-ctrl-M_CG) | 1 of 1
Plus 7 more processes waiting for tasks…

executor >  slurm (46)
[38/c7ea19] res…AW (evoC-Bap1-mut-F, L000) | 4 of 4 ✔
[bb/6ef43d] res…DE (evoC-Bap1-mut-F, L000) | 4 of 4 ✔
[-        ] resolve_align:FASTQC_RESOLVED  -
[35/a3ae4a] res…M2 (evoC-Bap1-mut-F, L000) | 4 of 4 ✔
[-        ] res…align:SAMTOOLS_MERGE_LANES -
[-        ] resolve_align:PRESEQ           -
[ab/3f9586] bam…:BAMLET (evoC-Bap1-ctrl-F) | 2 of 4
[9f/e2e775] bam…P_BAMQC (evoC-Bap1-ctrl-F) | 0 of 2
[88/fe2b28] bam…SS_BIAS (evoC-Bap1-ctrl-F) | 1 of 2
[-        ] bam…:DEEPTOOLS_PLOTFINGERPRINT -
[60/893ff2] bam…_GCBIAS (evoC-Bap1-ctrl-F) | 0 of 2
[61/95bf89] bam…CCURACY (evoC-Bap1-ctrl-F) | 1 of 2
[51/513ed3] var…_CALLER (evoC-Bap1-ctrl-F) | 0 of 2
[-        ] var…nt_calling:SPLIT_INTERVALS -
[-        ] var…calling:GENOMICS_DB_IMPORT -
[-        ] variant_calling:GENOTYPE_GVCFS -
[-        ] var…t_calling:MERGE_JOINT_VCFS -
[-        ] variant_calling:ASM            -
[-        ] var…_calling:MERGE_ASM_OUTPUTS -
[43/89abaf] var…MUTECT2 (evoC-Bap1-ctrl-F) | 0 of 2
[2e/f6261a] mbi…oC-Bap1-ctrl-F-CG-5-prime) | 0 of 6
[fd/d6f045] epi…ARR (evoC-Bap1-ctrl-F-CHG) | 0 of 6
[24/26c33b] epi…ZARR (evoC-Bap1-ctrl-F-CG) | 1 of 2
[9a/0be385] epi…PORT (evoC-Bap1-ctrl-M_CG) | 1 of 1
[a3/e3e1fd] epi…ZARR (evoC-Bap1-ctrl-F-CG) | 1 of 2
[01/e9a12c] epi…PORT (evoC-Bap1-ctrl-M_CG) | 1 of 1
Plus 7 more processes waiting for tasks…

executor >  slurm (46)
[38/c7ea19] res…AW (evoC-Bap1-mut-F, L000) | 4 of 4 ✔
[bb/6ef43d] res…DE (evoC-Bap1-mut-F, L000) | 4 of 4 ✔
[-        ] resolve_align:FASTQC_RESOLVED  -
[35/a3ae4a] res…M2 (evoC-Bap1-mut-F, L000) | 4 of 4 ✔
[-        ] res…align:SAMTOOLS_MERGE_LANES -
[-        ] resolve_align:PRESEQ           -
[ab/3f9586] bam…:BAMLET (evoC-Bap1-ctrl-F) | 2 of 4
[9f/e2e775] bam…P_BAMQC (evoC-Bap1-ctrl-F) | 0 of 2
[88/fe2b28] bam…SS_BIAS (evoC-Bap1-ctrl-F) | 1 of 2
[-        ] bam…:DEEPTOOLS_PLOTFINGERPRINT -
[60/893ff2] bam…_GCBIAS (evoC-Bap1-ctrl-F) | 0 of 2
[61/95bf89] bam…CCURACY (evoC-Bap1-ctrl-F) | 1 of 2
[51/513ed3] var…_CALLER (evoC-Bap1-ctrl-F) | 0 of 2
[-        ] var…nt_calling:SPLIT_INTERVALS -
[-        ] var…calling:GENOMICS_DB_IMPORT -
[-        ] variant_calling:GENOTYPE_GVCFS -
[-        ] var…t_calling:MERGE_JOINT_VCFS -
[-        ] variant_calling:ASM            -
[-        ] var…_calling:MERGE_ASM_OUTPUTS -
[43/89abaf] var…MUTECT2 (evoC-Bap1-ctrl-F) | 0 of 2
[2e/f6261a] mbi…oC-Bap1-ctrl-F-CG-5-prime) | 0 of 6
[fd/d6f045] epi…ARR (evoC-Bap1-ctrl-F-CHG) | 0 of 6
[24/26c33b] epi…ZARR (evoC-Bap1-ctrl-F-CG) | 1 of 2
[9a/0be385] epi…PORT (evoC-Bap1-ctrl-M_CG) | 1 of 1
[a3/e3e1fd] epi…ZARR (evoC-Bap1-ctrl-F-CG) | 1 of 2
[01/e9a12c] epi…PORT (evoC-Bap1-ctrl-M_CG) | 1 of 1
Plus 7 more processes waiting for tasks…

executor >  slurm (47)
[38/c7ea19] res…AW (evoC-Bap1-mut-F, L000) | 4 of 4 ✔
[bb/6ef43d] res…DE (evoC-Bap1-mut-F, L000) | 4 of 4 ✔
[-        ] resolve_align:FASTQC_RESOLVED  -
[35/a3ae4a] res…M2 (evoC-Bap1-mut-F, L000) | 4 of 4 ✔
[-        ] res…align:SAMTOOLS_MERGE_LANES -
[-        ] resolve_align:PRESEQ           -
[ab/3f9586] bam…:BAMLET (evoC-Bap1-ctrl-F) | 2 of 4
[9f/e2e775] bam…P_BAMQC (evoC-Bap1-ctrl-F) | 0 of 2
[88/fe2b28] bam…SS_BIAS (evoC-Bap1-ctrl-F) | 1 of 2
[-        ] bam…:DEEPTOOLS_PLOTFINGERPRINT -
[60/893ff2] bam…_GCBIAS (evoC-Bap1-ctrl-F) | 0 of 2
[61/95bf89] bam…CCURACY (evoC-Bap1-ctrl-F) | 1 of 2
[51/513ed3] var…_CALLER (evoC-Bap1-ctrl-F) | 0 of 2
[-        ] var…nt_calling:SPLIT_INTERVALS -
[-        ] var…calling:GENOMICS_DB_IMPORT -
[-        ] variant_calling:GENOTYPE_GVCFS -
[-        ] var…t_calling:MERGE_JOINT_VCFS -
[-        ] variant_calling:ASM            -
[-        ] var…_calling:MERGE_ASM_OUTPUTS -
[43/89abaf] var…MUTECT2 (evoC-Bap1-ctrl-F) | 0 of 2
[2e/f6261a] mbi…oC-Bap1-ctrl-F-CG-5-prime) | 0 of 6
[fd/d6f045] epi…ARR (evoC-Bap1-ctrl-F-CHG) | 0 of 6
[24/26c33b] epi…ZARR (evoC-Bap1-ctrl-F-CG) | 1 of 2
[9a/0be385] epi…PORT (evoC-Bap1-ctrl-M_CG) | 1 of 1
[a3/e3e1fd] epi…ZARR (evoC-Bap1-ctrl-F-CG) | 2 of 2
[f8/4eddba] epi…PORT (evoC-Bap1-ctrl-F_CG) | 1 of 2
Plus 7 more processes waiting for tasks…

executor >  slurm (48)
[38/c7ea19] res…AW (evoC-Bap1-mut-F, L000) | 4 of 4 ✔
[bb/6ef43d] res…DE (evoC-Bap1-mut-F, L000) | 4 of 4 ✔
[-        ] resolve_align:FASTQC_RESOLVED  -
[35/a3ae4a] res…M2 (evoC-Bap1-mut-F, L000) | 4 of 4 ✔
[-        ] res…align:SAMTOOLS_MERGE_LANES -
[-        ] resolve_align:PRESEQ           -
[ab/3f9586] bam…:BAMLET (evoC-Bap1-ctrl-F) | 2 of 4
[9f/e2e775] bam…P_BAMQC (evoC-Bap1-ctrl-F) | 0 of 2
[88/fe2b28] bam…SS_BIAS (evoC-Bap1-ctrl-F) | 1 of 2
[-        ] bam…:DEEPTOOLS_PLOTFINGERPRINT -
[60/893ff2] bam…_GCBIAS (evoC-Bap1-ctrl-F) | 0 of 2
[61/95bf89] bam…CCURACY (evoC-Bap1-ctrl-F) | 1 of 2
[51/513ed3] var…_CALLER (evoC-Bap1-ctrl-F) | 0 of 2
[-        ] var…nt_calling:SPLIT_INTERVALS -
[-        ] var…calling:GENOMICS_DB_IMPORT -
[-        ] variant_calling:GENOTYPE_GVCFS -
[-        ] var…t_calling:MERGE_JOINT_VCFS -
[-        ] variant_calling:ASM            -
[-        ] var…_calling:MERGE_ASM_OUTPUTS -
[43/89abaf] var…MUTECT2 (evoC-Bap1-ctrl-F) | 0 of 2
[2e/f6261a] mbi…oC-Bap1-ctrl-F-CG-5-prime) | 0 of 6
[fd/d6f045] epi…ARR (evoC-Bap1-ctrl-F-CHG) | 0 of 6
[24/26c33b] epi…ZARR (evoC-Bap1-ctrl-F-CG) | 2 of 2
[74/a76a98] epi…PORT (evoC-Bap1-ctrl-F_CG) | 1 of 2
[a3/e3e1fd] epi…ZARR (evoC-Bap1-ctrl-F-CG) | 2 of 2
[f8/4eddba] epi…PORT (evoC-Bap1-ctrl-F_CG) | 1 of 2
Plus 7 more processes waiting for tasks…

executor >  slurm (48)
[38/c7ea19] res…AW (evoC-Bap1-mut-F, L000) | 4 of 4 ✔
[bb/6ef43d] res…DE (evoC-Bap1-mut-F, L000) | 4 of 4 ✔
[-        ] resolve_align:FASTQC_RESOLVED  -
[35/a3ae4a] res…M2 (evoC-Bap1-mut-F, L000) | 4 of 4 ✔
[-        ] res…align:SAMTOOLS_MERGE_LANES -
[-        ] resolve_align:PRESEQ           -
[ab/3f9586] bam…:BAMLET (evoC-Bap1-ctrl-F) | 2 of 4
[9f/e2e775] bam…P_BAMQC (evoC-Bap1-ctrl-F) | 0 of 2
[88/fe2b28] bam…SS_BIAS (evoC-Bap1-ctrl-F) | 1 of 2
[-        ] bam…:DEEPTOOLS_PLOTFINGERPRINT -
[60/893ff2] bam…_GCBIAS (evoC-Bap1-ctrl-F) | 0 of 2
[61/95bf89] bam…CCURACY (evoC-Bap1-ctrl-F) | 2 of 2
[51/513ed3] var…_CALLER (evoC-Bap1-ctrl-F) | 0 of 2
[-        ] var…nt_calling:SPLIT_INTERVALS -
[-        ] var…calling:GENOMICS_DB_IMPORT -
[-        ] variant_calling:GENOTYPE_GVCFS -
[-        ] var…t_calling:MERGE_JOINT_VCFS -
[-        ] variant_calling:ASM            -
[-        ] var…_calling:MERGE_ASM_OUTPUTS -
[43/89abaf] var…MUTECT2 (evoC-Bap1-ctrl-F) | 0 of 2
[2e/f6261a] mbi…oC-Bap1-ctrl-F-CG-5-prime) | 0 of 6
[fd/d6f045] epi…ARR (evoC-Bap1-ctrl-F-CHG) | 0 of 6
[24/26c33b] epi…ZARR (evoC-Bap1-ctrl-F-CG) | 2 of 2
[74/a76a98] epi…PORT (evoC-Bap1-ctrl-F_CG) | 1 of 2
[a3/e3e1fd] epi…ZARR (evoC-Bap1-ctrl-F-CG) | 2 of 2
[f8/4eddba] epi…PORT (evoC-Bap1-ctrl-F_CG) | 1 of 2
Plus 7 more processes waiting for tasks…

executor >  slurm (48)
[38/c7ea19] res…AW (evoC-Bap1-mut-F, L000) | 4 of 4 ✔
[bb/6ef43d] res…DE (evoC-Bap1-mut-F, L000) | 4 of 4 ✔
[-        ] resolve_align:FASTQC_RESOLVED  -
[35/a3ae4a] res…M2 (evoC-Bap1-mut-F, L000) | 4 of 4 ✔
[-        ] res…align:SAMTOOLS_MERGE_LANES -
[-        ] resolve_align:PRESEQ           -
[ab/3f9586] bam…:BAMLET (evoC-Bap1-ctrl-F) | 2 of 4
[9f/e2e775] bam…P_BAMQC (evoC-Bap1-ctrl-F) | 0 of 2
[88/fe2b28] bam…SS_BIAS (evoC-Bap1-ctrl-F) | 1 of 2
[-        ] bam…:DEEPTOOLS_PLOTFINGERPRINT -
[60/893ff2] bam…_GCBIAS (evoC-Bap1-ctrl-F) | 0 of 2
[61/95bf89] bam…CCURACY (evoC-Bap1-ctrl-F) | 2 of 2
[51/513ed3] var…_CALLER (evoC-Bap1-ctrl-F) | 0 of 2
[-        ] var…nt_calling:SPLIT_INTERVALS -
[-        ] var…calling:GENOMICS_DB_IMPORT -
[-        ] variant_calling:GENOTYPE_GVCFS -
[-        ] var…t_calling:MERGE_JOINT_VCFS -
[-        ] variant_calling:ASM            -
[-        ] var…_calling:MERGE_ASM_OUTPUTS -
[43/89abaf] var…MUTECT2 (evoC-Bap1-ctrl-F) | 0 of 2
[2e/f6261a] mbi…oC-Bap1-ctrl-F-CG-5-prime) | 0 of 6
[fd/d6f045] epi…ARR (evoC-Bap1-ctrl-F-CHG) | 0 of 6
[24/26c33b] epi…ZARR (evoC-Bap1-ctrl-F-CG) | 2 of 2
[74/a76a98] epi…PORT (evoC-Bap1-ctrl-F_CG) | 1 of 2
[a3/e3e1fd] epi…ZARR (evoC-Bap1-ctrl-F-CG) | 2 of 2
[f8/4eddba] epi…PORT (evoC-Bap1-ctrl-F_CG) | 1 of 2
Plus 7 more processes waiting for tasks…

executor >  slurm (48)
[38/c7ea19] res…AW (evoC-Bap1-mut-F, L000) | 4 of 4 ✔
[bb/6ef43d] res…DE (evoC-Bap1-mut-F, L000) | 4 of 4 ✔
[-        ] resolve_align:FASTQC_RESOLVED  -
[35/a3ae4a] res…M2 (evoC-Bap1-mut-F, L000) | 4 of 4 ✔
[-        ] res…align:SAMTOOLS_MERGE_LANES -
[-        ] resolve_align:PRESEQ           -
[ab/3f9586] bam…:BAMLET (evoC-Bap1-ctrl-F) | 2 of 4
[9f/e2e775] bam…P_BAMQC (evoC-Bap1-ctrl-F) | 0 of 2
[88/fe2b28] bam…SS_BIAS (evoC-Bap1-ctrl-F) | 1 of 2
[-        ] bam…:DEEPTOOLS_PLOTFINGERPRINT -
[0d/6cb788] bam…_GCBIAS (evoC-Bap1-ctrl-M) | 1 of 2
[61/95bf89] bam…CCURACY (evoC-Bap1-ctrl-F) | 2 of 2
[51/513ed3] var…_CALLER (evoC-Bap1-ctrl-F) | 0 of 2
[-        ] var…nt_calling:SPLIT_INTERVALS -
[-        ] var…calling:GENOMICS_DB_IMPORT -
[-        ] variant_calling:GENOTYPE_GVCFS -
[-        ] var…t_calling:MERGE_JOINT_VCFS -
[-        ] variant_calling:ASM            -
[-        ] var…_calling:MERGE_ASM_OUTPUTS -
[43/89abaf] var…MUTECT2 (evoC-Bap1-ctrl-F) | 0 of 2
[2e/f6261a] mbi…oC-Bap1-ctrl-F-CG-5-prime) | 0 of 6
[fd/d6f045] epi…ARR (evoC-Bap1-ctrl-F-CHG) | 0 of 6
[24/26c33b] epi…ZARR (evoC-Bap1-ctrl-F-CG) | 2 of 2
[74/a76a98] epi…PORT (evoC-Bap1-ctrl-F_CG) | 1 of 2
[a3/e3e1fd] epi…ZARR (evoC-Bap1-ctrl-F-CG) | 2 of 2
[f8/4eddba] epi…PORT (evoC-Bap1-ctrl-F_CG) | 1 of 2
Plus 7 more processes waiting for tasks…

executor >  slurm (48)
[38/c7ea19] res…AW (evoC-Bap1-mut-F, L000) | 4 of 4 ✔
[bb/6ef43d] res…DE (evoC-Bap1-mut-F, L000) | 4 of 4 ✔
[-        ] resolve_align:FASTQC_RESOLVED  -
[35/a3ae4a] res…M2 (evoC-Bap1-mut-F, L000) | 4 of 4 ✔
[-        ] res…align:SAMTOOLS_MERGE_LANES -
[-        ] resolve_align:PRESEQ           -
[ab/3f9586] bam…:BAMLET (evoC-Bap1-ctrl-F) | 2 of 4
[9f/e2e775] bam…P_BAMQC (evoC-Bap1-ctrl-F) | 0 of 2
[88/fe2b28] bam…SS_BIAS (evoC-Bap1-ctrl-F) | 1 of 2
[-        ] bam…:DEEPTOOLS_PLOTFINGERPRINT -
[0d/6cb788] bam…_GCBIAS (evoC-Bap1-ctrl-M) | 1 of 2
[61/95bf89] bam…CCURACY (evoC-Bap1-ctrl-F) | 2 of 2
[51/513ed3] var…_CALLER (evoC-Bap1-ctrl-F) | 0 of 2
[-        ] var…nt_calling:SPLIT_INTERVALS -
[-        ] var…calling:GENOMICS_DB_IMPORT -
[-        ] variant_calling:GENOTYPE_GVCFS -
[-        ] var…t_calling:MERGE_JOINT_VCFS -
[-        ] variant_calling:ASM            -
[-        ] var…_calling:MERGE_ASM_OUTPUTS -
[43/89abaf] var…MUTECT2 (evoC-Bap1-ctrl-F) | 0 of 2
[2e/f6261a] mbi…oC-Bap1-ctrl-F-CG-5-prime) | 0 of 6
[fd/d6f045] epi…ARR (evoC-Bap1-ctrl-F-CHG) | 0 of 6
[24/26c33b] epi…ZARR (evoC-Bap1-ctrl-F-CG) | 2 of 2
[74/a76a98] epi…PORT (evoC-Bap1-ctrl-F_CG) | 1 of 2
[a3/e3e1fd] epi…ZARR (evoC-Bap1-ctrl-F-CG) | 2 of 2
[f8/4eddba] epi…PORT (evoC-Bap1-ctrl-F_CG) | 2 of 2
Plus 7 more processes waiting for tasks…

executor >  slurm (48)
[38/c7ea19] res…AW (evoC-Bap1-mut-F, L000) | 4 of 4 ✔
[bb/6ef43d] res…DE (evoC-Bap1-mut-F, L000) | 4 of 4 ✔
[-        ] resolve_align:FASTQC_RESOLVED  -
[35/a3ae4a] res…M2 (evoC-Bap1-mut-F, L000) | 4 of 4 ✔
[-        ] res…align:SAMTOOLS_MERGE_LANES -
[-        ] resolve_align:PRESEQ           -
[ab/3f9586] bam…:BAMLET (evoC-Bap1-ctrl-F) | 2 of 4
[9f/e2e775] bam…P_BAMQC (evoC-Bap1-ctrl-F) | 0 of 2
[88/fe2b28] bam…SS_BIAS (evoC-Bap1-ctrl-F) | 1 of 2
[-        ] bam…:DEEPTOOLS_PLOTFINGERPRINT -
[0d/6cb788] bam…_GCBIAS (evoC-Bap1-ctrl-M) | 1 of 2
[61/95bf89] bam…CCURACY (evoC-Bap1-ctrl-F) | 2 of 2
[51/513ed3] var…_CALLER (evoC-Bap1-ctrl-F) | 0 of 2
[-        ] var…nt_calling:SPLIT_INTERVALS -
[-        ] var…calling:GENOMICS_DB_IMPORT -
[-        ] variant_calling:GENOTYPE_GVCFS -
[-        ] var…t_calling:MERGE_JOINT_VCFS -
[-        ] variant_calling:ASM            -
[-        ] var…_calling:MERGE_ASM_OUTPUTS -
[43/89abaf] var…MUTECT2 (evoC-Bap1-ctrl-F) | 0 of 2
[2e/f6261a] mbi…oC-Bap1-ctrl-F-CG-5-prime) | 0 of 6
[fd/d6f045] epi…ARR (evoC-Bap1-ctrl-F-CHG) | 0 of 6
[24/26c33b] epi…ZARR (evoC-Bap1-ctrl-F-CG) | 2 of 2
[74/a76a98] epi…PORT (evoC-Bap1-ctrl-F_CG) | 2 of 2
[a3/e3e1fd] epi…ZARR (evoC-Bap1-ctrl-F-CG) | 2 of 2
[f8/4eddba] epi…PORT (evoC-Bap1-ctrl-F_CG) | 2 of 2
Plus 7 more processes waiting for tasks…

executor >  slurm (48)
[38/c7ea19] res…AW (evoC-Bap1-mut-F, L000) | 4 of 4 ✔
[bb/6ef43d] res…DE (evoC-Bap1-mut-F, L000) | 4 of 4 ✔
[-        ] resolve_align:FASTQC_RESOLVED  -
[35/a3ae4a] res…M2 (evoC-Bap1-mut-F, L000) | 4 of 4 ✔
[-        ] res…align:SAMTOOLS_MERGE_LANES -
[-        ] resolve_align:PRESEQ           -
[ab/3f9586] bam…:BAMLET (evoC-Bap1-ctrl-F) | 2 of 4
[76/6b1ba6] bam…P_BAMQC (evoC-Bap1-ctrl-M) | 1 of 2
[88/fe2b28] bam…SS_BIAS (evoC-Bap1-ctrl-F) | 1 of 2
[-        ] bam…:DEEPTOOLS_PLOTFINGERPRINT -
[0d/6cb788] bam…_GCBIAS (evoC-Bap1-ctrl-M) | 1 of 2
[61/95bf89] bam…CCURACY (evoC-Bap1-ctrl-F) | 2 of 2
[51/513ed3] var…_CALLER (evoC-Bap1-ctrl-F) | 0 of 2
[-        ] var…nt_calling:SPLIT_INTERVALS -
[-        ] var…calling:GENOMICS_DB_IMPORT -
[-        ] variant_calling:GENOTYPE_GVCFS -
[-        ] var…t_calling:MERGE_JOINT_VCFS -
[-        ] variant_calling:ASM            -
[-        ] var…_calling:MERGE_ASM_OUTPUTS -
[43/89abaf] var…MUTECT2 (evoC-Bap1-ctrl-F) | 0 of 2
[2e/f6261a] mbi…oC-Bap1-ctrl-F-CG-5-prime) | 0 of 6
[fd/d6f045] epi…ARR (evoC-Bap1-ctrl-F-CHG) | 0 of 6
[24/26c33b] epi…ZARR (evoC-Bap1-ctrl-F-CG) | 2 of 2
[74/a76a98] epi…PORT (evoC-Bap1-ctrl-F_CG) | 2 of 2
[a3/e3e1fd] epi…ZARR (evoC-Bap1-ctrl-F-CG) | 2 of 2
[f8/4eddba] epi…PORT (evoC-Bap1-ctrl-F_CG) | 2 of 2
Plus 7 more processes waiting for tasks…

executor >  slurm (48)
[38/c7ea19] res…AW (evoC-Bap1-mut-F, L000) | 4 of 4 ✔
[bb/6ef43d] res…DE (evoC-Bap1-mut-F, L000) | 4 of 4 ✔
[-        ] resolve_align:FASTQC_RESOLVED  -
[35/a3ae4a] res…M2 (evoC-Bap1-mut-F, L000) | 4 of 4 ✔
[-        ] res…align:SAMTOOLS_MERGE_LANES -
[-        ] resolve_align:PRESEQ           -
[ab/3f9586] bam…:BAMLET (evoC-Bap1-ctrl-F) | 2 of 4
[76/6b1ba6] bam…P_BAMQC (evoC-Bap1-ctrl-M) | 1 of 2
[88/fe2b28] bam…SS_BIAS (evoC-Bap1-ctrl-F) | 1 of 2
[-        ] bam…:DEEPTOOLS_PLOTFINGERPRINT -
[0d/6cb788] bam…_GCBIAS (evoC-Bap1-ctrl-M) | 1 of 2
[61/95bf89] bam…CCURACY (evoC-Bap1-ctrl-F) | 2 of 2
[51/513ed3] var…_CALLER (evoC-Bap1-ctrl-F) | 0 of 2
[-        ] var…nt_calling:SPLIT_INTERVALS -
[-        ] var…calling:GENOMICS_DB_IMPORT -
[-        ] variant_calling:GENOTYPE_GVCFS -
[-        ] var…t_calling:MERGE_JOINT_VCFS -
[-        ] variant_calling:ASM            -
[-        ] var…_calling:MERGE_ASM_OUTPUTS -
[43/89abaf] var…MUTECT2 (evoC-Bap1-ctrl-F) | 0 of 2
[50/911346] mbi…C-Bap1-ctrl-M-CHG-5-prime) | 1 of 6
[fd/d6f045] epi…ARR (evoC-Bap1-ctrl-F-CHG) | 0 of 6
[24/26c33b] epi…ZARR (evoC-Bap1-ctrl-F-CG) | 2 of 2
[74/a76a98] epi…PORT (evoC-Bap1-ctrl-F_CG) | 2 of 2
[a3/e3e1fd] epi…ZARR (evoC-Bap1-ctrl-F-CG) | 2 of 2
[f8/4eddba] epi…PORT (evoC-Bap1-ctrl-F_CG) | 2 of 2
Plus 7 more processes waiting for tasks…

executor >  slurm (48)
[38/c7ea19] res…AW (evoC-Bap1-mut-F, L000) | 4 of 4 ✔
[bb/6ef43d] res…DE (evoC-Bap1-mut-F, L000) | 4 of 4 ✔
[-        ] resolve_align:FASTQC_RESOLVED  -
[35/a3ae4a] res…M2 (evoC-Bap1-mut-F, L000) | 4 of 4 ✔
[-        ] res…align:SAMTOOLS_MERGE_LANES -
[-        ] resolve_align:PRESEQ           -
[ab/3f9586] bam…:BAMLET (evoC-Bap1-ctrl-F) | 2 of 4
[76/6b1ba6] bam…P_BAMQC (evoC-Bap1-ctrl-M) | 1 of 2
[88/fe2b28] bam…SS_BIAS (evoC-Bap1-ctrl-F) | 1 of 2
[-        ] bam…:DEEPTOOLS_PLOTFINGERPRINT -
[0d/6cb788] bam…_GCBIAS (evoC-Bap1-ctrl-M) | 1 of 2
[61/95bf89] bam…CCURACY (evoC-Bap1-ctrl-F) | 2 of 2
[51/513ed3] var…_CALLER (evoC-Bap1-ctrl-F) | 0 of 2
[-        ] var…nt_calling:SPLIT_INTERVALS -
[-        ] var…calling:GENOMICS_DB_IMPORT -
[-        ] variant_calling:GENOTYPE_GVCFS -
[-        ] var…t_calling:MERGE_JOINT_VCFS -
[-        ] variant_calling:ASM            -
[-        ] var…_calling:MERGE_ASM_OUTPUTS -
[43/89abaf] var…MUTECT2 (evoC-Bap1-ctrl-F) | 0 of 2
[49/a26251] mbi…C-Bap1-ctrl-M-CHH-5-prime) | 2 of 6
[fd/d6f045] epi…ARR (evoC-Bap1-ctrl-F-CHG) | 0 of 6
[24/26c33b] epi…ZARR (evoC-Bap1-ctrl-F-CG) | 2 of 2
[74/a76a98] epi…PORT (evoC-Bap1-ctrl-F_CG) | 2 of 2
[a3/e3e1fd] epi…ZARR (evoC-Bap1-ctrl-F-CG) | 2 of 2
[f8/4eddba] epi…PORT (evoC-Bap1-ctrl-F_CG) | 2 of 2
Plus 7 more processes waiting for tasks…

executor >  slurm (48)
[38/c7ea19] res…AW (evoC-Bap1-mut-F, L000) | 4 of 4 ✔
[bb/6ef43d] res…DE (evoC-Bap1-mut-F, L000) | 4 of 4 ✔
[-        ] resolve_align:FASTQC_RESOLVED  -
[35/a3ae4a] res…M2 (evoC-Bap1-mut-F, L000) | 4 of 4 ✔
[-        ] res…align:SAMTOOLS_MERGE_LANES -
[-        ] resolve_align:PRESEQ           -
[ab/3f9586] bam…:BAMLET (evoC-Bap1-ctrl-F) | 2 of 4
[76/6b1ba6] bam…P_BAMQC (evoC-Bap1-ctrl-M) | 1 of 2
[88/fe2b28] bam…SS_BIAS (evoC-Bap1-ctrl-F) | 1 of 2
[-        ] bam…:DEEPTOOLS_PLOTFINGERPRINT -
[0d/6cb788] bam…_GCBIAS (evoC-Bap1-ctrl-M) | 1 of 2
[61/95bf89] bam…CCURACY (evoC-Bap1-ctrl-F) | 2 of 2
[51/513ed3] var…_CALLER (evoC-Bap1-ctrl-F) | 0 of 2
[-        ] var…nt_calling:SPLIT_INTERVALS -
[-        ] var…calling:GENOMICS_DB_IMPORT -
[-        ] variant_calling:GENOTYPE_GVCFS -
[-        ] var…t_calling:MERGE_JOINT_VCFS -
[-        ] variant_calling:ASM            -
[-        ] var…_calling:MERGE_ASM_OUTPUTS -
[43/89abaf] var…MUTECT2 (evoC-Bap1-ctrl-F) | 0 of 2
[49/a26251] mbi…C-Bap1-ctrl-M-CHH-5-prime) | 2 of 6
[37/e02261] epi…ZARR (evoC-Bap1-ctrl-M-CG) | 1 of 6
[-        ] epi…ant_genome:MODALITY_EXPORT | 0 of 1
[24/26c33b] epi…ZARR (evoC-Bap1-ctrl-F-CG) | 2 of 2
[74/a76a98] epi…PORT (evoC-Bap1-ctrl-F_CG) | 2 of 2
[a3/e3e1fd] epi…ZARR (evoC-Bap1-ctrl-F-CG) | 2 of 2
[f8/4eddba] epi…PORT (evoC-Bap1-ctrl-F_CG) | 2 of 2
Plus 6 more processes waiting for tasks…

executor >  slurm (49)
[38/c7ea19] res…AW (evoC-Bap1-mut-F, L000) | 4 of 4 ✔
[bb/6ef43d] res…DE (evoC-Bap1-mut-F, L000) | 4 of 4 ✔
[-        ] resolve_align:FASTQC_RESOLVED  -
[35/a3ae4a] res…M2 (evoC-Bap1-mut-F, L000) | 4 of 4 ✔
[-        ] res…align:SAMTOOLS_MERGE_LANES -
[-        ] resolve_align:PRESEQ           -
[ab/3f9586] bam…:BAMLET (evoC-Bap1-ctrl-F) | 2 of 4
[76/6b1ba6] bam…P_BAMQC (evoC-Bap1-ctrl-M) | 1 of 2
[88/fe2b28] bam…SS_BIAS (evoC-Bap1-ctrl-F) | 1 of 2
[-        ] bam…:DEEPTOOLS_PLOTFINGERPRINT -
[0d/6cb788] bam…_GCBIAS (evoC-Bap1-ctrl-M) | 1 of 2
[61/95bf89] bam…CCURACY (evoC-Bap1-ctrl-F) | 2 of 2
[51/513ed3] var…_CALLER (evoC-Bap1-ctrl-F) | 0 of 2
[-        ] var…nt_calling:SPLIT_INTERVALS -
[-        ] var…calling:GENOMICS_DB_IMPORT -
[-        ] variant_calling:GENOTYPE_GVCFS -
[-        ] var…t_calling:MERGE_JOINT_VCFS -
[-        ] variant_calling:ASM            -
[-        ] var…_calling:MERGE_ASM_OUTPUTS -
[43/89abaf] var…MUTECT2 (evoC-Bap1-ctrl-F) | 0 of 2
[49/a26251] mbi…C-Bap1-ctrl-M-CHH-5-prime) | 2 of 6
[37/e02261] epi…ZARR (evoC-Bap1-ctrl-M-CG) | 1 of 6
[57/a071d4] epi…PORT (evoC-Bap1-ctrl-M_CG) | 0 of 1
[24/26c33b] epi…ZARR (evoC-Bap1-ctrl-F-CG) | 2 of 2
[74/a76a98] epi…PORT (evoC-Bap1-ctrl-F_CG) | 2 of 2
[a3/e3e1fd] epi…ZARR (evoC-Bap1-ctrl-F-CG) | 2 of 2
[f8/4eddba] epi…PORT (evoC-Bap1-ctrl-F_CG) | 2 of 2
Plus 6 more processes waiting for tasks…

executor >  slurm (49)
[38/c7ea19] res…AW (evoC-Bap1-mut-F, L000) | 4 of 4 ✔
[bb/6ef43d] res…DE (evoC-Bap1-mut-F, L000) | 4 of 4 ✔
[-        ] resolve_align:FASTQC_RESOLVED  -
[35/a3ae4a] res…M2 (evoC-Bap1-mut-F, L000) | 4 of 4 ✔
[-        ] res…align:SAMTOOLS_MERGE_LANES -
[-        ] resolve_align:PRESEQ           -
[ab/3f9586] bam…:BAMLET (evoC-Bap1-ctrl-F) | 2 of 4
[76/6b1ba6] bam…P_BAMQC (evoC-Bap1-ctrl-M) | 1 of 2
[88/fe2b28] bam…SS_BIAS (evoC-Bap1-ctrl-F) | 1 of 2
[-        ] bam…:DEEPTOOLS_PLOTFINGERPRINT -
[0d/6cb788] bam…_GCBIAS (evoC-Bap1-ctrl-M) | 1 of 2
[61/95bf89] bam…CCURACY (evoC-Bap1-ctrl-F) | 2 of 2
[51/513ed3] var…_CALLER (evoC-Bap1-ctrl-F) | 0 of 2
[-        ] var…nt_calling:SPLIT_INTERVALS -
[-        ] var…calling:GENOMICS_DB_IMPORT -
[-        ] variant_calling:GENOTYPE_GVCFS -
[-        ] var…t_calling:MERGE_JOINT_VCFS -
[-        ] variant_calling:ASM            -
[-        ] var…_calling:MERGE_ASM_OUTPUTS -
[43/89abaf] var…MUTECT2 (evoC-Bap1-ctrl-F) | 0 of 2
[49/a26251] mbi…C-Bap1-ctrl-M-CHH-5-prime) | 2 of 6
[37/e02261] epi…ZARR (evoC-Bap1-ctrl-M-CG) | 1 of 6
[57/a071d4] epi…PORT (evoC-Bap1-ctrl-M_CG) | 0 of 1
[24/26c33b] epi…ZARR (evoC-Bap1-ctrl-F-CG) | 2 of 2
[74/a76a98] epi…PORT (evoC-Bap1-ctrl-F_CG) | 2 of 2
[a3/e3e1fd] epi…ZARR (evoC-Bap1-ctrl-F-CG) | 2 of 2
[f8/4eddba] epi…PORT (evoC-Bap1-ctrl-F_CG) | 2 of 2
Plus 6 more processes waiting for tasks…

executor >  slurm (49)
[38/c7ea19] res…AW (evoC-Bap1-mut-F, L000) | 4 of 4 ✔
[bb/6ef43d] res…DE (evoC-Bap1-mut-F, L000) | 4 of 4 ✔
[-        ] resolve_align:FASTQC_RESOLVED  -
[35/a3ae4a] res…M2 (evoC-Bap1-mut-F, L000) | 4 of 4 ✔
[-        ] res…align:SAMTOOLS_MERGE_LANES -
[-        ] resolve_align:PRESEQ           -
[ab/3f9586] bam…:BAMLET (evoC-Bap1-ctrl-F) | 2 of 4
[76/6b1ba6] bam…P_BAMQC (evoC-Bap1-ctrl-M) | 1 of 2
[88/fe2b28] bam…SS_BIAS (evoC-Bap1-ctrl-F) | 2 of 2
[-        ] bam…:DEEPTOOLS_PLOTFINGERPRINT -
[0d/6cb788] bam…_GCBIAS (evoC-Bap1-ctrl-M) | 1 of 2
[61/95bf89] bam…CCURACY (evoC-Bap1-ctrl-F) | 2 of 2
[51/513ed3] var…_CALLER (evoC-Bap1-ctrl-F) | 0 of 2
[-        ] var…nt_calling:SPLIT_INTERVALS -
[-        ] var…calling:GENOMICS_DB_IMPORT -
[-        ] variant_calling:GENOTYPE_GVCFS -
[-        ] var…t_calling:MERGE_JOINT_VCFS -
[-        ] variant_calling:ASM            -
[-        ] var…_calling:MERGE_ASM_OUTPUTS -
[43/89abaf] var…MUTECT2 (evoC-Bap1-ctrl-F) | 0 of 2
[49/a26251] mbi…C-Bap1-ctrl-M-CHH-5-prime) | 2 of 6
[37/e02261] epi…ZARR (evoC-Bap1-ctrl-M-CG) | 1 of 6
[57/a071d4] epi…PORT (evoC-Bap1-ctrl-M_CG) | 0 of 1
[24/26c33b] epi…ZARR (evoC-Bap1-ctrl-F-CG) | 2 of 2
[74/a76a98] epi…PORT (evoC-Bap1-ctrl-F_CG) | 2 of 2
[a3/e3e1fd] epi…ZARR (evoC-Bap1-ctrl-F-CG) | 2 of 2
[f8/4eddba] epi…PORT (evoC-Bap1-ctrl-F_CG) | 2 of 2
Plus 6 more processes waiting for tasks…

executor >  slurm (49)
[38/c7ea19] res…AW (evoC-Bap1-mut-F, L000) | 4 of 4 ✔
[bb/6ef43d] res…DE (evoC-Bap1-mut-F, L000) | 4 of 4 ✔
[-        ] resolve_align:FASTQC_RESOLVED  -
[35/a3ae4a] res…M2 (evoC-Bap1-mut-F, L000) | 4 of 4 ✔
[-        ] res…align:SAMTOOLS_MERGE_LANES -
[-        ] resolve_align:PRESEQ           -
[ab/3f9586] bam…:BAMLET (evoC-Bap1-ctrl-F) | 2 of 4
[76/6b1ba6] bam…P_BAMQC (evoC-Bap1-ctrl-M) | 1 of 2
[88/fe2b28] bam…SS_BIAS (evoC-Bap1-ctrl-F) | 2 of 2
[-        ] bam…:DEEPTOOLS_PLOTFINGERPRINT -
[60/893ff2] bam…_GCBIAS (evoC-Bap1-ctrl-F) | 2 of 2
[61/95bf89] bam…CCURACY (evoC-Bap1-ctrl-F) | 2 of 2
[51/513ed3] var…_CALLER (evoC-Bap1-ctrl-F) | 0 of 2
[-        ] var…nt_calling:SPLIT_INTERVALS -
[-        ] var…calling:GENOMICS_DB_IMPORT -
[-        ] variant_calling:GENOTYPE_GVCFS -
[-        ] var…t_calling:MERGE_JOINT_VCFS -
[-        ] variant_calling:ASM            -
[-        ] var…_calling:MERGE_ASM_OUTPUTS -
[43/89abaf] var…MUTECT2 (evoC-Bap1-ctrl-F) | 0 of 2
[49/a26251] mbi…C-Bap1-ctrl-M-CHH-5-prime) | 2 of 6
[37/e02261] epi…ZARR (evoC-Bap1-ctrl-M-CG) | 1 of 6
[57/a071d4] epi…PORT (evoC-Bap1-ctrl-M_CG) | 0 of 1
[24/26c33b] epi…ZARR (evoC-Bap1-ctrl-F-CG) | 2 of 2
[74/a76a98] epi…PORT (evoC-Bap1-ctrl-F_CG) | 2 of 2
[a3/e3e1fd] epi…ZARR (evoC-Bap1-ctrl-F-CG) | 2 of 2
[f8/4eddba] epi…PORT (evoC-Bap1-ctrl-F_CG) | 2 of 2
Plus 6 more processes waiting for tasks…

executor >  slurm (49)
[38/c7ea19] res…AW (evoC-Bap1-mut-F, L000) | 4 of 4 ✔
[bb/6ef43d] res…DE (evoC-Bap1-mut-F, L000) | 4 of 4 ✔
[-        ] resolve_align:FASTQC_RESOLVED  -
[35/a3ae4a] res…M2 (evoC-Bap1-mut-F, L000) | 4 of 4 ✔
[-        ] res…align:SAMTOOLS_MERGE_LANES -
[-        ] resolve_align:PRESEQ           -
[ab/3f9586] bam…:BAMLET (evoC-Bap1-ctrl-F) | 2 of 4
[9f/e2e775] bam…P_BAMQC (evoC-Bap1-ctrl-F) | 2 of 2
[88/fe2b28] bam…SS_BIAS (evoC-Bap1-ctrl-F) | 2 of 2
[-        ] bam…:DEEPTOOLS_PLOTFINGERPRINT -
[60/893ff2] bam…_GCBIAS (evoC-Bap1-ctrl-F) | 2 of 2
[61/95bf89] bam…CCURACY (evoC-Bap1-ctrl-F) | 2 of 2
[51/513ed3] var…_CALLER (evoC-Bap1-ctrl-F) | 0 of 2
[-        ] var…nt_calling:SPLIT_INTERVALS -
[-        ] var…calling:GENOMICS_DB_IMPORT -
[-        ] variant_calling:GENOTYPE_GVCFS -
[-        ] var…t_calling:MERGE_JOINT_VCFS -
[-        ] variant_calling:ASM            -
[-        ] var…_calling:MERGE_ASM_OUTPUTS -
[43/89abaf] var…MUTECT2 (evoC-Bap1-ctrl-F) | 0 of 2
[49/a26251] mbi…C-Bap1-ctrl-M-CHH-5-prime) | 2 of 6
[37/e02261] epi…ZARR (evoC-Bap1-ctrl-M-CG) | 1 of 6
[57/a071d4] epi…PORT (evoC-Bap1-ctrl-M_CG) | 0 of 1
[24/26c33b] epi…ZARR (evoC-Bap1-ctrl-F-CG) | 2 of 2
[74/a76a98] epi…PORT (evoC-Bap1-ctrl-F_CG) | 2 of 2
[a3/e3e1fd] epi…ZARR (evoC-Bap1-ctrl-F-CG) | 2 of 2
[f8/4eddba] epi…PORT (evoC-Bap1-ctrl-F_CG) | 2 of 2
Plus 6 more processes waiting for tasks…

executor >  slurm (51)
[38/c7ea19] res…AW (evoC-Bap1-mut-F, L000) | 4 of 4 ✔
[bb/6ef43d] res…DE (evoC-Bap1-mut-F, L000) | 4 of 4 ✔
[-        ] resolve_align:FASTQC_RESOLVED  -
[35/a3ae4a] res…M2 (evoC-Bap1-mut-F, L000) | 4 of 4 ✔
[-        ] res…align:SAMTOOLS_MERGE_LANES -
[-        ] resolve_align:PRESEQ           -
[9a/2fcf82] bam…t:BAMLET (evoC-Bap1-mut-M) | 3 of 4
[9f/e2e775] bam…P_BAMQC (evoC-Bap1-ctrl-F) | 2 of 3
[8c/7b9664] bam…TSS_BIAS (evoC-Bap1-mut-M) | 2 of 3
[-        ] bam…:DEEPTOOLS_PLOTFINGERPRINT -
[aa/c9c8d9] bam…D_GCBIAS (evoC-Bap1-mut-M) | 2 of 3
[61/95bf89] bam…CCURACY (evoC-Bap1-ctrl-F) | 2 of 3
[51/513ed3] var…_CALLER (evoC-Bap1-ctrl-F) | 0 of 3
[-        ] var…nt_calling:SPLIT_INTERVALS -
[-        ] var…calling:GENOMICS_DB_IMPORT -
[-        ] variant_calling:GENOTYPE_GVCFS -
[-        ] var…t_calling:MERGE_JOINT_VCFS -
[-        ] variant_calling:ASM            -
[-        ] var…_calling:MERGE_ASM_OUTPUTS -
[43/89abaf] var…MUTECT2 (evoC-Bap1-ctrl-F) | 0 of 3
[49/a26251] mbi…C-Bap1-ctrl-M-CHH-5-prime) | 2 of 9
[37/e02261] epi…ZARR (evoC-Bap1-ctrl-M-CG) | 1 of 9
[57/a071d4] epi…PORT (evoC-Bap1-ctrl-M_CG) | 0 of 1
[24/26c33b] epi…ZARR (evoC-Bap1-ctrl-F-CG) | 2 of 3
[74/a76a98] epi…PORT (evoC-Bap1-ctrl-F_CG) | 2 of 2
[a3/e3e1fd] epi…ZARR (evoC-Bap1-ctrl-F-CG) | 2 of 3
[f8/4eddba] epi…PORT (evoC-Bap1-ctrl-F_CG) | 2 of 2
Plus 6 more processes waiting for tasks…

executor >  slurm (55)
[38/c7ea19] res…AW (evoC-Bap1-mut-F, L000) | 4 of 4 ✔
[bb/6ef43d] res…DE (evoC-Bap1-mut-F, L000) | 4 of 4 ✔
[-        ] resolve_align:FASTQC_RESOLVED  -
[35/a3ae4a] res…M2 (evoC-Bap1-mut-F, L000) | 4 of 4 ✔
[-        ] res…align:SAMTOOLS_MERGE_LANES -
[-        ] resolve_align:PRESEQ           -
[9a/2fcf82] bam…t:BAMLET (evoC-Bap1-mut-M) | 3 of 4
[9f/e2e775] bam…P_BAMQC (evoC-Bap1-ctrl-F) | 2 of 3
[8c/7b9664] bam…TSS_BIAS (evoC-Bap1-mut-M) | 2 of 3
[-        ] bam…:DEEPTOOLS_PLOTFINGERPRINT -
[aa/c9c8d9] bam…D_GCBIAS (evoC-Bap1-mut-M) | 2 of 3
[61/95bf89] bam…CCURACY (evoC-Bap1-ctrl-F) | 2 of 3
[51/513ed3] var…_CALLER (evoC-Bap1-ctrl-F) | 0 of 3
[-        ] var…nt_calling:SPLIT_INTERVALS -
[-        ] var…calling:GENOMICS_DB_IMPORT -
[-        ] variant_calling:GENOTYPE_GVCFS -
[-        ] var…t_calling:MERGE_JOINT_VCFS -
[-        ] variant_calling:ASM            -
[-        ] var…_calling:MERGE_ASM_OUTPUTS -
[43/89abaf] var…MUTECT2 (evoC-Bap1-ctrl-F) | 0 of 3
[20/f556e7] mbi…oC-Bap1-mut-M-CHH-5-prime) | 2 of 9
[5b/04e6fd] epi…ZARR (evoC-Bap1-mut-M-CHG) | 1 of 9
[57/a071d4] epi…PORT (evoC-Bap1-ctrl-M_CG) | 0 of 1
[24/26c33b] epi…ZARR (evoC-Bap1-ctrl-F-CG) | 2 of 3
[74/a76a98] epi…PORT (evoC-Bap1-ctrl-F_CG) | 2 of 2
[ff/db5f8e] epi…2ZARR (evoC-Bap1-mut-M-CG) | 2 of 3
[f8/4eddba] epi…PORT (evoC-Bap1-ctrl-F_CG) | 2 of 2
Plus 6 more processes waiting for tasks…

executor >  slurm (57)
[38/c7ea19] res…AW (evoC-Bap1-mut-F, L000) | 4 of 4 ✔
[bb/6ef43d] res…DE (evoC-Bap1-mut-F, L000) | 4 of 4 ✔
[-        ] resolve_align:FASTQC_RESOLVED  -
[35/a3ae4a] res…M2 (evoC-Bap1-mut-F, L000) | 4 of 4 ✔
[-        ] res…align:SAMTOOLS_MERGE_LANES -
[-        ] resolve_align:PRESEQ           -
[9a/2fcf82] bam…t:BAMLET (evoC-Bap1-mut-M) | 3 of 4
[9f/e2e775] bam…P_BAMQC (evoC-Bap1-ctrl-F) | 2 of 3
[8c/7b9664] bam…TSS_BIAS (evoC-Bap1-mut-M) | 2 of 3
[-        ] bam…:DEEPTOOLS_PLOTFINGERPRINT -
[aa/c9c8d9] bam…D_GCBIAS (evoC-Bap1-mut-M) | 2 of 3
[c0/775efa] bam…ACCURACY (evoC-Bap1-mut-M) | 2 of 3
[51/513ed3] var…_CALLER (evoC-Bap1-ctrl-F) | 0 of 3
[-        ] var…nt_calling:SPLIT_INTERVALS -
[-        ] var…calling:GENOMICS_DB_IMPORT -
[-        ] variant_calling:GENOTYPE_GVCFS -
[-        ] var…t_calling:MERGE_JOINT_VCFS -
[-        ] variant_calling:ASM            -
[-        ] var…_calling:MERGE_ASM_OUTPUTS -
[43/89abaf] var…MUTECT2 (evoC-Bap1-ctrl-F) | 0 of 3
[20/f556e7] mbi…oC-Bap1-mut-M-CHH-5-prime) | 2 of 9
[fa/6aa8ae] epi…ZARR (evoC-Bap1-mut-M-CHH) | 1 of 9
[57/a071d4] epi…PORT (evoC-Bap1-ctrl-M_CG) | 0 of 1
[24/26c33b] epi…ZARR (evoC-Bap1-ctrl-F-CG) | 2 of 3
[74/a76a98] epi…PORT (evoC-Bap1-ctrl-F_CG) | 2 of 2
[ff/db5f8e] epi…2ZARR (evoC-Bap1-mut-M-CG) | 2 of 3
[f8/4eddba] epi…PORT (evoC-Bap1-ctrl-F_CG) | 2 of 2
Plus 6 more processes waiting for tasks…

executor >  slurm (62)
[38/c7ea19] res…AW (evoC-Bap1-mut-F, L000) | 4 of 4 ✔
[bb/6ef43d] res…DE (evoC-Bap1-mut-F, L000) | 4 of 4 ✔
[-        ] resolve_align:FASTQC_RESOLVED  -
[35/a3ae4a] res…M2 (evoC-Bap1-mut-F, L000) | 4 of 4 ✔
[-        ] res…align:SAMTOOLS_MERGE_LANES -
[-        ] resolve_align:PRESEQ           -
[9a/2fcf82] bam…t:BAMLET (evoC-Bap1-mut-M) | 3 of 4
[0f/7f580c] bam…AP_BAMQC (evoC-Bap1-mut-M) | 2 of 3
[8c/7b9664] bam…TSS_BIAS (evoC-Bap1-mut-M) | 2 of 3
[-        ] bam…:DEEPTOOLS_PLOTFINGERPRINT -
[aa/c9c8d9] bam…D_GCBIAS (evoC-Bap1-mut-M) | 2 of 3
[c0/775efa] bam…ACCURACY (evoC-Bap1-mut-M) | 2 of 3
[03/50a382] var…E_CALLER (evoC-Bap1-mut-M) | 0 of 3
[-        ] var…nt_calling:SPLIT_INTERVALS -
[-        ] var…calling:GENOMICS_DB_IMPORT -
[-        ] variant_calling:GENOTYPE_GVCFS -
[-        ] var…t_calling:MERGE_JOINT_VCFS -
[-        ] variant_calling:ASM            -
[-        ] var…_calling:MERGE_ASM_OUTPUTS -
[eb/8df6f7] var…:MUTECT2 (evoC-Bap1-mut-M) | 0 of 3
[e6/3c35e6] mbi…oC-Bap1-mut-M-CHG-5-prime) | 2 of 9
[dc/35fc8e] epi…2ZARR (evoC-Bap1-mut-M-CG) | 1 of 9
[57/a071d4] epi…PORT (evoC-Bap1-ctrl-M_CG) | 0 of 1
[24/26c33b] epi…ZARR (evoC-Bap1-ctrl-F-CG) | 2 of 3
[74/a76a98] epi…PORT (evoC-Bap1-ctrl-F_CG) | 2 of 2
[ff/db5f8e] epi…2ZARR (evoC-Bap1-mut-M-CG) | 2 of 3
[f8/4eddba] epi…PORT (evoC-Bap1-ctrl-F_CG) | 2 of 2
Plus 6 more processes waiting for tasks…

executor >  slurm (63)
[38/c7ea19] res…AW (evoC-Bap1-mut-F, L000) | 4 of 4 ✔
[bb/6ef43d] res…DE (evoC-Bap1-mut-F, L000) | 4 of 4 ✔
[-        ] resolve_align:FASTQC_RESOLVED  -
[35/a3ae4a] res…M2 (evoC-Bap1-mut-F, L000) | 4 of 4 ✔
[-        ] res…align:SAMTOOLS_MERGE_LANES -
[-        ] resolve_align:PRESEQ           -
[9a/2fcf82] bam…t:BAMLET (evoC-Bap1-mut-M) | 3 of 4
[0f/7f580c] bam…AP_BAMQC (evoC-Bap1-mut-M) | 2 of 3
[8c/7b9664] bam…TSS_BIAS (evoC-Bap1-mut-M) | 2 of 3
[-        ] bam…:DEEPTOOLS_PLOTFINGERPRINT -
[aa/c9c8d9] bam…D_GCBIAS (evoC-Bap1-mut-M) | 2 of 3
[c0/775efa] bam…ACCURACY (evoC-Bap1-mut-M) | 2 of 3
[03/50a382] var…E_CALLER (evoC-Bap1-mut-M) | 0 of 3
[-        ] var…nt_calling:SPLIT_INTERVALS -
[-        ] var…calling:GENOMICS_DB_IMPORT -
[-        ] variant_calling:GENOTYPE_GVCFS -
[-        ] var…t_calling:MERGE_JOINT_VCFS -
[-        ] variant_calling:ASM            -
[-        ] var…_calling:MERGE_ASM_OUTPUTS -
[eb/8df6f7] var…:MUTECT2 (evoC-Bap1-mut-M) | 0 of 3
[e6/3c35e6] mbi…oC-Bap1-mut-M-CHG-5-prime) | 2 of 9
[dc/35fc8e] epi…2ZARR (evoC-Bap1-mut-M-CG) | 1 of 9
[57/a071d4] epi…PORT (evoC-Bap1-ctrl-M_CG) | 0 of 1
[fe/0dfbb5] epi…2ZARR (evoC-Bap1-mut-M-CG) | 2 of 3
[74/a76a98] epi…PORT (evoC-Bap1-ctrl-F_CG) | 2 of 2
[ff/db5f8e] epi…2ZARR (evoC-Bap1-mut-M-CG) | 2 of 3
[f8/4eddba] epi…PORT (evoC-Bap1-ctrl-F_CG) | 2 of 2
Plus 6 more processes waiting for tasks…

executor >  slurm (63)
[38/c7ea19] res…AW (evoC-Bap1-mut-F, L000) | 4 of 4 ✔
[bb/6ef43d] res…DE (evoC-Bap1-mut-F, L000) | 4 of 4 ✔
[-        ] resolve_align:FASTQC_RESOLVED  -
[35/a3ae4a] res…M2 (evoC-Bap1-mut-F, L000) | 4 of 4 ✔
[-        ] res…align:SAMTOOLS_MERGE_LANES -
[-        ] resolve_align:PRESEQ           -
[9a/2fcf82] bam…t:BAMLET (evoC-Bap1-mut-M) | 3 of 4
[0f/7f580c] bam…AP_BAMQC (evoC-Bap1-mut-M) | 2 of 3
[8c/7b9664] bam…TSS_BIAS (evoC-Bap1-mut-M) | 2 of 3
[-        ] bam…:DEEPTOOLS_PLOTFINGERPRINT -
[aa/c9c8d9] bam…D_GCBIAS (evoC-Bap1-mut-M) | 2 of 3
[c0/775efa] bam…ACCURACY (evoC-Bap1-mut-M) | 2 of 3
[03/50a382] var…E_CALLER (evoC-Bap1-mut-M) | 0 of 3
[-        ] var…nt_calling:SPLIT_INTERVALS -
[-        ] var…calling:GENOMICS_DB_IMPORT -
[-        ] variant_calling:GENOTYPE_GVCFS -
[-        ] var…t_calling:MERGE_JOINT_VCFS -
[-        ] variant_calling:ASM            -
[-        ] var…_calling:MERGE_ASM_OUTPUTS -
[eb/8df6f7] var…:MUTECT2 (evoC-Bap1-mut-M) | 0 of 3
[e6/3c35e6] mbi…oC-Bap1-mut-M-CHG-5-prime) | 2 of 9
[dc/35fc8e] epi…2ZARR (evoC-Bap1-mut-M-CG) | 1 of 9
[57/a071d4] epi…PORT (evoC-Bap1-ctrl-M_CG) | 0 of 1
[fe/0dfbb5] epi…2ZARR (evoC-Bap1-mut-M-CG) | 2 of 3
[74/a76a98] epi…PORT (evoC-Bap1-ctrl-F_CG) | 2 of 2
[ff/db5f8e] epi…2ZARR (evoC-Bap1-mut-M-CG) | 2 of 3
[f8/4eddba] epi…PORT (evoC-Bap1-ctrl-F_CG) | 2 of 2
Plus 6 more processes waiting for tasks…

executor >  slurm (63)
[38/c7ea19] res…AW (evoC-Bap1-mut-F, L000) | 4 of 4 ✔
[bb/6ef43d] res…DE (evoC-Bap1-mut-F, L000) | 4 of 4 ✔
[-        ] resolve_align:FASTQC_RESOLVED  -
[35/a3ae4a] res…M2 (evoC-Bap1-mut-F, L000) | 4 of 4 ✔
[-        ] res…align:SAMTOOLS_MERGE_LANES -
[-        ] resolve_align:PRESEQ           -
[9a/2fcf82] bam…t:BAMLET (evoC-Bap1-mut-M) | 3 of 4
[0f/7f580c] bam…AP_BAMQC (evoC-Bap1-mut-M) | 2 of 3
[8c/7b9664] bam…TSS_BIAS (evoC-Bap1-mut-M) | 2 of 3
[-        ] bam…:DEEPTOOLS_PLOTFINGERPRINT -
[aa/c9c8d9] bam…D_GCBIAS (evoC-Bap1-mut-M) | 2 of 3
[c0/775efa] bam…ACCURACY (evoC-Bap1-mut-M) | 2 of 3
[03/50a382] var…E_CALLER (evoC-Bap1-mut-M) | 0 of 3
[-        ] var…nt_calling:SPLIT_INTERVALS -
[-        ] var…calling:GENOMICS_DB_IMPORT -
[-        ] variant_calling:GENOTYPE_GVCFS -
[-        ] var…t_calling:MERGE_JOINT_VCFS -
[-        ] variant_calling:ASM            -
[-        ] var…_calling:MERGE_ASM_OUTPUTS -
[eb/8df6f7] var…:MUTECT2 (evoC-Bap1-mut-M) | 0 of 3
[e6/3c35e6] mbi…oC-Bap1-mut-M-CHG-5-prime) | 2 of 9
[dc/35fc8e] epi…2ZARR (evoC-Bap1-mut-M-CG) | 1 of 9
[57/a071d4] epi…PORT (evoC-Bap1-ctrl-M_CG) | 0 of 1
[fe/0dfbb5] epi…2ZARR (evoC-Bap1-mut-M-CG) | 2 of 3
[74/a76a98] epi…PORT (evoC-Bap1-ctrl-F_CG) | 2 of 2
[ff/db5f8e] epi…2ZARR (evoC-Bap1-mut-M-CG) | 3 of 3
[f8/4eddba] epi…PORT (evoC-Bap1-ctrl-F_CG) | 2 of 3
Plus 6 more processes waiting for tasks…

executor >  slurm (64)
[38/c7ea19] res…AW (evoC-Bap1-mut-F, L000) | 4 of 4 ✔
[bb/6ef43d] res…DE (evoC-Bap1-mut-F, L000) | 4 of 4 ✔
[-        ] resolve_align:FASTQC_RESOLVED  -
[35/a3ae4a] res…M2 (evoC-Bap1-mut-F, L000) | 4 of 4 ✔
[-        ] res…align:SAMTOOLS_MERGE_LANES -
[-        ] resolve_align:PRESEQ           -
[9a/2fcf82] bam…t:BAMLET (evoC-Bap1-mut-M) | 3 of 4
[0f/7f580c] bam…AP_BAMQC (evoC-Bap1-mut-M) | 2 of 3
[8c/7b9664] bam…TSS_BIAS (evoC-Bap1-mut-M) | 2 of 3
[-        ] bam…:DEEPTOOLS_PLOTFINGERPRINT -
[aa/c9c8d9] bam…D_GCBIAS (evoC-Bap1-mut-M) | 2 of 3
[c0/775efa] bam…ACCURACY (evoC-Bap1-mut-M) | 2 of 3
[03/50a382] var…E_CALLER (evoC-Bap1-mut-M) | 0 of 3
[-        ] var…nt_calling:SPLIT_INTERVALS -
[-        ] var…calling:GENOMICS_DB_IMPORT -
[-        ] variant_calling:GENOTYPE_GVCFS -
[-        ] var…t_calling:MERGE_JOINT_VCFS -
[-        ] variant_calling:ASM            -
[-        ] var…_calling:MERGE_ASM_OUTPUTS -
[eb/8df6f7] var…:MUTECT2 (evoC-Bap1-mut-M) | 0 of 3
[e6/3c35e6] mbi…oC-Bap1-mut-M-CHG-5-prime) | 2 of 9
[dc/35fc8e] epi…2ZARR (evoC-Bap1-mut-M-CG) | 1 of 9
[57/a071d4] epi…PORT (evoC-Bap1-ctrl-M_CG) | 0 of 1
[fe/0dfbb5] epi…2ZARR (evoC-Bap1-mut-M-CG) | 2 of 3
[74/a76a98] epi…PORT (evoC-Bap1-ctrl-F_CG) | 2 of 2
[ff/db5f8e] epi…2ZARR (evoC-Bap1-mut-M-CG) | 3 of 3
[29/2231f8] epi…XPORT (evoC-Bap1-mut-M_CG) | 2 of 3
Plus 6 more processes waiting for tasks…

executor >  slurm (64)
[38/c7ea19] res…AW (evoC-Bap1-mut-F, L000) | 4 of 4 ✔
[bb/6ef43d] res…DE (evoC-Bap1-mut-F, L000) | 4 of 4 ✔
[-        ] resolve_align:FASTQC_RESOLVED  -
[35/a3ae4a] res…M2 (evoC-Bap1-mut-F, L000) | 4 of 4 ✔
[-        ] res…align:SAMTOOLS_MERGE_LANES -
[-        ] resolve_align:PRESEQ           -
[9a/2fcf82] bam…t:BAMLET (evoC-Bap1-mut-M) | 3 of 4
[0f/7f580c] bam…AP_BAMQC (evoC-Bap1-mut-M) | 2 of 3
[8c/7b9664] bam…TSS_BIAS (evoC-Bap1-mut-M) | 2 of 3
[-        ] bam…:DEEPTOOLS_PLOTFINGERPRINT -
[aa/c9c8d9] bam…D_GCBIAS (evoC-Bap1-mut-M) | 2 of 3
[c0/775efa] bam…ACCURACY (evoC-Bap1-mut-M) | 2 of 3
[03/50a382] var…E_CALLER (evoC-Bap1-mut-M) | 0 of 3
[-        ] var…nt_calling:SPLIT_INTERVALS -
[-        ] var…calling:GENOMICS_DB_IMPORT -
[-        ] variant_calling:GENOTYPE_GVCFS -
[-        ] var…t_calling:MERGE_JOINT_VCFS -
[-        ] variant_calling:ASM            -
[-        ] var…_calling:MERGE_ASM_OUTPUTS -
[eb/8df6f7] var…:MUTECT2 (evoC-Bap1-mut-M) | 0 of 3
[e6/3c35e6] mbi…oC-Bap1-mut-M-CHG-5-prime) | 2 of 9
[dc/35fc8e] epi…2ZARR (evoC-Bap1-mut-M-CG) | 1 of 9
[57/a071d4] epi…PORT (evoC-Bap1-ctrl-M_CG) | 0 of 1
[fe/0dfbb5] epi…2ZARR (evoC-Bap1-mut-M-CG) | 3 of 3
[74/a76a98] epi…PORT (evoC-Bap1-ctrl-F_CG) | 2 of 3
[ff/db5f8e] epi…2ZARR (evoC-Bap1-mut-M-CG) | 3 of 3
[29/2231f8] epi…XPORT (evoC-Bap1-mut-M_CG) | 2 of 3
Plus 6 more processes waiting for tasks…

executor >  slurm (65)
[38/c7ea19] res…AW (evoC-Bap1-mut-F, L000) | 4 of 4 ✔
[bb/6ef43d] res…DE (evoC-Bap1-mut-F, L000) | 4 of 4 ✔
[-        ] resolve_align:FASTQC_RESOLVED  -
[35/a3ae4a] res…M2 (evoC-Bap1-mut-F, L000) | 4 of 4 ✔
[-        ] res…align:SAMTOOLS_MERGE_LANES -
[-        ] resolve_align:PRESEQ           -
[9a/2fcf82] bam…t:BAMLET (evoC-Bap1-mut-M) | 3 of 4
[0f/7f580c] bam…AP_BAMQC (evoC-Bap1-mut-M) | 2 of 3
[8c/7b9664] bam…TSS_BIAS (evoC-Bap1-mut-M) | 2 of 3
[-        ] bam…:DEEPTOOLS_PLOTFINGERPRINT -
[aa/c9c8d9] bam…D_GCBIAS (evoC-Bap1-mut-M) | 2 of 3
[c0/775efa] bam…ACCURACY (evoC-Bap1-mut-M) | 2 of 3
[03/50a382] var…E_CALLER (evoC-Bap1-mut-M) | 0 of 3
[-        ] var…nt_calling:SPLIT_INTERVALS -
[-        ] var…calling:GENOMICS_DB_IMPORT -
[-        ] variant_calling:GENOTYPE_GVCFS -
[-        ] var…t_calling:MERGE_JOINT_VCFS -
[-        ] variant_calling:ASM            -
[-        ] var…_calling:MERGE_ASM_OUTPUTS -
[eb/8df6f7] var…:MUTECT2 (evoC-Bap1-mut-M) | 0 of 3
[e6/3c35e6] mbi…oC-Bap1-mut-M-CHG-5-prime) | 2 of 9
[dc/35fc8e] epi…2ZARR (evoC-Bap1-mut-M-CG) | 1 of 9
[57/a071d4] epi…PORT (evoC-Bap1-ctrl-M_CG) | 0 of 1
[fe/0dfbb5] epi…2ZARR (evoC-Bap1-mut-M-CG) | 3 of 3
[b3/dd1e1d] epi…XPORT (evoC-Bap1-mut-M_CG) | 2 of 3
[ff/db5f8e] epi…2ZARR (evoC-Bap1-mut-M-CG) | 3 of 3
[29/2231f8] epi…XPORT (evoC-Bap1-mut-M_CG) | 2 of 3
Plus 6 more processes waiting for tasks…

executor >  slurm (65)
[38/c7ea19] res…AW (evoC-Bap1-mut-F, L000) | 4 of 4 ✔
[bb/6ef43d] res…DE (evoC-Bap1-mut-F, L000) | 4 of 4 ✔
[-        ] resolve_align:FASTQC_RESOLVED  -
[35/a3ae4a] res…M2 (evoC-Bap1-mut-F, L000) | 4 of 4 ✔
[-        ] res…align:SAMTOOLS_MERGE_LANES -
[-        ] resolve_align:PRESEQ           -
[9a/2fcf82] bam…t:BAMLET (evoC-Bap1-mut-M) | 3 of 4
[0f/7f580c] bam…AP_BAMQC (evoC-Bap1-mut-M) | 2 of 3
[8c/7b9664] bam…TSS_BIAS (evoC-Bap1-mut-M) | 2 of 3
[-        ] bam…:DEEPTOOLS_PLOTFINGERPRINT -
[aa/c9c8d9] bam…D_GCBIAS (evoC-Bap1-mut-M) | 2 of 3
[c0/775efa] bam…ACCURACY (evoC-Bap1-mut-M) | 3 of 3
[03/50a382] var…E_CALLER (evoC-Bap1-mut-M) | 0 of 3
[-        ] var…nt_calling:SPLIT_INTERVALS -
[-        ] var…calling:GENOMICS_DB_IMPORT -
[-        ] variant_calling:GENOTYPE_GVCFS -
[-        ] var…t_calling:MERGE_JOINT_VCFS -
[-        ] variant_calling:ASM            -
[-        ] var…_calling:MERGE_ASM_OUTPUTS -
[eb/8df6f7] var…:MUTECT2 (evoC-Bap1-mut-M) | 0 of 3
[e6/3c35e6] mbi…oC-Bap1-mut-M-CHG-5-prime) | 2 of 9
[dc/35fc8e] epi…2ZARR (evoC-Bap1-mut-M-CG) | 1 of 9
[57/a071d4] epi…PORT (evoC-Bap1-ctrl-M_CG) | 0 of 1
[fe/0dfbb5] epi…2ZARR (evoC-Bap1-mut-M-CG) | 3 of 3
[b3/dd1e1d] epi…XPORT (evoC-Bap1-mut-M_CG) | 2 of 3
[ff/db5f8e] epi…2ZARR (evoC-Bap1-mut-M-CG) | 3 of 3
[29/2231f8] epi…XPORT (evoC-Bap1-mut-M_CG) | 2 of 3
Plus 6 more processes waiting for tasks…

executor >  slurm (65)
[38/c7ea19] res…AW (evoC-Bap1-mut-F, L000) | 4 of 4 ✔
[bb/6ef43d] res…DE (evoC-Bap1-mut-F, L000) | 4 of 4 ✔
[-        ] resolve_align:FASTQC_RESOLVED  -
[35/a3ae4a] res…M2 (evoC-Bap1-mut-F, L000) | 4 of 4 ✔
[-        ] res…align:SAMTOOLS_MERGE_LANES -
[-        ] resolve_align:PRESEQ           -
[9a/2fcf82] bam…t:BAMLET (evoC-Bap1-mut-M) | 3 of 4
[0f/7f580c] bam…AP_BAMQC (evoC-Bap1-mut-M) | 2 of 3
[8c/7b9664] bam…TSS_BIAS (evoC-Bap1-mut-M) | 2 of 3
[-        ] bam…:DEEPTOOLS_PLOTFINGERPRINT -
[aa/c9c8d9] bam…D_GCBIAS (evoC-Bap1-mut-M) | 2 of 3
[c0/775efa] bam…ACCURACY (evoC-Bap1-mut-M) | 3 of 3
[03/50a382] var…E_CALLER (evoC-Bap1-mut-M) | 0 of 3
[-        ] var…nt_calling:SPLIT_INTERVALS -
[-        ] var…calling:GENOMICS_DB_IMPORT -
[-        ] variant_calling:GENOTYPE_GVCFS -
[-        ] var…t_calling:MERGE_JOINT_VCFS -
[-        ] variant_calling:ASM            -
[-        ] var…_calling:MERGE_ASM_OUTPUTS -
[eb/8df6f7] var…:MUTECT2 (evoC-Bap1-mut-M) | 0 of 3
[e6/3c35e6] mbi…oC-Bap1-mut-M-CHG-5-prime) | 2 of 9
[dc/35fc8e] epi…2ZARR (evoC-Bap1-mut-M-CG) | 1 of 9
[57/a071d4] epi…PORT (evoC-Bap1-ctrl-M_CG) | 0 of 1
[fe/0dfbb5] epi…2ZARR (evoC-Bap1-mut-M-CG) | 3 of 3
[b3/dd1e1d] epi…XPORT (evoC-Bap1-mut-M_CG) | 2 of 3
[ff/db5f8e] epi…2ZARR (evoC-Bap1-mut-M-CG) | 3 of 3
[29/2231f8] epi…XPORT (evoC-Bap1-mut-M_CG) | 2 of 3
Plus 6 more processes waiting for tasks…

executor >  slurm (65)
[38/c7ea19] res…AW (evoC-Bap1-mut-F, L000) | 4 of 4 ✔
[bb/6ef43d] res…DE (evoC-Bap1-mut-F, L000) | 4 of 4 ✔
[-        ] resolve_align:FASTQC_RESOLVED  -
[35/a3ae4a] res…M2 (evoC-Bap1-mut-F, L000) | 4 of 4 ✔
[-        ] res…align:SAMTOOLS_MERGE_LANES -
[-        ] resolve_align:PRESEQ           -
[9a/2fcf82] bam…t:BAMLET (evoC-Bap1-mut-M) | 3 of 4
[0f/7f580c] bam…AP_BAMQC (evoC-Bap1-mut-M) | 2 of 3
[8c/7b9664] bam…TSS_BIAS (evoC-Bap1-mut-M) | 2 of 3
[-        ] bam…:DEEPTOOLS_PLOTFINGERPRINT -
[aa/c9c8d9] bam…D_GCBIAS (evoC-Bap1-mut-M) | 2 of 3
[c0/775efa] bam…ACCURACY (evoC-Bap1-mut-M) | 3 of 3
[03/50a382] var…E_CALLER (evoC-Bap1-mut-M) | 0 of 3
[-        ] var…nt_calling:SPLIT_INTERVALS -
[-        ] var…calling:GENOMICS_DB_IMPORT -
[-        ] variant_calling:GENOTYPE_GVCFS -
[-        ] var…t_calling:MERGE_JOINT_VCFS -
[-        ] variant_calling:ASM            -
[-        ] var…_calling:MERGE_ASM_OUTPUTS -
[eb/8df6f7] var…:MUTECT2 (evoC-Bap1-mut-M) | 0 of 3
[e6/3c35e6] mbi…oC-Bap1-mut-M-CHG-5-prime) | 2 of 9
[dc/35fc8e] epi…2ZARR (evoC-Bap1-mut-M-CG) | 1 of 9
[57/a071d4] epi…PORT (evoC-Bap1-ctrl-M_CG) | 0 of 1
[fe/0dfbb5] epi…2ZARR (evoC-Bap1-mut-M-CG) | 3 of 3
[b3/dd1e1d] epi…XPORT (evoC-Bap1-mut-M_CG) | 3 of 3
[ff/db5f8e] epi…2ZARR (evoC-Bap1-mut-M-CG) | 3 of 3
[29/2231f8] epi…XPORT (evoC-Bap1-mut-M_CG) | 2 of 3
Plus 6 more processes waiting for tasks…

executor >  slurm (65)
[38/c7ea19] res…AW (evoC-Bap1-mut-F, L000) | 4 of 4 ✔
[bb/6ef43d] res…DE (evoC-Bap1-mut-F, L000) | 4 of 4 ✔
[-        ] resolve_align:FASTQC_RESOLVED  -
[35/a3ae4a] res…M2 (evoC-Bap1-mut-F, L000) | 4 of 4 ✔
[-        ] res…align:SAMTOOLS_MERGE_LANES -
[-        ] resolve_align:PRESEQ           -
[9a/2fcf82] bam…t:BAMLET (evoC-Bap1-mut-M) | 3 of 4
[0f/7f580c] bam…AP_BAMQC (evoC-Bap1-mut-M) | 2 of 3
[8c/7b9664] bam…TSS_BIAS (evoC-Bap1-mut-M) | 2 of 3
[-        ] bam…:DEEPTOOLS_PLOTFINGERPRINT -
[aa/c9c8d9] bam…D_GCBIAS (evoC-Bap1-mut-M) | 2 of 3
[c0/775efa] bam…ACCURACY (evoC-Bap1-mut-M) | 3 of 3
[03/50a382] var…E_CALLER (evoC-Bap1-mut-M) | 0 of 3
[-        ] var…nt_calling:SPLIT_INTERVALS -
[-        ] var…calling:GENOMICS_DB_IMPORT -
[-        ] variant_calling:GENOTYPE_GVCFS -
[-        ] var…t_calling:MERGE_JOINT_VCFS -
[-        ] variant_calling:ASM            -
[-        ] var…_calling:MERGE_ASM_OUTPUTS -
[eb/8df6f7] var…:MUTECT2 (evoC-Bap1-mut-M) | 0 of 3
[e6/3c35e6] mbi…oC-Bap1-mut-M-CHG-5-prime) | 2 of 9
[c2/997d70] epi…ARR (evoC-Bap1-ctrl-M-CHG) | 2 of 9
[57/a071d4] epi…PORT (evoC-Bap1-ctrl-M_CG) | 0 of 2
[fe/0dfbb5] epi…2ZARR (evoC-Bap1-mut-M-CG) | 3 of 3
[b3/dd1e1d] epi…XPORT (evoC-Bap1-mut-M_CG) | 3 of 3
[ff/db5f8e] epi…2ZARR (evoC-Bap1-mut-M-CG) | 3 of 3
[29/2231f8] epi…XPORT (evoC-Bap1-mut-M_CG) | 2 of 3
Plus 6 more processes waiting for tasks…

executor >  slurm (66)
[38/c7ea19] res…AW (evoC-Bap1-mut-F, L000) | 4 of 4 ✔
[bb/6ef43d] res…DE (evoC-Bap1-mut-F, L000) | 4 of 4 ✔
[-        ] resolve_align:FASTQC_RESOLVED  -
[35/a3ae4a] res…M2 (evoC-Bap1-mut-F, L000) | 4 of 4 ✔
[-        ] res…align:SAMTOOLS_MERGE_LANES -
[-        ] resolve_align:PRESEQ           -
[9a/2fcf82] bam…t:BAMLET (evoC-Bap1-mut-M) | 3 of 4
[0f/7f580c] bam…AP_BAMQC (evoC-Bap1-mut-M) | 2 of 3
[8c/7b9664] bam…TSS_BIAS (evoC-Bap1-mut-M) | 2 of 3
[-        ] bam…:DEEPTOOLS_PLOTFINGERPRINT -
[aa/c9c8d9] bam…D_GCBIAS (evoC-Bap1-mut-M) | 2 of 3
[c0/775efa] bam…ACCURACY (evoC-Bap1-mut-M) | 3 of 3
[03/50a382] var…E_CALLER (evoC-Bap1-mut-M) | 0 of 3
[-        ] var…nt_calling:SPLIT_INTERVALS -
[-        ] var…calling:GENOMICS_DB_IMPORT -
[-        ] variant_calling:GENOTYPE_GVCFS -
[-        ] var…t_calling:MERGE_JOINT_VCFS -
[-        ] variant_calling:ASM            -
[-        ] var…_calling:MERGE_ASM_OUTPUTS -
[eb/8df6f7] var…:MUTECT2 (evoC-Bap1-mut-M) | 0 of 3
[e6/3c35e6] mbi…oC-Bap1-mut-M-CHG-5-prime) | 2 of 9
[c2/997d70] epi…ARR (evoC-Bap1-ctrl-M-CHG) | 2 of 9
[43/bb3792] epi…ORT (evoC-Bap1-ctrl-M_CHG) | 0 of 2
[fe/0dfbb5] epi…2ZARR (evoC-Bap1-mut-M-CG) | 3 of 3
[b3/dd1e1d] epi…XPORT (evoC-Bap1-mut-M_CG) | 3 of 3
[ff/db5f8e] epi…2ZARR (evoC-Bap1-mut-M-CG) | 3 of 3
[29/2231f8] epi…XPORT (evoC-Bap1-mut-M_CG) | 2 of 3
Plus 6 more processes waiting for tasks…

executor >  slurm (66)
[38/c7ea19] res…AW (evoC-Bap1-mut-F, L000) | 4 of 4 ✔
[bb/6ef43d] res…DE (evoC-Bap1-mut-F, L000) | 4 of 4 ✔
[-        ] resolve_align:FASTQC_RESOLVED  -
[35/a3ae4a] res…M2 (evoC-Bap1-mut-F, L000) | 4 of 4 ✔
[-        ] res…align:SAMTOOLS_MERGE_LANES -
[-        ] resolve_align:PRESEQ           -
[9a/2fcf82] bam…t:BAMLET (evoC-Bap1-mut-M) | 3 of 4
[0f/7f580c] bam…AP_BAMQC (evoC-Bap1-mut-M) | 2 of 3
[8c/7b9664] bam…TSS_BIAS (evoC-Bap1-mut-M) | 2 of 3
[-        ] bam…:DEEPTOOLS_PLOTFINGERPRINT -
[aa/c9c8d9] bam…D_GCBIAS (evoC-Bap1-mut-M) | 2 of 3
[c0/775efa] bam…ACCURACY (evoC-Bap1-mut-M) | 3 of 3
[03/50a382] var…E_CALLER (evoC-Bap1-mut-M) | 0 of 3
[-        ] var…nt_calling:SPLIT_INTERVALS -
[-        ] var…calling:GENOMICS_DB_IMPORT -
[-        ] variant_calling:GENOTYPE_GVCFS -
[-        ] var…t_calling:MERGE_JOINT_VCFS -
[-        ] variant_calling:ASM            -
[-        ] var…_calling:MERGE_ASM_OUTPUTS -
[eb/8df6f7] var…:MUTECT2 (evoC-Bap1-mut-M) | 0 of 3
[e6/3c35e6] mbi…oC-Bap1-mut-M-CHG-5-prime) | 2 of 9
[c2/997d70] epi…ARR (evoC-Bap1-ctrl-M-CHG) | 2 of 9
[43/bb3792] epi…ORT (evoC-Bap1-ctrl-M_CHG) | 0 of 2
[fe/0dfbb5] epi…2ZARR (evoC-Bap1-mut-M-CG) | 3 of 3
[b3/dd1e1d] epi…XPORT (evoC-Bap1-mut-M_CG) | 3 of 3
[ff/db5f8e] epi…2ZARR (evoC-Bap1-mut-M-CG) | 3 of 3
[29/2231f8] epi…XPORT (evoC-Bap1-mut-M_CG) | 3 of 3
Plus 6 more processes waiting for tasks…

executor >  slurm (66)
[38/c7ea19] res…AW (evoC-Bap1-mut-F, L000) | 4 of 4 ✔
[bb/6ef43d] res…DE (evoC-Bap1-mut-F, L000) | 4 of 4 ✔
[-        ] resolve_align:FASTQC_RESOLVED  -
[35/a3ae4a] res…M2 (evoC-Bap1-mut-F, L000) | 4 of 4 ✔
[-        ] res…align:SAMTOOLS_MERGE_LANES -
[-        ] resolve_align:PRESEQ           -
[9a/2fcf82] bam…t:BAMLET (evoC-Bap1-mut-M) | 3 of 4
[0f/7f580c] bam…AP_BAMQC (evoC-Bap1-mut-M) | 2 of 3
[8c/7b9664] bam…TSS_BIAS (evoC-Bap1-mut-M) | 2 of 3
[-        ] bam…:DEEPTOOLS_PLOTFINGERPRINT -
[aa/c9c8d9] bam…D_GCBIAS (evoC-Bap1-mut-M) | 2 of 3
[c0/775efa] bam…ACCURACY (evoC-Bap1-mut-M) | 3 of 3
[03/50a382] var…E_CALLER (evoC-Bap1-mut-M) | 0 of 3
[-        ] var…nt_calling:SPLIT_INTERVALS -
[-        ] var…calling:GENOMICS_DB_IMPORT -
[-        ] variant_calling:GENOTYPE_GVCFS -
[-        ] var…t_calling:MERGE_JOINT_VCFS -
[-        ] variant_calling:ASM            -
[-        ] var…_calling:MERGE_ASM_OUTPUTS -
[eb/8df6f7] var…:MUTECT2 (evoC-Bap1-mut-M) | 0 of 3
[3d/8d8050] mbi…oC-Bap1-ctrl-M-CG-5-prime) | 3 of 9
[c2/997d70] epi…ARR (evoC-Bap1-ctrl-M-CHG) | 2 of 9
[43/bb3792] epi…ORT (evoC-Bap1-ctrl-M_CHG) | 0 of 2
[fe/0dfbb5] epi…2ZARR (evoC-Bap1-mut-M-CG) | 3 of 3
[b3/dd1e1d] epi…XPORT (evoC-Bap1-mut-M_CG) | 3 of 3
[ff/db5f8e] epi…2ZARR (evoC-Bap1-mut-M-CG) | 3 of 3
[29/2231f8] epi…XPORT (evoC-Bap1-mut-M_CG) | 3 of 3
Plus 6 more processes waiting for tasks…

executor >  slurm (66)
[38/c7ea19] res…AW (evoC-Bap1-mut-F, L000) | 4 of 4 ✔
[bb/6ef43d] res…DE (evoC-Bap1-mut-F, L000) | 4 of 4 ✔
[-        ] resolve_align:FASTQC_RESOLVED  -
[35/a3ae4a] res…M2 (evoC-Bap1-mut-F, L000) | 4 of 4 ✔
[-        ] res…align:SAMTOOLS_MERGE_LANES -
[-        ] resolve_align:PRESEQ           -
[9a/2fcf82] bam…t:BAMLET (evoC-Bap1-mut-M) | 3 of 4
[0f/7f580c] bam…AP_BAMQC (evoC-Bap1-mut-M) | 2 of 3
[8c/7b9664] bam…TSS_BIAS (evoC-Bap1-mut-M) | 2 of 3
[-        ] bam…:DEEPTOOLS_PLOTFINGERPRINT -
[aa/c9c8d9] bam…D_GCBIAS (evoC-Bap1-mut-M) | 2 of 3
[c0/775efa] bam…ACCURACY (evoC-Bap1-mut-M) | 3 of 3
[03/50a382] var…E_CALLER (evoC-Bap1-mut-M) | 0 of 3
[-        ] var…nt_calling:SPLIT_INTERVALS -
[-        ] var…calling:GENOMICS_DB_IMPORT -
[-        ] variant_calling:GENOTYPE_GVCFS -
[-        ] var…t_calling:MERGE_JOINT_VCFS -
[-        ] variant_calling:ASM            -
[-        ] var…_calling:MERGE_ASM_OUTPUTS -
[eb/8df6f7] var…:MUTECT2 (evoC-Bap1-mut-M) | 0 of 3
[30/493c8a] mbi…C-Bap1-ctrl-F-CHG-5-prime) | 4 of 9
[c2/997d70] epi…ARR (evoC-Bap1-ctrl-M-CHG) | 2 of 9
[43/bb3792] epi…ORT (evoC-Bap1-ctrl-M_CHG) | 0 of 2
[fe/0dfbb5] epi…2ZARR (evoC-Bap1-mut-M-CG) | 3 of 3
[b3/dd1e1d] epi…XPORT (evoC-Bap1-mut-M_CG) | 3 of 3
[ff/db5f8e] epi…2ZARR (evoC-Bap1-mut-M-CG) | 3 of 3
[29/2231f8] epi…XPORT (evoC-Bap1-mut-M_CG) | 3 of 3
Plus 6 more processes waiting for tasks…

executor >  slurm (66)
[38/c7ea19] res…AW (evoC-Bap1-mut-F, L000) | 4 of 4 ✔
[bb/6ef43d] res…DE (evoC-Bap1-mut-F, L000) | 4 of 4 ✔
[-        ] resolve_align:FASTQC_RESOLVED  -
[35/a3ae4a] res…M2 (evoC-Bap1-mut-F, L000) | 4 of 4 ✔
[-        ] res…align:SAMTOOLS_MERGE_LANES -
[-        ] resolve_align:PRESEQ           -
[9a/2fcf82] bam…t:BAMLET (evoC-Bap1-mut-M) | 3 of 4
[0f/7f580c] bam…AP_BAMQC (evoC-Bap1-mut-M) | 2 of 3
[8c/7b9664] bam…TSS_BIAS (evoC-Bap1-mut-M) | 2 of 3
[-        ] bam…:DEEPTOOLS_PLOTFINGERPRINT -
[aa/c9c8d9] bam…D_GCBIAS (evoC-Bap1-mut-M) | 2 of 3
[c0/775efa] bam…ACCURACY (evoC-Bap1-mut-M) | 3 of 3
[03/50a382] var…E_CALLER (evoC-Bap1-mut-M) | 0 of 3
[-        ] var…nt_calling:SPLIT_INTERVALS -
[-        ] var…calling:GENOMICS_DB_IMPORT -
[-        ] variant_calling:GENOTYPE_GVCFS -
[-        ] var…t_calling:MERGE_JOINT_VCFS -
[-        ] variant_calling:ASM            -
[-        ] var…_calling:MERGE_ASM_OUTPUTS -
[85/52c968] var…MUTECT2 (evoC-Bap1-ctrl-M) | 1 of 3
[30/493c8a] mbi…C-Bap1-ctrl-F-CHG-5-prime) | 4 of 9
[c2/997d70] epi…ARR (evoC-Bap1-ctrl-M-CHG) | 2 of 9
[43/bb3792] epi…ORT (evoC-Bap1-ctrl-M_CHG) | 0 of 2
[fe/0dfbb5] epi…2ZARR (evoC-Bap1-mut-M-CG) | 3 of 3
[b3/dd1e1d] epi…XPORT (evoC-Bap1-mut-M_CG) | 3 of 3
[ff/db5f8e] epi…2ZARR (evoC-Bap1-mut-M-CG) | 3 of 3
[29/2231f8] epi…XPORT (evoC-Bap1-mut-M_CG) | 3 of 3
Plus 6 more processes waiting for tasks…

executor >  slurm (66)
[38/c7ea19] res…AW (evoC-Bap1-mut-F, L000) | 4 of 4 ✔
[bb/6ef43d] res…DE (evoC-Bap1-mut-F, L000) | 4 of 4 ✔
[-        ] resolve_align:FASTQC_RESOLVED  -
[35/a3ae4a] res…M2 (evoC-Bap1-mut-F, L000) | 4 of 4 ✔
[-        ] res…align:SAMTOOLS_MERGE_LANES -
[-        ] resolve_align:PRESEQ           -
[f7/1296d9] bam…t:BAMLET (evoC-Bap1-mut-F) | 4 of 4 ✔
[0f/7f580c] bam…AP_BAMQC (evoC-Bap1-mut-M) | 2 of 4
[8c/7b9664] bam…TSS_BIAS (evoC-Bap1-mut-M) | 2 of 4
[-        ] bam…:DEEPTOOLS_PLOTFINGERPRINT -
[aa/c9c8d9] bam…D_GCBIAS (evoC-Bap1-mut-M) | 2 of 4
[c0/775efa] bam…ACCURACY (evoC-Bap1-mut-M) | 3 of 4
[03/50a382] var…E_CALLER (evoC-Bap1-mut-M) | 0 of 4
[-        ] var…nt_calling:SPLIT_INTERVALS -
[-        ] var…calling:GENOMICS_DB_IMPORT -
[-        ] variant_calling:GENOTYPE_GVCFS -
[-        ] var…t_calling:MERGE_JOINT_VCFS -
[-        ] variant_calling:ASM            -
[-        ] var…_calling:MERGE_ASM_OUTPUTS -
[85/52c968] var…MUTECT2 (evoC-Bap1-ctrl-M) | 1 of 4
[30/493c8a] mbi…C-Bap1-ctrl-F-CHG-5-prime) | 4 of 12
[c2/997d70] epi…ARR (evoC-Bap1-ctrl-M-CHG) | 2 of 12
[43/bb3792] epi…ORT (evoC-Bap1-ctrl-M_CHG) | 0 of 2
[fe/0dfbb5] epi…2ZARR (evoC-Bap1-mut-M-CG) | 3 of 4
[b3/dd1e1d] epi…XPORT (evoC-Bap1-mut-M_CG) | 3 of 3
[ff/db5f8e] epi…2ZARR (evoC-Bap1-mut-M-CG) | 3 of 4
[29/2231f8] epi…XPORT (evoC-Bap1-mut-M_CG) | 3 of 3
Plus 6 more processes waiting for tasks…

executor >  slurm (67)
[38/c7ea19] res…AW (evoC-Bap1-mut-F, L000) | 4 of 4 ✔
[bb/6ef43d] res…DE (evoC-Bap1-mut-F, L000) | 4 of 4 ✔
[-        ] resolve_align:FASTQC_RESOLVED  -
[35/a3ae4a] res…M2 (evoC-Bap1-mut-F, L000) | 4 of 4 ✔
[-        ] res…align:SAMTOOLS_MERGE_LANES -
[-        ] resolve_align:PRESEQ           -
[f7/1296d9] bam…t:BAMLET (evoC-Bap1-mut-F) | 4 of 4 ✔
[0f/7f580c] bam…AP_BAMQC (evoC-Bap1-mut-M) | 2 of 4
[02/f16957] bam…TSS_BIAS (evoC-Bap1-mut-F) | 2 of 4
[-        ] bam…:DEEPTOOLS_PLOTFINGERPRINT -
[aa/c9c8d9] bam…D_GCBIAS (evoC-Bap1-mut-M) | 2 of 4
[c0/775efa] bam…ACCURACY (evoC-Bap1-mut-M) | 3 of 4
[03/50a382] var…E_CALLER (evoC-Bap1-mut-M) | 0 of 4
[-        ] var…nt_calling:SPLIT_INTERVALS -
[-        ] var…calling:GENOMICS_DB_IMPORT -
[-        ] variant_calling:GENOTYPE_GVCFS -
[-        ] var…t_calling:MERGE_JOINT_VCFS -
[-        ] variant_calling:ASM            -
[-        ] var…_calling:MERGE_ASM_OUTPUTS -
[85/52c968] var…MUTECT2 (evoC-Bap1-ctrl-M) | 1 of 4
[30/493c8a] mbi…C-Bap1-ctrl-F-CHG-5-prime) | 4 of 12
[c2/997d70] epi…ARR (evoC-Bap1-ctrl-M-CHG) | 2 of 12
[43/bb3792] epi…ORT (evoC-Bap1-ctrl-M_CHG) | 0 of 2
[fe/0dfbb5] epi…2ZARR (evoC-Bap1-mut-M-CG) | 3 of 4
[b3/dd1e1d] epi…XPORT (evoC-Bap1-mut-M_CG) | 3 of 3
[ff/db5f8e] epi…2ZARR (evoC-Bap1-mut-M-CG) | 3 of 4
[29/2231f8] epi…XPORT (evoC-Bap1-mut-M_CG) | 3 of 3
Plus 6 more processes waiting for tasks…

executor >  slurm (68)
[38/c7ea19] res…AW (evoC-Bap1-mut-F, L000) | 4 of 4 ✔
[bb/6ef43d] res…DE (evoC-Bap1-mut-F, L000) | 4 of 4 ✔
[-        ] resolve_align:FASTQC_RESOLVED  -
[35/a3ae4a] res…M2 (evoC-Bap1-mut-F, L000) | 4 of 4 ✔
[-        ] res…align:SAMTOOLS_MERGE_LANES -
[-        ] resolve_align:PRESEQ           -
[f7/1296d9] bam…t:BAMLET (evoC-Bap1-mut-F) | 4 of 4 ✔
[0f/7f580c] bam…AP_BAMQC (evoC-Bap1-mut-M) | 2 of 4
[02/f16957] bam…TSS_BIAS (evoC-Bap1-mut-F) | 2 of 4
[-        ] bam…:DEEPTOOLS_PLOTFINGERPRINT -
[aa/c9c8d9] bam…D_GCBIAS (evoC-Bap1-mut-M) | 2 of 4
[ba/3f0643] bam…ACCURACY (evoC-Bap1-mut-F) | 3 of 4
[03/50a382] var…E_CALLER (evoC-Bap1-mut-M) | 0 of 4
[-        ] var…nt_calling:SPLIT_INTERVALS -
[-        ] var…calling:GENOMICS_DB_IMPORT -
[-        ] variant_calling:GENOTYPE_GVCFS -
[-        ] var…t_calling:MERGE_JOINT_VCFS -
[-        ] variant_calling:ASM            -
[-        ] var…_calling:MERGE_ASM_OUTPUTS -
[85/52c968] var…MUTECT2 (evoC-Bap1-ctrl-M) | 1 of 4
[30/493c8a] mbi…C-Bap1-ctrl-F-CHG-5-prime) | 4 of 12
[c2/997d70] epi…ARR (evoC-Bap1-ctrl-M-CHG) | 2 of 12
[43/bb3792] epi…ORT (evoC-Bap1-ctrl-M_CHG) | 0 of 2
[fe/0dfbb5] epi…2ZARR (evoC-Bap1-mut-M-CG) | 3 of 4
[b3/dd1e1d] epi…XPORT (evoC-Bap1-mut-M_CG) | 3 of 3
[ff/db5f8e] epi…2ZARR (evoC-Bap1-mut-M-CG) | 3 of 4
[29/2231f8] epi…XPORT (evoC-Bap1-mut-M_CG) | 3 of 3
Plus 6 more processes waiting for tasks…

executor >  slurm (69)
[38/c7ea19] res…AW (evoC-Bap1-mut-F, L000) | 4 of 4 ✔
[bb/6ef43d] res…DE (evoC-Bap1-mut-F, L000) | 4 of 4 ✔
[-        ] resolve_align:FASTQC_RESOLVED  -
[35/a3ae4a] res…M2 (evoC-Bap1-mut-F, L000) | 4 of 4 ✔
[-        ] res…align:SAMTOOLS_MERGE_LANES -
[-        ] resolve_align:PRESEQ           -
[f7/1296d9] bam…t:BAMLET (evoC-Bap1-mut-F) | 4 of 4 ✔
[0f/7f580c] bam…AP_BAMQC (evoC-Bap1-mut-M) | 2 of 4
[02/f16957] bam…TSS_BIAS (evoC-Bap1-mut-F) | 2 of 4
[-        ] bam…:DEEPTOOLS_PLOTFINGERPRINT -
[aa/c9c8d9] bam…D_GCBIAS (evoC-Bap1-mut-M) | 2 of 4
[ba/3f0643] bam…ACCURACY (evoC-Bap1-mut-F) | 3 of 4
[03/50a382] var…E_CALLER (evoC-Bap1-mut-M) | 0 of 4
[-        ] var…nt_calling:SPLIT_INTERVALS -
[-        ] var…calling:GENOMICS_DB_IMPORT -
[-        ] variant_calling:GENOTYPE_GVCFS -
[-        ] var…t_calling:MERGE_JOINT_VCFS -
[-        ] variant_calling:ASM            -
[-        ] var…_calling:MERGE_ASM_OUTPUTS -
[85/52c968] var…MUTECT2 (evoC-Bap1-ctrl-M) | 1 of 4
[0b/5e8aa0] mbi…oC-Bap1-mut-F-CHG-5-prime) | 4 of 12
[c2/997d70] epi…ARR (evoC-Bap1-ctrl-M-CHG) | 2 of 12
[43/bb3792] epi…ORT (evoC-Bap1-ctrl-M_CHG) | 0 of 2
[fe/0dfbb5] epi…2ZARR (evoC-Bap1-mut-M-CG) | 3 of 4
[b3/dd1e1d] epi…XPORT (evoC-Bap1-mut-M_CG) | 3 of 3
[ff/db5f8e] epi…2ZARR (evoC-Bap1-mut-M-CG) | 3 of 4
[29/2231f8] epi…XPORT (evoC-Bap1-mut-M_CG) | 3 of 3
Plus 6 more processes waiting for tasks…

executor >  slurm (70)
[38/c7ea19] res…AW (evoC-Bap1-mut-F, L000) | 4 of 4 ✔
[bb/6ef43d] res…DE (evoC-Bap1-mut-F, L000) | 4 of 4 ✔
[-        ] resolve_align:FASTQC_RESOLVED  -
[35/a3ae4a] res…M2 (evoC-Bap1-mut-F, L000) | 4 of 4 ✔
[-        ] res…align:SAMTOOLS_MERGE_LANES -
[-        ] resolve_align:PRESEQ           -
[f7/1296d9] bam…t:BAMLET (evoC-Bap1-mut-F) | 4 of 4 ✔
[0f/7f580c] bam…AP_BAMQC (evoC-Bap1-mut-M) | 2 of 4
[02/f16957] bam…TSS_BIAS (evoC-Bap1-mut-F) | 2 of 4
[-        ] bam…:DEEPTOOLS_PLOTFINGERPRINT -
[aa/c9c8d9] bam…D_GCBIAS (evoC-Bap1-mut-M) | 2 of 4
[ba/3f0643] bam…ACCURACY (evoC-Bap1-mut-F) | 3 of 4
[03/50a382] var…E_CALLER (evoC-Bap1-mut-M) | 0 of 4
[-        ] var…nt_calling:SPLIT_INTERVALS -
[-        ] var…calling:GENOMICS_DB_IMPORT -
[-        ] variant_calling:GENOTYPE_GVCFS -
[-        ] var…t_calling:MERGE_JOINT_VCFS -
[-        ] variant_calling:ASM            -
[-        ] var…_calling:MERGE_ASM_OUTPUTS -
[85/52c968] var…MUTECT2 (evoC-Bap1-ctrl-M) | 1 of 4
[ed/4c2885] mbi…oC-Bap1-mut-F-CHH-5-prime) | 4 of 12
[c2/997d70] epi…ARR (evoC-Bap1-ctrl-M-CHG) | 2 of 12
[43/bb3792] epi…ORT (evoC-Bap1-ctrl-M_CHG) | 0 of 2
[fe/0dfbb5] epi…2ZARR (evoC-Bap1-mut-M-CG) | 3 of 4
[b3/dd1e1d] epi…XPORT (evoC-Bap1-mut-M_CG) | 3 of 3
[ff/db5f8e] epi…2ZARR (evoC-Bap1-mut-M-CG) | 3 of 4
[29/2231f8] epi…XPORT (evoC-Bap1-mut-M_CG) | 3 of 3
Plus 6 more processes waiting for tasks…

executor >  slurm (72)
[38/c7ea19] res…AW (evoC-Bap1-mut-F, L000) | 4 of 4 ✔
[bb/6ef43d] res…DE (evoC-Bap1-mut-F, L000) | 4 of 4 ✔
[-        ] resolve_align:FASTQC_RESOLVED  -
[35/a3ae4a] res…M2 (evoC-Bap1-mut-F, L000) | 4 of 4 ✔
[-        ] res…align:SAMTOOLS_MERGE_LANES -
[-        ] resolve_align:PRESEQ           -
[f7/1296d9] bam…t:BAMLET (evoC-Bap1-mut-F) | 4 of 4 ✔
[0f/7f580c] bam…AP_BAMQC (evoC-Bap1-mut-M) | 2 of 4
[02/f16957] bam…TSS_BIAS (evoC-Bap1-mut-F) | 2 of 4
[-        ] bam…:DEEPTOOLS_PLOTFINGERPRINT -
[86/e5f00a] bam…D_GCBIAS (evoC-Bap1-mut-F) | 2 of 4
[ba/3f0643] bam…ACCURACY (evoC-Bap1-mut-F) | 3 of 4
[03/50a382] var…E_CALLER (evoC-Bap1-mut-M) | 0 of 4
[-        ] var…nt_calling:SPLIT_INTERVALS -
[-        ] var…calling:GENOMICS_DB_IMPORT -
[-        ] variant_calling:GENOTYPE_GVCFS -
[-        ] var…t_calling:MERGE_JOINT_VCFS -
[-        ] variant_calling:ASM            -
[-        ] var…_calling:MERGE_ASM_OUTPUTS -
[85/52c968] var…MUTECT2 (evoC-Bap1-ctrl-M) | 1 of 4
[ed/4c2885] mbi…oC-Bap1-mut-F-CHH-5-prime) | 4 of 12
[c2/997d70] epi…ARR (evoC-Bap1-ctrl-M-CHG) | 2 of 12
[43/bb3792] epi…ORT (evoC-Bap1-ctrl-M_CHG) | 0 of 2
[fe/0dfbb5] epi…2ZARR (evoC-Bap1-mut-M-CG) | 3 of 4
[b3/dd1e1d] epi…XPORT (evoC-Bap1-mut-M_CG) | 3 of 3
[91/6faba2] epi…2ZARR (evoC-Bap1-mut-F-CG) | 3 of 4
[29/2231f8] epi…XPORT (evoC-Bap1-mut-M_CG) | 3 of 3
Plus 6 more processes waiting for tasks…

executor >  slurm (76)
[38/c7ea19] res…AW (evoC-Bap1-mut-F, L000) | 4 of 4 ✔
[bb/6ef43d] res…DE (evoC-Bap1-mut-F, L000) | 4 of 4 ✔
[-        ] resolve_align:FASTQC_RESOLVED  -
[35/a3ae4a] res…M2 (evoC-Bap1-mut-F, L000) | 4 of 4 ✔
[-        ] res…align:SAMTOOLS_MERGE_LANES -
[-        ] resolve_align:PRESEQ           -
[f7/1296d9] bam…t:BAMLET (evoC-Bap1-mut-F) | 4 of 4 ✔
[0d/c02be5] bam…AP_BAMQC (evoC-Bap1-mut-F) | 2 of 4
[02/f16957] bam…TSS_BIAS (evoC-Bap1-mut-F) | 2 of 4
[-        ] bam…:DEEPTOOLS_PLOTFINGERPRINT -
[86/e5f00a] bam…D_GCBIAS (evoC-Bap1-mut-F) | 2 of 4
[ba/3f0643] bam…ACCURACY (evoC-Bap1-mut-F) | 3 of 4
[95/7670d0] var…E_CALLER (evoC-Bap1-mut-F) | 0 of 4
[-        ] var…nt_calling:SPLIT_INTERVALS -
[-        ] var…calling:GENOMICS_DB_IMPORT -
[-        ] variant_calling:GENOTYPE_GVCFS -
[-        ] var…t_calling:MERGE_JOINT_VCFS -
[-        ] variant_calling:ASM            -
[-        ] var…_calling:MERGE_ASM_OUTPUTS -
[af/6f5cb2] var…:MUTECT2 (evoC-Bap1-mut-F) | 1 of 4
[ed/4c2885] mbi…oC-Bap1-mut-F-CHH-5-prime) | 4 of 12
[e9/813933] epi…ZARR (evoC-Bap1-mut-F-CHG) | 2 of 12
[43/bb3792] epi…ORT (evoC-Bap1-ctrl-M_CHG) | 0 of 2
[fe/0dfbb5] epi…2ZARR (evoC-Bap1-mut-M-CG) | 3 of 4
[b3/dd1e1d] epi…XPORT (evoC-Bap1-mut-M_CG) | 3 of 3
[91/6faba2] epi…2ZARR (evoC-Bap1-mut-F-CG) | 3 of 4
[29/2231f8] epi…XPORT (evoC-Bap1-mut-M_CG) | 3 of 3
Plus 6 more processes waiting for tasks…

executor >  slurm (80)
[38/c7ea19] res…AW (evoC-Bap1-mut-F, L000) | 4 of 4 ✔
[bb/6ef43d] res…DE (evoC-Bap1-mut-F, L000) | 4 of 4 ✔
[-        ] resolve_align:FASTQC_RESOLVED  -
[35/a3ae4a] res…M2 (evoC-Bap1-mut-F, L000) | 4 of 4 ✔
[-        ] res…align:SAMTOOLS_MERGE_LANES -
[-        ] resolve_align:PRESEQ           -
[f7/1296d9] bam…t:BAMLET (evoC-Bap1-mut-F) | 4 of 4 ✔
[0d/c02be5] bam…AP_BAMQC (evoC-Bap1-mut-F) | 2 of 4
[02/f16957] bam…TSS_BIAS (evoC-Bap1-mut-F) | 2 of 4
[-        ] bam…:DEEPTOOLS_PLOTFINGERPRINT -
[86/e5f00a] bam…D_GCBIAS (evoC-Bap1-mut-F) | 2 of 4
[ba/3f0643] bam…ACCURACY (evoC-Bap1-mut-F) | 3 of 4
[95/7670d0] var…E_CALLER (evoC-Bap1-mut-F) | 0 of 4
[-        ] var…nt_calling:SPLIT_INTERVALS -
[-        ] var…calling:GENOMICS_DB_IMPORT -
[-        ] variant_calling:GENOTYPE_GVCFS -
[-        ] var…t_calling:MERGE_JOINT_VCFS -
[-        ] variant_calling:ASM            -
[-        ] var…_calling:MERGE_ASM_OUTPUTS -
[af/6f5cb2] var…:MUTECT2 (evoC-Bap1-mut-F) | 1 of 4
[d8/37f9a4] mbi…voC-Bap1-mut-F-CG-5-prime) | 4 of 12
[1d/414b09] epi…ZARR (evoC-Bap1-mut-F-CHH) | 2 of 12
[43/bb3792] epi…ORT (evoC-Bap1-ctrl-M_CHG) | 0 of 2
[42/aed8d4] epi…2ZARR (evoC-Bap1-mut-F-CG) | 3 of 4
[b3/dd1e1d] epi…XPORT (evoC-Bap1-mut-M_CG) | 3 of 3
[91/6faba2] epi…2ZARR (evoC-Bap1-mut-F-CG) | 3 of 4
[29/2231f8] epi…XPORT (evoC-Bap1-mut-M_CG) | 3 of 3
Plus 6 more processes waiting for tasks…

executor >  slurm (80)
[38/c7ea19] res…AW (evoC-Bap1-mut-F, L000) | 4 of 4 ✔
[bb/6ef43d] res…DE (evoC-Bap1-mut-F, L000) | 4 of 4 ✔
[-        ] resolve_align:FASTQC_RESOLVED  -
[35/a3ae4a] res…M2 (evoC-Bap1-mut-F, L000) | 4 of 4 ✔
[-        ] res…align:SAMTOOLS_MERGE_LANES -
[-        ] resolve_align:PRESEQ           -
[f7/1296d9] bam…t:BAMLET (evoC-Bap1-mut-F) | 4 of 4 ✔
[0d/c02be5] bam…AP_BAMQC (evoC-Bap1-mut-F) | 2 of 4
[02/f16957] bam…TSS_BIAS (evoC-Bap1-mut-F) | 2 of 4
[-        ] bam…:DEEPTOOLS_PLOTFINGERPRINT -
[86/e5f00a] bam…D_GCBIAS (evoC-Bap1-mut-F) | 2 of 4
[ba/3f0643] bam…ACCURACY (evoC-Bap1-mut-F) | 3 of 4
[95/7670d0] var…E_CALLER (evoC-Bap1-mut-F) | 0 of 4
[-        ] var…nt_calling:SPLIT_INTERVALS -
[-        ] var…calling:GENOMICS_DB_IMPORT -
[-        ] variant_calling:GENOTYPE_GVCFS -
[-        ] var…t_calling:MERGE_JOINT_VCFS -
[-        ] variant_calling:ASM            -
[-        ] var…_calling:MERGE_ASM_OUTPUTS -
[af/6f5cb2] var…:MUTECT2 (evoC-Bap1-mut-F) | 1 of 4
[d8/37f9a4] mbi…voC-Bap1-mut-F-CG-5-prime) | 4 of 12
[1d/414b09] epi…ZARR (evoC-Bap1-mut-F-CHH) | 2 of 12
[43/bb3792] epi…ORT (evoC-Bap1-ctrl-M_CHG) | 0 of 2
[42/aed8d4] epi…2ZARR (evoC-Bap1-mut-F-CG) | 3 of 4
[b3/dd1e1d] epi…XPORT (evoC-Bap1-mut-M_CG) | 3 of 3
[91/6faba2] epi…2ZARR (evoC-Bap1-mut-F-CG) | 3 of 4
[29/2231f8] epi…XPORT (evoC-Bap1-mut-M_CG) | 3 of 3
Plus 6 more processes waiting for tasks…

executor >  slurm (80)
[38/c7ea19] res…AW (evoC-Bap1-mut-F, L000) | 4 of 4 ✔
[bb/6ef43d] res…DE (evoC-Bap1-mut-F, L000) | 4 of 4 ✔
[-        ] resolve_align:FASTQC_RESOLVED  -
[35/a3ae4a] res…M2 (evoC-Bap1-mut-F, L000) | 4 of 4 ✔
[-        ] res…align:SAMTOOLS_MERGE_LANES -
[-        ] resolve_align:PRESEQ           -
[f7/1296d9] bam…t:BAMLET (evoC-Bap1-mut-F) | 4 of 4 ✔
[0d/c02be5] bam…AP_BAMQC (evoC-Bap1-mut-F) | 2 of 4
[02/f16957] bam…TSS_BIAS (evoC-Bap1-mut-F) | 2 of 4
[-        ] bam…:DEEPTOOLS_PLOTFINGERPRINT -
[86/e5f00a] bam…D_GCBIAS (evoC-Bap1-mut-F) | 2 of 4
[ba/3f0643] bam…ACCURACY (evoC-Bap1-mut-F) | 3 of 4
[95/7670d0] var…E_CALLER (evoC-Bap1-mut-F) | 0 of 4
[-        ] var…nt_calling:SPLIT_INTERVALS -
[-        ] var…calling:GENOMICS_DB_IMPORT -
[-        ] variant_calling:GENOTYPE_GVCFS -
[-        ] var…t_calling:MERGE_JOINT_VCFS -
[-        ] variant_calling:ASM            -
[-        ] var…_calling:MERGE_ASM_OUTPUTS -
[af/6f5cb2] var…:MUTECT2 (evoC-Bap1-mut-F) | 1 of 4
[88/c5ff0d] mbi…C-Bap1-ctrl-F-CHH-5-prime) | 5 of 12
[1d/414b09] epi…ZARR (evoC-Bap1-mut-F-CHH) | 2 of 12
[43/bb3792] epi…ORT (evoC-Bap1-ctrl-M_CHG) | 0 of 2
[42/aed8d4] epi…2ZARR (evoC-Bap1-mut-F-CG) | 3 of 4
[b3/dd1e1d] epi…XPORT (evoC-Bap1-mut-M_CG) | 3 of 3
[91/6faba2] epi…2ZARR (evoC-Bap1-mut-F-CG) | 3 of 4
[29/2231f8] epi…XPORT (evoC-Bap1-mut-M_CG) | 3 of 3
Plus 6 more processes waiting for tasks…

executor >  slurm (81)
[38/c7ea19] res…AW (evoC-Bap1-mut-F, L000) | 4 of 4 ✔
[bb/6ef43d] res…DE (evoC-Bap1-mut-F, L000) | 4 of 4 ✔
[-        ] resolve_align:FASTQC_RESOLVED  -
[35/a3ae4a] res…M2 (evoC-Bap1-mut-F, L000) | 4 of 4 ✔
[-        ] res…align:SAMTOOLS_MERGE_LANES -
[-        ] resolve_align:PRESEQ           -
[f7/1296d9] bam…t:BAMLET (evoC-Bap1-mut-F) | 4 of 4 ✔
[0d/c02be5] bam…AP_BAMQC (evoC-Bap1-mut-F) | 2 of 4
[02/f16957] bam…TSS_BIAS (evoC-Bap1-mut-F) | 2 of 4
[-        ] bam…:DEEPTOOLS_PLOTFINGERPRINT -
[86/e5f00a] bam…D_GCBIAS (evoC-Bap1-mut-F) | 2 of 4
[ba/3f0643] bam…ACCURACY (evoC-Bap1-mut-F) | 3 of 4
[95/7670d0] var…E_CALLER (evoC-Bap1-mut-F) | 0 of 4
[-        ] var…nt_calling:SPLIT_INTERVALS -
[-        ] var…calling:GENOMICS_DB_IMPORT -
[-        ] variant_calling:GENOTYPE_GVCFS -
[-        ] var…t_calling:MERGE_JOINT_VCFS -
[-        ] variant_calling:ASM            -
[-        ] var…_calling:MERGE_ASM_OUTPUTS -
[af/6f5cb2] var…:MUTECT2 (evoC-Bap1-mut-F) | 1 of 4
[88/c5ff0d] mbi…C-Bap1-ctrl-F-CHH-5-prime) | 5 of 12
[1d/414b09] epi…ZARR (evoC-Bap1-mut-F-CHH) | 2 of 12
[43/bb3792] epi…ORT (evoC-Bap1-ctrl-M_CHG) | 0 of 2
[42/aed8d4] epi…2ZARR (evoC-Bap1-mut-F-CG) | 4 of 4 ✔
[6b/e8540c] epi…XPORT (evoC-Bap1-mut-F_CG) | 3 of 4
[91/6faba2] epi…2ZARR (evoC-Bap1-mut-F-CG) | 3 of 4
[29/2231f8] epi…XPORT (evoC-Bap1-mut-M_CG) | 3 of 3
Plus 6 more processes waiting for tasks…

executor >  slurm (81)
[38/c7ea19] res…AW (evoC-Bap1-mut-F, L000) | 4 of 4 ✔
[bb/6ef43d] res…DE (evoC-Bap1-mut-F, L000) | 4 of 4 ✔
[-        ] resolve_align:FASTQC_RESOLVED  -
[35/a3ae4a] res…M2 (evoC-Bap1-mut-F, L000) | 4 of 4 ✔
[-        ] res…align:SAMTOOLS_MERGE_LANES -
[-        ] resolve_align:PRESEQ           -
[f7/1296d9] bam…t:BAMLET (evoC-Bap1-mut-F) | 4 of 4 ✔
[0d/c02be5] bam…AP_BAMQC (evoC-Bap1-mut-F) | 2 of 4
[02/f16957] bam…TSS_BIAS (evoC-Bap1-mut-F) | 2 of 4
[-        ] bam…:DEEPTOOLS_PLOTFINGERPRINT -
[86/e5f00a] bam…D_GCBIAS (evoC-Bap1-mut-F) | 2 of 4
[ba/3f0643] bam…ACCURACY (evoC-Bap1-mut-F) | 3 of 4
[95/7670d0] var…E_CALLER (evoC-Bap1-mut-F) | 0 of 4
[-        ] var…nt_calling:SPLIT_INTERVALS -
[-        ] var…calling:GENOMICS_DB_IMPORT -
[-        ] variant_calling:GENOTYPE_GVCFS -
[-        ] var…t_calling:MERGE_JOINT_VCFS -
[-        ] variant_calling:ASM            -
[-        ] var…_calling:MERGE_ASM_OUTPUTS -
[af/6f5cb2] var…:MUTECT2 (evoC-Bap1-mut-F) | 1 of 4
[88/c5ff0d] mbi…C-Bap1-ctrl-F-CHH-5-prime) | 5 of 12
[1d/414b09] epi…ZARR (evoC-Bap1-mut-F-CHH) | 2 of 12
[43/bb3792] epi…ORT (evoC-Bap1-ctrl-M_CHG) | 0 of 2
[42/aed8d4] epi…2ZARR (evoC-Bap1-mut-F-CG) | 4 of 4 ✔
[6b/e8540c] epi…XPORT (evoC-Bap1-mut-F_CG) | 3 of 4
[91/6faba2] epi…2ZARR (evoC-Bap1-mut-F-CG) | 4 of 4 ✔
[29/2231f8] epi…XPORT (evoC-Bap1-mut-M_CG) | 3 of 4
[-        ] epi…long_ctrl:JOIN_ZARR_STORES | 0 of 1
Plus 5 more processes waiting for tasks…

executor >  slurm (83)
[38/c7ea19] res…AW (evoC-Bap1-mut-F, L000) | 4 of 4 ✔
[bb/6ef43d] res…DE (evoC-Bap1-mut-F, L000) | 4 of 4 ✔
[-        ] resolve_align:FASTQC_RESOLVED  -
[35/a3ae4a] res…M2 (evoC-Bap1-mut-F, L000) | 4 of 4 ✔
[-        ] res…align:SAMTOOLS_MERGE_LANES -
[-        ] resolve_align:PRESEQ           -
[f7/1296d9] bam…t:BAMLET (evoC-Bap1-mut-F) | 4 of 4 ✔
[0d/c02be5] bam…AP_BAMQC (evoC-Bap1-mut-F) | 2 of 4
[02/f16957] bam…TSS_BIAS (evoC-Bap1-mut-F) | 2 of 4
[-        ] bam…:DEEPTOOLS_PLOTFINGERPRINT -
[86/e5f00a] bam…D_GCBIAS (evoC-Bap1-mut-F) | 2 of 4
[ba/3f0643] bam…ACCURACY (evoC-Bap1-mut-F) | 3 of 4
[95/7670d0] var…E_CALLER (evoC-Bap1-mut-F) | 0 of 4
[-        ] var…nt_calling:SPLIT_INTERVALS -
[-        ] var…calling:GENOMICS_DB_IMPORT -
[-        ] variant_calling:GENOTYPE_GVCFS -
[-        ] var…t_calling:MERGE_JOINT_VCFS -
[-        ] variant_calling:ASM            -
[-        ] var…_calling:MERGE_ASM_OUTPUTS -
[af/6f5cb2] var…:MUTECT2 (evoC-Bap1-mut-F) | 1 of 4
[88/c5ff0d] mbi…C-Bap1-ctrl-F-CHH-5-prime) | 5 of 12
[1d/414b09] epi…ZARR (evoC-Bap1-mut-F-CHH) | 2 of 12
[43/bb3792] epi…ORT (evoC-Bap1-ctrl-M_CHG) | 0 of 2
[42/aed8d4] epi…2ZARR (evoC-Bap1-mut-F-CG) | 4 of 4 ✔
[6b/e8540c] epi…XPORT (evoC-Bap1-mut-F_CG) | 3 of 4
[91/6faba2] epi…2ZARR (evoC-Bap1-mut-F-CG) | 4 of 4 ✔
[8c/b81001] epi…XPORT (evoC-Bap1-mut-F_CG) | 3 of 4
[3e/52d548] epi…voC_Bap1_run-long_ctrl-CG) | 0 of 1
Plus 5 more processes waiting for tasks…

executor >  slurm (83)
[38/c7ea19] res…AW (evoC-Bap1-mut-F, L000) | 4 of 4 ✔
[bb/6ef43d] res…DE (evoC-Bap1-mut-F, L000) | 4 of 4 ✔
[-        ] resolve_align:FASTQC_RESOLVED  -
[35/a3ae4a] res…M2 (evoC-Bap1-mut-F, L000) | 4 of 4 ✔
[-        ] res…align:SAMTOOLS_MERGE_LANES -
[-        ] resolve_align:PRESEQ           -
[f7/1296d9] bam…t:BAMLET (evoC-Bap1-mut-F) | 4 of 4 ✔
[0d/c02be5] bam…AP_BAMQC (evoC-Bap1-mut-F) | 2 of 4
[02/f16957] bam…TSS_BIAS (evoC-Bap1-mut-F) | 2 of 4
[-        ] bam…:DEEPTOOLS_PLOTFINGERPRINT -
[86/e5f00a] bam…D_GCBIAS (evoC-Bap1-mut-F) | 2 of 4
[ba/3f0643] bam…ACCURACY (evoC-Bap1-mut-F) | 4 of 4 ✔
[95/7670d0] var…E_CALLER (evoC-Bap1-mut-F) | 0 of 4
[-        ] var…nt_calling:SPLIT_INTERVALS -
[-        ] var…calling:GENOMICS_DB_IMPORT -
[-        ] variant_calling:GENOTYPE_GVCFS -
[-        ] var…t_calling:MERGE_JOINT_VCFS -
[-        ] variant_calling:ASM            -
[-        ] var…_calling:MERGE_ASM_OUTPUTS -
[af/6f5cb2] var…:MUTECT2 (evoC-Bap1-mut-F) | 1 of 4
[88/c5ff0d] mbi…C-Bap1-ctrl-F-CHH-5-prime) | 5 of 12
[1d/414b09] epi…ZARR (evoC-Bap1-mut-F-CHH) | 2 of 12
[43/bb3792] epi…ORT (evoC-Bap1-ctrl-M_CHG) | 0 of 2
[42/aed8d4] epi…2ZARR (evoC-Bap1-mut-F-CG) | 4 of 4 ✔
[6b/e8540c] epi…XPORT (evoC-Bap1-mut-F_CG) | 3 of 4
[91/6faba2] epi…2ZARR (evoC-Bap1-mut-F-CG) | 4 of 4 ✔
[8c/b81001] epi…XPORT (evoC-Bap1-mut-F_CG) | 3 of 4
[3e/52d548] epi…voC_Bap1_run-long_ctrl-CG) | 0 of 1
Plus 5 more processes waiting for tasks…

executor >  slurm (83)
[38/c7ea19] res…AW (evoC-Bap1-mut-F, L000) | 4 of 4 ✔
[bb/6ef43d] res…DE (evoC-Bap1-mut-F, L000) | 4 of 4 ✔
[-        ] resolve_align:FASTQC_RESOLVED  -
[35/a3ae4a] res…M2 (evoC-Bap1-mut-F, L000) | 4 of 4 ✔
[-        ] res…align:SAMTOOLS_MERGE_LANES -
[-        ] resolve_align:PRESEQ           -
[f7/1296d9] bam…t:BAMLET (evoC-Bap1-mut-F) | 4 of 4 ✔
[0d/c02be5] bam…AP_BAMQC (evoC-Bap1-mut-F) | 2 of 4
[02/f16957] bam…TSS_BIAS (evoC-Bap1-mut-F) | 2 of 4
[-        ] bam…:DEEPTOOLS_PLOTFINGERPRINT -
[86/e5f00a] bam…D_GCBIAS (evoC-Bap1-mut-F) | 2 of 4
[ba/3f0643] bam…ACCURACY (evoC-Bap1-mut-F) | 4 of 4 ✔
[95/7670d0] var…E_CALLER (evoC-Bap1-mut-F) | 0 of 4
[-        ] var…nt_calling:SPLIT_INTERVALS -
[-        ] var…calling:GENOMICS_DB_IMPORT -
[-        ] variant_calling:GENOTYPE_GVCFS -
[-        ] var…t_calling:MERGE_JOINT_VCFS -
[-        ] variant_calling:ASM            -
[-        ] var…_calling:MERGE_ASM_OUTPUTS -
[af/6f5cb2] var…:MUTECT2 (evoC-Bap1-mut-F) | 1 of 4
[88/c5ff0d] mbi…C-Bap1-ctrl-F-CHH-5-prime) | 5 of 12
[1d/414b09] epi…ZARR (evoC-Bap1-mut-F-CHH) | 2 of 12
[43/bb3792] epi…ORT (evoC-Bap1-ctrl-M_CHG) | 0 of 2
[42/aed8d4] epi…2ZARR (evoC-Bap1-mut-F-CG) | 4 of 4 ✔
[6b/e8540c] epi…XPORT (evoC-Bap1-mut-F_CG) | 3 of 4
[91/6faba2] epi…2ZARR (evoC-Bap1-mut-F-CG) | 4 of 4 ✔
[8c/b81001] epi…XPORT (evoC-Bap1-mut-F_CG) | 3 of 4
[3e/52d548] epi…voC_Bap1_run-long_ctrl-CG) | 0 of 1
Plus 5 more processes waiting for tasks…

executor >  slurm (83)
[38/c7ea19] res…AW (evoC-Bap1-mut-F, L000) | 4 of 4 ✔
[bb/6ef43d] res…DE (evoC-Bap1-mut-F, L000) | 4 of 4 ✔
[-        ] resolve_align:FASTQC_RESOLVED  -
[35/a3ae4a] res…M2 (evoC-Bap1-mut-F, L000) | 4 of 4 ✔
[-        ] res…align:SAMTOOLS_MERGE_LANES -
[-        ] resolve_align:PRESEQ           -
[f7/1296d9] bam…t:BAMLET (evoC-Bap1-mut-F) | 4 of 4 ✔
[0d/c02be5] bam…AP_BAMQC (evoC-Bap1-mut-F) | 2 of 4
[02/f16957] bam…TSS_BIAS (evoC-Bap1-mut-F) | 2 of 4
[-        ] bam…:DEEPTOOLS_PLOTFINGERPRINT -
[86/e5f00a] bam…D_GCBIAS (evoC-Bap1-mut-F) | 2 of 4
[ba/3f0643] bam…ACCURACY (evoC-Bap1-mut-F) | 4 of 4 ✔
[95/7670d0] var…E_CALLER (evoC-Bap1-mut-F) | 0 of 4
[-        ] var…nt_calling:SPLIT_INTERVALS -
[-        ] var…calling:GENOMICS_DB_IMPORT -
[-        ] variant_calling:GENOTYPE_GVCFS -
[-        ] var…t_calling:MERGE_JOINT_VCFS -
[-        ] variant_calling:ASM            -
[-        ] var…_calling:MERGE_ASM_OUTPUTS -
[af/6f5cb2] var…:MUTECT2 (evoC-Bap1-mut-F) | 1 of 4
[88/c5ff0d] mbi…C-Bap1-ctrl-F-CHH-5-prime) | 5 of 12
[1d/414b09] epi…ZARR (evoC-Bap1-mut-F-CHH) | 2 of 12
[43/bb3792] epi…ORT (evoC-Bap1-ctrl-M_CHG) | 0 of 2
[42/aed8d4] epi…2ZARR (evoC-Bap1-mut-F-CG) | 4 of 4 ✔
[6b/e8540c] epi…XPORT (evoC-Bap1-mut-F_CG) | 3 of 4
[91/6faba2] epi…2ZARR (evoC-Bap1-mut-F-CG) | 4 of 4 ✔
[8c/b81001] epi…XPORT (evoC-Bap1-mut-F_CG) | 3 of 4
[3e/52d548] epi…voC_Bap1_run-long_ctrl-CG) | 0 of 1
Plus 5 more processes waiting for tasks…

executor >  slurm (83)
[38/c7ea19] res…AW (evoC-Bap1-mut-F, L000) | 4 of 4 ✔
[bb/6ef43d] res…DE (evoC-Bap1-mut-F, L000) | 4 of 4 ✔
[-        ] resolve_align:FASTQC_RESOLVED  -
[35/a3ae4a] res…M2 (evoC-Bap1-mut-F, L000) | 4 of 4 ✔
[-        ] res…align:SAMTOOLS_MERGE_LANES -
[-        ] resolve_align:PRESEQ           -
[f7/1296d9] bam…t:BAMLET (evoC-Bap1-mut-F) | 4 of 4 ✔
[0d/c02be5] bam…AP_BAMQC (evoC-Bap1-mut-F) | 2 of 4
[02/f16957] bam…TSS_BIAS (evoC-Bap1-mut-F) | 2 of 4
[-        ] bam…:DEEPTOOLS_PLOTFINGERPRINT -
[86/e5f00a] bam…D_GCBIAS (evoC-Bap1-mut-F) | 2 of 4
[ba/3f0643] bam…ACCURACY (evoC-Bap1-mut-F) | 4 of 4 ✔
[95/7670d0] var…E_CALLER (evoC-Bap1-mut-F) | 0 of 4
[-        ] var…nt_calling:SPLIT_INTERVALS -
[-        ] var…calling:GENOMICS_DB_IMPORT -
[-        ] variant_calling:GENOTYPE_GVCFS -
[-        ] var…t_calling:MERGE_JOINT_VCFS -
[-        ] variant_calling:ASM            -
[-        ] var…_calling:MERGE_ASM_OUTPUTS -
[af/6f5cb2] var…:MUTECT2 (evoC-Bap1-mut-F) | 1 of 4
[88/c5ff0d] mbi…C-Bap1-ctrl-F-CHH-5-prime) | 5 of 12
[1d/414b09] epi…ZARR (evoC-Bap1-mut-F-CHH) | 2 of 12
[43/bb3792] epi…ORT (evoC-Bap1-ctrl-M_CHG) | 0 of 2
[42/aed8d4] epi…2ZARR (evoC-Bap1-mut-F-CG) | 4 of 4 ✔
[6b/e8540c] epi…XPORT (evoC-Bap1-mut-F_CG) | 3 of 4
[91/6faba2] epi…2ZARR (evoC-Bap1-mut-F-CG) | 4 of 4 ✔
[8c/b81001] epi…XPORT (evoC-Bap1-mut-F_CG) | 3 of 4
[3e/52d548] epi…voC_Bap1_run-long_ctrl-CG) | 1 of 1 ✔
Plus 5 more processes waiting for tasks…

executor >  slurm (83)
[38/c7ea19] res…AW (evoC-Bap1-mut-F, L000) | 4 of 4 ✔
[bb/6ef43d] res…DE (evoC-Bap1-mut-F, L000) | 4 of 4 ✔
[-        ] resolve_align:FASTQC_RESOLVED  -
[35/a3ae4a] res…M2 (evoC-Bap1-mut-F, L000) | 4 of 4 ✔
[-        ] res…align:SAMTOOLS_MERGE_LANES -
[-        ] resolve_align:PRESEQ           -
[f7/1296d9] bam…t:BAMLET (evoC-Bap1-mut-F) | 4 of 4 ✔
[0d/c02be5] bam…AP_BAMQC (evoC-Bap1-mut-F) | 2 of 4
[02/f16957] bam…TSS_BIAS (evoC-Bap1-mut-F) | 2 of 4
[-        ] bam…:DEEPTOOLS_PLOTFINGERPRINT -
[86/e5f00a] bam…D_GCBIAS (evoC-Bap1-mut-F) | 2 of 4
[ba/3f0643] bam…ACCURACY (evoC-Bap1-mut-F) | 4 of 4 ✔
[95/7670d0] var…E_CALLER (evoC-Bap1-mut-F) | 0 of 4
[-        ] var…nt_calling:SPLIT_INTERVALS -
[-        ] var…calling:GENOMICS_DB_IMPORT -
[-        ] variant_calling:GENOTYPE_GVCFS -
[-        ] var…t_calling:MERGE_JOINT_VCFS -
[-        ] variant_calling:ASM            -
[-        ] var…_calling:MERGE_ASM_OUTPUTS -
[af/6f5cb2] var…:MUTECT2 (evoC-Bap1-mut-F) | 1 of 4
[88/c5ff0d] mbi…C-Bap1-ctrl-F-CHH-5-prime) | 5 of 12
[27/c4761f] epi…ZARR (evoC-Bap1-ctrl-F-CG) | 3 of 12
[43/bb3792] epi…ORT (evoC-Bap1-ctrl-M_CHG) | 0 of 3
[42/aed8d4] epi…2ZARR (evoC-Bap1-mut-F-CG) | 4 of 4 ✔
[6b/e8540c] epi…XPORT (evoC-Bap1-mut-F_CG) | 3 of 4
[91/6faba2] epi…2ZARR (evoC-Bap1-mut-F-CG) | 4 of 4 ✔
[8c/b81001] epi…XPORT (evoC-Bap1-mut-F_CG) | 3 of 4
[3e/52d548] epi…voC_Bap1_run-long_ctrl-CG) | 1 of 1 ✔
Plus 5 more processes waiting for tasks…

executor >  slurm (84)
[38/c7ea19] res…AW (evoC-Bap1-mut-F, L000) | 4 of 4 ✔
[bb/6ef43d] res…DE (evoC-Bap1-mut-F, L000) | 4 of 4 ✔
[-        ] resolve_align:FASTQC_RESOLVED  -
[35/a3ae4a] res…M2 (evoC-Bap1-mut-F, L000) | 4 of 4 ✔
[-        ] res…align:SAMTOOLS_MERGE_LANES -
[-        ] resolve_align:PRESEQ           -
[f7/1296d9] bam…t:BAMLET (evoC-Bap1-mut-F) | 4 of 4 ✔
[0d/c02be5] bam…AP_BAMQC (evoC-Bap1-mut-F) | 2 of 4
[02/f16957] bam…TSS_BIAS (evoC-Bap1-mut-F) | 2 of 4
[-        ] bam…:DEEPTOOLS_PLOTFINGERPRINT -
[86/e5f00a] bam…D_GCBIAS (evoC-Bap1-mut-F) | 2 of 4
[ba/3f0643] bam…ACCURACY (evoC-Bap1-mut-F) | 4 of 4 ✔
[95/7670d0] var…E_CALLER (evoC-Bap1-mut-F) | 0 of 4
[-        ] var…nt_calling:SPLIT_INTERVALS -
[-        ] var…calling:GENOMICS_DB_IMPORT -
[-        ] variant_calling:GENOTYPE_GVCFS -
[-        ] var…t_calling:MERGE_JOINT_VCFS -
[-        ] variant_calling:ASM            -
[-        ] var…_calling:MERGE_ASM_OUTPUTS -
[af/6f5cb2] var…:MUTECT2 (evoC-Bap1-mut-F) | 1 of 4
[88/c5ff0d] mbi…C-Bap1-ctrl-F-CHH-5-prime) | 5 of 12
[27/c4761f] epi…ZARR (evoC-Bap1-ctrl-F-CG) | 3 of 12
[11/fb90e8] epi…PORT (evoC-Bap1-ctrl-F_CG) | 0 of 3
[42/aed8d4] epi…2ZARR (evoC-Bap1-mut-F-CG) | 4 of 4 ✔
[6b/e8540c] epi…XPORT (evoC-Bap1-mut-F_CG) | 3 of 4
[91/6faba2] epi…2ZARR (evoC-Bap1-mut-F-CG) | 4 of 4 ✔
[8c/b81001] epi…XPORT (evoC-Bap1-mut-F_CG) | 3 of 4
[3e/52d548] epi…voC_Bap1_run-long_ctrl-CG) | 1 of 1 ✔
Plus 5 more processes waiting for tasks…

executor >  slurm (84)
[38/c7ea19] res…AW (evoC-Bap1-mut-F, L000) | 4 of 4 ✔
[bb/6ef43d] res…DE (evoC-Bap1-mut-F, L000) | 4 of 4 ✔
[-        ] resolve_align:FASTQC_RESOLVED  -
[35/a3ae4a] res…M2 (evoC-Bap1-mut-F, L000) | 4 of 4 ✔
[-        ] res…align:SAMTOOLS_MERGE_LANES -
[-        ] resolve_align:PRESEQ           -
[f7/1296d9] bam…t:BAMLET (evoC-Bap1-mut-F) | 4 of 4 ✔
[0d/c02be5] bam…AP_BAMQC (evoC-Bap1-mut-F) | 2 of 4
[02/f16957] bam…TSS_BIAS (evoC-Bap1-mut-F) | 2 of 4
[-        ] bam…:DEEPTOOLS_PLOTFINGERPRINT -
[86/e5f00a] bam…D_GCBIAS (evoC-Bap1-mut-F) | 2 of 4
[ba/3f0643] bam…ACCURACY (evoC-Bap1-mut-F) | 4 of 4 ✔
[95/7670d0] var…E_CALLER (evoC-Bap1-mut-F) | 0 of 4
[-        ] var…nt_calling:SPLIT_INTERVALS -
[-        ] var…calling:GENOMICS_DB_IMPORT -
[-        ] variant_calling:GENOTYPE_GVCFS -
[-        ] var…t_calling:MERGE_JOINT_VCFS -
[-        ] variant_calling:ASM            -
[-        ] var…_calling:MERGE_ASM_OUTPUTS -
[af/6f5cb2] var…:MUTECT2 (evoC-Bap1-mut-F) | 1 of 4
[88/c5ff0d] mbi…C-Bap1-ctrl-F-CHH-5-prime) | 5 of 12
[27/c4761f] epi…ZARR (evoC-Bap1-ctrl-F-CG) | 3 of 12
[11/fb90e8] epi…PORT (evoC-Bap1-ctrl-F_CG) | 0 of 3
[42/aed8d4] epi…2ZARR (evoC-Bap1-mut-F-CG) | 4 of 4 ✔
[6b/e8540c] epi…XPORT (evoC-Bap1-mut-F_CG) | 4 of 4 ✔
[91/6faba2] epi…2ZARR (evoC-Bap1-mut-F-CG) | 4 of 4 ✔
[8c/b81001] epi…XPORT (evoC-Bap1-mut-F_CG) | 3 of 4
[3e/52d548] epi…voC_Bap1_run-long_ctrl-CG) | 1 of 1 ✔
Plus 5 more processes waiting for tasks…

executor >  slurm (84)
[38/c7ea19] res…AW (evoC-Bap1-mut-F, L000) | 4 of 4 ✔
[bb/6ef43d] res…DE (evoC-Bap1-mut-F, L000) | 4 of 4 ✔
[-        ] resolve_align:FASTQC_RESOLVED  -
[35/a3ae4a] res…M2 (evoC-Bap1-mut-F, L000) | 4 of 4 ✔
[-        ] res…align:SAMTOOLS_MERGE_LANES -
[-        ] resolve_align:PRESEQ           -
[f7/1296d9] bam…t:BAMLET (evoC-Bap1-mut-F) | 4 of 4 ✔
[0d/c02be5] bam…AP_BAMQC (evoC-Bap1-mut-F) | 2 of 4
[02/f16957] bam…TSS_BIAS (evoC-Bap1-mut-F) | 2 of 4
[-        ] bam…:DEEPTOOLS_PLOTFINGERPRINT -
[86/e5f00a] bam…D_GCBIAS (evoC-Bap1-mut-F) | 2 of 4
[ba/3f0643] bam…ACCURACY (evoC-Bap1-mut-F) | 4 of 4 ✔
[95/7670d0] var…E_CALLER (evoC-Bap1-mut-F) | 0 of 4
[-        ] var…nt_calling:SPLIT_INTERVALS -
[-        ] var…calling:GENOMICS_DB_IMPORT -
[-        ] variant_calling:GENOTYPE_GVCFS -
[-        ] var…t_calling:MERGE_JOINT_VCFS -
[-        ] variant_calling:ASM            -
[-        ] var…_calling:MERGE_ASM_OUTPUTS -
[af/6f5cb2] var…:MUTECT2 (evoC-Bap1-mut-F) | 1 of 4
[88/c5ff0d] mbi…C-Bap1-ctrl-F-CHH-5-prime) | 5 of 12
[27/c4761f] epi…ZARR (evoC-Bap1-ctrl-F-CG) | 3 of 12
[11/fb90e8] epi…PORT (evoC-Bap1-ctrl-F_CG) | 0 of 3
[42/aed8d4] epi…2ZARR (evoC-Bap1-mut-F-CG) | 4 of 4 ✔
[6b/e8540c] epi…XPORT (evoC-Bap1-mut-F_CG) | 4 of 4 ✔
[91/6faba2] epi…2ZARR (evoC-Bap1-mut-F-CG) | 4 of 4 ✔
[8c/b81001] epi…XPORT (evoC-Bap1-mut-F_CG) | 4 of 4 ✔
[3e/52d548] epi…voC_Bap1_run-long_ctrl-CG) | 1 of 1 ✔
[-        ] summary:DQSPY                  | 0 of 1
Plus 4 more processes waiting for tasks…

executor >  slurm (85)
[38/c7ea19] res…AW (evoC-Bap1-mut-F, L000) | 4 of 4 ✔
[bb/6ef43d] res…DE (evoC-Bap1-mut-F, L000) | 4 of 4 ✔
[-        ] resolve_align:FASTQC_RESOLVED  -
[35/a3ae4a] res…M2 (evoC-Bap1-mut-F, L000) | 4 of 4 ✔
[-        ] res…align:SAMTOOLS_MERGE_LANES -
[-        ] resolve_align:PRESEQ           -
[f7/1296d9] bam…t:BAMLET (evoC-Bap1-mut-F) | 4 of 4 ✔
[0d/c02be5] bam…AP_BAMQC (evoC-Bap1-mut-F) | 2 of 4
[02/f16957] bam…TSS_BIAS (evoC-Bap1-mut-F) | 2 of 4
[-        ] bam…:DEEPTOOLS_PLOTFINGERPRINT -
[86/e5f00a] bam…D_GCBIAS (evoC-Bap1-mut-F) | 2 of 4
[ba/3f0643] bam…ACCURACY (evoC-Bap1-mut-F) | 4 of 4 ✔
[95/7670d0] var…E_CALLER (evoC-Bap1-mut-F) | 0 of 4
[-        ] var…nt_calling:SPLIT_INTERVALS -
[-        ] var…calling:GENOMICS_DB_IMPORT -
[-        ] variant_calling:GENOTYPE_GVCFS -
[-        ] var…t_calling:MERGE_JOINT_VCFS -
[-        ] variant_calling:ASM            -
[-        ] var…_calling:MERGE_ASM_OUTPUTS -
[af/6f5cb2] var…:MUTECT2 (evoC-Bap1-mut-F) | 1 of 4
[88/c5ff0d] mbi…C-Bap1-ctrl-F-CHH-5-prime) | 5 of 12
[27/c4761f] epi…ZARR (evoC-Bap1-ctrl-F-CG) | 3 of 12
[11/fb90e8] epi…PORT (evoC-Bap1-ctrl-F_CG) | 0 of 3
[42/aed8d4] epi…2ZARR (evoC-Bap1-mut-F-CG) | 4 of 4 ✔
[6b/e8540c] epi…XPORT (evoC-Bap1-mut-F_CG) | 4 of 4 ✔
[91/6faba2] epi…2ZARR (evoC-Bap1-mut-F-CG) | 4 of 4 ✔
[8c/b81001] epi…XPORT (evoC-Bap1-mut-F_CG) | 4 of 4 ✔
[3e/52d548] epi…voC_Bap1_run-long_ctrl-CG) | 1 of 1 ✔
[ce/a81050] summary:DQSPY (evoC_Bap1_run)  | 0 of 1
Plus 4 more processes waiting for tasks…

executor >  slurm (85)
[38/c7ea19] res…AW (evoC-Bap1-mut-F, L000) | 4 of 4 ✔
[bb/6ef43d] res…DE (evoC-Bap1-mut-F, L000) | 4 of 4 ✔
[-        ] resolve_align:FASTQC_RESOLVED  -
[35/a3ae4a] res…M2 (evoC-Bap1-mut-F, L000) | 4 of 4 ✔
[-        ] res…align:SAMTOOLS_MERGE_LANES -
[-        ] resolve_align:PRESEQ           -
[f7/1296d9] bam…t:BAMLET (evoC-Bap1-mut-F) | 4 of 4 ✔
[0d/c02be5] bam…AP_BAMQC (evoC-Bap1-mut-F) | 2 of 4
[02/f16957] bam…TSS_BIAS (evoC-Bap1-mut-F) | 2 of 4
[-        ] bam…:DEEPTOOLS_PLOTFINGERPRINT -
[86/e5f00a] bam…D_GCBIAS (evoC-Bap1-mut-F) | 2 of 4
[ba/3f0643] bam…ACCURACY (evoC-Bap1-mut-F) | 4 of 4 ✔
[95/7670d0] var…E_CALLER (evoC-Bap1-mut-F) | 0 of 4
[-        ] var…nt_calling:SPLIT_INTERVALS -
[-        ] var…calling:GENOMICS_DB_IMPORT -
[-        ] variant_calling:GENOTYPE_GVCFS -
[-        ] var…t_calling:MERGE_JOINT_VCFS -
[-        ] variant_calling:ASM            -
[-        ] var…_calling:MERGE_ASM_OUTPUTS -
[af/6f5cb2] var…:MUTECT2 (evoC-Bap1-mut-F) | 1 of 4
[88/c5ff0d] mbi…C-Bap1-ctrl-F-CHH-5-prime) | 5 of 12
[27/c4761f] epi…ZARR (evoC-Bap1-ctrl-F-CG) | 3 of 12
[11/fb90e8] epi…PORT (evoC-Bap1-ctrl-F_CG) | 0 of 3
[42/aed8d4] epi…2ZARR (evoC-Bap1-mut-F-CG) | 4 of 4 ✔
[6b/e8540c] epi…XPORT (evoC-Bap1-mut-F_CG) | 4 of 4 ✔
[91/6faba2] epi…2ZARR (evoC-Bap1-mut-F-CG) | 4 of 4 ✔
[8c/b81001] epi…XPORT (evoC-Bap1-mut-F_CG) | 4 of 4 ✔
[3e/52d548] epi…voC_Bap1_run-long_ctrl-CG) | 1 of 1 ✔
[ce/a81050] summary:DQSPY (evoC_Bap1_run)  | 0 of 1
Plus 4 more processes waiting for tasks…

executor >  slurm (85)
[38/c7ea19] res…AW (evoC-Bap1-mut-F, L000) | 4 of 4 ✔
[bb/6ef43d] res…DE (evoC-Bap1-mut-F, L000) | 4 of 4 ✔
[-        ] resolve_align:FASTQC_RESOLVED  -
[35/a3ae4a] res…M2 (evoC-Bap1-mut-F, L000) | 4 of 4 ✔
[-        ] res…align:SAMTOOLS_MERGE_LANES -
[-        ] resolve_align:PRESEQ           -
[f7/1296d9] bam…t:BAMLET (evoC-Bap1-mut-F) | 4 of 4 ✔
[0d/c02be5] bam…AP_BAMQC (evoC-Bap1-mut-F) | 2 of 4
[02/f16957] bam…TSS_BIAS (evoC-Bap1-mut-F) | 2 of 4
[-        ] bam…:DEEPTOOLS_PLOTFINGERPRINT -
[86/e5f00a] bam…D_GCBIAS (evoC-Bap1-mut-F) | 2 of 4
[ba/3f0643] bam…ACCURACY (evoC-Bap1-mut-F) | 4 of 4 ✔
[95/7670d0] var…E_CALLER (evoC-Bap1-mut-F) | 0 of 4
[-        ] var…nt_calling:SPLIT_INTERVALS -
[-        ] var…calling:GENOMICS_DB_IMPORT -
[-        ] variant_calling:GENOTYPE_GVCFS -
[-        ] var…t_calling:MERGE_JOINT_VCFS -
[-        ] variant_calling:ASM            -
[-        ] var…_calling:MERGE_ASM_OUTPUTS -
[af/6f5cb2] var…:MUTECT2 (evoC-Bap1-mut-F) | 1 of 4
[88/c5ff0d] mbi…C-Bap1-ctrl-F-CHH-5-prime) | 5 of 12
[27/c4761f] epi…ZARR (evoC-Bap1-ctrl-F-CG) | 3 of 12
[11/fb90e8] epi…PORT (evoC-Bap1-ctrl-F_CG) | 0 of 3
[42/aed8d4] epi…2ZARR (evoC-Bap1-mut-F-CG) | 4 of 4 ✔
[6b/e8540c] epi…XPORT (evoC-Bap1-mut-F_CG) | 4 of 4 ✔
[91/6faba2] epi…2ZARR (evoC-Bap1-mut-F-CG) | 4 of 4 ✔
[8c/b81001] epi…XPORT (evoC-Bap1-mut-F_CG) | 4 of 4 ✔
[3e/52d548] epi…voC_Bap1_run-long_ctrl-CG) | 1 of 1 ✔
[ce/a81050] summary:DQSPY (evoC_Bap1_run)  | 1 of 1 ✔
Plus 4 more processes waiting for tasks…

executor >  slurm (85)
[38/c7ea19] res…AW (evoC-Bap1-mut-F, L000) | 4 of 4 ✔
[bb/6ef43d] res…DE (evoC-Bap1-mut-F, L000) | 4 of 4 ✔
[-        ] resolve_align:FASTQC_RESOLVED  -
[35/a3ae4a] res…M2 (evoC-Bap1-mut-F, L000) | 4 of 4 ✔
[-        ] res…align:SAMTOOLS_MERGE_LANES -
[-        ] resolve_align:PRESEQ           -
[f7/1296d9] bam…t:BAMLET (evoC-Bap1-mut-F) | 4 of 4 ✔
[0d/c02be5] bam…AP_BAMQC (evoC-Bap1-mut-F) | 2 of 4
[8c/7b9664] bam…TSS_BIAS (evoC-Bap1-mut-M) | 3 of 4
[-        ] bam…:DEEPTOOLS_PLOTFINGERPRINT -
[86/e5f00a] bam…D_GCBIAS (evoC-Bap1-mut-F) | 2 of 4
[ba/3f0643] bam…ACCURACY (evoC-Bap1-mut-F) | 4 of 4 ✔
[95/7670d0] var…E_CALLER (evoC-Bap1-mut-F) | 0 of 4
[-        ] var…nt_calling:SPLIT_INTERVALS -
[-        ] var…calling:GENOMICS_DB_IMPORT -
[-        ] variant_calling:GENOTYPE_GVCFS -
[-        ] var…t_calling:MERGE_JOINT_VCFS -
[-        ] variant_calling:ASM            -
[-        ] var…_calling:MERGE_ASM_OUTPUTS -
[af/6f5cb2] var…:MUTECT2 (evoC-Bap1-mut-F) | 1 of 4
[88/c5ff0d] mbi…C-Bap1-ctrl-F-CHH-5-prime) | 5 of 12
[27/c4761f] epi…ZARR (evoC-Bap1-ctrl-F-CG) | 3 of 12
[11/fb90e8] epi…PORT (evoC-Bap1-ctrl-F_CG) | 0 of 3
[42/aed8d4] epi…2ZARR (evoC-Bap1-mut-F-CG) | 4 of 4 ✔
[6b/e8540c] epi…XPORT (evoC-Bap1-mut-F_CG) | 4 of 4 ✔
[91/6faba2] epi…2ZARR (evoC-Bap1-mut-F-CG) | 4 of 4 ✔
[8c/b81001] epi…XPORT (evoC-Bap1-mut-F_CG) | 4 of 4 ✔
[3e/52d548] epi…voC_Bap1_run-long_ctrl-CG) | 1 of 1 ✔
[ce/a81050] summary:DQSPY (evoC_Bap1_run)  | 1 of 1 ✔
Plus 4 more processes waiting for tasks…

executor >  slurm (86)
[38/c7ea19] res…AW (evoC-Bap1-mut-F, L000) | 4 of 4 ✔
[bb/6ef43d] res…DE (evoC-Bap1-mut-F, L000) | 4 of 4 ✔
[-        ] resolve_align:FASTQC_RESOLVED  -
[35/a3ae4a] res…M2 (evoC-Bap1-mut-F, L000) | 4 of 4 ✔
[-        ] res…align:SAMTOOLS_MERGE_LANES -
[-        ] resolve_align:PRESEQ           -
[f7/1296d9] bam…t:BAMLET (evoC-Bap1-mut-F) | 4 of 4 ✔
[0d/c02be5] bam…AP_BAMQC (evoC-Bap1-mut-F) | 2 of 4
[8c/7b9664] bam…TSS_BIAS (evoC-Bap1-mut-M) | 3 of 4
[-        ] bam…:DEEPTOOLS_PLOTFINGERPRINT -
[86/e5f00a] bam…D_GCBIAS (evoC-Bap1-mut-F) | 2 of 4
[ba/3f0643] bam…ACCURACY (evoC-Bap1-mut-F) | 4 of 4 ✔
[95/7670d0] var…E_CALLER (evoC-Bap1-mut-F) | 0 of 4
[-        ] var…nt_calling:SPLIT_INTERVALS -
[-        ] var…calling:GENOMICS_DB_IMPORT -
[-        ] variant_calling:GENOTYPE_GVCFS -
[-        ] var…t_calling:MERGE_JOINT_VCFS -
[-        ] variant_calling:ASM            -
[-        ] var…_calling:MERGE_ASM_OUTPUTS -
[af/6f5cb2] var…:MUTECT2 (evoC-Bap1-mut-F) | 1 of 4
[88/c5ff0d] mbi…C-Bap1-ctrl-F-CHH-5-prime) | 5 of 12
[fd/d6f045] epi…ARR (evoC-Bap1-ctrl-F-CHG) | 4 of 12
[46/357921] epi…ORT (evoC-Bap1-ctrl-F_CHG) | 0 of 4
[42/aed8d4] epi…2ZARR (evoC-Bap1-mut-F-CG) | 4 of 4 ✔
[6b/e8540c] epi…XPORT (evoC-Bap1-mut-F_CG) | 4 of 4 ✔
[91/6faba2] epi…2ZARR (evoC-Bap1-mut-F-CG) | 4 of 4 ✔
[8c/b81001] epi…XPORT (evoC-Bap1-mut-F_CG) | 4 of 4 ✔
[3e/52d548] epi…voC_Bap1_run-long_ctrl-CG) | 1 of 1 ✔
[ce/a81050] summary:DQSPY (evoC_Bap1_run)  | 1 of 1 ✔
Plus 4 more processes waiting for tasks…

executor >  slurm (86)
[38/c7ea19] res…AW (evoC-Bap1-mut-F, L000) | 4 of 4 ✔
[bb/6ef43d] res…DE (evoC-Bap1-mut-F, L000) | 4 of 4 ✔
[-        ] resolve_align:FASTQC_RESOLVED  -
[35/a3ae4a] res…M2 (evoC-Bap1-mut-F, L000) | 4 of 4 ✔
[-        ] res…align:SAMTOOLS_MERGE_LANES -
[-        ] resolve_align:PRESEQ           -
[f7/1296d9] bam…t:BAMLET (evoC-Bap1-mut-F) | 4 of 4 ✔
[0d/c02be5] bam…AP_BAMQC (evoC-Bap1-mut-F) | 2 of 4
[8c/7b9664] bam…TSS_BIAS (evoC-Bap1-mut-M) | 3 of 4
[-        ] bam…:DEEPTOOLS_PLOTFINGERPRINT -
[86/e5f00a] bam…D_GCBIAS (evoC-Bap1-mut-F) | 2 of 4
[ba/3f0643] bam…ACCURACY (evoC-Bap1-mut-F) | 4 of 4 ✔
[95/7670d0] var…E_CALLER (evoC-Bap1-mut-F) | 0 of 4
[-        ] var…nt_calling:SPLIT_INTERVALS -
[-        ] var…calling:GENOMICS_DB_IMPORT -
[-        ] variant_calling:GENOTYPE_GVCFS -
[-        ] var…t_calling:MERGE_JOINT_VCFS -
[-        ] variant_calling:ASM            -
[-        ] var…_calling:MERGE_ASM_OUTPUTS -
[43/89abaf] var…MUTECT2 (evoC-Bap1-ctrl-F) | 2 of 4
[88/c5ff0d] mbi…C-Bap1-ctrl-F-CHH-5-prime) | 5 of 12
[fd/d6f045] epi…ARR (evoC-Bap1-ctrl-F-CHG) | 4 of 12
[46/357921] epi…ORT (evoC-Bap1-ctrl-F_CHG) | 0 of 4
[42/aed8d4] epi…2ZARR (evoC-Bap1-mut-F-CG) | 4 of 4 ✔
[6b/e8540c] epi…XPORT (evoC-Bap1-mut-F_CG) | 4 of 4 ✔
[91/6faba2] epi…2ZARR (evoC-Bap1-mut-F-CG) | 4 of 4 ✔
[8c/b81001] epi…XPORT (evoC-Bap1-mut-F_CG) | 4 of 4 ✔
[3e/52d548] epi…voC_Bap1_run-long_ctrl-CG) | 1 of 1 ✔
[ce/a81050] summary:DQSPY (evoC_Bap1_run)  | 1 of 1 ✔
Plus 4 more processes waiting for tasks…

executor >  slurm (86)
[38/c7ea19] res…AW (evoC-Bap1-mut-F, L000) | 4 of 4 ✔
[bb/6ef43d] res…DE (evoC-Bap1-mut-F, L000) | 4 of 4 ✔
[-        ] resolve_align:FASTQC_RESOLVED  -
[35/a3ae4a] res…M2 (evoC-Bap1-mut-F, L000) | 4 of 4 ✔
[-        ] res…align:SAMTOOLS_MERGE_LANES -
[-        ] resolve_align:PRESEQ           -
[f7/1296d9] bam…t:BAMLET (evoC-Bap1-mut-F) | 4 of 4 ✔
[0d/c02be5] bam…AP_BAMQC (evoC-Bap1-mut-F) | 2 of 4
[8c/7b9664] bam…TSS_BIAS (evoC-Bap1-mut-M) | 3 of 4
[-        ] bam…:DEEPTOOLS_PLOTFINGERPRINT -
[86/e5f00a] bam…D_GCBIAS (evoC-Bap1-mut-F) | 2 of 4
[ba/3f0643] bam…ACCURACY (evoC-Bap1-mut-F) | 4 of 4 ✔
[95/7670d0] var…E_CALLER (evoC-Bap1-mut-F) | 0 of 4
[-        ] var…nt_calling:SPLIT_INTERVALS -
[-        ] var…calling:GENOMICS_DB_IMPORT -
[-        ] variant_calling:GENOTYPE_GVCFS -
[-        ] var…t_calling:MERGE_JOINT_VCFS -
[-        ] variant_calling:ASM            -
[-        ] var…_calling:MERGE_ASM_OUTPUTS -
[43/89abaf] var…MUTECT2 (evoC-Bap1-ctrl-F) | 2 of 4
[88/c5ff0d] mbi…C-Bap1-ctrl-F-CHH-5-prime) | 5 of 12
[fd/d6f045] epi…ARR (evoC-Bap1-ctrl-F-CHG) | 4 of 12
[46/357921] epi…ORT (evoC-Bap1-ctrl-F_CHG) | 0 of 4
[42/aed8d4] epi…2ZARR (evoC-Bap1-mut-F-CG) | 4 of 4 ✔
[6b/e8540c] epi…XPORT (evoC-Bap1-mut-F_CG) | 4 of 4 ✔
[91/6faba2] epi…2ZARR (evoC-Bap1-mut-F-CG) | 4 of 4 ✔
[8c/b81001] epi…XPORT (evoC-Bap1-mut-F_CG) | 4 of 4 ✔
[3e/52d548] epi…voC_Bap1_run-long_ctrl-CG) | 1 of 1 ✔
[ce/a81050] summary:DQSPY (evoC_Bap1_run)  | 1 of 1 ✔
Plus 4 more processes waiting for tasks…

executor >  slurm (86)
[38/c7ea19] res…AW (evoC-Bap1-mut-F, L000) | 4 of 4 ✔
[bb/6ef43d] res…DE (evoC-Bap1-mut-F, L000) | 4 of 4 ✔
[-        ] resolve_align:FASTQC_RESOLVED  -
[35/a3ae4a] res…M2 (evoC-Bap1-mut-F, L000) | 4 of 4 ✔
[-        ] res…align:SAMTOOLS_MERGE_LANES -
[-        ] resolve_align:PRESEQ           -
[f7/1296d9] bam…t:BAMLET (evoC-Bap1-mut-F) | 4 of 4 ✔
[0d/c02be5] bam…AP_BAMQC (evoC-Bap1-mut-F) | 2 of 4
[8c/7b9664] bam…TSS_BIAS (evoC-Bap1-mut-M) | 3 of 4
[-        ] bam…:DEEPTOOLS_PLOTFINGERPRINT -
[86/e5f00a] bam…D_GCBIAS (evoC-Bap1-mut-F) | 2 of 4
[ba/3f0643] bam…ACCURACY (evoC-Bap1-mut-F) | 4 of 4 ✔
[95/7670d0] var…E_CALLER (evoC-Bap1-mut-F) | 0 of 4
[-        ] var…nt_calling:SPLIT_INTERVALS -
[-        ] var…calling:GENOMICS_DB_IMPORT -
[-        ] variant_calling:GENOTYPE_GVCFS -
[-        ] var…t_calling:MERGE_JOINT_VCFS -
[-        ] variant_calling:ASM            -
[-        ] var…_calling:MERGE_ASM_OUTPUTS -
[43/89abaf] var…MUTECT2 (evoC-Bap1-ctrl-F) | 2 of 4
[2e/f6261a] mbi…oC-Bap1-ctrl-F-CG-5-prime) | 6 of 12
[fd/d6f045] epi…ARR (evoC-Bap1-ctrl-F-CHG) | 4 of 12
[46/357921] epi…ORT (evoC-Bap1-ctrl-F_CHG) | 0 of 4
[42/aed8d4] epi…2ZARR (evoC-Bap1-mut-F-CG) | 4 of 4 ✔
[6b/e8540c] epi…XPORT (evoC-Bap1-mut-F_CG) | 4 of 4 ✔
[91/6faba2] epi…2ZARR (evoC-Bap1-mut-F-CG) | 4 of 4 ✔
[8c/b81001] epi…XPORT (evoC-Bap1-mut-F_CG) | 4 of 4 ✔
[3e/52d548] epi…voC_Bap1_run-long_ctrl-CG) | 1 of 1 ✔
[ce/a81050] summary:DQSPY (evoC_Bap1_run)  | 1 of 1 ✔
Plus 4 more processes waiting for tasks…

executor >  slurm (86)
[38/c7ea19] res…AW (evoC-Bap1-mut-F, L000) | 4 of 4 ✔
[bb/6ef43d] res…DE (evoC-Bap1-mut-F, L000) | 4 of 4 ✔
[-        ] resolve_align:FASTQC_RESOLVED  -
[35/a3ae4a] res…M2 (evoC-Bap1-mut-F, L000) | 4 of 4 ✔
[-        ] res…align:SAMTOOLS_MERGE_LANES -
[-        ] resolve_align:PRESEQ           -
[f7/1296d9] bam…t:BAMLET (evoC-Bap1-mut-F) | 4 of 4 ✔
[0d/c02be5] bam…AP_BAMQC (evoC-Bap1-mut-F) | 2 of 4
[8c/7b9664] bam…TSS_BIAS (evoC-Bap1-mut-M) | 3 of 4
[-        ] bam…:DEEPTOOLS_PLOTFINGERPRINT -
[aa/c9c8d9] bam…D_GCBIAS (evoC-Bap1-mut-M) | 3 of 4
[ba/3f0643] bam…ACCURACY (evoC-Bap1-mut-F) | 4 of 4 ✔
[95/7670d0] var…E_CALLER (evoC-Bap1-mut-F) | 0 of 4
[-        ] var…nt_calling:SPLIT_INTERVALS -
[-        ] var…calling:GENOMICS_DB_IMPORT -
[-        ] variant_calling:GENOTYPE_GVCFS -
[-        ] var…t_calling:MERGE_JOINT_VCFS -
[-        ] variant_calling:ASM            -
[-        ] var…_calling:MERGE_ASM_OUTPUTS -
[43/89abaf] var…MUTECT2 (evoC-Bap1-ctrl-F) | 2 of 4
[2e/f6261a] mbi…oC-Bap1-ctrl-F-CG-5-prime) | 6 of 12
[fd/d6f045] epi…ARR (evoC-Bap1-ctrl-F-CHG) | 4 of 12
[46/357921] epi…ORT (evoC-Bap1-ctrl-F_CHG) | 0 of 4
[42/aed8d4] epi…2ZARR (evoC-Bap1-mut-F-CG) | 4 of 4 ✔
[6b/e8540c] epi…XPORT (evoC-Bap1-mut-F_CG) | 4 of 4 ✔
[91/6faba2] epi…2ZARR (evoC-Bap1-mut-F-CG) | 4 of 4 ✔
[8c/b81001] epi…XPORT (evoC-Bap1-mut-F_CG) | 4 of 4 ✔
[3e/52d548] epi…voC_Bap1_run-long_ctrl-CG) | 1 of 1 ✔
[ce/a81050] summary:DQSPY (evoC_Bap1_run)  | 1 of 1 ✔
Plus 4 more processes waiting for tasks…

executor >  slurm (86)
[38/c7ea19] res…AW (evoC-Bap1-mut-F, L000) | 4 of 4 ✔
[bb/6ef43d] res…DE (evoC-Bap1-mut-F, L000) | 4 of 4 ✔
[-        ] resolve_align:FASTQC_RESOLVED  -
[35/a3ae4a] res…M2 (evoC-Bap1-mut-F, L000) | 4 of 4 ✔
[-        ] res…align:SAMTOOLS_MERGE_LANES -
[-        ] resolve_align:PRESEQ           -
[f7/1296d9] bam…t:BAMLET (evoC-Bap1-mut-F) | 4 of 4 ✔
[0d/c02be5] bam…AP_BAMQC (evoC-Bap1-mut-F) | 2 of 4
[02/f16957] bam…TSS_BIAS (evoC-Bap1-mut-F) | 4 of 4 ✔
[-        ] bam…:DEEPTOOLS_PLOTFINGERPRINT -
[aa/c9c8d9] bam…D_GCBIAS (evoC-Bap1-mut-M) | 3 of 4
[ba/3f0643] bam…ACCURACY (evoC-Bap1-mut-F) | 4 of 4 ✔
[95/7670d0] var…E_CALLER (evoC-Bap1-mut-F) | 0 of 4
[-        ] var…nt_calling:SPLIT_INTERVALS -
[-        ] var…calling:GENOMICS_DB_IMPORT -
[-        ] variant_calling:GENOTYPE_GVCFS -
[-        ] var…t_calling:MERGE_JOINT_VCFS -
[-        ] variant_calling:ASM            -
[-        ] var…_calling:MERGE_ASM_OUTPUTS -
[43/89abaf] var…MUTECT2 (evoC-Bap1-ctrl-F) | 2 of 4
[2e/f6261a] mbi…oC-Bap1-ctrl-F-CG-5-prime) | 6 of 12
[fd/d6f045] epi…ARR (evoC-Bap1-ctrl-F-CHG) | 4 of 12
[46/357921] epi…ORT (evoC-Bap1-ctrl-F_CHG) | 0 of 4
[42/aed8d4] epi…2ZARR (evoC-Bap1-mut-F-CG) | 4 of 4 ✔
[6b/e8540c] epi…XPORT (evoC-Bap1-mut-F_CG) | 4 of 4 ✔
[91/6faba2] epi…2ZARR (evoC-Bap1-mut-F-CG) | 4 of 4 ✔
[8c/b81001] epi…XPORT (evoC-Bap1-mut-F_CG) | 4 of 4 ✔
[3e/52d548] epi…voC_Bap1_run-long_ctrl-CG) | 1 of 1 ✔
[ce/a81050] summary:DQSPY (evoC_Bap1_run)  | 1 of 1 ✔
Plus 4 more processes waiting for tasks…

executor >  slurm (86)
[38/c7ea19] res…AW (evoC-Bap1-mut-F, L000) | 4 of 4 ✔
[bb/6ef43d] res…DE (evoC-Bap1-mut-F, L000) | 4 of 4 ✔
[-        ] resolve_align:FASTQC_RESOLVED  -
[35/a3ae4a] res…M2 (evoC-Bap1-mut-F, L000) | 4 of 4 ✔
[-        ] res…align:SAMTOOLS_MERGE_LANES -
[-        ] resolve_align:PRESEQ           -
[f7/1296d9] bam…t:BAMLET (evoC-Bap1-mut-F) | 4 of 4 ✔
[0d/c02be5] bam…AP_BAMQC (evoC-Bap1-mut-F) | 2 of 4
[02/f16957] bam…TSS_BIAS (evoC-Bap1-mut-F) | 4 of 4 ✔
[-        ] bam…:DEEPTOOLS_PLOTFINGERPRINT -
[aa/c9c8d9] bam…D_GCBIAS (evoC-Bap1-mut-M) | 3 of 4
[ba/3f0643] bam…ACCURACY (evoC-Bap1-mut-F) | 4 of 4 ✔
[95/7670d0] var…E_CALLER (evoC-Bap1-mut-F) | 0 of 4
[-        ] var…nt_calling:SPLIT_INTERVALS -
[-        ] var…calling:GENOMICS_DB_IMPORT -
[-        ] variant_calling:GENOTYPE_GVCFS -
[-        ] var…t_calling:MERGE_JOINT_VCFS -
[-        ] variant_calling:ASM            -
[-        ] var…_calling:MERGE_ASM_OUTPUTS -
[43/89abaf] var…MUTECT2 (evoC-Bap1-ctrl-F) | 2 of 4
[e6/3c35e6] mbi…oC-Bap1-mut-M-CHG-5-prime) | 7 of 12
[fd/d6f045] epi…ARR (evoC-Bap1-ctrl-F-CHG) | 4 of 12
[46/357921] epi…ORT (evoC-Bap1-ctrl-F_CHG) | 0 of 4
[42/aed8d4] epi…2ZARR (evoC-Bap1-mut-F-CG) | 4 of 4 ✔
[6b/e8540c] epi…XPORT (evoC-Bap1-mut-F_CG) | 4 of 4 ✔
[91/6faba2] epi…2ZARR (evoC-Bap1-mut-F-CG) | 4 of 4 ✔
[8c/b81001] epi…XPORT (evoC-Bap1-mut-F_CG) | 4 of 4 ✔
[3e/52d548] epi…voC_Bap1_run-long_ctrl-CG) | 1 of 1 ✔
[ce/a81050] summary:DQSPY (evoC_Bap1_run)  | 1 of 1 ✔
Plus 4 more processes waiting for tasks…

executor >  slurm (86)
[38/c7ea19] res…AW (evoC-Bap1-mut-F, L000) | 4 of 4 ✔
[bb/6ef43d] res…DE (evoC-Bap1-mut-F, L000) | 4 of 4 ✔
[-        ] resolve_align:FASTQC_RESOLVED  -
[35/a3ae4a] res…M2 (evoC-Bap1-mut-F, L000) | 4 of 4 ✔
[-        ] res…align:SAMTOOLS_MERGE_LANES -
[-        ] resolve_align:PRESEQ           -
[f7/1296d9] bam…t:BAMLET (evoC-Bap1-mut-F) | 4 of 4 ✔
[0f/7f580c] bam…AP_BAMQC (evoC-Bap1-mut-M) | 3 of 4
[02/f16957] bam…TSS_BIAS (evoC-Bap1-mut-F) | 4 of 4 ✔
[-        ] bam…:DEEPTOOLS_PLOTFINGERPRINT -
[aa/c9c8d9] bam…D_GCBIAS (evoC-Bap1-mut-M) | 3 of 4
[ba/3f0643] bam…ACCURACY (evoC-Bap1-mut-F) | 4 of 4 ✔
[95/7670d0] var…E_CALLER (evoC-Bap1-mut-F) | 0 of 4
[-        ] var…nt_calling:SPLIT_INTERVALS -
[-        ] var…calling:GENOMICS_DB_IMPORT -
[-        ] variant_calling:GENOTYPE_GVCFS -
[-        ] var…t_calling:MERGE_JOINT_VCFS -
[-        ] variant_calling:ASM            -
[-        ] var…_calling:MERGE_ASM_OUTPUTS -
[43/89abaf] var…MUTECT2 (evoC-Bap1-ctrl-F) | 2 of 4
[e6/3c35e6] mbi…oC-Bap1-mut-M-CHG-5-prime) | 7 of 12
[fd/d6f045] epi…ARR (evoC-Bap1-ctrl-F-CHG) | 4 of 12
[46/357921] epi…ORT (evoC-Bap1-ctrl-F_CHG) | 0 of 4
[42/aed8d4] epi…2ZARR (evoC-Bap1-mut-F-CG) | 4 of 4 ✔
[6b/e8540c] epi…XPORT (evoC-Bap1-mut-F_CG) | 4 of 4 ✔
[91/6faba2] epi…2ZARR (evoC-Bap1-mut-F-CG) | 4 of 4 ✔
[8c/b81001] epi…XPORT (evoC-Bap1-mut-F_CG) | 4 of 4 ✔
[3e/52d548] epi…voC_Bap1_run-long_ctrl-CG) | 1 of 1 ✔
[ce/a81050] summary:DQSPY (evoC_Bap1_run)  | 1 of 1 ✔
Plus 4 more processes waiting for tasks…

executor >  slurm (86)
[38/c7ea19] res…AW (evoC-Bap1-mut-F, L000) | 4 of 4 ✔
[bb/6ef43d] res…DE (evoC-Bap1-mut-F, L000) | 4 of 4 ✔
[-        ] resolve_align:FASTQC_RESOLVED  -
[35/a3ae4a] res…M2 (evoC-Bap1-mut-F, L000) | 4 of 4 ✔
[-        ] res…align:SAMTOOLS_MERGE_LANES -
[-        ] resolve_align:PRESEQ           -
[f7/1296d9] bam…t:BAMLET (evoC-Bap1-mut-F) | 4 of 4 ✔
[0f/7f580c] bam…AP_BAMQC (evoC-Bap1-mut-M) | 3 of 4
[02/f16957] bam…TSS_BIAS (evoC-Bap1-mut-F) | 4 of 4 ✔
[-        ] bam…:DEEPTOOLS_PLOTFINGERPRINT -
[aa/c9c8d9] bam…D_GCBIAS (evoC-Bap1-mut-M) | 3 of 4
[ba/3f0643] bam…ACCURACY (evoC-Bap1-mut-F) | 4 of 4 ✔
[95/7670d0] var…E_CALLER (evoC-Bap1-mut-F) | 0 of 4
[-        ] var…nt_calling:SPLIT_INTERVALS -
[-        ] var…calling:GENOMICS_DB_IMPORT -
[-        ] variant_calling:GENOTYPE_GVCFS -
[-        ] var…t_calling:MERGE_JOINT_VCFS -
[-        ] variant_calling:ASM            -
[-        ] var…_calling:MERGE_ASM_OUTPUTS -
[43/89abaf] var…MUTECT2 (evoC-Bap1-ctrl-F) | 2 of 4
[e6/3c35e6] mbi…oC-Bap1-mut-M-CHG-5-prime) | 7 of 12
[dc/35fc8e] epi…2ZARR (evoC-Bap1-mut-M-CG) | 5 of 12
[46/357921] epi…ORT (evoC-Bap1-ctrl-F_CHG) | 0 of 5
[42/aed8d4] epi…2ZARR (evoC-Bap1-mut-F-CG) | 4 of 4 ✔
[6b/e8540c] epi…XPORT (evoC-Bap1-mut-F_CG) | 4 of 4 ✔
[91/6faba2] epi…2ZARR (evoC-Bap1-mut-F-CG) | 4 of 4 ✔
[8c/b81001] epi…XPORT (evoC-Bap1-mut-F_CG) | 4 of 4 ✔
[3e/52d548] epi…voC_Bap1_run-long_ctrl-CG) | 1 of 1 ✔
[ce/a81050] summary:DQSPY (evoC_Bap1_run)  | 1 of 1 ✔
Plus 4 more processes waiting for tasks…

executor >  slurm (87)
[38/c7ea19] res…AW (evoC-Bap1-mut-F, L000) | 4 of 4 ✔
[bb/6ef43d] res…DE (evoC-Bap1-mut-F, L000) | 4 of 4 ✔
[-        ] resolve_align:FASTQC_RESOLVED  -
[35/a3ae4a] res…M2 (evoC-Bap1-mut-F, L000) | 4 of 4 ✔
[-        ] res…align:SAMTOOLS_MERGE_LANES -
[-        ] resolve_align:PRESEQ           -
[f7/1296d9] bam…t:BAMLET (evoC-Bap1-mut-F) | 4 of 4 ✔
[0f/7f580c] bam…AP_BAMQC (evoC-Bap1-mut-M) | 3 of 4
[02/f16957] bam…TSS_BIAS (evoC-Bap1-mut-F) | 4 of 4 ✔
[-        ] bam…:DEEPTOOLS_PLOTFINGERPRINT -
[aa/c9c8d9] bam…D_GCBIAS (evoC-Bap1-mut-M) | 3 of 4
[ba/3f0643] bam…ACCURACY (evoC-Bap1-mut-F) | 4 of 4 ✔
[95/7670d0] var…E_CALLER (evoC-Bap1-mut-F) | 0 of 4
[-        ] var…nt_calling:SPLIT_INTERVALS -
[-        ] var…calling:GENOMICS_DB_IMPORT -
[-        ] variant_calling:GENOTYPE_GVCFS -
[-        ] var…t_calling:MERGE_JOINT_VCFS -
[-        ] variant_calling:ASM            -
[-        ] var…_calling:MERGE_ASM_OUTPUTS -
[43/89abaf] var…MUTECT2 (evoC-Bap1-ctrl-F) | 2 of 4
[e6/3c35e6] mbi…oC-Bap1-mut-M-CHG-5-prime) | 7 of 12
[dc/35fc8e] epi…2ZARR (evoC-Bap1-mut-M-CG) | 5 of 12
[d8/c2edd6] epi…XPORT (evoC-Bap1-mut-M_CG) | 0 of 5
[42/aed8d4] epi…2ZARR (evoC-Bap1-mut-F-CG) | 4 of 4 ✔
[6b/e8540c] epi…XPORT (evoC-Bap1-mut-F_CG) | 4 of 4 ✔
[91/6faba2] epi…2ZARR (evoC-Bap1-mut-F-CG) | 4 of 4 ✔
[8c/b81001] epi…XPORT (evoC-Bap1-mut-F_CG) | 4 of 4 ✔
[3e/52d548] epi…voC_Bap1_run-long_ctrl-CG) | 1 of 1 ✔
[ce/a81050] summary:DQSPY (evoC_Bap1_run)  | 1 of 1 ✔
Plus 4 more processes waiting for tasks…

executor >  slurm (87)
[38/c7ea19] res…AW (evoC-Bap1-mut-F, L000) | 4 of 4 ✔
[bb/6ef43d] res…DE (evoC-Bap1-mut-F, L000) | 4 of 4 ✔
[-        ] resolve_align:FASTQC_RESOLVED  -
[35/a3ae4a] res…M2 (evoC-Bap1-mut-F, L000) | 4 of 4 ✔
[-        ] res…align:SAMTOOLS_MERGE_LANES -
[-        ] resolve_align:PRESEQ           -
[f7/1296d9] bam…t:BAMLET (evoC-Bap1-mut-F) | 4 of 4 ✔
[0f/7f580c] bam…AP_BAMQC (evoC-Bap1-mut-M) | 3 of 4
[02/f16957] bam…TSS_BIAS (evoC-Bap1-mut-F) | 4 of 4 ✔
[-        ] bam…:DEEPTOOLS_PLOTFINGERPRINT -
[aa/c9c8d9] bam…D_GCBIAS (evoC-Bap1-mut-M) | 3 of 4
[ba/3f0643] bam…ACCURACY (evoC-Bap1-mut-F) | 4 of 4 ✔
[95/7670d0] var…E_CALLER (evoC-Bap1-mut-F) | 0 of 4
[-        ] var…nt_calling:SPLIT_INTERVALS -
[-        ] var…calling:GENOMICS_DB_IMPORT -
[-        ] variant_calling:GENOTYPE_GVCFS -
[-        ] var…t_calling:MERGE_JOINT_VCFS -
[-        ] variant_calling:ASM            -
[-        ] var…_calling:MERGE_ASM_OUTPUTS -
[43/89abaf] var…MUTECT2 (evoC-Bap1-ctrl-F) | 2 of 4
[e6/3c35e6] mbi…oC-Bap1-mut-M-CHG-5-prime) | 7 of 12
[dc/35fc8e] epi…2ZARR (evoC-Bap1-mut-M-CG) | 5 of 12
[d8/c2edd6] epi…XPORT (evoC-Bap1-mut-M_CG) | 0 of 5
[42/aed8d4] epi…2ZARR (evoC-Bap1-mut-F-CG) | 4 of 4 ✔
[6b/e8540c] epi…XPORT (evoC-Bap1-mut-F_CG) | 4 of 4 ✔
[91/6faba2] epi…2ZARR (evoC-Bap1-mut-F-CG) | 4 of 4 ✔
[8c/b81001] epi…XPORT (evoC-Bap1-mut-F_CG) | 4 of 4 ✔
[3e/52d548] epi…voC_Bap1_run-long_ctrl-CG) | 1 of 1 ✔
[ce/a81050] summary:DQSPY (evoC_Bap1_run)  | 1 of 1 ✔
Plus 4 more processes waiting for tasks…

executor >  slurm (87)
[38/c7ea19] res…AW (evoC-Bap1-mut-F, L000) | 4 of 4 ✔
[bb/6ef43d] res…DE (evoC-Bap1-mut-F, L000) | 4 of 4 ✔
[-        ] resolve_align:FASTQC_RESOLVED  -
[35/a3ae4a] res…M2 (evoC-Bap1-mut-F, L000) | 4 of 4 ✔
[-        ] res…align:SAMTOOLS_MERGE_LANES -
[-        ] resolve_align:PRESEQ           -
[f7/1296d9] bam…t:BAMLET (evoC-Bap1-mut-F) | 4 of 4 ✔
[0f/7f580c] bam…AP_BAMQC (evoC-Bap1-mut-M) | 3 of 4
[02/f16957] bam…TSS_BIAS (evoC-Bap1-mut-F) | 4 of 4 ✔
[-        ] bam…:DEEPTOOLS_PLOTFINGERPRINT -
[86/e5f00a] bam…D_GCBIAS (evoC-Bap1-mut-F) | 4 of 4 ✔
[ba/3f0643] bam…ACCURACY (evoC-Bap1-mut-F) | 4 of 4 ✔
[95/7670d0] var…E_CALLER (evoC-Bap1-mut-F) | 0 of 4
[-        ] var…nt_calling:SPLIT_INTERVALS -
[-        ] var…calling:GENOMICS_DB_IMPORT -
[-        ] variant_calling:GENOTYPE_GVCFS -
[-        ] var…t_calling:MERGE_JOINT_VCFS -
[-        ] variant_calling:ASM            -
[-        ] var…_calling:MERGE_ASM_OUTPUTS -
[43/89abaf] var…MUTECT2 (evoC-Bap1-ctrl-F) | 2 of 4
[e6/3c35e6] mbi…oC-Bap1-mut-M-CHG-5-prime) | 7 of 12
[dc/35fc8e] epi…2ZARR (evoC-Bap1-mut-M-CG) | 5 of 12
[d8/c2edd6] epi…XPORT (evoC-Bap1-mut-M_CG) | 0 of 5
[42/aed8d4] epi…2ZARR (evoC-Bap1-mut-F-CG) | 4 of 4 ✔
[6b/e8540c] epi…XPORT (evoC-Bap1-mut-F_CG) | 4 of 4 ✔
[91/6faba2] epi…2ZARR (evoC-Bap1-mut-F-CG) | 4 of 4 ✔
[8c/b81001] epi…XPORT (evoC-Bap1-mut-F_CG) | 4 of 4 ✔
[3e/52d548] epi…voC_Bap1_run-long_ctrl-CG) | 1 of 1 ✔
[ce/a81050] summary:DQSPY (evoC_Bap1_run)  | 1 of 1 ✔
Plus 4 more processes waiting for tasks…

executor >  slurm (87)
[38/c7ea19] res…AW (evoC-Bap1-mut-F, L000) | 4 of 4 ✔
[bb/6ef43d] res…DE (evoC-Bap1-mut-F, L000) | 4 of 4 ✔
[-        ] resolve_align:FASTQC_RESOLVED  -
[35/a3ae4a] res…M2 (evoC-Bap1-mut-F, L000) | 4 of 4 ✔
[-        ] res…align:SAMTOOLS_MERGE_LANES -
[-        ] resolve_align:PRESEQ           -
[f7/1296d9] bam…t:BAMLET (evoC-Bap1-mut-F) | 4 of 4 ✔
[0f/7f580c] bam…AP_BAMQC (evoC-Bap1-mut-M) | 3 of 4
[02/f16957] bam…TSS_BIAS (evoC-Bap1-mut-F) | 4 of 4 ✔
[-        ] bam…:DEEPTOOLS_PLOTFINGERPRINT -
[86/e5f00a] bam…D_GCBIAS (evoC-Bap1-mut-F) | 4 of 4 ✔
[ba/3f0643] bam…ACCURACY (evoC-Bap1-mut-F) | 4 of 4 ✔
[95/7670d0] var…E_CALLER (evoC-Bap1-mut-F) | 0 of 4
[-        ] var…nt_calling:SPLIT_INTERVALS -
[-        ] var…calling:GENOMICS_DB_IMPORT -
[-        ] variant_calling:GENOTYPE_GVCFS -
[-        ] var…t_calling:MERGE_JOINT_VCFS -
[-        ] variant_calling:ASM            -
[-        ] var…_calling:MERGE_ASM_OUTPUTS -
[43/89abaf] var…MUTECT2 (evoC-Bap1-ctrl-F) | 2 of 4
[20/f556e7] mbi…oC-Bap1-mut-M-CHH-5-prime) | 8 of 12
[dc/35fc8e] epi…2ZARR (evoC-Bap1-mut-M-CG) | 5 of 12
[d8/c2edd6] epi…XPORT (evoC-Bap1-mut-M_CG) | 0 of 5
[42/aed8d4] epi…2ZARR (evoC-Bap1-mut-F-CG) | 4 of 4 ✔
[6b/e8540c] epi…XPORT (evoC-Bap1-mut-F_CG) | 4 of 4 ✔
[91/6faba2] epi…2ZARR (evoC-Bap1-mut-F-CG) | 4 of 4 ✔
[8c/b81001] epi…XPORT (evoC-Bap1-mut-F_CG) | 4 of 4 ✔
[3e/52d548] epi…voC_Bap1_run-long_ctrl-CG) | 1 of 1 ✔
[ce/a81050] summary:DQSPY (evoC_Bap1_run)  | 1 of 1 ✔
Plus 4 more processes waiting for tasks…

executor >  slurm (87)
[38/c7ea19] res…AW (evoC-Bap1-mut-F, L000) | 4 of 4 ✔
[bb/6ef43d] res…DE (evoC-Bap1-mut-F, L000) | 4 of 4 ✔
[-        ] resolve_align:FASTQC_RESOLVED  -
[35/a3ae4a] res…M2 (evoC-Bap1-mut-F, L000) | 4 of 4 ✔
[-        ] res…align:SAMTOOLS_MERGE_LANES -
[-        ] resolve_align:PRESEQ           -
[f7/1296d9] bam…t:BAMLET (evoC-Bap1-mut-F) | 4 of 4 ✔
[0d/c02be5] bam…AP_BAMQC (evoC-Bap1-mut-F) | 4 of 4 ✔
[02/f16957] bam…TSS_BIAS (evoC-Bap1-mut-F) | 4 of 4 ✔
[-        ] bam…:DEEPTOOLS_PLOTFINGERPRINT -
[86/e5f00a] bam…D_GCBIAS (evoC-Bap1-mut-F) | 4 of 4 ✔
[ba/3f0643] bam…ACCURACY (evoC-Bap1-mut-F) | 4 of 4 ✔
[95/7670d0] var…E_CALLER (evoC-Bap1-mut-F) | 0 of 4
[-        ] var…nt_calling:SPLIT_INTERVALS -
[-        ] var…calling:GENOMICS_DB_IMPORT -
[-        ] variant_calling:GENOTYPE_GVCFS -
[-        ] var…t_calling:MERGE_JOINT_VCFS -
[-        ] variant_calling:ASM            -
[-        ] var…_calling:MERGE_ASM_OUTPUTS -
[43/89abaf] var…MUTECT2 (evoC-Bap1-ctrl-F) | 2 of 4
[20/f556e7] mbi…oC-Bap1-mut-M-CHH-5-prime) | 8 of 12
[dc/35fc8e] epi…2ZARR (evoC-Bap1-mut-M-CG) | 5 of 12
[d8/c2edd6] epi…XPORT (evoC-Bap1-mut-M_CG) | 0 of 5
[42/aed8d4] epi…2ZARR (evoC-Bap1-mut-F-CG) | 4 of 4 ✔
[6b/e8540c] epi…XPORT (evoC-Bap1-mut-F_CG) | 4 of 4 ✔
[91/6faba2] epi…2ZARR (evoC-Bap1-mut-F-CG) | 4 of 4 ✔
[8c/b81001] epi…XPORT (evoC-Bap1-mut-F_CG) | 4 of 4 ✔
[3e/52d548] epi…voC_Bap1_run-long_ctrl-CG) | 1 of 1 ✔
[ce/a81050] summary:DQSPY (evoC_Bap1_run)  | 1 of 1 ✔
Plus 4 more processes waiting for tasks…

executor >  slurm (87)
[38/c7ea19] res…AW (evoC-Bap1-mut-F, L000) | 4 of 4 ✔
[bb/6ef43d] res…DE (evoC-Bap1-mut-F, L000) | 4 of 4 ✔
[-        ] resolve_align:FASTQC_RESOLVED  -
[35/a3ae4a] res…M2 (evoC-Bap1-mut-F, L000) | 4 of 4 ✔
[-        ] res…align:SAMTOOLS_MERGE_LANES -
[-        ] resolve_align:PRESEQ           -
[f7/1296d9] bam…t:BAMLET (evoC-Bap1-mut-F) | 4 of 4 ✔
[0d/c02be5] bam…AP_BAMQC (evoC-Bap1-mut-F) | 4 of 4 ✔
[02/f16957] bam…TSS_BIAS (evoC-Bap1-mut-F) | 4 of 4 ✔
[-        ] bam…:DEEPTOOLS_PLOTFINGERPRINT -
[86/e5f00a] bam…D_GCBIAS (evoC-Bap1-mut-F) | 4 of 4 ✔
[ba/3f0643] bam…ACCURACY (evoC-Bap1-mut-F) | 4 of 4 ✔
[95/7670d0] var…E_CALLER (evoC-Bap1-mut-F) | 0 of 4
[-        ] var…nt_calling:SPLIT_INTERVALS -
[-        ] var…calling:GENOMICS_DB_IMPORT -
[-        ] variant_calling:GENOTYPE_GVCFS -
[-        ] var…t_calling:MERGE_JOINT_VCFS -
[-        ] variant_calling:ASM            -
[-        ] var…_calling:MERGE_ASM_OUTPUTS -
[43/89abaf] var…MUTECT2 (evoC-Bap1-ctrl-F) | 2 of 4
[0b/5e8aa0] mbi…oC-Bap1-mut-F-CHG-5-prime) | 9 of 12
[dc/35fc8e] epi…2ZARR (evoC-Bap1-mut-M-CG) | 5 of 12
[d8/c2edd6] epi…XPORT (evoC-Bap1-mut-M_CG) | 0 of 5
[42/aed8d4] epi…2ZARR (evoC-Bap1-mut-F-CG) | 4 of 4 ✔
[6b/e8540c] epi…XPORT (evoC-Bap1-mut-F_CG) | 4 of 4 ✔
[91/6faba2] epi…2ZARR (evoC-Bap1-mut-F-CG) | 4 of 4 ✔
[8c/b81001] epi…XPORT (evoC-Bap1-mut-F_CG) | 4 of 4 ✔
[3e/52d548] epi…voC_Bap1_run-long_ctrl-CG) | 1 of 1 ✔
[ce/a81050] summary:DQSPY (evoC_Bap1_run)  | 1 of 1 ✔
Plus 4 more processes waiting for tasks…

executor >  slurm (88)
[38/c7ea19] res…AW (evoC-Bap1-mut-F, L000) | 4 of 4 ✔
[bb/6ef43d] res…DE (evoC-Bap1-mut-F, L000) | 4 of 4 ✔
[-        ] resolve_align:FASTQC_RESOLVED  -
[35/a3ae4a] res…M2 (evoC-Bap1-mut-F, L000) | 4 of 4 ✔
[-        ] res…align:SAMTOOLS_MERGE_LANES -
[-        ] resolve_align:PRESEQ           -
[f7/1296d9] bam…t:BAMLET (evoC-Bap1-mut-F) | 4 of 4 ✔
[0d/c02be5] bam…AP_BAMQC (evoC-Bap1-mut-F) | 4 of 4 ✔
[02/f16957] bam…TSS_BIAS (evoC-Bap1-mut-F) | 4 of 4 ✔
[-        ] bam…:DEEPTOOLS_PLOTFINGERPRINT -
[86/e5f00a] bam…D_GCBIAS (evoC-Bap1-mut-F) | 4 of 4 ✔
[ba/3f0643] bam…ACCURACY (evoC-Bap1-mut-F) | 4 of 4 ✔
[95/7670d0] var…E_CALLER (evoC-Bap1-mut-F) | 0 of 4
[-        ] var…nt_calling:SPLIT_INTERVALS -
[-        ] var…calling:GENOMICS_DB_IMPORT -
[-        ] variant_calling:GENOTYPE_GVCFS -
[-        ] var…t_calling:MERGE_JOINT_VCFS -
[-        ] variant_calling:ASM            -
[-        ] var…_calling:MERGE_ASM_OUTPUTS -
[43/89abaf] var…MUTECT2 (evoC-Bap1-ctrl-F) | 2 of 4
[0b/5e8aa0] mbi…oC-Bap1-mut-F-CHG-5-prime) | 9 of 12
[aa/d8f544] epi…2ZARR (evoC-Bap1-mut-F-CG) | 6 of 12
[de/7d3a1f] epi…XPORT (evoC-Bap1-mut-F_CG) | 0 of 6
[42/aed8d4] epi…2ZARR (evoC-Bap1-mut-F-CG) | 4 of 4 ✔
[6b/e8540c] epi…XPORT (evoC-Bap1-mut-F_CG) | 4 of 4 ✔
[91/6faba2] epi…2ZARR (evoC-Bap1-mut-F-CG) | 4 of 4 ✔
[8c/b81001] epi…XPORT (evoC-Bap1-mut-F_CG) | 4 of 4 ✔
[3e/52d548] epi…voC_Bap1_run-long_ctrl-CG) | 1 of 1 ✔
[ce/a81050] summary:DQSPY (evoC_Bap1_run)  | 1 of 1 ✔
Plus 4 more processes waiting for tasks…

executor >  slurm (88)
[38/c7ea19] res…AW (evoC-Bap1-mut-F, L000) | 4 of 4 ✔
[bb/6ef43d] res…DE (evoC-Bap1-mut-F, L000) | 4 of 4 ✔
[-        ] resolve_align:FASTQC_RESOLVED  -
[35/a3ae4a] res…M2 (evoC-Bap1-mut-F, L000) | 4 of 4 ✔
[-        ] res…align:SAMTOOLS_MERGE_LANES -
[-        ] resolve_align:PRESEQ           -
[f7/1296d9] bam…t:BAMLET (evoC-Bap1-mut-F) | 4 of 4 ✔
[0d/c02be5] bam…AP_BAMQC (evoC-Bap1-mut-F) | 4 of 4 ✔
[02/f16957] bam…TSS_BIAS (evoC-Bap1-mut-F) | 4 of 4 ✔
[-        ] bam…:DEEPTOOLS_PLOTFINGERPRINT -
[86/e5f00a] bam…D_GCBIAS (evoC-Bap1-mut-F) | 4 of 4 ✔
[ba/3f0643] bam…ACCURACY (evoC-Bap1-mut-F) | 4 of 4 ✔
[95/7670d0] var…E_CALLER (evoC-Bap1-mut-F) | 0 of 4
[-        ] var…nt_calling:SPLIT_INTERVALS -
[-        ] var…calling:GENOMICS_DB_IMPORT -
[-        ] variant_calling:GENOTYPE_GVCFS -
[-        ] var…t_calling:MERGE_JOINT_VCFS -
[-        ] variant_calling:ASM            -
[-        ] var…_calling:MERGE_ASM_OUTPUTS -
[43/89abaf] var…MUTECT2 (evoC-Bap1-ctrl-F) | 2 of 4
[0b/5e8aa0] mbi…oC-Bap1-mut-F-CHG-5-prime) | 9 of 12
[aa/d8f544] epi…2ZARR (evoC-Bap1-mut-F-CG) | 6 of 12
[de/7d3a1f] epi…XPORT (evoC-Bap1-mut-F_CG) | 0 of 6
[42/aed8d4] epi…2ZARR (evoC-Bap1-mut-F-CG) | 4 of 4 ✔
[6b/e8540c] epi…XPORT (evoC-Bap1-mut-F_CG) | 4 of 4 ✔
[91/6faba2] epi…2ZARR (evoC-Bap1-mut-F-CG) | 4 of 4 ✔
[8c/b81001] epi…XPORT (evoC-Bap1-mut-F_CG) | 4 of 4 ✔
[3e/52d548] epi…voC_Bap1_run-long_ctrl-CG) | 1 of 1 ✔
[ce/a81050] summary:DQSPY (evoC_Bap1_run)  | 1 of 1 ✔
Plus 4 more processes waiting for tasks…

executor >  slurm (88)
[38/c7ea19] res…AW (evoC-Bap1-mut-F, L000) | 4 of 4 ✔
[bb/6ef43d] res…DE (evoC-Bap1-mut-F, L000) | 4 of 4 ✔
[-        ] resolve_align:FASTQC_RESOLVED  -
[35/a3ae4a] res…M2 (evoC-Bap1-mut-F, L000) | 4 of 4 ✔
[-        ] res…align:SAMTOOLS_MERGE_LANES -
[-        ] resolve_align:PRESEQ           -
[f7/1296d9] bam…t:BAMLET (evoC-Bap1-mut-F) | 4 of 4 ✔
[0d/c02be5] bam…AP_BAMQC (evoC-Bap1-mut-F) | 4 of 4 ✔
[02/f16957] bam…TSS_BIAS (evoC-Bap1-mut-F) | 4 of 4 ✔
[-        ] bam…:DEEPTOOLS_PLOTFINGERPRINT -
[86/e5f00a] bam…D_GCBIAS (evoC-Bap1-mut-F) | 4 of 4 ✔
[ba/3f0643] bam…ACCURACY (evoC-Bap1-mut-F) | 4 of 4 ✔
[95/7670d0] var…E_CALLER (evoC-Bap1-mut-F) | 0 of 4
[-        ] var…nt_calling:SPLIT_INTERVALS -
[-        ] var…calling:GENOMICS_DB_IMPORT -
[-        ] variant_calling:GENOTYPE_GVCFS -
[-        ] var…t_calling:MERGE_JOINT_VCFS -
[-        ] variant_calling:ASM            -
[-        ] var…_calling:MERGE_ASM_OUTPUTS -
[eb/8df6f7] var…:MUTECT2 (evoC-Bap1-mut-M) | 3 of 4
[0b/5e8aa0] mbi…oC-Bap1-mut-F-CHG-5-prime) | 9 of 12
[aa/d8f544] epi…2ZARR (evoC-Bap1-mut-F-CG) | 6 of 12
[de/7d3a1f] epi…XPORT (evoC-Bap1-mut-F_CG) | 0 of 6
[42/aed8d4] epi…2ZARR (evoC-Bap1-mut-F-CG) | 4 of 4 ✔
[6b/e8540c] epi…XPORT (evoC-Bap1-mut-F_CG) | 4 of 4 ✔
[91/6faba2] epi…2ZARR (evoC-Bap1-mut-F-CG) | 4 of 4 ✔
[8c/b81001] epi…XPORT (evoC-Bap1-mut-F_CG) | 4 of 4 ✔
[3e/52d548] epi…voC_Bap1_run-long_ctrl-CG) | 1 of 1 ✔
[ce/a81050] summary:DQSPY (evoC_Bap1_run)  | 1 of 1 ✔
Plus 4 more processes waiting for tasks…

executor >  slurm (88)
[38/c7ea19] res…AW (evoC-Bap1-mut-F, L000) | 4 of 4 ✔
[bb/6ef43d] res…DE (evoC-Bap1-mut-F, L000) | 4 of 4 ✔
[-        ] resolve_align:FASTQC_RESOLVED  -
[35/a3ae4a] res…M2 (evoC-Bap1-mut-F, L000) | 4 of 4 ✔
[-        ] res…align:SAMTOOLS_MERGE_LANES -
[-        ] resolve_align:PRESEQ           -
[f7/1296d9] bam…t:BAMLET (evoC-Bap1-mut-F) | 4 of 4 ✔
[0d/c02be5] bam…AP_BAMQC (evoC-Bap1-mut-F) | 4 of 4 ✔
[02/f16957] bam…TSS_BIAS (evoC-Bap1-mut-F) | 4 of 4 ✔
[-        ] bam…:DEEPTOOLS_PLOTFINGERPRINT -
[86/e5f00a] bam…D_GCBIAS (evoC-Bap1-mut-F) | 4 of 4 ✔
[ba/3f0643] bam…ACCURACY (evoC-Bap1-mut-F) | 4 of 4 ✔
[95/7670d0] var…E_CALLER (evoC-Bap1-mut-F) | 0 of 4
[-        ] var…nt_calling:SPLIT_INTERVALS -
[-        ] var…calling:GENOMICS_DB_IMPORT -
[-        ] variant_calling:GENOTYPE_GVCFS -
[-        ] var…t_calling:MERGE_JOINT_VCFS -
[-        ] variant_calling:ASM            -
[-        ] var…_calling:MERGE_ASM_OUTPUTS -
[eb/8df6f7] var…:MUTECT2 (evoC-Bap1-mut-M) | 3 of 4
[c2/a00d8f] mbi…voC-Bap1-mut-M-CG-5-prime) | 10 of 12
[aa/d8f544] epi…2ZARR (evoC-Bap1-mut-F-CG) | 6 of 12
[de/7d3a1f] epi…XPORT (evoC-Bap1-mut-F_CG) | 0 of 6
[42/aed8d4] epi…2ZARR (evoC-Bap1-mut-F-CG) | 4 of 4 ✔
[6b/e8540c] epi…XPORT (evoC-Bap1-mut-F_CG) | 4 of 4 ✔
[91/6faba2] epi…2ZARR (evoC-Bap1-mut-F-CG) | 4 of 4 ✔
[8c/b81001] epi…XPORT (evoC-Bap1-mut-F_CG) | 4 of 4 ✔
[3e/52d548] epi…voC_Bap1_run-long_ctrl-CG) | 1 of 1 ✔
[ce/a81050] summary:DQSPY (evoC_Bap1_run)  | 1 of 1 ✔
Plus 4 more processes waiting for tasks…

executor >  slurm (88)
[38/c7ea19] res…AW (evoC-Bap1-mut-F, L000) | 4 of 4 ✔
[bb/6ef43d] res…DE (evoC-Bap1-mut-F, L000) | 4 of 4 ✔
[-        ] resolve_align:FASTQC_RESOLVED  -
[35/a3ae4a] res…M2 (evoC-Bap1-mut-F, L000) | 4 of 4 ✔
[-        ] res…align:SAMTOOLS_MERGE_LANES -
[-        ] resolve_align:PRESEQ           -
[f7/1296d9] bam…t:BAMLET (evoC-Bap1-mut-F) | 4 of 4 ✔
[0d/c02be5] bam…AP_BAMQC (evoC-Bap1-mut-F) | 4 of 4 ✔
[02/f16957] bam…TSS_BIAS (evoC-Bap1-mut-F) | 4 of 4 ✔
[-        ] bam…:DEEPTOOLS_PLOTFINGERPRINT -
[86/e5f00a] bam…D_GCBIAS (evoC-Bap1-mut-F) | 4 of 4 ✔
[ba/3f0643] bam…ACCURACY (evoC-Bap1-mut-F) | 4 of 4 ✔
[95/7670d0] var…E_CALLER (evoC-Bap1-mut-F) | 0 of 4
[-        ] var…nt_calling:SPLIT_INTERVALS -
[-        ] var…calling:GENOMICS_DB_IMPORT -
[-        ] variant_calling:GENOTYPE_GVCFS -
[-        ] var…t_calling:MERGE_JOINT_VCFS -
[-        ] variant_calling:ASM            -
[-        ] var…_calling:MERGE_ASM_OUTPUTS -
[eb/8df6f7] var…:MUTECT2 (evoC-Bap1-mut-M) | 3 of 4
[c2/a00d8f] mbi…voC-Bap1-mut-M-CG-5-prime) | 10 of 12
[5b/04e6fd] epi…ZARR (evoC-Bap1-mut-M-CHG) | 7 of 12
[de/7d3a1f] epi…XPORT (evoC-Bap1-mut-F_CG) | 0 of 7
[42/aed8d4] epi…2ZARR (evoC-Bap1-mut-F-CG) | 4 of 4 ✔
[6b/e8540c] epi…XPORT (evoC-Bap1-mut-F_CG) | 4 of 4 ✔
[91/6faba2] epi…2ZARR (evoC-Bap1-mut-F-CG) | 4 of 4 ✔
[8c/b81001] epi…XPORT (evoC-Bap1-mut-F_CG) | 4 of 4 ✔
[3e/52d548] epi…voC_Bap1_run-long_ctrl-CG) | 1 of 1 ✔
[ce/a81050] summary:DQSPY (evoC_Bap1_run)  | 1 of 1 ✔
Plus 4 more processes waiting for tasks…

executor >  slurm (89)
[38/c7ea19] res…AW (evoC-Bap1-mut-F, L000) | 4 of 4 ✔
[bb/6ef43d] res…DE (evoC-Bap1-mut-F, L000) | 4 of 4 ✔
[-        ] resolve_align:FASTQC_RESOLVED  -
[35/a3ae4a] res…M2 (evoC-Bap1-mut-F, L000) | 4 of 4 ✔
[-        ] res…align:SAMTOOLS_MERGE_LANES -
[-        ] resolve_align:PRESEQ           -
[f7/1296d9] bam…t:BAMLET (evoC-Bap1-mut-F) | 4 of 4 ✔
[0d/c02be5] bam…AP_BAMQC (evoC-Bap1-mut-F) | 4 of 4 ✔
[02/f16957] bam…TSS_BIAS (evoC-Bap1-mut-F) | 4 of 4 ✔
[-        ] bam…:DEEPTOOLS_PLOTFINGERPRINT -
[86/e5f00a] bam…D_GCBIAS (evoC-Bap1-mut-F) | 4 of 4 ✔
[ba/3f0643] bam…ACCURACY (evoC-Bap1-mut-F) | 4 of 4 ✔
[95/7670d0] var…E_CALLER (evoC-Bap1-mut-F) | 0 of 4
[-        ] var…nt_calling:SPLIT_INTERVALS -
[-        ] var…calling:GENOMICS_DB_IMPORT -
[-        ] variant_calling:GENOTYPE_GVCFS -
[-        ] var…t_calling:MERGE_JOINT_VCFS -
[-        ] variant_calling:ASM            -
[-        ] var…_calling:MERGE_ASM_OUTPUTS -
[eb/8df6f7] var…:MUTECT2 (evoC-Bap1-mut-M) | 3 of 4
[c2/a00d8f] mbi…voC-Bap1-mut-M-CG-5-prime) | 10 of 12
[5b/04e6fd] epi…ZARR (evoC-Bap1-mut-M-CHG) | 7 of 12
[14/749866] epi…PORT (evoC-Bap1-mut-M_CHG) | 0 of 7
[42/aed8d4] epi…2ZARR (evoC-Bap1-mut-F-CG) | 4 of 4 ✔
[6b/e8540c] epi…XPORT (evoC-Bap1-mut-F_CG) | 4 of 4 ✔
[91/6faba2] epi…2ZARR (evoC-Bap1-mut-F-CG) | 4 of 4 ✔
[8c/b81001] epi…XPORT (evoC-Bap1-mut-F_CG) | 4 of 4 ✔
[3e/52d548] epi…voC_Bap1_run-long_ctrl-CG) | 1 of 1 ✔
[ce/a81050] summary:DQSPY (evoC_Bap1_run)  | 1 of 1 ✔
Plus 4 more processes waiting for tasks…

executor >  slurm (89)
[38/c7ea19] res…AW (evoC-Bap1-mut-F, L000) | 4 of 4 ✔
[bb/6ef43d] res…DE (evoC-Bap1-mut-F, L000) | 4 of 4 ✔
[-        ] resolve_align:FASTQC_RESOLVED  -
[35/a3ae4a] res…M2 (evoC-Bap1-mut-F, L000) | 4 of 4 ✔
[-        ] res…align:SAMTOOLS_MERGE_LANES -
[-        ] resolve_align:PRESEQ           -
[f7/1296d9] bam…t:BAMLET (evoC-Bap1-mut-F) | 4 of 4 ✔
[0d/c02be5] bam…AP_BAMQC (evoC-Bap1-mut-F) | 4 of 4 ✔
[02/f16957] bam…TSS_BIAS (evoC-Bap1-mut-F) | 4 of 4 ✔
[-        ] bam…:DEEPTOOLS_PLOTFINGERPRINT -
[86/e5f00a] bam…D_GCBIAS (evoC-Bap1-mut-F) | 4 of 4 ✔
[ba/3f0643] bam…ACCURACY (evoC-Bap1-mut-F) | 4 of 4 ✔
[95/7670d0] var…E_CALLER (evoC-Bap1-mut-F) | 0 of 4
[-        ] var…nt_calling:SPLIT_INTERVALS -
[-        ] var…calling:GENOMICS_DB_IMPORT -
[-        ] variant_calling:GENOTYPE_GVCFS -
[-        ] var…t_calling:MERGE_JOINT_VCFS -
[-        ] variant_calling:ASM            -
[-        ] var…_calling:MERGE_ASM_OUTPUTS -
[eb/8df6f7] var…:MUTECT2 (evoC-Bap1-mut-M) | 3 of 4
[c2/a00d8f] mbi…voC-Bap1-mut-M-CG-5-prime) | 10 of 12
[5b/04e6fd] epi…ZARR (evoC-Bap1-mut-M-CHG) | 7 of 12
[14/749866] epi…PORT (evoC-Bap1-mut-M_CHG) | 0 of 7
[42/aed8d4] epi…2ZARR (evoC-Bap1-mut-F-CG) | 4 of 4 ✔
[6b/e8540c] epi…XPORT (evoC-Bap1-mut-F_CG) | 4 of 4 ✔
[91/6faba2] epi…2ZARR (evoC-Bap1-mut-F-CG) | 4 of 4 ✔
[8c/b81001] epi…XPORT (evoC-Bap1-mut-F_CG) | 4 of 4 ✔
[3e/52d548] epi…voC_Bap1_run-long_ctrl-CG) | 1 of 1 ✔
[ce/a81050] summary:DQSPY (evoC_Bap1_run)  | 1 of 1 ✔
Plus 4 more processes waiting for tasks…

executor >  slurm (89)
[38/c7ea19] res…AW (evoC-Bap1-mut-F, L000) | 4 of 4 ✔
[bb/6ef43d] res…DE (evoC-Bap1-mut-F, L000) | 4 of 4 ✔
[-        ] resolve_align:FASTQC_RESOLVED  -
[35/a3ae4a] res…M2 (evoC-Bap1-mut-F, L000) | 4 of 4 ✔
[-        ] res…align:SAMTOOLS_MERGE_LANES -
[-        ] resolve_align:PRESEQ           -
[f7/1296d9] bam…t:BAMLET (evoC-Bap1-mut-F) | 4 of 4 ✔
[0d/c02be5] bam…AP_BAMQC (evoC-Bap1-mut-F) | 4 of 4 ✔
[02/f16957] bam…TSS_BIAS (evoC-Bap1-mut-F) | 4 of 4 ✔
[-        ] bam…:DEEPTOOLS_PLOTFINGERPRINT -
[86/e5f00a] bam…D_GCBIAS (evoC-Bap1-mut-F) | 4 of 4 ✔
[ba/3f0643] bam…ACCURACY (evoC-Bap1-mut-F) | 4 of 4 ✔
[95/7670d0] var…E_CALLER (evoC-Bap1-mut-F) | 0 of 4
[-        ] var…nt_calling:SPLIT_INTERVALS -
[-        ] var…calling:GENOMICS_DB_IMPORT -
[-        ] variant_calling:GENOTYPE_GVCFS -
[-        ] var…t_calling:MERGE_JOINT_VCFS -
[-        ] variant_calling:ASM            -
[-        ] var…_calling:MERGE_ASM_OUTPUTS -
[eb/8df6f7] var…:MUTECT2 (evoC-Bap1-mut-M) | 3 of 4
[ed/4c2885] mbi…oC-Bap1-mut-F-CHH-5-prime) | 11 of 12
[5b/04e6fd] epi…ZARR (evoC-Bap1-mut-M-CHG) | 7 of 12
[14/749866] epi…PORT (evoC-Bap1-mut-M_CHG) | 0 of 7
[42/aed8d4] epi…2ZARR (evoC-Bap1-mut-F-CG) | 4 of 4 ✔
[6b/e8540c] epi…XPORT (evoC-Bap1-mut-F_CG) | 4 of 4 ✔
[91/6faba2] epi…2ZARR (evoC-Bap1-mut-F-CG) | 4 of 4 ✔
[8c/b81001] epi…XPORT (evoC-Bap1-mut-F_CG) | 4 of 4 ✔
[3e/52d548] epi…voC_Bap1_run-long_ctrl-CG) | 1 of 1 ✔
[ce/a81050] summary:DQSPY (evoC_Bap1_run)  | 1 of 1 ✔
Plus 4 more processes waiting for tasks…

executor >  slurm (90)
[38/c7ea19] res…AW (evoC-Bap1-mut-F, L000) | 4 of 4 ✔
[bb/6ef43d] res…DE (evoC-Bap1-mut-F, L000) | 4 of 4 ✔
[-        ] resolve_align:FASTQC_RESOLVED  -
[35/a3ae4a] res…M2 (evoC-Bap1-mut-F, L000) | 4 of 4 ✔
[-        ] res…align:SAMTOOLS_MERGE_LANES -
[-        ] resolve_align:PRESEQ           -
[f7/1296d9] bam…t:BAMLET (evoC-Bap1-mut-F) | 4 of 4 ✔
[0d/c02be5] bam…AP_BAMQC (evoC-Bap1-mut-F) | 4 of 4 ✔
[02/f16957] bam…TSS_BIAS (evoC-Bap1-mut-F) | 4 of 4 ✔
[-        ] bam…:DEEPTOOLS_PLOTFINGERPRINT -
[86/e5f00a] bam…D_GCBIAS (evoC-Bap1-mut-F) | 4 of 4 ✔
[ba/3f0643] bam…ACCURACY (evoC-Bap1-mut-F) | 4 of 4 ✔
[95/7670d0] var…E_CALLER (evoC-Bap1-mut-F) | 0 of 4
[-        ] var…nt_calling:SPLIT_INTERVALS -
[-        ] var…calling:GENOMICS_DB_IMPORT -
[-        ] variant_calling:GENOTYPE_GVCFS -
[-        ] var…t_calling:MERGE_JOINT_VCFS -
[-        ] variant_calling:ASM            -
[-        ] var…_calling:MERGE_ASM_OUTPUTS -
[eb/8df6f7] var…:MUTECT2 (evoC-Bap1-mut-M) | 3 of 4
[ed/4c2885] mbi…oC-Bap1-mut-F-CHH-5-prime) | 11 of 12
[74/762b9b] epi…ARR (evoC-Bap1-ctrl-M-CHH) | 8 of 12
[cd/7adc30] epi…ORT (evoC-Bap1-ctrl-M_CHH) | 0 of 8
[42/aed8d4] epi…2ZARR (evoC-Bap1-mut-F-CG) | 4 of 4 ✔
[6b/e8540c] epi…XPORT (evoC-Bap1-mut-F_CG) | 4 of 4 ✔
[91/6faba2] epi…2ZARR (evoC-Bap1-mut-F-CG) | 4 of 4 ✔
[8c/b81001] epi…XPORT (evoC-Bap1-mut-F_CG) | 4 of 4 ✔
[3e/52d548] epi…voC_Bap1_run-long_ctrl-CG) | 1 of 1 ✔
[ce/a81050] summary:DQSPY (evoC_Bap1_run)  | 1 of 1 ✔
Plus 4 more processes waiting for tasks…

executor >  slurm (90)
[38/c7ea19] res…AW (evoC-Bap1-mut-F, L000) | 4 of 4 ✔
[bb/6ef43d] res…DE (evoC-Bap1-mut-F, L000) | 4 of 4 ✔
[-        ] resolve_align:FASTQC_RESOLVED  -
[35/a3ae4a] res…M2 (evoC-Bap1-mut-F, L000) | 4 of 4 ✔
[-        ] res…align:SAMTOOLS_MERGE_LANES -
[-        ] resolve_align:PRESEQ           -
[f7/1296d9] bam…t:BAMLET (evoC-Bap1-mut-F) | 4 of 4 ✔
[0d/c02be5] bam…AP_BAMQC (evoC-Bap1-mut-F) | 4 of 4 ✔
[02/f16957] bam…TSS_BIAS (evoC-Bap1-mut-F) | 4 of 4 ✔
[-        ] bam…:DEEPTOOLS_PLOTFINGERPRINT -
[86/e5f00a] bam…D_GCBIAS (evoC-Bap1-mut-F) | 4 of 4 ✔
[ba/3f0643] bam…ACCURACY (evoC-Bap1-mut-F) | 4 of 4 ✔
[95/7670d0] var…E_CALLER (evoC-Bap1-mut-F) | 0 of 4
[-        ] var…nt_calling:SPLIT_INTERVALS -
[-        ] var…calling:GENOMICS_DB_IMPORT -
[-        ] variant_calling:GENOTYPE_GVCFS -
[-        ] var…t_calling:MERGE_JOINT_VCFS -
[-        ] variant_calling:ASM            -
[-        ] var…_calling:MERGE_ASM_OUTPUTS -
[eb/8df6f7] var…:MUTECT2 (evoC-Bap1-mut-M) | 3 of 4
[ed/4c2885] mbi…oC-Bap1-mut-F-CHH-5-prime) | 11 of 12
[74/762b9b] epi…ARR (evoC-Bap1-ctrl-M-CHH) | 8 of 12
[cd/7adc30] epi…ORT (evoC-Bap1-ctrl-M_CHH) | 0 of 8
[42/aed8d4] epi…2ZARR (evoC-Bap1-mut-F-CG) | 4 of 4 ✔
[6b/e8540c] epi…XPORT (evoC-Bap1-mut-F_CG) | 4 of 4 ✔
[91/6faba2] epi…2ZARR (evoC-Bap1-mut-F-CG) | 4 of 4 ✔
[8c/b81001] epi…XPORT (evoC-Bap1-mut-F_CG) | 4 of 4 ✔
[3e/52d548] epi…voC_Bap1_run-long_ctrl-CG) | 1 of 1 ✔
[ce/a81050] summary:DQSPY (evoC_Bap1_run)  | 1 of 1 ✔
Plus 4 more processes waiting for tasks…

executor >  slurm (90)
[38/c7ea19] res…AW (evoC-Bap1-mut-F, L000) | 4 of 4 ✔
[bb/6ef43d] res…DE (evoC-Bap1-mut-F, L000) | 4 of 4 ✔
[-        ] resolve_align:FASTQC_RESOLVED  -
[35/a3ae4a] res…M2 (evoC-Bap1-mut-F, L000) | 4 of 4 ✔
[-        ] res…align:SAMTOOLS_MERGE_LANES -
[-        ] resolve_align:PRESEQ           -
[f7/1296d9] bam…t:BAMLET (evoC-Bap1-mut-F) | 4 of 4 ✔
[0d/c02be5] bam…AP_BAMQC (evoC-Bap1-mut-F) | 4 of 4 ✔
[02/f16957] bam…TSS_BIAS (evoC-Bap1-mut-F) | 4 of 4 ✔
[-        ] bam…:DEEPTOOLS_PLOTFINGERPRINT -
[86/e5f00a] bam…D_GCBIAS (evoC-Bap1-mut-F) | 4 of 4 ✔
[ba/3f0643] bam…ACCURACY (evoC-Bap1-mut-F) | 4 of 4 ✔
[95/7670d0] var…E_CALLER (evoC-Bap1-mut-F) | 0 of 4
[-        ] var…nt_calling:SPLIT_INTERVALS -
[-        ] var…calling:GENOMICS_DB_IMPORT -
[-        ] variant_calling:GENOTYPE_GVCFS -
[-        ] var…t_calling:MERGE_JOINT_VCFS -
[-        ] variant_calling:ASM            -
[-        ] var…_calling:MERGE_ASM_OUTPUTS -
[eb/8df6f7] var…:MUTECT2 (evoC-Bap1-mut-M) | 3 of 4
[ed/4c2885] mbi…oC-Bap1-mut-F-CHH-5-prime) | 11 of 12
[e9/813933] epi…ZARR (evoC-Bap1-mut-F-CHG) | 9 of 12
[cd/7adc30] epi…ORT (evoC-Bap1-ctrl-M_CHH) | 0 of 9
[42/aed8d4] epi…2ZARR (evoC-Bap1-mut-F-CG) | 4 of 4 ✔
[6b/e8540c] epi…XPORT (evoC-Bap1-mut-F_CG) | 4 of 4 ✔
[91/6faba2] epi…2ZARR (evoC-Bap1-mut-F-CG) | 4 of 4 ✔
[8c/b81001] epi…XPORT (evoC-Bap1-mut-F_CG) | 4 of 4 ✔
[3e/52d548] epi…voC_Bap1_run-long_ctrl-CG) | 1 of 1 ✔
[ce/a81050] summary:DQSPY (evoC_Bap1_run)  | 1 of 1 ✔
Plus 4 more processes waiting for tasks…

executor >  slurm (91)
[38/c7ea19] res…AW (evoC-Bap1-mut-F, L000) | 4 of 4 ✔
[bb/6ef43d] res…DE (evoC-Bap1-mut-F, L000) | 4 of 4 ✔
[-        ] resolve_align:FASTQC_RESOLVED  -
[35/a3ae4a] res…M2 (evoC-Bap1-mut-F, L000) | 4 of 4 ✔
[-        ] res…align:SAMTOOLS_MERGE_LANES -
[-        ] resolve_align:PRESEQ           -
[f7/1296d9] bam…t:BAMLET (evoC-Bap1-mut-F) | 4 of 4 ✔
[0d/c02be5] bam…AP_BAMQC (evoC-Bap1-mut-F) | 4 of 4 ✔
[02/f16957] bam…TSS_BIAS (evoC-Bap1-mut-F) | 4 of 4 ✔
[-        ] bam…:DEEPTOOLS_PLOTFINGERPRINT -
[86/e5f00a] bam…D_GCBIAS (evoC-Bap1-mut-F) | 4 of 4 ✔
[ba/3f0643] bam…ACCURACY (evoC-Bap1-mut-F) | 4 of 4 ✔
[95/7670d0] var…E_CALLER (evoC-Bap1-mut-F) | 0 of 4
[-        ] var…nt_calling:SPLIT_INTERVALS -
[-        ] var…calling:GENOMICS_DB_IMPORT -
[-        ] variant_calling:GENOTYPE_GVCFS -
[-        ] var…t_calling:MERGE_JOINT_VCFS -
[-        ] variant_calling:ASM            -
[-        ] var…_calling:MERGE_ASM_OUTPUTS -
[eb/8df6f7] var…:MUTECT2 (evoC-Bap1-mut-M) | 3 of 4
[ed/4c2885] mbi…oC-Bap1-mut-F-CHH-5-prime) | 11 of 12
[e9/813933] epi…ZARR (evoC-Bap1-mut-F-CHG) | 9 of 12
[54/340eba] epi…PORT (evoC-Bap1-mut-F_CHG) | 0 of 9
[42/aed8d4] epi…2ZARR (evoC-Bap1-mut-F-CG) | 4 of 4 ✔
[6b/e8540c] epi…XPORT (evoC-Bap1-mut-F_CG) | 4 of 4 ✔
[91/6faba2] epi…2ZARR (evoC-Bap1-mut-F-CG) | 4 of 4 ✔
[8c/b81001] epi…XPORT (evoC-Bap1-mut-F_CG) | 4 of 4 ✔
[3e/52d548] epi…voC_Bap1_run-long_ctrl-CG) | 1 of 1 ✔
[ce/a81050] summary:DQSPY (evoC_Bap1_run)  | 1 of 1 ✔
Plus 4 more processes waiting for tasks…

executor >  slurm (91)
[38/c7ea19] res…AW (evoC-Bap1-mut-F, L000) | 4 of 4 ✔
[bb/6ef43d] res…DE (evoC-Bap1-mut-F, L000) | 4 of 4 ✔
[-        ] resolve_align:FASTQC_RESOLVED  -
[35/a3ae4a] res…M2 (evoC-Bap1-mut-F, L000) | 4 of 4 ✔
[-        ] res…align:SAMTOOLS_MERGE_LANES -
[-        ] resolve_align:PRESEQ           -
[f7/1296d9] bam…t:BAMLET (evoC-Bap1-mut-F) | 4 of 4 ✔
[0d/c02be5] bam…AP_BAMQC (evoC-Bap1-mut-F) | 4 of 4 ✔
[02/f16957] bam…TSS_BIAS (evoC-Bap1-mut-F) | 4 of 4 ✔
[-        ] bam…:DEEPTOOLS_PLOTFINGERPRINT -
[86/e5f00a] bam…D_GCBIAS (evoC-Bap1-mut-F) | 4 of 4 ✔
[ba/3f0643] bam…ACCURACY (evoC-Bap1-mut-F) | 4 of 4 ✔
[95/7670d0] var…E_CALLER (evoC-Bap1-mut-F) | 0 of 4
[-        ] var…nt_calling:SPLIT_INTERVALS -
[-        ] var…calling:GENOMICS_DB_IMPORT -
[-        ] variant_calling:GENOTYPE_GVCFS -
[-        ] var…t_calling:MERGE_JOINT_VCFS -
[-        ] variant_calling:ASM            -
[-        ] var…_calling:MERGE_ASM_OUTPUTS -
[eb/8df6f7] var…:MUTECT2 (evoC-Bap1-mut-M) | 3 of 4
[ed/4c2885] mbi…oC-Bap1-mut-F-CHH-5-prime) | 11 of 12
[30/0d8640] epi…ARR (evoC-Bap1-ctrl-F-CHH) | 10 of 12
[54/340eba] epi…PORT (evoC-Bap1-mut-F_CHG) | 0 of 10
[42/aed8d4] epi…2ZARR (evoC-Bap1-mut-F-CG) | 4 of 4 ✔
[6b/e8540c] epi…XPORT (evoC-Bap1-mut-F_CG) | 4 of 4 ✔
[91/6faba2] epi…2ZARR (evoC-Bap1-mut-F-CG) | 4 of 4 ✔
[8c/b81001] epi…XPORT (evoC-Bap1-mut-F_CG) | 4 of 4 ✔
[3e/52d548] epi…voC_Bap1_run-long_ctrl-CG) | 1 of 1 ✔
[ce/a81050] summary:DQSPY (evoC_Bap1_run)  | 1 of 1 ✔
Plus 4 more processes waiting for tasks…

executor >  slurm (92)
[38/c7ea19] res…AW (evoC-Bap1-mut-F, L000) | 4 of 4 ✔
[bb/6ef43d] res…DE (evoC-Bap1-mut-F, L000) | 4 of 4 ✔
[-        ] resolve_align:FASTQC_RESOLVED  -
[35/a3ae4a] res…M2 (evoC-Bap1-mut-F, L000) | 4 of 4 ✔
[-        ] res…align:SAMTOOLS_MERGE_LANES -
[-        ] resolve_align:PRESEQ           -
[f7/1296d9] bam…t:BAMLET (evoC-Bap1-mut-F) | 4 of 4 ✔
[0d/c02be5] bam…AP_BAMQC (evoC-Bap1-mut-F) | 4 of 4 ✔
[02/f16957] bam…TSS_BIAS (evoC-Bap1-mut-F) | 4 of 4 ✔
[-        ] bam…:DEEPTOOLS_PLOTFINGERPRINT -
[86/e5f00a] bam…D_GCBIAS (evoC-Bap1-mut-F) | 4 of 4 ✔
[ba/3f0643] bam…ACCURACY (evoC-Bap1-mut-F) | 4 of 4 ✔
[95/7670d0] var…E_CALLER (evoC-Bap1-mut-F) | 0 of 4
[-        ] var…nt_calling:SPLIT_INTERVALS -
[-        ] var…calling:GENOMICS_DB_IMPORT -
[-        ] variant_calling:GENOTYPE_GVCFS -
[-        ] var…t_calling:MERGE_JOINT_VCFS -
[-        ] variant_calling:ASM            -
[-        ] var…_calling:MERGE_ASM_OUTPUTS -
[eb/8df6f7] var…:MUTECT2 (evoC-Bap1-mut-M) | 3 of 4
[ed/4c2885] mbi…oC-Bap1-mut-F-CHH-5-prime) | 11 of 12
[30/0d8640] epi…ARR (evoC-Bap1-ctrl-F-CHH) | 10 of 12
[0c/635d5c] epi…ORT (evoC-Bap1-ctrl-F_CHH) | 0 of 10
[42/aed8d4] epi…2ZARR (evoC-Bap1-mut-F-CG) | 4 of 4 ✔
[6b/e8540c] epi…XPORT (evoC-Bap1-mut-F_CG) | 4 of 4 ✔
[91/6faba2] epi…2ZARR (evoC-Bap1-mut-F-CG) | 4 of 4 ✔
[8c/b81001] epi…XPORT (evoC-Bap1-mut-F_CG) | 4 of 4 ✔
[3e/52d548] epi…voC_Bap1_run-long_ctrl-CG) | 1 of 1 ✔
[ce/a81050] summary:DQSPY (evoC_Bap1_run)  | 1 of 1 ✔
Plus 4 more processes waiting for tasks…

executor >  slurm (92)
[38/c7ea19] res…AW (evoC-Bap1-mut-F, L000) | 4 of 4 ✔
[bb/6ef43d] res…DE (evoC-Bap1-mut-F, L000) | 4 of 4 ✔
[-        ] resolve_align:FASTQC_RESOLVED  -
[35/a3ae4a] res…M2 (evoC-Bap1-mut-F, L000) | 4 of 4 ✔
[-        ] res…align:SAMTOOLS_MERGE_LANES -
[-        ] resolve_align:PRESEQ           -
[f7/1296d9] bam…t:BAMLET (evoC-Bap1-mut-F) | 4 of 4 ✔
[0d/c02be5] bam…AP_BAMQC (evoC-Bap1-mut-F) | 4 of 4 ✔
[02/f16957] bam…TSS_BIAS (evoC-Bap1-mut-F) | 4 of 4 ✔
[-        ] bam…:DEEPTOOLS_PLOTFINGERPRINT -
[86/e5f00a] bam…D_GCBIAS (evoC-Bap1-mut-F) | 4 of 4 ✔
[ba/3f0643] bam…ACCURACY (evoC-Bap1-mut-F) | 4 of 4 ✔
[95/7670d0] var…E_CALLER (evoC-Bap1-mut-F) | 0 of 4
[-        ] var…nt_calling:SPLIT_INTERVALS -
[-        ] var…calling:GENOMICS_DB_IMPORT -
[-        ] variant_calling:GENOTYPE_GVCFS -
[-        ] var…t_calling:MERGE_JOINT_VCFS -
[-        ] variant_calling:ASM            -
[-        ] var…_calling:MERGE_ASM_OUTPUTS -
[eb/8df6f7] var…:MUTECT2 (evoC-Bap1-mut-M) | 3 of 4
[ed/4c2885] mbi…oC-Bap1-mut-F-CHH-5-prime) | 11 of 12
[30/0d8640] epi…ARR (evoC-Bap1-ctrl-F-CHH) | 10 of 12
[0c/635d5c] epi…ORT (evoC-Bap1-ctrl-F_CHH) | 0 of 10
[42/aed8d4] epi…2ZARR (evoC-Bap1-mut-F-CG) | 4 of 4 ✔
[6b/e8540c] epi…XPORT (evoC-Bap1-mut-F_CG) | 4 of 4 ✔
[91/6faba2] epi…2ZARR (evoC-Bap1-mut-F-CG) | 4 of 4 ✔
[8c/b81001] epi…XPORT (evoC-Bap1-mut-F_CG) | 4 of 4 ✔
[3e/52d548] epi…voC_Bap1_run-long_ctrl-CG) | 1 of 1 ✔
[ce/a81050] summary:DQSPY (evoC_Bap1_run)  | 1 of 1 ✔
Plus 4 more processes waiting for tasks…

executor >  slurm (92)
[38/c7ea19] res…AW (evoC-Bap1-mut-F, L000) | 4 of 4 ✔
[bb/6ef43d] res…DE (evoC-Bap1-mut-F, L000) | 4 of 4 ✔
[-        ] resolve_align:FASTQC_RESOLVED  -
[35/a3ae4a] res…M2 (evoC-Bap1-mut-F, L000) | 4 of 4 ✔
[-        ] res…align:SAMTOOLS_MERGE_LANES -
[-        ] resolve_align:PRESEQ           -
[f7/1296d9] bam…t:BAMLET (evoC-Bap1-mut-F) | 4 of 4 ✔
[0d/c02be5] bam…AP_BAMQC (evoC-Bap1-mut-F) | 4 of 4 ✔
[02/f16957] bam…TSS_BIAS (evoC-Bap1-mut-F) | 4 of 4 ✔
[-        ] bam…:DEEPTOOLS_PLOTFINGERPRINT -
[86/e5f00a] bam…D_GCBIAS (evoC-Bap1-mut-F) | 4 of 4 ✔
[ba/3f0643] bam…ACCURACY (evoC-Bap1-mut-F) | 4 of 4 ✔
[95/7670d0] var…E_CALLER (evoC-Bap1-mut-F) | 0 of 4
[-        ] var…nt_calling:SPLIT_INTERVALS -
[-        ] var…calling:GENOMICS_DB_IMPORT -
[-        ] variant_calling:GENOTYPE_GVCFS -
[-        ] var…t_calling:MERGE_JOINT_VCFS -
[-        ] variant_calling:ASM            -
[-        ] var…_calling:MERGE_ASM_OUTPUTS -
[af/6f5cb2] var…:MUTECT2 (evoC-Bap1-mut-F) | 4 of 4 ✔
[ed/4c2885] mbi…oC-Bap1-mut-F-CHH-5-prime) | 11 of 12
[30/0d8640] epi…ARR (evoC-Bap1-ctrl-F-CHH) | 10 of 12
[0c/635d5c] epi…ORT (evoC-Bap1-ctrl-F_CHH) | 0 of 10
[42/aed8d4] epi…2ZARR (evoC-Bap1-mut-F-CG) | 4 of 4 ✔
[6b/e8540c] epi…XPORT (evoC-Bap1-mut-F_CG) | 4 of 4 ✔
[91/6faba2] epi…2ZARR (evoC-Bap1-mut-F-CG) | 4 of 4 ✔
[8c/b81001] epi…XPORT (evoC-Bap1-mut-F_CG) | 4 of 4 ✔
[3e/52d548] epi…voC_Bap1_run-long_ctrl-CG) | 1 of 1 ✔
[ce/a81050] summary:DQSPY (evoC_Bap1_run)  | 1 of 1 ✔
Plus 4 more processes waiting for tasks…

executor >  slurm (92)
[38/c7ea19] res…AW (evoC-Bap1-mut-F, L000) | 4 of 4 ✔
[bb/6ef43d] res…DE (evoC-Bap1-mut-F, L000) | 4 of 4 ✔
[-        ] resolve_align:FASTQC_RESOLVED  -
[35/a3ae4a] res…M2 (evoC-Bap1-mut-F, L000) | 4 of 4 ✔
[-        ] res…align:SAMTOOLS_MERGE_LANES -
[-        ] resolve_align:PRESEQ           -
[f7/1296d9] bam…t:BAMLET (evoC-Bap1-mut-F) | 4 of 4 ✔
[0d/c02be5] bam…AP_BAMQC (evoC-Bap1-mut-F) | 4 of 4 ✔
[02/f16957] bam…TSS_BIAS (evoC-Bap1-mut-F) | 4 of 4 ✔
[-        ] bam…:DEEPTOOLS_PLOTFINGERPRINT -
[86/e5f00a] bam…D_GCBIAS (evoC-Bap1-mut-F) | 4 of 4 ✔
[ba/3f0643] bam…ACCURACY (evoC-Bap1-mut-F) | 4 of 4 ✔
[95/7670d0] var…E_CALLER (evoC-Bap1-mut-F) | 0 of 4
[-        ] var…nt_calling:SPLIT_INTERVALS -
[-        ] var…calling:GENOMICS_DB_IMPORT -
[-        ] variant_calling:GENOTYPE_GVCFS -
[-        ] var…t_calling:MERGE_JOINT_VCFS -
[-        ] variant_calling:ASM            -
[-        ] var…_calling:MERGE_ASM_OUTPUTS -
[af/6f5cb2] var…:MUTECT2 (evoC-Bap1-mut-F) | 4 of 4 ✔
[d8/37f9a4] mbi…voC-Bap1-mut-F-CG-5-prime) | 12 of 12 ✔
[30/0d8640] epi…ARR (evoC-Bap1-ctrl-F-CHH) | 10 of 12
[0c/635d5c] epi…ORT (evoC-Bap1-ctrl-F_CHH) | 0 of 10
[42/aed8d4] epi…2ZARR (evoC-Bap1-mut-F-CG) | 4 of 4 ✔
[6b/e8540c] epi…XPORT (evoC-Bap1-mut-F_CG) | 4 of 4 ✔
[91/6faba2] epi…2ZARR (evoC-Bap1-mut-F-CG) | 4 of 4 ✔
[8c/b81001] epi…XPORT (evoC-Bap1-mut-F_CG) | 4 of 4 ✔
[3e/52d548] epi…voC_Bap1_run-long_ctrl-CG) | 1 of 1 ✔
[ce/a81050] summary:DQSPY (evoC_Bap1_run)  | 1 of 1 ✔
Plus 4 more processes waiting for tasks…

executor >  slurm (93)
[38/c7ea19] res…AW (evoC-Bap1-mut-F, L000) | 4 of 4 ✔
[bb/6ef43d] res…DE (evoC-Bap1-mut-F, L000) | 4 of 4 ✔
[-        ] resolve_align:FASTQC_RESOLVED  -
[35/a3ae4a] res…M2 (evoC-Bap1-mut-F, L000) | 4 of 4 ✔
[-        ] res…align:SAMTOOLS_MERGE_LANES -
[-        ] resolve_align:PRESEQ           -
[f7/1296d9] bam…t:BAMLET (evoC-Bap1-mut-F) | 4 of 4 ✔
[0d/c02be5] bam…AP_BAMQC (evoC-Bap1-mut-F) | 4 of 4 ✔
[02/f16957] bam…TSS_BIAS (evoC-Bap1-mut-F) | 4 of 4 ✔
[-        ] bam…:DEEPTOOLS_PLOTFINGERPRINT -
[86/e5f00a] bam…D_GCBIAS (evoC-Bap1-mut-F) | 4 of 4 ✔
[ba/3f0643] bam…ACCURACY (evoC-Bap1-mut-F) | 4 of 4 ✔
[5b/bb07d9] var…_CALLER (evoC-Bap1-ctrl-M) | 1 of 4
[8d/518e06] var…NTERVALS (GRCm38_filtered) | 0 of 1
[-        ] var…calling:GENOMICS_DB_IMPORT -
[-        ] variant_calling:GENOTYPE_GVCFS -
[-        ] var…t_calling:MERGE_JOINT_VCFS -
[-        ] variant_calling:ASM            -
[-        ] var…_calling:MERGE_ASM_OUTPUTS -
[af/6f5cb2] var…:MUTECT2 (evoC-Bap1-mut-F) | 4 of 4 ✔
[d8/37f9a4] mbi…voC-Bap1-mut-F-CG-5-prime) | 12 of 12 ✔
[30/0d8640] epi…ARR (evoC-Bap1-ctrl-F-CHH) | 10 of 12
[0c/635d5c] epi…ORT (evoC-Bap1-ctrl-F_CHH) | 0 of 10
[42/aed8d4] epi…2ZARR (evoC-Bap1-mut-F-CG) | 4 of 4 ✔
[6b/e8540c] epi…XPORT (evoC-Bap1-mut-F_CG) | 4 of 4 ✔
[91/6faba2] epi…2ZARR (evoC-Bap1-mut-F-CG) | 4 of 4 ✔
[8c/b81001] epi…XPORT (evoC-Bap1-mut-F_CG) | 4 of 4 ✔
[3e/52d548] epi…voC_Bap1_run-long_ctrl-CG) | 1 of 1 ✔
[ce/a81050] summary:DQSPY (evoC_Bap1_run)  | 1 of 1 ✔
Plus 4 more processes waiting for tasks…

executor >  slurm (93)
[38/c7ea19] res…AW (evoC-Bap1-mut-F, L000) | 4 of 4 ✔
[bb/6ef43d] res…DE (evoC-Bap1-mut-F, L000) | 4 of 4 ✔
[-        ] resolve_align:FASTQC_RESOLVED  -
[35/a3ae4a] res…M2 (evoC-Bap1-mut-F, L000) | 4 of 4 ✔
[-        ] res…align:SAMTOOLS_MERGE_LANES -
[-        ] resolve_align:PRESEQ           -
[f7/1296d9] bam…t:BAMLET (evoC-Bap1-mut-F) | 4 of 4 ✔
[0d/c02be5] bam…AP_BAMQC (evoC-Bap1-mut-F) | 4 of 4 ✔
[02/f16957] bam…TSS_BIAS (evoC-Bap1-mut-F) | 4 of 4 ✔
[-        ] bam…:DEEPTOOLS_PLOTFINGERPRINT -
[86/e5f00a] bam…D_GCBIAS (evoC-Bap1-mut-F) | 4 of 4 ✔
[ba/3f0643] bam…ACCURACY (evoC-Bap1-mut-F) | 4 of 4 ✔
[5b/bb07d9] var…_CALLER (evoC-Bap1-ctrl-M) | 1 of 4
[8d/518e06] var…NTERVALS (GRCm38_filtered) | 0 of 1
[-        ] var…calling:GENOMICS_DB_IMPORT -
[-        ] variant_calling:GENOTYPE_GVCFS -
[-        ] var…t_calling:MERGE_JOINT_VCFS -
[-        ] variant_calling:ASM            -
[-        ] var…_calling:MERGE_ASM_OUTPUTS -
[af/6f5cb2] var…:MUTECT2 (evoC-Bap1-mut-F) | 4 of 4 ✔
[d8/37f9a4] mbi…voC-Bap1-mut-F-CG-5-prime) | 12 of 12 ✔
[30/0d8640] epi…ARR (evoC-Bap1-ctrl-F-CHH) | 10 of 12
[0c/635d5c] epi…ORT (evoC-Bap1-ctrl-F_CHH) | 0 of 10
[42/aed8d4] epi…2ZARR (evoC-Bap1-mut-F-CG) | 4 of 4 ✔
[6b/e8540c] epi…XPORT (evoC-Bap1-mut-F_CG) | 4 of 4 ✔
[91/6faba2] epi…2ZARR (evoC-Bap1-mut-F-CG) | 4 of 4 ✔
[8c/b81001] epi…XPORT (evoC-Bap1-mut-F_CG) | 4 of 4 ✔
[3e/52d548] epi…voC_Bap1_run-long_ctrl-CG) | 1 of 1 ✔
[ce/a81050] summary:DQSPY (evoC_Bap1_run)  | 1 of 1 ✔
Plus 4 more processes waiting for tasks…

executor >  slurm (93)
[38/c7ea19] res…AW (evoC-Bap1-mut-F, L000) | 4 of 4 ✔
[bb/6ef43d] res…DE (evoC-Bap1-mut-F, L000) | 4 of 4 ✔
[-        ] resolve_align:FASTQC_RESOLVED  -
[35/a3ae4a] res…M2 (evoC-Bap1-mut-F, L000) | 4 of 4 ✔
[-        ] res…align:SAMTOOLS_MERGE_LANES -
[-        ] resolve_align:PRESEQ           -
[f7/1296d9] bam…t:BAMLET (evoC-Bap1-mut-F) | 4 of 4 ✔
[0d/c02be5] bam…AP_BAMQC (evoC-Bap1-mut-F) | 4 of 4 ✔
[02/f16957] bam…TSS_BIAS (evoC-Bap1-mut-F) | 4 of 4 ✔
[-        ] bam…:DEEPTOOLS_PLOTFINGERPRINT -
[86/e5f00a] bam…D_GCBIAS (evoC-Bap1-mut-F) | 4 of 4 ✔
[ba/3f0643] bam…ACCURACY (evoC-Bap1-mut-F) | 4 of 4 ✔
[5b/bb07d9] var…_CALLER (evoC-Bap1-ctrl-M) | 1 of 4
[8d/518e06] var…NTERVALS (GRCm38_filtered) | 1 of 1 ✔
[-        ] var…calling:GENOMICS_DB_IMPORT -
[-        ] variant_calling:GENOTYPE_GVCFS -
[-        ] var…t_calling:MERGE_JOINT_VCFS -
[-        ] variant_calling:ASM            -
[-        ] var…_calling:MERGE_ASM_OUTPUTS -
[af/6f5cb2] var…:MUTECT2 (evoC-Bap1-mut-F) | 4 of 4 ✔
[d8/37f9a4] mbi…voC-Bap1-mut-F-CG-5-prime) | 12 of 12 ✔
[30/0d8640] epi…ARR (evoC-Bap1-ctrl-F-CHH) | 10 of 12
[0c/635d5c] epi…ORT (evoC-Bap1-ctrl-F_CHH) | 0 of 10
[42/aed8d4] epi…2ZARR (evoC-Bap1-mut-F-CG) | 4 of 4 ✔
[6b/e8540c] epi…XPORT (evoC-Bap1-mut-F_CG) | 4 of 4 ✔
[91/6faba2] epi…2ZARR (evoC-Bap1-mut-F-CG) | 4 of 4 ✔
[8c/b81001] epi…XPORT (evoC-Bap1-mut-F_CG) | 4 of 4 ✔
[3e/52d548] epi…voC_Bap1_run-long_ctrl-CG) | 1 of 1 ✔
[ce/a81050] summary:DQSPY (evoC_Bap1_run)  | 1 of 1 ✔
Plus 4 more processes waiting for tasks…

executor >  slurm (93)
[38/c7ea19] res…AW (evoC-Bap1-mut-F, L000) | 4 of 4 ✔
[bb/6ef43d] res…DE (evoC-Bap1-mut-F, L000) | 4 of 4 ✔
[-        ] resolve_align:FASTQC_RESOLVED  -
[35/a3ae4a] res…M2 (evoC-Bap1-mut-F, L000) | 4 of 4 ✔
[-        ] res…align:SAMTOOLS_MERGE_LANES -
[-        ] resolve_align:PRESEQ           -
[f7/1296d9] bam…t:BAMLET (evoC-Bap1-mut-F) | 4 of 4 ✔
[0d/c02be5] bam…AP_BAMQC (evoC-Bap1-mut-F) | 4 of 4 ✔
[02/f16957] bam…TSS_BIAS (evoC-Bap1-mut-F) | 4 of 4 ✔
[-        ] bam…:DEEPTOOLS_PLOTFINGERPRINT -
[86/e5f00a] bam…D_GCBIAS (evoC-Bap1-mut-F) | 4 of 4 ✔
[ba/3f0643] bam…ACCURACY (evoC-Bap1-mut-F) | 4 of 4 ✔
[51/513ed3] var…_CALLER (evoC-Bap1-ctrl-F) | 2 of 4
[8d/518e06] var…NTERVALS (GRCm38_filtered) | 1 of 1 ✔
[-        ] var…calling:GENOMICS_DB_IMPORT -
[-        ] variant_calling:GENOTYPE_GVCFS -
[-        ] var…t_calling:MERGE_JOINT_VCFS -
[-        ] variant_calling:ASM            -
[-        ] var…_calling:MERGE_ASM_OUTPUTS -
[af/6f5cb2] var…:MUTECT2 (evoC-Bap1-mut-F) | 4 of 4 ✔
[d8/37f9a4] mbi…voC-Bap1-mut-F-CG-5-prime) | 12 of 12 ✔
[30/0d8640] epi…ARR (evoC-Bap1-ctrl-F-CHH) | 10 of 12
[0c/635d5c] epi…ORT (evoC-Bap1-ctrl-F_CHH) | 0 of 10
[42/aed8d4] epi…2ZARR (evoC-Bap1-mut-F-CG) | 4 of 4 ✔
[6b/e8540c] epi…XPORT (evoC-Bap1-mut-F_CG) | 4 of 4 ✔
[91/6faba2] epi…2ZARR (evoC-Bap1-mut-F-CG) | 4 of 4 ✔
[8c/b81001] epi…XPORT (evoC-Bap1-mut-F_CG) | 4 of 4 ✔
[3e/52d548] epi…voC_Bap1_run-long_ctrl-CG) | 1 of 1 ✔
[ce/a81050] summary:DQSPY (evoC_Bap1_run)  | 1 of 1 ✔
Plus 4 more processes waiting for tasks…

executor >  slurm (93)
[38/c7ea19] res…AW (evoC-Bap1-mut-F, L000) | 4 of 4 ✔
[bb/6ef43d] res…DE (evoC-Bap1-mut-F, L000) | 4 of 4 ✔
[-        ] resolve_align:FASTQC_RESOLVED  -
[35/a3ae4a] res…M2 (evoC-Bap1-mut-F, L000) | 4 of 4 ✔
[-        ] res…align:SAMTOOLS_MERGE_LANES -
[-        ] resolve_align:PRESEQ           -
[f7/1296d9] bam…t:BAMLET (evoC-Bap1-mut-F) | 4 of 4 ✔
[0d/c02be5] bam…AP_BAMQC (evoC-Bap1-mut-F) | 4 of 4 ✔
[02/f16957] bam…TSS_BIAS (evoC-Bap1-mut-F) | 4 of 4 ✔
[-        ] bam…:DEEPTOOLS_PLOTFINGERPRINT -
[86/e5f00a] bam…D_GCBIAS (evoC-Bap1-mut-F) | 4 of 4 ✔
[ba/3f0643] bam…ACCURACY (evoC-Bap1-mut-F) | 4 of 4 ✔
[51/513ed3] var…_CALLER (evoC-Bap1-ctrl-F) | 2 of 4
[8d/518e06] var…NTERVALS (GRCm38_filtered) | 1 of 1 ✔
[-        ] var…calling:GENOMICS_DB_IMPORT -
[-        ] variant_calling:GENOTYPE_GVCFS -
[-        ] var…t_calling:MERGE_JOINT_VCFS -
[-        ] variant_calling:ASM            -
[-        ] var…_calling:MERGE_ASM_OUTPUTS -
[af/6f5cb2] var…:MUTECT2 (evoC-Bap1-mut-F) | 4 of 4 ✔
[d8/37f9a4] mbi…voC-Bap1-mut-F-CG-5-prime) | 12 of 12 ✔
[fa/6aa8ae] epi…ZARR (evoC-Bap1-mut-M-CHH) | 11 of 12
[0c/635d5c] epi…ORT (evoC-Bap1-ctrl-F_CHH) | 0 of 11
[42/aed8d4] epi…2ZARR (evoC-Bap1-mut-F-CG) | 4 of 4 ✔
[6b/e8540c] epi…XPORT (evoC-Bap1-mut-F_CG) | 4 of 4 ✔
[91/6faba2] epi…2ZARR (evoC-Bap1-mut-F-CG) | 4 of 4 ✔
[8c/b81001] epi…XPORT (evoC-Bap1-mut-F_CG) | 4 of 4 ✔
[3e/52d548] epi…voC_Bap1_run-long_ctrl-CG) | 1 of 1 ✔
[ce/a81050] summary:DQSPY (evoC_Bap1_run)  | 1 of 1 ✔
Plus 4 more processes waiting for tasks…

executor >  slurm (94)
[38/c7ea19] res…AW (evoC-Bap1-mut-F, L000) | 4 of 4 ✔
[bb/6ef43d] res…DE (evoC-Bap1-mut-F, L000) | 4 of 4 ✔
[-        ] resolve_align:FASTQC_RESOLVED  -
[35/a3ae4a] res…M2 (evoC-Bap1-mut-F, L000) | 4 of 4 ✔
[-        ] res…align:SAMTOOLS_MERGE_LANES -
[-        ] resolve_align:PRESEQ           -
[f7/1296d9] bam…t:BAMLET (evoC-Bap1-mut-F) | 4 of 4 ✔
[0d/c02be5] bam…AP_BAMQC (evoC-Bap1-mut-F) | 4 of 4 ✔
[02/f16957] bam…TSS_BIAS (evoC-Bap1-mut-F) | 4 of 4 ✔
[-        ] bam…:DEEPTOOLS_PLOTFINGERPRINT -
[86/e5f00a] bam…D_GCBIAS (evoC-Bap1-mut-F) | 4 of 4 ✔
[ba/3f0643] bam…ACCURACY (evoC-Bap1-mut-F) | 4 of 4 ✔
[51/513ed3] var…_CALLER (evoC-Bap1-ctrl-F) | 2 of 4
[8d/518e06] var…NTERVALS (GRCm38_filtered) | 1 of 1 ✔
[-        ] var…calling:GENOMICS_DB_IMPORT -
[-        ] variant_calling:GENOTYPE_GVCFS -
[-        ] var…t_calling:MERGE_JOINT_VCFS -
[-        ] variant_calling:ASM            -
[-        ] var…_calling:MERGE_ASM_OUTPUTS -
[af/6f5cb2] var…:MUTECT2 (evoC-Bap1-mut-F) | 4 of 4 ✔
[d8/37f9a4] mbi…voC-Bap1-mut-F-CG-5-prime) | 12 of 12 ✔
[fa/6aa8ae] epi…ZARR (evoC-Bap1-mut-M-CHH) | 11 of 12
[ce/b77dc0] epi…PORT (evoC-Bap1-mut-M_CHH) | 0 of 11
[42/aed8d4] epi…2ZARR (evoC-Bap1-mut-F-CG) | 4 of 4 ✔
[6b/e8540c] epi…XPORT (evoC-Bap1-mut-F_CG) | 4 of 4 ✔
[91/6faba2] epi…2ZARR (evoC-Bap1-mut-F-CG) | 4 of 4 ✔
[8c/b81001] epi…XPORT (evoC-Bap1-mut-F_CG) | 4 of 4 ✔
[3e/52d548] epi…voC_Bap1_run-long_ctrl-CG) | 1 of 1 ✔
[ce/a81050] summary:DQSPY (evoC_Bap1_run)  | 1 of 1 ✔
Plus 4 more processes waiting for tasks…

executor >  slurm (94)
[38/c7ea19] res…AW (evoC-Bap1-mut-F, L000) | 4 of 4 ✔
[bb/6ef43d] res…DE (evoC-Bap1-mut-F, L000) | 4 of 4 ✔
[-        ] resolve_align:FASTQC_RESOLVED  -
[35/a3ae4a] res…M2 (evoC-Bap1-mut-F, L000) | 4 of 4 ✔
[-        ] res…align:SAMTOOLS_MERGE_LANES -
[-        ] resolve_align:PRESEQ           -
[f7/1296d9] bam…t:BAMLET (evoC-Bap1-mut-F) | 4 of 4 ✔
[0d/c02be5] bam…AP_BAMQC (evoC-Bap1-mut-F) | 4 of 4 ✔
[02/f16957] bam…TSS_BIAS (evoC-Bap1-mut-F) | 4 of 4 ✔
[-        ] bam…:DEEPTOOLS_PLOTFINGERPRINT -
[86/e5f00a] bam…D_GCBIAS (evoC-Bap1-mut-F) | 4 of 4 ✔
[ba/3f0643] bam…ACCURACY (evoC-Bap1-mut-F) | 4 of 4 ✔
[51/513ed3] var…_CALLER (evoC-Bap1-ctrl-F) | 2 of 4
[8d/518e06] var…NTERVALS (GRCm38_filtered) | 1 of 1 ✔
[-        ] var…calling:GENOMICS_DB_IMPORT -
[-        ] variant_calling:GENOTYPE_GVCFS -
[-        ] var…t_calling:MERGE_JOINT_VCFS -
[-        ] variant_calling:ASM            -
[-        ] var…_calling:MERGE_ASM_OUTPUTS -
[af/6f5cb2] var…:MUTECT2 (evoC-Bap1-mut-F) | 4 of 4 ✔
[d8/37f9a4] mbi…voC-Bap1-mut-F-CG-5-prime) | 12 of 12 ✔
[fa/6aa8ae] epi…ZARR (evoC-Bap1-mut-M-CHH) | 11 of 12
[ce/b77dc0] epi…PORT (evoC-Bap1-mut-M_CHH) | 0 of 11
[42/aed8d4] epi…2ZARR (evoC-Bap1-mut-F-CG) | 4 of 4 ✔
[6b/e8540c] epi…XPORT (evoC-Bap1-mut-F_CG) | 4 of 4 ✔
[91/6faba2] epi…2ZARR (evoC-Bap1-mut-F-CG) | 4 of 4 ✔
[8c/b81001] epi…XPORT (evoC-Bap1-mut-F_CG) | 4 of 4 ✔
[3e/52d548] epi…voC_Bap1_run-long_ctrl-CG) | 1 of 1 ✔
[ce/a81050] summary:DQSPY (evoC_Bap1_run)  | 1 of 1 ✔
Plus 4 more processes waiting for tasks…

executor >  slurm (94)
[38/c7ea19] res…AW (evoC-Bap1-mut-F, L000) | 4 of 4 ✔
[bb/6ef43d] res…DE (evoC-Bap1-mut-F, L000) | 4 of 4 ✔
[-        ] resolve_align:FASTQC_RESOLVED  -
[35/a3ae4a] res…M2 (evoC-Bap1-mut-F, L000) | 4 of 4 ✔
[-        ] res…align:SAMTOOLS_MERGE_LANES -
[-        ] resolve_align:PRESEQ           -
[f7/1296d9] bam…t:BAMLET (evoC-Bap1-mut-F) | 4 of 4 ✔
[0d/c02be5] bam…AP_BAMQC (evoC-Bap1-mut-F) | 4 of 4 ✔
[02/f16957] bam…TSS_BIAS (evoC-Bap1-mut-F) | 4 of 4 ✔
[-        ] bam…:DEEPTOOLS_PLOTFINGERPRINT -
[86/e5f00a] bam…D_GCBIAS (evoC-Bap1-mut-F) | 4 of 4 ✔
[ba/3f0643] bam…ACCURACY (evoC-Bap1-mut-F) | 4 of 4 ✔
[03/50a382] var…E_CALLER (evoC-Bap1-mut-M) | 3 of 4
[8d/518e06] var…NTERVALS (GRCm38_filtered) | 1 of 1 ✔
[-        ] var…calling:GENOMICS_DB_IMPORT -
[-        ] variant_calling:GENOTYPE_GVCFS -
[-        ] var…t_calling:MERGE_JOINT_VCFS -
[-        ] variant_calling:ASM            -
[-        ] var…_calling:MERGE_ASM_OUTPUTS -
[af/6f5cb2] var…:MUTECT2 (evoC-Bap1-mut-F) | 4 of 4 ✔
[d8/37f9a4] mbi…voC-Bap1-mut-F-CG-5-prime) | 12 of 12 ✔
[fa/6aa8ae] epi…ZARR (evoC-Bap1-mut-M-CHH) | 11 of 12
[ce/b77dc0] epi…PORT (evoC-Bap1-mut-M_CHH) | 0 of 11
[42/aed8d4] epi…2ZARR (evoC-Bap1-mut-F-CG) | 4 of 4 ✔
[6b/e8540c] epi…XPORT (evoC-Bap1-mut-F_CG) | 4 of 4 ✔
[91/6faba2] epi…2ZARR (evoC-Bap1-mut-F-CG) | 4 of 4 ✔
[8c/b81001] epi…XPORT (evoC-Bap1-mut-F_CG) | 4 of 4 ✔
[3e/52d548] epi…voC_Bap1_run-long_ctrl-CG) | 1 of 1 ✔
[ce/a81050] summary:DQSPY (evoC_Bap1_run)  | 1 of 1 ✔
Plus 4 more processes waiting for tasks…

executor >  slurm (95)
[38/c7ea19] res…AW (evoC-Bap1-mut-F, L000) | 4 of 4 ✔
[bb/6ef43d] res…DE (evoC-Bap1-mut-F, L000) | 4 of 4 ✔
[-        ] resolve_align:FASTQC_RESOLVED  -
[35/a3ae4a] res…M2 (evoC-Bap1-mut-F, L000) | 4 of 4 ✔
[-        ] res…align:SAMTOOLS_MERGE_LANES -
[-        ] resolve_align:PRESEQ           -
[f7/1296d9] bam…t:BAMLET (evoC-Bap1-mut-F) | 4 of 4 ✔
[0d/c02be5] bam…AP_BAMQC (evoC-Bap1-mut-F) | 4 of 4 ✔
[02/f16957] bam…TSS_BIAS (evoC-Bap1-mut-F) | 4 of 4 ✔
[-        ] bam…:DEEPTOOLS_PLOTFINGERPRINT -
[86/e5f00a] bam…D_GCBIAS (evoC-Bap1-mut-F) | 4 of 4 ✔
[ba/3f0643] bam…ACCURACY (evoC-Bap1-mut-F) | 4 of 4 ✔
[03/50a382] var…E_CALLER (evoC-Bap1-mut-M) | 3 of 4
[8d/518e06] var…NTERVALS (GRCm38_filtered) | 1 of 1 ✔
[-        ] var…calling:GENOMICS_DB_IMPORT -
[-        ] variant_calling:GENOTYPE_GVCFS -
[-        ] var…t_calling:MERGE_JOINT_VCFS -
[-        ] variant_calling:ASM            -
[-        ] var…_calling:MERGE_ASM_OUTPUTS -
[af/6f5cb2] var…:MUTECT2 (evoC-Bap1-mut-F) | 4 of 4 ✔
[d8/37f9a4] mbi…voC-Bap1-mut-F-CG-5-prime) | 12 of 12 ✔
[1d/414b09] epi…ZARR (evoC-Bap1-mut-F-CHH) | 12 of 12 ✔
[c8/96c68a] epi…PORT (evoC-Bap1-mut-F_CHH) | 0 of 12
[-        ] epi…nt_genome:JOIN_ZARR_STORES | 0 of 3
[42/aed8d4] epi…2ZARR (evoC-Bap1-mut-F-CG) | 4 of 4 ✔
[6b/e8540c] epi…XPORT (evoC-Bap1-mut-F_CG) | 4 of 4 ✔
[91/6faba2] epi…2ZARR (evoC-Bap1-mut-F-CG) | 4 of 4 ✔
[8c/b81001] epi…XPORT (evoC-Bap1-mut-F_CG) | 4 of 4 ✔
[3e/52d548] epi…voC_Bap1_run-long_ctrl-CG) | 1 of 1 ✔
[ce/a81050] summary:DQSPY (evoC_Bap1_run)  | 1 of 1 ✔
Plus 3 more processes waiting for tasks…

executor >  slurm (97)
[38/c7ea19] res…AW (evoC-Bap1-mut-F, L000) | 4 of 4 ✔
[bb/6ef43d] res…DE (evoC-Bap1-mut-F, L000) | 4 of 4 ✔
[-        ] resolve_align:FASTQC_RESOLVED  -
[35/a3ae4a] res…M2 (evoC-Bap1-mut-F, L000) | 4 of 4 ✔
[-        ] res…align:SAMTOOLS_MERGE_LANES -
[-        ] resolve_align:PRESEQ           -
[f7/1296d9] bam…t:BAMLET (evoC-Bap1-mut-F) | 4 of 4 ✔
[0d/c02be5] bam…AP_BAMQC (evoC-Bap1-mut-F) | 4 of 4 ✔
[02/f16957] bam…TSS_BIAS (evoC-Bap1-mut-F) | 4 of 4 ✔
[-        ] bam…:DEEPTOOLS_PLOTFINGERPRINT -
[86/e5f00a] bam…D_GCBIAS (evoC-Bap1-mut-F) | 4 of 4 ✔
[ba/3f0643] bam…ACCURACY (evoC-Bap1-mut-F) | 4 of 4 ✔
[03/50a382] var…E_CALLER (evoC-Bap1-mut-M) | 3 of 4
[8d/518e06] var…NTERVALS (GRCm38_filtered) | 1 of 1 ✔
[-        ] var…calling:GENOMICS_DB_IMPORT -
[-        ] variant_calling:GENOTYPE_GVCFS -
[-        ] var…t_calling:MERGE_JOINT_VCFS -
[-        ] variant_calling:ASM            -
[-        ] var…_calling:MERGE_ASM_OUTPUTS -
[af/6f5cb2] var…:MUTECT2 (evoC-Bap1-mut-F) | 4 of 4 ✔
[d8/37f9a4] mbi…voC-Bap1-mut-F-CG-5-prime) | 12 of 12 ✔
[1d/414b09] epi…ZARR (evoC-Bap1-mut-F-CHH) | 12 of 12 ✔
[c8/96c68a] epi…PORT (evoC-Bap1-mut-F_CHH) | 0 of 12
[c7/9f6584] epi…(evoC_Bap1_run-genome-CHH) | 0 of 3
[42/aed8d4] epi…2ZARR (evoC-Bap1-mut-F-CG) | 4 of 4 ✔
[6b/e8540c] epi…XPORT (evoC-Bap1-mut-F_CG) | 4 of 4 ✔
[91/6faba2] epi…2ZARR (evoC-Bap1-mut-F-CG) | 4 of 4 ✔
[8c/b81001] epi…XPORT (evoC-Bap1-mut-F_CG) | 4 of 4 ✔
[3e/52d548] epi…voC_Bap1_run-long_ctrl-CG) | 1 of 1 ✔
[ce/a81050] summary:DQSPY (evoC_Bap1_run)  | 1 of 1 ✔
Plus 3 more processes waiting for tasks…

executor >  slurm (97)
[38/c7ea19] res…AW (evoC-Bap1-mut-F, L000) | 4 of 4 ✔
[bb/6ef43d] res…DE (evoC-Bap1-mut-F, L000) | 4 of 4 ✔
[-        ] resolve_align:FASTQC_RESOLVED  -
[35/a3ae4a] res…M2 (evoC-Bap1-mut-F, L000) | 4 of 4 ✔
[-        ] res…align:SAMTOOLS_MERGE_LANES -
[-        ] resolve_align:PRESEQ           -
[f7/1296d9] bam…t:BAMLET (evoC-Bap1-mut-F) | 4 of 4 ✔
[0d/c02be5] bam…AP_BAMQC (evoC-Bap1-mut-F) | 4 of 4 ✔
[02/f16957] bam…TSS_BIAS (evoC-Bap1-mut-F) | 4 of 4 ✔
[-        ] bam…:DEEPTOOLS_PLOTFINGERPRINT -
[86/e5f00a] bam…D_GCBIAS (evoC-Bap1-mut-F) | 4 of 4 ✔
[ba/3f0643] bam…ACCURACY (evoC-Bap1-mut-F) | 4 of 4 ✔
[03/50a382] var…E_CALLER (evoC-Bap1-mut-M) | 3 of 4
[8d/518e06] var…NTERVALS (GRCm38_filtered) | 1 of 1 ✔
[-        ] var…calling:GENOMICS_DB_IMPORT -
[-        ] variant_calling:GENOTYPE_GVCFS -
[-        ] var…t_calling:MERGE_JOINT_VCFS -
[-        ] variant_calling:ASM            -
[-        ] var…_calling:MERGE_ASM_OUTPUTS -
[af/6f5cb2] var…:MUTECT2 (evoC-Bap1-mut-F) | 4 of 4 ✔
[d8/37f9a4] mbi…voC-Bap1-mut-F-CG-5-prime) | 12 of 12 ✔
[1d/414b09] epi…ZARR (evoC-Bap1-mut-F-CHH) | 12 of 12 ✔
[c8/96c68a] epi…PORT (evoC-Bap1-mut-F_CHH) | 0 of 12
[c7/9f6584] epi…(evoC_Bap1_run-genome-CHH) | 0 of 3
[42/aed8d4] epi…2ZARR (evoC-Bap1-mut-F-CG) | 4 of 4 ✔
[6b/e8540c] epi…XPORT (evoC-Bap1-mut-F_CG) | 4 of 4 ✔
[91/6faba2] epi…2ZARR (evoC-Bap1-mut-F-CG) | 4 of 4 ✔
[8c/b81001] epi…XPORT (evoC-Bap1-mut-F_CG) | 4 of 4 ✔
[3e/52d548] epi…voC_Bap1_run-long_ctrl-CG) | 1 of 1 ✔
[ce/a81050] summary:DQSPY (evoC_Bap1_run)  | 1 of 1 ✔
Plus 3 more processes waiting for tasks…

executor >  slurm (98)
[38/c7ea19] res…AW (evoC-Bap1-mut-F, L000) | 4 of 4 ✔
[bb/6ef43d] res…DE (evoC-Bap1-mut-F, L000) | 4 of 4 ✔
[-        ] resolve_align:FASTQC_RESOLVED  -
[35/a3ae4a] res…M2 (evoC-Bap1-mut-F, L000) | 4 of 4 ✔
[-        ] res…align:SAMTOOLS_MERGE_LANES -
[-        ] resolve_align:PRESEQ           -
[f7/1296d9] bam…t:BAMLET (evoC-Bap1-mut-F) | 4 of 4 ✔
[0d/c02be5] bam…AP_BAMQC (evoC-Bap1-mut-F) | 4 of 4 ✔
[02/f16957] bam…TSS_BIAS (evoC-Bap1-mut-F) | 4 of 4 ✔
[-        ] bam…:DEEPTOOLS_PLOTFINGERPRINT -
[86/e5f00a] bam…D_GCBIAS (evoC-Bap1-mut-F) | 4 of 4 ✔
[ba/3f0643] bam…ACCURACY (evoC-Bap1-mut-F) | 4 of 4 ✔
[03/50a382] var…E_CALLER (evoC-Bap1-mut-M) | 3 of 4
[8d/518e06] var…NTERVALS (GRCm38_filtered) | 1 of 1 ✔
[-        ] var…calling:GENOMICS_DB_IMPORT -
[-        ] variant_calling:GENOTYPE_GVCFS -
[-        ] var…t_calling:MERGE_JOINT_VCFS -
[-        ] variant_calling:ASM            -
[-        ] var…_calling:MERGE_ASM_OUTPUTS -
[af/6f5cb2] var…:MUTECT2 (evoC-Bap1-mut-F) | 4 of 4 ✔
[d8/37f9a4] mbi…voC-Bap1-mut-F-CG-5-prime) | 12 of 12 ✔
[1d/414b09] epi…ZARR (evoC-Bap1-mut-F-CHH) | 12 of 12 ✔
[c8/96c68a] epi…PORT (evoC-Bap1-mut-F_CHH) | 0 of 12
[45/9c4d70] epi… (evoC_Bap1_run-genome-CG) | 0 of 3
[42/aed8d4] epi…2ZARR (evoC-Bap1-mut-F-CG) | 4 of 4 ✔
[6b/e8540c] epi…XPORT (evoC-Bap1-mut-F_CG) | 4 of 4 ✔
[91/6faba2] epi…2ZARR (evoC-Bap1-mut-F-CG) | 4 of 4 ✔
[8c/b81001] epi…XPORT (evoC-Bap1-mut-F_CG) | 4 of 4 ✔
[3e/52d548] epi…voC_Bap1_run-long_ctrl-CG) | 1 of 1 ✔
[ce/a81050] summary:DQSPY (evoC_Bap1_run)  | 1 of 1 ✔
Plus 3 more processes waiting for tasks…

executor >  slurm (98)
[38/c7ea19] res…AW (evoC-Bap1-mut-F, L000) | 4 of 4 ✔
[bb/6ef43d] res…DE (evoC-Bap1-mut-F, L000) | 4 of 4 ✔
[-        ] resolve_align:FASTQC_RESOLVED  -
[35/a3ae4a] res…M2 (evoC-Bap1-mut-F, L000) | 4 of 4 ✔
[-        ] res…align:SAMTOOLS_MERGE_LANES -
[-        ] resolve_align:PRESEQ           -
[f7/1296d9] bam…t:BAMLET (evoC-Bap1-mut-F) | 4 of 4 ✔
[0d/c02be5] bam…AP_BAMQC (evoC-Bap1-mut-F) | 4 of 4 ✔
[02/f16957] bam…TSS_BIAS (evoC-Bap1-mut-F) | 4 of 4 ✔
[-        ] bam…:DEEPTOOLS_PLOTFINGERPRINT -
[86/e5f00a] bam…D_GCBIAS (evoC-Bap1-mut-F) | 4 of 4 ✔
[ba/3f0643] bam…ACCURACY (evoC-Bap1-mut-F) | 4 of 4 ✔
[03/50a382] var…E_CALLER (evoC-Bap1-mut-M) | 3 of 4
[8d/518e06] var…NTERVALS (GRCm38_filtered) | 1 of 1 ✔
[-        ] var…calling:GENOMICS_DB_IMPORT -
[-        ] variant_calling:GENOTYPE_GVCFS -
[-        ] var…t_calling:MERGE_JOINT_VCFS -
[-        ] variant_calling:ASM            -
[-        ] var…_calling:MERGE_ASM_OUTPUTS -
[af/6f5cb2] var…:MUTECT2 (evoC-Bap1-mut-F) | 4 of 4 ✔
[d8/37f9a4] mbi…voC-Bap1-mut-F-CG-5-prime) | 12 of 12 ✔
[1d/414b09] epi…ZARR (evoC-Bap1-mut-F-CHH) | 12 of 12 ✔
[c8/96c68a] epi…PORT (evoC-Bap1-mut-F_CHH) | 0 of 12
[45/9c4d70] epi… (evoC_Bap1_run-genome-CG) | 0 of 3
[42/aed8d4] epi…2ZARR (evoC-Bap1-mut-F-CG) | 4 of 4 ✔
[6b/e8540c] epi…XPORT (evoC-Bap1-mut-F_CG) | 4 of 4 ✔
[91/6faba2] epi…2ZARR (evoC-Bap1-mut-F-CG) | 4 of 4 ✔
[8c/b81001] epi…XPORT (evoC-Bap1-mut-F_CG) | 4 of 4 ✔
[3e/52d548] epi…voC_Bap1_run-long_ctrl-CG) | 1 of 1 ✔
[ce/a81050] summary:DQSPY (evoC_Bap1_run)  | 1 of 1 ✔
Plus 3 more processes waiting for tasks…

executor >  slurm (98)
[38/c7ea19] res…AW (evoC-Bap1-mut-F, L000) | 4 of 4 ✔
[bb/6ef43d] res…DE (evoC-Bap1-mut-F, L000) | 4 of 4 ✔
[-        ] resolve_align:FASTQC_RESOLVED  -
[35/a3ae4a] res…M2 (evoC-Bap1-mut-F, L000) | 4 of 4 ✔
[-        ] res…align:SAMTOOLS_MERGE_LANES -
[-        ] resolve_align:PRESEQ           -
[f7/1296d9] bam…t:BAMLET (evoC-Bap1-mut-F) | 4 of 4 ✔
[0d/c02be5] bam…AP_BAMQC (evoC-Bap1-mut-F) | 4 of 4 ✔
[02/f16957] bam…TSS_BIAS (evoC-Bap1-mut-F) | 4 of 4 ✔
[-        ] bam…:DEEPTOOLS_PLOTFINGERPRINT -
[86/e5f00a] bam…D_GCBIAS (evoC-Bap1-mut-F) | 4 of 4 ✔
[ba/3f0643] bam…ACCURACY (evoC-Bap1-mut-F) | 4 of 4 ✔
[03/50a382] var…E_CALLER (evoC-Bap1-mut-M) | 3 of 4
[8d/518e06] var…NTERVALS (GRCm38_filtered) | 1 of 1 ✔
[-        ] var…calling:GENOMICS_DB_IMPORT -
[-        ] variant_calling:GENOTYPE_GVCFS -
[-        ] var…t_calling:MERGE_JOINT_VCFS -
[-        ] variant_calling:ASM            -
[-        ] var…_calling:MERGE_ASM_OUTPUTS -
[af/6f5cb2] var…:MUTECT2 (evoC-Bap1-mut-F) | 4 of 4 ✔
[d8/37f9a4] mbi…voC-Bap1-mut-F-CG-5-prime) | 12 of 12 ✔
[1d/414b09] epi…ZARR (evoC-Bap1-mut-F-CHH) | 12 of 12 ✔
[c8/96c68a] epi…PORT (evoC-Bap1-mut-F_CHH) | 0 of 12
[45/9c4d70] epi… (evoC_Bap1_run-genome-CG) | 1 of 3
[42/aed8d4] epi…2ZARR (evoC-Bap1-mut-F-CG) | 4 of 4 ✔
[6b/e8540c] epi…XPORT (evoC-Bap1-mut-F_CG) | 4 of 4 ✔
[91/6faba2] epi…2ZARR (evoC-Bap1-mut-F-CG) | 4 of 4 ✔
[8c/b81001] epi…XPORT (evoC-Bap1-mut-F_CG) | 4 of 4 ✔
[3e/52d548] epi…voC_Bap1_run-long_ctrl-CG) | 1 of 1 ✔
[ce/a81050] summary:DQSPY (evoC_Bap1_run)  | 1 of 1 ✔
Plus 3 more processes waiting for tasks…

executor >  slurm (98)
[38/c7ea19] res…AW (evoC-Bap1-mut-F, L000) | 4 of 4 ✔
[bb/6ef43d] res…DE (evoC-Bap1-mut-F, L000) | 4 of 4 ✔
[-        ] resolve_align:FASTQC_RESOLVED  -
[35/a3ae4a] res…M2 (evoC-Bap1-mut-F, L000) | 4 of 4 ✔
[-        ] res…align:SAMTOOLS_MERGE_LANES -
[-        ] resolve_align:PRESEQ           -
[f7/1296d9] bam…t:BAMLET (evoC-Bap1-mut-F) | 4 of 4 ✔
[0d/c02be5] bam…AP_BAMQC (evoC-Bap1-mut-F) | 4 of 4 ✔
[02/f16957] bam…TSS_BIAS (evoC-Bap1-mut-F) | 4 of 4 ✔
[-        ] bam…:DEEPTOOLS_PLOTFINGERPRINT -
[86/e5f00a] bam…D_GCBIAS (evoC-Bap1-mut-F) | 4 of 4 ✔
[ba/3f0643] bam…ACCURACY (evoC-Bap1-mut-F) | 4 of 4 ✔
[03/50a382] var…E_CALLER (evoC-Bap1-mut-M) | 3 of 4
[8d/518e06] var…NTERVALS (GRCm38_filtered) | 1 of 1 ✔
[-        ] var…calling:GENOMICS_DB_IMPORT -
[-        ] variant_calling:GENOTYPE_GVCFS -
[-        ] var…t_calling:MERGE_JOINT_VCFS -
[-        ] variant_calling:ASM            -
[-        ] var…_calling:MERGE_ASM_OUTPUTS -
[af/6f5cb2] var…:MUTECT2 (evoC-Bap1-mut-F) | 4 of 4 ✔
[d8/37f9a4] mbi…voC-Bap1-mut-F-CG-5-prime) | 12 of 12 ✔
[1d/414b09] epi…ZARR (evoC-Bap1-mut-F-CHH) | 12 of 12 ✔
[c8/96c68a] epi…PORT (evoC-Bap1-mut-F_CHH) | 0 of 12
[37/575e0c] epi…(evoC_Bap1_run-genome-CHG) | 2 of 3
[42/aed8d4] epi…2ZARR (evoC-Bap1-mut-F-CG) | 4 of 4 ✔
[6b/e8540c] epi…XPORT (evoC-Bap1-mut-F_CG) | 4 of 4 ✔
[91/6faba2] epi…2ZARR (evoC-Bap1-mut-F-CG) | 4 of 4 ✔
[8c/b81001] epi…XPORT (evoC-Bap1-mut-F_CG) | 4 of 4 ✔
[3e/52d548] epi…voC_Bap1_run-long_ctrl-CG) | 1 of 1 ✔
[ce/a81050] summary:DQSPY (evoC_Bap1_run)  | 1 of 1 ✔
Plus 3 more processes waiting for tasks…

executor >  slurm (98)
[38/c7ea19] res…AW (evoC-Bap1-mut-F, L000) | 4 of 4 ✔
[bb/6ef43d] res…DE (evoC-Bap1-mut-F, L000) | 4 of 4 ✔
[-        ] resolve_align:FASTQC_RESOLVED  -
[35/a3ae4a] res…M2 (evoC-Bap1-mut-F, L000) | 4 of 4 ✔
[-        ] res…align:SAMTOOLS_MERGE_LANES -
[-        ] resolve_align:PRESEQ           -
[f7/1296d9] bam…t:BAMLET (evoC-Bap1-mut-F) | 4 of 4 ✔
[0d/c02be5] bam…AP_BAMQC (evoC-Bap1-mut-F) | 4 of 4 ✔
[02/f16957] bam…TSS_BIAS (evoC-Bap1-mut-F) | 4 of 4 ✔
[-        ] bam…:DEEPTOOLS_PLOTFINGERPRINT -
[86/e5f00a] bam…D_GCBIAS (evoC-Bap1-mut-F) | 4 of 4 ✔
[ba/3f0643] bam…ACCURACY (evoC-Bap1-mut-F) | 4 of 4 ✔
[03/50a382] var…E_CALLER (evoC-Bap1-mut-M) | 3 of 4
[8d/518e06] var…NTERVALS (GRCm38_filtered) | 1 of 1 ✔
[-        ] var…calling:GENOMICS_DB_IMPORT -
[-        ] variant_calling:GENOTYPE_GVCFS -
[-        ] var…t_calling:MERGE_JOINT_VCFS -
[-        ] variant_calling:ASM            -
[-        ] var…_calling:MERGE_ASM_OUTPUTS -
[af/6f5cb2] var…:MUTECT2 (evoC-Bap1-mut-F) | 4 of 4 ✔
[d8/37f9a4] mbi…voC-Bap1-mut-F-CG-5-prime) | 12 of 12 ✔
[1d/414b09] epi…ZARR (evoC-Bap1-mut-F-CHH) | 12 of 12 ✔
[57/a071d4] epi…PORT (evoC-Bap1-ctrl-M_CG) | 1 of 12
[37/575e0c] epi…(evoC_Bap1_run-genome-CHG) | 2 of 3
[42/aed8d4] epi…2ZARR (evoC-Bap1-mut-F-CG) | 4 of 4 ✔
[6b/e8540c] epi…XPORT (evoC-Bap1-mut-F_CG) | 4 of 4 ✔
[91/6faba2] epi…2ZARR (evoC-Bap1-mut-F-CG) | 4 of 4 ✔
[8c/b81001] epi…XPORT (evoC-Bap1-mut-F_CG) | 4 of 4 ✔
[3e/52d548] epi…voC_Bap1_run-long_ctrl-CG) | 1 of 1 ✔
[ce/a81050] summary:DQSPY (evoC_Bap1_run)  | 1 of 1 ✔
Plus 3 more processes waiting for tasks…

executor >  slurm (98)
[38/c7ea19] res…AW (evoC-Bap1-mut-F, L000) | 4 of 4 ✔
[bb/6ef43d] res…DE (evoC-Bap1-mut-F, L000) | 4 of 4 ✔
[-        ] resolve_align:FASTQC_RESOLVED  -
[35/a3ae4a] res…M2 (evoC-Bap1-mut-F, L000) | 4 of 4 ✔
[-        ] res…align:SAMTOOLS_MERGE_LANES -
[-        ] resolve_align:PRESEQ           -
[f7/1296d9] bam…t:BAMLET (evoC-Bap1-mut-F) | 4 of 4 ✔
[0d/c02be5] bam…AP_BAMQC (evoC-Bap1-mut-F) | 4 of 4 ✔
[02/f16957] bam…TSS_BIAS (evoC-Bap1-mut-F) | 4 of 4 ✔
[-        ] bam…:DEEPTOOLS_PLOTFINGERPRINT -
[86/e5f00a] bam…D_GCBIAS (evoC-Bap1-mut-F) | 4 of 4 ✔
[ba/3f0643] bam…ACCURACY (evoC-Bap1-mut-F) | 4 of 4 ✔
[03/50a382] var…E_CALLER (evoC-Bap1-mut-M) | 3 of 4
[8d/518e06] var…NTERVALS (GRCm38_filtered) | 1 of 1 ✔
[-        ] var…calling:GENOMICS_DB_IMPORT -
[-        ] variant_calling:GENOTYPE_GVCFS -
[-        ] var…t_calling:MERGE_JOINT_VCFS -
[-        ] variant_calling:ASM            -
[-        ] var…_calling:MERGE_ASM_OUTPUTS -
[af/6f5cb2] var…:MUTECT2 (evoC-Bap1-mut-F) | 4 of 4 ✔
[d8/37f9a4] mbi…voC-Bap1-mut-F-CG-5-prime) | 12 of 12 ✔
[1d/414b09] epi…ZARR (evoC-Bap1-mut-F-CHH) | 12 of 12 ✔
[57/a071d4] epi…PORT (evoC-Bap1-ctrl-M_CG) | 1 of 12
[c7/9f6584] epi…(evoC_Bap1_run-genome-CHH) | 3 of 3 ✔
[42/aed8d4] epi…2ZARR (evoC-Bap1-mut-F-CG) | 4 of 4 ✔
[6b/e8540c] epi…XPORT (evoC-Bap1-mut-F_CG) | 4 of 4 ✔
[91/6faba2] epi…2ZARR (evoC-Bap1-mut-F-CG) | 4 of 4 ✔
[8c/b81001] epi…XPORT (evoC-Bap1-mut-F_CG) | 4 of 4 ✔
[3e/52d548] epi…voC_Bap1_run-long_ctrl-CG) | 1 of 1 ✔
[ce/a81050] summary:DQSPY (evoC_Bap1_run)  | 1 of 1 ✔
Plus 3 more processes waiting for tasks…

executor >  slurm (98)
[38/c7ea19] res…AW (evoC-Bap1-mut-F, L000) | 4 of 4 ✔
[bb/6ef43d] res…DE (evoC-Bap1-mut-F, L000) | 4 of 4 ✔
[-        ] resolve_align:FASTQC_RESOLVED  -
[35/a3ae4a] res…M2 (evoC-Bap1-mut-F, L000) | 4 of 4 ✔
[-        ] res…align:SAMTOOLS_MERGE_LANES -
[-        ] resolve_align:PRESEQ           -
[f7/1296d9] bam…t:BAMLET (evoC-Bap1-mut-F) | 4 of 4 ✔
[0d/c02be5] bam…AP_BAMQC (evoC-Bap1-mut-F) | 4 of 4 ✔
[02/f16957] bam…TSS_BIAS (evoC-Bap1-mut-F) | 4 of 4 ✔
[-        ] bam…:DEEPTOOLS_PLOTFINGERPRINT -
[86/e5f00a] bam…D_GCBIAS (evoC-Bap1-mut-F) | 4 of 4 ✔
[ba/3f0643] bam…ACCURACY (evoC-Bap1-mut-F) | 4 of 4 ✔
[95/7670d0] var…E_CALLER (evoC-Bap1-mut-F) | 4 of 4 ✔
[8d/518e06] var…NTERVALS (GRCm38_filtered) | 1 of 1 ✔
[-        ] var…calling:GENOMICS_DB_IMPORT | 0 of 19
[-        ] variant_calling:GENOTYPE_GVCFS -
[-        ] var…t_calling:MERGE_JOINT_VCFS -
[-        ] variant_calling:ASM            -
[-        ] var…_calling:MERGE_ASM_OUTPUTS -
[af/6f5cb2] var…:MUTECT2 (evoC-Bap1-mut-F) | 4 of 4 ✔
[d8/37f9a4] mbi…voC-Bap1-mut-F-CG-5-prime) | 12 of 12 ✔
[1d/414b09] epi…ZARR (evoC-Bap1-mut-F-CHH) | 12 of 12 ✔
[57/a071d4] epi…PORT (evoC-Bap1-ctrl-M_CG) | 1 of 12
[c7/9f6584] epi…(evoC_Bap1_run-genome-CHH) | 3 of 3 ✔
[42/aed8d4] epi…2ZARR (evoC-Bap1-mut-F-CG) | 4 of 4 ✔
[6b/e8540c] epi…XPORT (evoC-Bap1-mut-F_CG) | 4 of 4 ✔
[91/6faba2] epi…2ZARR (evoC-Bap1-mut-F-CG) | 4 of 4 ✔
[8c/b81001] epi…XPORT (evoC-Bap1-mut-F_CG) | 4 of 4 ✔
[3e/52d548] epi…voC_Bap1_run-long_ctrl-CG) | 1 of 1 ✔
[ce/a81050] summary:DQSPY (evoC_Bap1_run)  | 1 of 1 ✔
Plus 3 more processes waiting for tasks…

executor >  slurm (101)
[38/c7ea19] res…AW (evoC-Bap1-mut-F, L000) | 4 of 4 ✔
[bb/6ef43d] res…DE (evoC-Bap1-mut-F, L000) | 4 of 4 ✔
[-        ] resolve_align:FASTQC_RESOLVED  -
[35/a3ae4a] res…M2 (evoC-Bap1-mut-F, L000) | 4 of 4 ✔
[-        ] res…align:SAMTOOLS_MERGE_LANES -
[-        ] resolve_align:PRESEQ           -
[f7/1296d9] bam…t:BAMLET (evoC-Bap1-mut-F) | 4 of 4 ✔
[0d/c02be5] bam…AP_BAMQC (evoC-Bap1-mut-F) | 4 of 4 ✔
[02/f16957] bam…TSS_BIAS (evoC-Bap1-mut-F) | 4 of 4 ✔
[-        ] bam…:DEEPTOOLS_PLOTFINGERPRINT -
[86/e5f00a] bam…D_GCBIAS (evoC-Bap1-mut-F) | 4 of 4 ✔
[ba/3f0643] bam…ACCURACY (evoC-Bap1-mut-F) | 4 of 4 ✔
[95/7670d0] var…E_CALLER (evoC-Bap1-mut-F) | 4 of 4 ✔
[8d/518e06] var…NTERVALS (GRCm38_filtered) | 1 of 1 ✔
[e9/31d320] var…DB_IMPORT (Interval: 0001) | 0 of 19
[-        ] variant_calling:GENOTYPE_GVCFS -
[-        ] var…t_calling:MERGE_JOINT_VCFS -
[-        ] variant_calling:ASM            -
[-        ] var…_calling:MERGE_ASM_OUTPUTS -
[af/6f5cb2] var…:MUTECT2 (evoC-Bap1-mut-F) | 4 of 4 ✔
[d8/37f9a4] mbi…voC-Bap1-mut-F-CG-5-prime) | 12 of 12 ✔
[1d/414b09] epi…ZARR (evoC-Bap1-mut-F-CHH) | 12 of 12 ✔
[57/a071d4] epi…PORT (evoC-Bap1-ctrl-M_CG) | 1 of 12
[c7/9f6584] epi…(evoC_Bap1_run-genome-CHH) | 3 of 3 ✔
[42/aed8d4] epi…2ZARR (evoC-Bap1-mut-F-CG) | 4 of 4 ✔
[6b/e8540c] epi…XPORT (evoC-Bap1-mut-F_CG) | 4 of 4 ✔
[91/6faba2] epi…2ZARR (evoC-Bap1-mut-F-CG) | 4 of 4 ✔
[8c/b81001] epi…XPORT (evoC-Bap1-mut-F_CG) | 4 of 4 ✔
[3e/52d548] epi…voC_Bap1_run-long_ctrl-CG) | 1 of 1 ✔
[ce/a81050] summary:DQSPY (evoC_Bap1_run)  | 1 of 1 ✔
Plus 3 more processes waiting for tasks…

executor >  slurm (104)
[38/c7ea19] res…AW (evoC-Bap1-mut-F, L000) | 4 of 4 ✔
[bb/6ef43d] res…DE (evoC-Bap1-mut-F, L000) | 4 of 4 ✔
[-        ] resolve_align:FASTQC_RESOLVED  -
[35/a3ae4a] res…M2 (evoC-Bap1-mut-F, L000) | 4 of 4 ✔
[-        ] res…align:SAMTOOLS_MERGE_LANES -
[-        ] resolve_align:PRESEQ           -
[f7/1296d9] bam…t:BAMLET (evoC-Bap1-mut-F) | 4 of 4 ✔
[0d/c02be5] bam…AP_BAMQC (evoC-Bap1-mut-F) | 4 of 4 ✔
[02/f16957] bam…TSS_BIAS (evoC-Bap1-mut-F) | 4 of 4 ✔
[-        ] bam…:DEEPTOOLS_PLOTFINGERPRINT -
[86/e5f00a] bam…D_GCBIAS (evoC-Bap1-mut-F) | 4 of 4 ✔
[ba/3f0643] bam…ACCURACY (evoC-Bap1-mut-F) | 4 of 4 ✔
[95/7670d0] var…E_CALLER (evoC-Bap1-mut-F) | 4 of 4 ✔
[8d/518e06] var…NTERVALS (GRCm38_filtered) | 1 of 1 ✔
[fd/34cfe3] var…DB_IMPORT (Interval: 0009) | 0 of 19
[-        ] variant_calling:GENOTYPE_GVCFS -
[-        ] var…t_calling:MERGE_JOINT_VCFS -
[-        ] variant_calling:ASM            -
[-        ] var…_calling:MERGE_ASM_OUTPUTS -
[af/6f5cb2] var…:MUTECT2 (evoC-Bap1-mut-F) | 4 of 4 ✔
[d8/37f9a4] mbi…voC-Bap1-mut-F-CG-5-prime) | 12 of 12 ✔
[1d/414b09] epi…ZARR (evoC-Bap1-mut-F-CHH) | 12 of 12 ✔
[57/a071d4] epi…PORT (evoC-Bap1-ctrl-M_CG) | 1 of 12
[c7/9f6584] epi…(evoC_Bap1_run-genome-CHH) | 3 of 3 ✔
[42/aed8d4] epi…2ZARR (evoC-Bap1-mut-F-CG) | 4 of 4 ✔
[6b/e8540c] epi…XPORT (evoC-Bap1-mut-F_CG) | 4 of 4 ✔
[91/6faba2] epi…2ZARR (evoC-Bap1-mut-F-CG) | 4 of 4 ✔
[8c/b81001] epi…XPORT (evoC-Bap1-mut-F_CG) | 4 of 4 ✔
[3e/52d548] epi…voC_Bap1_run-long_ctrl-CG) | 1 of 1 ✔
[ce/a81050] summary:DQSPY (evoC_Bap1_run)  | 1 of 1 ✔
Plus 3 more processes waiting for tasks…

executor >  slurm (107)
[38/c7ea19] res…AW (evoC-Bap1-mut-F, L000) | 4 of 4 ✔
[bb/6ef43d] res…DE (evoC-Bap1-mut-F, L000) | 4 of 4 ✔
[-        ] resolve_align:FASTQC_RESOLVED  -
[35/a3ae4a] res…M2 (evoC-Bap1-mut-F, L000) | 4 of 4 ✔
[-        ] res…align:SAMTOOLS_MERGE_LANES -
[-        ] resolve_align:PRESEQ           -
[f7/1296d9] bam…t:BAMLET (evoC-Bap1-mut-F) | 4 of 4 ✔
[0d/c02be5] bam…AP_BAMQC (evoC-Bap1-mut-F) | 4 of 4 ✔
[02/f16957] bam…TSS_BIAS (evoC-Bap1-mut-F) | 4 of 4 ✔
[-        ] bam…:DEEPTOOLS_PLOTFINGERPRINT -
[86/e5f00a] bam…D_GCBIAS (evoC-Bap1-mut-F) | 4 of 4 ✔
[ba/3f0643] bam…ACCURACY (evoC-Bap1-mut-F) | 4 of 4 ✔
[95/7670d0] var…E_CALLER (evoC-Bap1-mut-F) | 4 of 4 ✔
[8d/518e06] var…NTERVALS (GRCm38_filtered) | 1 of 1 ✔
[07/da3ca3] var…DB_IMPORT (Interval: 0008) | 0 of 19
[-        ] variant_calling:GENOTYPE_GVCFS -
[-        ] var…t_calling:MERGE_JOINT_VCFS -
[-        ] variant_calling:ASM            -
[-        ] var…_calling:MERGE_ASM_OUTPUTS -
[af/6f5cb2] var…:MUTECT2 (evoC-Bap1-mut-F) | 4 of 4 ✔
[d8/37f9a4] mbi…voC-Bap1-mut-F-CG-5-prime) | 12 of 12 ✔
[1d/414b09] epi…ZARR (evoC-Bap1-mut-F-CHH) | 12 of 12 ✔
[57/a071d4] epi…PORT (evoC-Bap1-ctrl-M_CG) | 1 of 12
[c7/9f6584] epi…(evoC_Bap1_run-genome-CHH) | 3 of 3 ✔
[42/aed8d4] epi…2ZARR (evoC-Bap1-mut-F-CG) | 4 of 4 ✔
[6b/e8540c] epi…XPORT (evoC-Bap1-mut-F_CG) | 4 of 4 ✔
[91/6faba2] epi…2ZARR (evoC-Bap1-mut-F-CG) | 4 of 4 ✔
[8c/b81001] epi…XPORT (evoC-Bap1-mut-F_CG) | 4 of 4 ✔
[3e/52d548] epi…voC_Bap1_run-long_ctrl-CG) | 1 of 1 ✔
[ce/a81050] summary:DQSPY (evoC_Bap1_run)  | 1 of 1 ✔
Plus 3 more processes waiting for tasks…

executor >  slurm (111)
[38/c7ea19] res…AW (evoC-Bap1-mut-F, L000) | 4 of 4 ✔
[bb/6ef43d] res…DE (evoC-Bap1-mut-F, L000) | 4 of 4 ✔
[-        ] resolve_align:FASTQC_RESOLVED  -
[35/a3ae4a] res…M2 (evoC-Bap1-mut-F, L000) | 4 of 4 ✔
[-        ] res…align:SAMTOOLS_MERGE_LANES -
[-        ] resolve_align:PRESEQ           -
[f7/1296d9] bam…t:BAMLET (evoC-Bap1-mut-F) | 4 of 4 ✔
[0d/c02be5] bam…AP_BAMQC (evoC-Bap1-mut-F) | 4 of 4 ✔
[02/f16957] bam…TSS_BIAS (evoC-Bap1-mut-F) | 4 of 4 ✔
[-        ] bam…:DEEPTOOLS_PLOTFINGERPRINT -
[86/e5f00a] bam…D_GCBIAS (evoC-Bap1-mut-F) | 4 of 4 ✔
[ba/3f0643] bam…ACCURACY (evoC-Bap1-mut-F) | 4 of 4 ✔
[95/7670d0] var…E_CALLER (evoC-Bap1-mut-F) | 4 of 4 ✔
[8d/518e06] var…NTERVALS (GRCm38_filtered) | 1 of 1 ✔
[7c/76d1c4] var…DB_IMPORT (Interval: 0010) | 0 of 19
[-        ] variant_calling:GENOTYPE_GVCFS -
[-        ] var…t_calling:MERGE_JOINT_VCFS -
[-        ] variant_calling:ASM            -
[-        ] var…_calling:MERGE_ASM_OUTPUTS -
[af/6f5cb2] var…:MUTECT2 (evoC-Bap1-mut-F) | 4 of 4 ✔
[d8/37f9a4] mbi…voC-Bap1-mut-F-CG-5-prime) | 12 of 12 ✔
[1d/414b09] epi…ZARR (evoC-Bap1-mut-F-CHH) | 12 of 12 ✔
[57/a071d4] epi…PORT (evoC-Bap1-ctrl-M_CG) | 1 of 12
[c7/9f6584] epi…(evoC_Bap1_run-genome-CHH) | 3 of 3 ✔
[42/aed8d4] epi…2ZARR (evoC-Bap1-mut-F-CG) | 4 of 4 ✔
[6b/e8540c] epi…XPORT (evoC-Bap1-mut-F_CG) | 4 of 4 ✔
[91/6faba2] epi…2ZARR (evoC-Bap1-mut-F-CG) | 4 of 4 ✔
[8c/b81001] epi…XPORT (evoC-Bap1-mut-F_CG) | 4 of 4 ✔
[3e/52d548] epi…voC_Bap1_run-long_ctrl-CG) | 1 of 1 ✔
[ce/a81050] summary:DQSPY (evoC_Bap1_run)  | 1 of 1 ✔
Plus 3 more processes waiting for tasks…

executor >  slurm (112)
[38/c7ea19] res…AW (evoC-Bap1-mut-F, L000) | 4 of 4 ✔
[bb/6ef43d] res…DE (evoC-Bap1-mut-F, L000) | 4 of 4 ✔
[-        ] resolve_align:FASTQC_RESOLVED  -
[35/a3ae4a] res…M2 (evoC-Bap1-mut-F, L000) | 4 of 4 ✔
[-        ] res…align:SAMTOOLS_MERGE_LANES -
[-        ] resolve_align:PRESEQ           -
[f7/1296d9] bam…t:BAMLET (evoC-Bap1-mut-F) | 4 of 4 ✔
[0d/c02be5] bam…AP_BAMQC (evoC-Bap1-mut-F) | 4 of 4 ✔
[02/f16957] bam…TSS_BIAS (evoC-Bap1-mut-F) | 4 of 4 ✔
[-        ] bam…:DEEPTOOLS_PLOTFINGERPRINT -
[86/e5f00a] bam…D_GCBIAS (evoC-Bap1-mut-F) | 4 of 4 ✔
[ba/3f0643] bam…ACCURACY (evoC-Bap1-mut-F) | 4 of 4 ✔
[95/7670d0] var…E_CALLER (evoC-Bap1-mut-F) | 4 of 4 ✔
[8d/518e06] var…NTERVALS (GRCm38_filtered) | 1 of 1 ✔
[a5/79e42b] var…DB_IMPORT (Interval: 0005) | 0 of 19
[-        ] variant_calling:GENOTYPE_GVCFS -
[-        ] var…t_calling:MERGE_JOINT_VCFS -
[-        ] variant_calling:ASM            -
[-        ] var…_calling:MERGE_ASM_OUTPUTS -
[af/6f5cb2] var…:MUTECT2 (evoC-Bap1-mut-F) | 4 of 4 ✔
[d8/37f9a4] mbi…voC-Bap1-mut-F-CG-5-prime) | 12 of 12 ✔
[1d/414b09] epi…ZARR (evoC-Bap1-mut-F-CHH) | 12 of 12 ✔
[57/a071d4] epi…PORT (evoC-Bap1-ctrl-M_CG) | 1 of 12
[c7/9f6584] epi…(evoC_Bap1_run-genome-CHH) | 3 of 3 ✔
[42/aed8d4] epi…2ZARR (evoC-Bap1-mut-F-CG) | 4 of 4 ✔
[6b/e8540c] epi…XPORT (evoC-Bap1-mut-F_CG) | 4 of 4 ✔
[91/6faba2] epi…2ZARR (evoC-Bap1-mut-F-CG) | 4 of 4 ✔
[8c/b81001] epi…XPORT (evoC-Bap1-mut-F_CG) | 4 of 4 ✔
[3e/52d548] epi…voC_Bap1_run-long_ctrl-CG) | 1 of 1 ✔
[ce/a81050] summary:DQSPY (evoC_Bap1_run)  | 1 of 1 ✔
Plus 3 more processes waiting for tasks…

executor >  slurm (113)
[38/c7ea19] res…AW (evoC-Bap1-mut-F, L000) | 4 of 4 ✔
[bb/6ef43d] res…DE (evoC-Bap1-mut-F, L000) | 4 of 4 ✔
[-        ] resolve_align:FASTQC_RESOLVED  -
[35/a3ae4a] res…M2 (evoC-Bap1-mut-F, L000) | 4 of 4 ✔
[-        ] res…align:SAMTOOLS_MERGE_LANES -
[-        ] resolve_align:PRESEQ           -
[f7/1296d9] bam…t:BAMLET (evoC-Bap1-mut-F) | 4 of 4 ✔
[0d/c02be5] bam…AP_BAMQC (evoC-Bap1-mut-F) | 4 of 4 ✔
[02/f16957] bam…TSS_BIAS (evoC-Bap1-mut-F) | 4 of 4 ✔
[-        ] bam…:DEEPTOOLS_PLOTFINGERPRINT -
[86/e5f00a] bam…D_GCBIAS (evoC-Bap1-mut-F) | 4 of 4 ✔
[ba/3f0643] bam…ACCURACY (evoC-Bap1-mut-F) | 4 of 4 ✔
[95/7670d0] var…E_CALLER (evoC-Bap1-mut-F) | 4 of 4 ✔
[8d/518e06] var…NTERVALS (GRCm38_filtered) | 1 of 1 ✔
[f0/a398fa] var…DB_IMPORT (Interval: 0004) | 0 of 19
[-        ] variant_calling:GENOTYPE_GVCFS -
[-        ] var…t_calling:MERGE_JOINT_VCFS -
[-        ] variant_calling:ASM            -
[-        ] var…_calling:MERGE_ASM_OUTPUTS -
[af/6f5cb2] var…:MUTECT2 (evoC-Bap1-mut-F) | 4 of 4 ✔
[d8/37f9a4] mbi…voC-Bap1-mut-F-CG-5-prime) | 12 of 12 ✔
[1d/414b09] epi…ZARR (evoC-Bap1-mut-F-CHH) | 12 of 12 ✔
[57/a071d4] epi…PORT (evoC-Bap1-ctrl-M_CG) | 1 of 12
[c7/9f6584] epi…(evoC_Bap1_run-genome-CHH) | 3 of 3 ✔
[42/aed8d4] epi…2ZARR (evoC-Bap1-mut-F-CG) | 4 of 4 ✔
[6b/e8540c] epi…XPORT (evoC-Bap1-mut-F_CG) | 4 of 4 ✔
[91/6faba2] epi…2ZARR (evoC-Bap1-mut-F-CG) | 4 of 4 ✔
[8c/b81001] epi…XPORT (evoC-Bap1-mut-F_CG) | 4 of 4 ✔
[3e/52d548] epi…voC_Bap1_run-long_ctrl-CG) | 1 of 1 ✔
[ce/a81050] summary:DQSPY (evoC_Bap1_run)  | 1 of 1 ✔
Plus 3 more processes waiting for tasks…

executor >  slurm (115)
[38/c7ea19] res…AW (evoC-Bap1-mut-F, L000) | 4 of 4 ✔
[bb/6ef43d] res…DE (evoC-Bap1-mut-F, L000) | 4 of 4 ✔
[-        ] resolve_align:FASTQC_RESOLVED  -
[35/a3ae4a] res…M2 (evoC-Bap1-mut-F, L000) | 4 of 4 ✔
[-        ] res…align:SAMTOOLS_MERGE_LANES -
[-        ] resolve_align:PRESEQ           -
[f7/1296d9] bam…t:BAMLET (evoC-Bap1-mut-F) | 4 of 4 ✔
[0d/c02be5] bam…AP_BAMQC (evoC-Bap1-mut-F) | 4 of 4 ✔
[02/f16957] bam…TSS_BIAS (evoC-Bap1-mut-F) | 4 of 4 ✔
[-        ] bam…:DEEPTOOLS_PLOTFINGERPRINT -
[86/e5f00a] bam…D_GCBIAS (evoC-Bap1-mut-F) | 4 of 4 ✔
[ba/3f0643] bam…ACCURACY (evoC-Bap1-mut-F) | 4 of 4 ✔
[95/7670d0] var…E_CALLER (evoC-Bap1-mut-F) | 4 of 4 ✔
[8d/518e06] var…NTERVALS (GRCm38_filtered) | 1 of 1 ✔
[76/1bc903] var…DB_IMPORT (Interval: 0016) | 0 of 19
[-        ] variant_calling:GENOTYPE_GVCFS -
[-        ] var…t_calling:MERGE_JOINT_VCFS -
[-        ] variant_calling:ASM            -
[-        ] var…_calling:MERGE_ASM_OUTPUTS -
[af/6f5cb2] var…:MUTECT2 (evoC-Bap1-mut-F) | 4 of 4 ✔
[d8/37f9a4] mbi…voC-Bap1-mut-F-CG-5-prime) | 12 of 12 ✔
[1d/414b09] epi…ZARR (evoC-Bap1-mut-F-CHH) | 12 of 12 ✔
[57/a071d4] epi…PORT (evoC-Bap1-ctrl-M_CG) | 1 of 12
[c7/9f6584] epi…(evoC_Bap1_run-genome-CHH) | 3 of 3 ✔
[42/aed8d4] epi…2ZARR (evoC-Bap1-mut-F-CG) | 4 of 4 ✔
[6b/e8540c] epi…XPORT (evoC-Bap1-mut-F_CG) | 4 of 4 ✔
[91/6faba2] epi…2ZARR (evoC-Bap1-mut-F-CG) | 4 of 4 ✔
[8c/b81001] epi…XPORT (evoC-Bap1-mut-F_CG) | 4 of 4 ✔
[3e/52d548] epi…voC_Bap1_run-long_ctrl-CG) | 1 of 1 ✔
[ce/a81050] summary:DQSPY (evoC_Bap1_run)  | 1 of 1 ✔
Plus 3 more processes waiting for tasks…

executor >  slurm (116)
[38/c7ea19] res…AW (evoC-Bap1-mut-F, L000) | 4 of 4 ✔
[bb/6ef43d] res…DE (evoC-Bap1-mut-F, L000) | 4 of 4 ✔
[-        ] resolve_align:FASTQC_RESOLVED  -
[35/a3ae4a] res…M2 (evoC-Bap1-mut-F, L000) | 4 of 4 ✔
[-        ] res…align:SAMTOOLS_MERGE_LANES -
[-        ] resolve_align:PRESEQ           -
[f7/1296d9] bam…t:BAMLET (evoC-Bap1-mut-F) | 4 of 4 ✔
[0d/c02be5] bam…AP_BAMQC (evoC-Bap1-mut-F) | 4 of 4 ✔
[02/f16957] bam…TSS_BIAS (evoC-Bap1-mut-F) | 4 of 4 ✔
[-        ] bam…:DEEPTOOLS_PLOTFINGERPRINT -
[86/e5f00a] bam…D_GCBIAS (evoC-Bap1-mut-F) | 4 of 4 ✔
[ba/3f0643] bam…ACCURACY (evoC-Bap1-mut-F) | 4 of 4 ✔
[95/7670d0] var…E_CALLER (evoC-Bap1-mut-F) | 4 of 4 ✔
[8d/518e06] var…NTERVALS (GRCm38_filtered) | 1 of 1 ✔
[d5/b09b4f] var…DB_IMPORT (Interval: 0018) | 0 of 19
[-        ] variant_calling:GENOTYPE_GVCFS -
[-        ] var…t_calling:MERGE_JOINT_VCFS -
[-        ] variant_calling:ASM            -
[-        ] var…_calling:MERGE_ASM_OUTPUTS -
[af/6f5cb2] var…:MUTECT2 (evoC-Bap1-mut-F) | 4 of 4 ✔
[d8/37f9a4] mbi…voC-Bap1-mut-F-CG-5-prime) | 12 of 12 ✔
[1d/414b09] epi…ZARR (evoC-Bap1-mut-F-CHH) | 12 of 12 ✔
[57/a071d4] epi…PORT (evoC-Bap1-ctrl-M_CG) | 1 of 12
[c7/9f6584] epi…(evoC_Bap1_run-genome-CHH) | 3 of 3 ✔
[42/aed8d4] epi…2ZARR (evoC-Bap1-mut-F-CG) | 4 of 4 ✔
[6b/e8540c] epi…XPORT (evoC-Bap1-mut-F_CG) | 4 of 4 ✔
[91/6faba2] epi…2ZARR (evoC-Bap1-mut-F-CG) | 4 of 4 ✔
[8c/b81001] epi…XPORT (evoC-Bap1-mut-F_CG) | 4 of 4 ✔
[3e/52d548] epi…voC_Bap1_run-long_ctrl-CG) | 1 of 1 ✔
[ce/a81050] summary:DQSPY (evoC_Bap1_run)  | 1 of 1 ✔
Plus 3 more processes waiting for tasks…

executor >  slurm (117)
[38/c7ea19] res…AW (evoC-Bap1-mut-F, L000) | 4 of 4 ✔
[bb/6ef43d] res…DE (evoC-Bap1-mut-F, L000) | 4 of 4 ✔
[-        ] resolve_align:FASTQC_RESOLVED  -
[35/a3ae4a] res…M2 (evoC-Bap1-mut-F, L000) | 4 of 4 ✔
[-        ] res…align:SAMTOOLS_MERGE_LANES -
[-        ] resolve_align:PRESEQ           -
[f7/1296d9] bam…t:BAMLET (evoC-Bap1-mut-F) | 4 of 4 ✔
[0d/c02be5] bam…AP_BAMQC (evoC-Bap1-mut-F) | 4 of 4 ✔
[02/f16957] bam…TSS_BIAS (evoC-Bap1-mut-F) | 4 of 4 ✔
[-        ] bam…:DEEPTOOLS_PLOTFINGERPRINT -
[86/e5f00a] bam…D_GCBIAS (evoC-Bap1-mut-F) | 4 of 4 ✔
[ba/3f0643] bam…ACCURACY (evoC-Bap1-mut-F) | 4 of 4 ✔
[95/7670d0] var…E_CALLER (evoC-Bap1-mut-F) | 4 of 4 ✔
[8d/518e06] var…NTERVALS (GRCm38_filtered) | 1 of 1 ✔
[9e/8c127d] var…DB_IMPORT (Interval: 0011) | 0 of 19
[-        ] variant_calling:GENOTYPE_GVCFS -
[-        ] var…t_calling:MERGE_JOINT_VCFS -
[-        ] variant_calling:ASM            -
[-        ] var…_calling:MERGE_ASM_OUTPUTS -
[af/6f5cb2] var…:MUTECT2 (evoC-Bap1-mut-F) | 4 of 4 ✔
[d8/37f9a4] mbi…voC-Bap1-mut-F-CG-5-prime) | 12 of 12 ✔
[1d/414b09] epi…ZARR (evoC-Bap1-mut-F-CHH) | 12 of 12 ✔
[57/a071d4] epi…PORT (evoC-Bap1-ctrl-M_CG) | 1 of 12
[c7/9f6584] epi…(evoC_Bap1_run-genome-CHH) | 3 of 3 ✔
[42/aed8d4] epi…2ZARR (evoC-Bap1-mut-F-CG) | 4 of 4 ✔
[6b/e8540c] epi…XPORT (evoC-Bap1-mut-F_CG) | 4 of 4 ✔
[91/6faba2] epi…2ZARR (evoC-Bap1-mut-F-CG) | 4 of 4 ✔
[8c/b81001] epi…XPORT (evoC-Bap1-mut-F_CG) | 4 of 4 ✔
[3e/52d548] epi…voC_Bap1_run-long_ctrl-CG) | 1 of 1 ✔
[ce/a81050] summary:DQSPY (evoC_Bap1_run)  | 1 of 1 ✔
Plus 3 more processes waiting for tasks…

executor >  slurm (117)
[38/c7ea19] res…AW (evoC-Bap1-mut-F, L000) | 4 of 4 ✔
[bb/6ef43d] res…DE (evoC-Bap1-mut-F, L000) | 4 of 4 ✔
[-        ] resolve_align:FASTQC_RESOLVED  -
[35/a3ae4a] res…M2 (evoC-Bap1-mut-F, L000) | 4 of 4 ✔
[-        ] res…align:SAMTOOLS_MERGE_LANES -
[-        ] resolve_align:PRESEQ           -
[f7/1296d9] bam…t:BAMLET (evoC-Bap1-mut-F) | 4 of 4 ✔
[0d/c02be5] bam…AP_BAMQC (evoC-Bap1-mut-F) | 4 of 4 ✔
[02/f16957] bam…TSS_BIAS (evoC-Bap1-mut-F) | 4 of 4 ✔
[-        ] bam…:DEEPTOOLS_PLOTFINGERPRINT -
[86/e5f00a] bam…D_GCBIAS (evoC-Bap1-mut-F) | 4 of 4 ✔
[ba/3f0643] bam…ACCURACY (evoC-Bap1-mut-F) | 4 of 4 ✔
[95/7670d0] var…E_CALLER (evoC-Bap1-mut-F) | 4 of 4 ✔
[8d/518e06] var…NTERVALS (GRCm38_filtered) | 1 of 1 ✔
[9e/8c127d] var…DB_IMPORT (Interval: 0011) | 0 of 19
[-        ] variant_calling:GENOTYPE_GVCFS -
[-        ] var…t_calling:MERGE_JOINT_VCFS -
[-        ] variant_calling:ASM            -
[-        ] var…_calling:MERGE_ASM_OUTPUTS -
[af/6f5cb2] var…:MUTECT2 (evoC-Bap1-mut-F) | 4 of 4 ✔
[d8/37f9a4] mbi…voC-Bap1-mut-F-CG-5-prime) | 12 of 12 ✔
[1d/414b09] epi…ZARR (evoC-Bap1-mut-F-CHH) | 12 of 12 ✔
[11/fb90e8] epi…PORT (evoC-Bap1-ctrl-F_CG) | 2 of 12
[c7/9f6584] epi…(evoC_Bap1_run-genome-CHH) | 3 of 3 ✔
[42/aed8d4] epi…2ZARR (evoC-Bap1-mut-F-CG) | 4 of 4 ✔
[6b/e8540c] epi…XPORT (evoC-Bap1-mut-F_CG) | 4 of 4 ✔
[91/6faba2] epi…2ZARR (evoC-Bap1-mut-F-CG) | 4 of 4 ✔
[8c/b81001] epi…XPORT (evoC-Bap1-mut-F_CG) | 4 of 4 ✔
[3e/52d548] epi…voC_Bap1_run-long_ctrl-CG) | 1 of 1 ✔
[ce/a81050] summary:DQSPY (evoC_Bap1_run)  | 1 of 1 ✔
Plus 3 more processes waiting for tasks…

executor >  slurm (117)
[38/c7ea19] res…AW (evoC-Bap1-mut-F, L000) | 4 of 4 ✔
[bb/6ef43d] res…DE (evoC-Bap1-mut-F, L000) | 4 of 4 ✔
[-        ] resolve_align:FASTQC_RESOLVED  -
[35/a3ae4a] res…M2 (evoC-Bap1-mut-F, L000) | 4 of 4 ✔
[-        ] res…align:SAMTOOLS_MERGE_LANES -
[-        ] resolve_align:PRESEQ           -
[f7/1296d9] bam…t:BAMLET (evoC-Bap1-mut-F) | 4 of 4 ✔
[0d/c02be5] bam…AP_BAMQC (evoC-Bap1-mut-F) | 4 of 4 ✔
[02/f16957] bam…TSS_BIAS (evoC-Bap1-mut-F) | 4 of 4 ✔
[-        ] bam…:DEEPTOOLS_PLOTFINGERPRINT -
[86/e5f00a] bam…D_GCBIAS (evoC-Bap1-mut-F) | 4 of 4 ✔
[ba/3f0643] bam…ACCURACY (evoC-Bap1-mut-F) | 4 of 4 ✔
[95/7670d0] var…E_CALLER (evoC-Bap1-mut-F) | 4 of 4 ✔
[8d/518e06] var…NTERVALS (GRCm38_filtered) | 1 of 1 ✔
[9e/8c127d] var…DB_IMPORT (Interval: 0011) | 0 of 19
[-        ] variant_calling:GENOTYPE_GVCFS -
[-        ] var…t_calling:MERGE_JOINT_VCFS -
[-        ] variant_calling:ASM            -
[-        ] var…_calling:MERGE_ASM_OUTPUTS -
[af/6f5cb2] var…:MUTECT2 (evoC-Bap1-mut-F) | 4 of 4 ✔
[d8/37f9a4] mbi…voC-Bap1-mut-F-CG-5-prime) | 12 of 12 ✔
[1d/414b09] epi…ZARR (evoC-Bap1-mut-F-CHH) | 12 of 12 ✔
[11/fb90e8] epi…PORT (evoC-Bap1-ctrl-F_CG) | 2 of 12
[c7/9f6584] epi…(evoC_Bap1_run-genome-CHH) | 3 of 3 ✔
[42/aed8d4] epi…2ZARR (evoC-Bap1-mut-F-CG) | 4 of 4 ✔
[6b/e8540c] epi…XPORT (evoC-Bap1-mut-F_CG) | 4 of 4 ✔
[91/6faba2] epi…2ZARR (evoC-Bap1-mut-F-CG) | 4 of 4 ✔
[8c/b81001] epi…XPORT (evoC-Bap1-mut-F_CG) | 4 of 4 ✔
[3e/52d548] epi…voC_Bap1_run-long_ctrl-CG) | 1 of 1 ✔
[ce/a81050] summary:DQSPY (evoC_Bap1_run)  | 1 of 1 ✔
Plus 3 more processes waiting for tasks…

executor >  slurm (117)
[38/c7ea19] res…AW (evoC-Bap1-mut-F, L000) | 4 of 4 ✔
[bb/6ef43d] res…DE (evoC-Bap1-mut-F, L000) | 4 of 4 ✔
[-        ] resolve_align:FASTQC_RESOLVED  -
[35/a3ae4a] res…M2 (evoC-Bap1-mut-F, L000) | 4 of 4 ✔
[-        ] res…align:SAMTOOLS_MERGE_LANES -
[-        ] resolve_align:PRESEQ           -
[f7/1296d9] bam…t:BAMLET (evoC-Bap1-mut-F) | 4 of 4 ✔
[0d/c02be5] bam…AP_BAMQC (evoC-Bap1-mut-F) | 4 of 4 ✔
[02/f16957] bam…TSS_BIAS (evoC-Bap1-mut-F) | 4 of 4 ✔
[-        ] bam…:DEEPTOOLS_PLOTFINGERPRINT -
[86/e5f00a] bam…D_GCBIAS (evoC-Bap1-mut-F) | 4 of 4 ✔
[ba/3f0643] bam…ACCURACY (evoC-Bap1-mut-F) | 4 of 4 ✔
[95/7670d0] var…E_CALLER (evoC-Bap1-mut-F) | 4 of 4 ✔
[8d/518e06] var…NTERVALS (GRCm38_filtered) | 1 of 1 ✔
[f8/d3d75d] var…DB_IMPORT (Interval: 0006) | 1 of 19
[-        ] variant_calling:GENOTYPE_GVCFS | 0 of 1
[-        ] var…t_calling:MERGE_JOINT_VCFS -
[-        ] variant_calling:ASM            -
[-        ] var…_calling:MERGE_ASM_OUTPUTS -
[af/6f5cb2] var…:MUTECT2 (evoC-Bap1-mut-F) | 4 of 4 ✔
[d8/37f9a4] mbi…voC-Bap1-mut-F-CG-5-prime) | 12 of 12 ✔
[1d/414b09] epi…ZARR (evoC-Bap1-mut-F-CHH) | 12 of 12 ✔
[11/fb90e8] epi…PORT (evoC-Bap1-ctrl-F_CG) | 2 of 12
[c7/9f6584] epi…(evoC_Bap1_run-genome-CHH) | 3 of 3 ✔
[42/aed8d4] epi…2ZARR (evoC-Bap1-mut-F-CG) | 4 of 4 ✔
[6b/e8540c] epi…XPORT (evoC-Bap1-mut-F_CG) | 4 of 4 ✔
[91/6faba2] epi…2ZARR (evoC-Bap1-mut-F-CG) | 4 of 4 ✔
[8c/b81001] epi…XPORT (evoC-Bap1-mut-F_CG) | 4 of 4 ✔
[3e/52d548] epi…voC_Bap1_run-long_ctrl-CG) | 1 of 1 ✔
[ce/a81050] summary:DQSPY (evoC_Bap1_run)  | 1 of 1 ✔
Plus 3 more processes waiting for tasks…

executor >  slurm (118)
[38/c7ea19] res…AW (evoC-Bap1-mut-F, L000) | 4 of 4 ✔
[bb/6ef43d] res…DE (evoC-Bap1-mut-F, L000) | 4 of 4 ✔
[-        ] resolve_align:FASTQC_RESOLVED  -
[35/a3ae4a] res…M2 (evoC-Bap1-mut-F, L000) | 4 of 4 ✔
[-        ] res…align:SAMTOOLS_MERGE_LANES -
[-        ] resolve_align:PRESEQ           -
[f7/1296d9] bam…t:BAMLET (evoC-Bap1-mut-F) | 4 of 4 ✔
[0d/c02be5] bam…AP_BAMQC (evoC-Bap1-mut-F) | 4 of 4 ✔
[02/f16957] bam…TSS_BIAS (evoC-Bap1-mut-F) | 4 of 4 ✔
[-        ] bam…:DEEPTOOLS_PLOTFINGERPRINT -
[86/e5f00a] bam…D_GCBIAS (evoC-Bap1-mut-F) | 4 of 4 ✔
[ba/3f0643] bam…ACCURACY (evoC-Bap1-mut-F) | 4 of 4 ✔
[95/7670d0] var…E_CALLER (evoC-Bap1-mut-F) | 4 of 4 ✔
[8d/518e06] var…NTERVALS (GRCm38_filtered) | 1 of 1 ✔
[f8/d3d75d] var…DB_IMPORT (Interval: 0006) | 1 of 19
[3f/6333d7] var…YPE_GVCFS (Interval: 0006) | 0 of 1
[-        ] var…t_calling:MERGE_JOINT_VCFS -
[-        ] variant_calling:ASM            -
[-        ] var…_calling:MERGE_ASM_OUTPUTS -
[af/6f5cb2] var…:MUTECT2 (evoC-Bap1-mut-F) | 4 of 4 ✔
[d8/37f9a4] mbi…voC-Bap1-mut-F-CG-5-prime) | 12 of 12 ✔
[1d/414b09] epi…ZARR (evoC-Bap1-mut-F-CHH) | 12 of 12 ✔
[11/fb90e8] epi…PORT (evoC-Bap1-ctrl-F_CG) | 2 of 12
[c7/9f6584] epi…(evoC_Bap1_run-genome-CHH) | 3 of 3 ✔
[42/aed8d4] epi…2ZARR (evoC-Bap1-mut-F-CG) | 4 of 4 ✔
[6b/e8540c] epi…XPORT (evoC-Bap1-mut-F_CG) | 4 of 4 ✔
[91/6faba2] epi…2ZARR (evoC-Bap1-mut-F-CG) | 4 of 4 ✔
[8c/b81001] epi…XPORT (evoC-Bap1-mut-F_CG) | 4 of 4 ✔
[3e/52d548] epi…voC_Bap1_run-long_ctrl-CG) | 1 of 1 ✔
[ce/a81050] summary:DQSPY (evoC_Bap1_run)  | 1 of 1 ✔
Plus 3 more processes waiting for tasks…

executor >  slurm (118)
[38/c7ea19] res…AW (evoC-Bap1-mut-F, L000) | 4 of 4 ✔
[bb/6ef43d] res…DE (evoC-Bap1-mut-F, L000) | 4 of 4 ✔
[-        ] resolve_align:FASTQC_RESOLVED  -
[35/a3ae4a] res…M2 (evoC-Bap1-mut-F, L000) | 4 of 4 ✔
[-        ] res…align:SAMTOOLS_MERGE_LANES -
[-        ] resolve_align:PRESEQ           -
[f7/1296d9] bam…t:BAMLET (evoC-Bap1-mut-F) | 4 of 4 ✔
[0d/c02be5] bam…AP_BAMQC (evoC-Bap1-mut-F) | 4 of 4 ✔
[02/f16957] bam…TSS_BIAS (evoC-Bap1-mut-F) | 4 of 4 ✔
[-        ] bam…:DEEPTOOLS_PLOTFINGERPRINT -
[86/e5f00a] bam…D_GCBIAS (evoC-Bap1-mut-F) | 4 of 4 ✔
[ba/3f0643] bam…ACCURACY (evoC-Bap1-mut-F) | 4 of 4 ✔
[95/7670d0] var…E_CALLER (evoC-Bap1-mut-F) | 4 of 4 ✔
[8d/518e06] var…NTERVALS (GRCm38_filtered) | 1 of 1 ✔
[f8/d3d75d] var…DB_IMPORT (Interval: 0006) | 1 of 19
[3f/6333d7] var…YPE_GVCFS (Interval: 0006) | 0 of 1
[-        ] var…t_calling:MERGE_JOINT_VCFS -
[-        ] variant_calling:ASM            -
[-        ] var…_calling:MERGE_ASM_OUTPUTS -
[af/6f5cb2] var…:MUTECT2 (evoC-Bap1-mut-F) | 4 of 4 ✔
[d8/37f9a4] mbi…voC-Bap1-mut-F-CG-5-prime) | 12 of 12 ✔
[1d/414b09] epi…ZARR (evoC-Bap1-mut-F-CHH) | 12 of 12 ✔
[11/fb90e8] epi…PORT (evoC-Bap1-ctrl-F_CG) | 2 of 12
[c7/9f6584] epi…(evoC_Bap1_run-genome-CHH) | 3 of 3 ✔
[42/aed8d4] epi…2ZARR (evoC-Bap1-mut-F-CG) | 4 of 4 ✔
[6b/e8540c] epi…XPORT (evoC-Bap1-mut-F_CG) | 4 of 4 ✔
[91/6faba2] epi…2ZARR (evoC-Bap1-mut-F-CG) | 4 of 4 ✔
[8c/b81001] epi…XPORT (evoC-Bap1-mut-F_CG) | 4 of 4 ✔
[3e/52d548] epi…voC_Bap1_run-long_ctrl-CG) | 1 of 1 ✔
[ce/a81050] summary:DQSPY (evoC_Bap1_run)  | 1 of 1 ✔
Plus 3 more processes waiting for tasks…

executor >  slurm (118)
[38/c7ea19] res…AW (evoC-Bap1-mut-F, L000) | 4 of 4 ✔
[bb/6ef43d] res…DE (evoC-Bap1-mut-F, L000) | 4 of 4 ✔
[-        ] resolve_align:FASTQC_RESOLVED  -
[35/a3ae4a] res…M2 (evoC-Bap1-mut-F, L000) | 4 of 4 ✔
[-        ] res…align:SAMTOOLS_MERGE_LANES -
[-        ] resolve_align:PRESEQ           -
[f7/1296d9] bam…t:BAMLET (evoC-Bap1-mut-F) | 4 of 4 ✔
[0d/c02be5] bam…AP_BAMQC (evoC-Bap1-mut-F) | 4 of 4 ✔
[02/f16957] bam…TSS_BIAS (evoC-Bap1-mut-F) | 4 of 4 ✔
[-        ] bam…:DEEPTOOLS_PLOTFINGERPRINT -
[86/e5f00a] bam…D_GCBIAS (evoC-Bap1-mut-F) | 4 of 4 ✔
[ba/3f0643] bam…ACCURACY (evoC-Bap1-mut-F) | 4 of 4 ✔
[95/7670d0] var…E_CALLER (evoC-Bap1-mut-F) | 4 of 4 ✔
[8d/518e06] var…NTERVALS (GRCm38_filtered) | 1 of 1 ✔
[f8/d3d75d] var…DB_IMPORT (Interval: 0006) | 1 of 19
[3f/6333d7] var…YPE_GVCFS (Interval: 0006) | 1 of 1
[-        ] var…t_calling:MERGE_JOINT_VCFS -
[-        ] variant_calling:ASM            -
[-        ] var…_calling:MERGE_ASM_OUTPUTS -
[af/6f5cb2] var…:MUTECT2 (evoC-Bap1-mut-F) | 4 of 4 ✔
[d8/37f9a4] mbi…voC-Bap1-mut-F-CG-5-prime) | 12 of 12 ✔
[1d/414b09] epi…ZARR (evoC-Bap1-mut-F-CHH) | 12 of 12 ✔
[11/fb90e8] epi…PORT (evoC-Bap1-ctrl-F_CG) | 2 of 12
[c7/9f6584] epi…(evoC_Bap1_run-genome-CHH) | 3 of 3 ✔
[42/aed8d4] epi…2ZARR (evoC-Bap1-mut-F-CG) | 4 of 4 ✔
[6b/e8540c] epi…XPORT (evoC-Bap1-mut-F_CG) | 4 of 4 ✔
[91/6faba2] epi…2ZARR (evoC-Bap1-mut-F-CG) | 4 of 4 ✔
[8c/b81001] epi…XPORT (evoC-Bap1-mut-F_CG) | 4 of 4 ✔
[3e/52d548] epi…voC_Bap1_run-long_ctrl-CG) | 1 of 1 ✔
[ce/a81050] summary:DQSPY (evoC_Bap1_run)  | 1 of 1 ✔
Plus 3 more processes waiting for tasks…

executor >  slurm (118)
[38/c7ea19] res…AW (evoC-Bap1-mut-F, L000) | 4 of 4 ✔
[bb/6ef43d] res…DE (evoC-Bap1-mut-F, L000) | 4 of 4 ✔
[-        ] resolve_align:FASTQC_RESOLVED  -
[35/a3ae4a] res…M2 (evoC-Bap1-mut-F, L000) | 4 of 4 ✔
[-        ] res…align:SAMTOOLS_MERGE_LANES -
[-        ] resolve_align:PRESEQ           -
[f7/1296d9] bam…t:BAMLET (evoC-Bap1-mut-F) | 4 of 4 ✔
[0d/c02be5] bam…AP_BAMQC (evoC-Bap1-mut-F) | 4 of 4 ✔
[02/f16957] bam…TSS_BIAS (evoC-Bap1-mut-F) | 4 of 4 ✔
[-        ] bam…:DEEPTOOLS_PLOTFINGERPRINT -
[86/e5f00a] bam…D_GCBIAS (evoC-Bap1-mut-F) | 4 of 4 ✔
[ba/3f0643] bam…ACCURACY (evoC-Bap1-mut-F) | 4 of 4 ✔
[95/7670d0] var…E_CALLER (evoC-Bap1-mut-F) | 4 of 4 ✔
[8d/518e06] var…NTERVALS (GRCm38_filtered) | 1 of 1 ✔
[f8/d3d75d] var…DB_IMPORT (Interval: 0006) | 1 of 19
[3f/6333d7] var…YPE_GVCFS (Interval: 0006) | 1 of 1
[-        ] var…t_calling:MERGE_JOINT_VCFS -
[-        ] variant_calling:ASM            -
[-        ] var…_calling:MERGE_ASM_OUTPUTS -
[af/6f5cb2] var…:MUTECT2 (evoC-Bap1-mut-F) | 4 of 4 ✔
[d8/37f9a4] mbi…voC-Bap1-mut-F-CG-5-prime) | 12 of 12 ✔
[1d/414b09] epi…ZARR (evoC-Bap1-mut-F-CHH) | 12 of 12 ✔
[d8/c2edd6] epi…XPORT (evoC-Bap1-mut-M_CG) | 3 of 12
[c7/9f6584] epi…(evoC_Bap1_run-genome-CHH) | 3 of 3 ✔
[42/aed8d4] epi…2ZARR (evoC-Bap1-mut-F-CG) | 4 of 4 ✔
[6b/e8540c] epi…XPORT (evoC-Bap1-mut-F_CG) | 4 of 4 ✔
[91/6faba2] epi…2ZARR (evoC-Bap1-mut-F-CG) | 4 of 4 ✔
[8c/b81001] epi…XPORT (evoC-Bap1-mut-F_CG) | 4 of 4 ✔
[3e/52d548] epi…voC_Bap1_run-long_ctrl-CG) | 1 of 1 ✔
[ce/a81050] summary:DQSPY (evoC_Bap1_run)  | 1 of 1 ✔
Plus 3 more processes waiting for tasks…

executor >  slurm (118)
[38/c7ea19] res…AW (evoC-Bap1-mut-F, L000) | 4 of 4 ✔
[bb/6ef43d] res…DE (evoC-Bap1-mut-F, L000) | 4 of 4 ✔
[-        ] resolve_align:FASTQC_RESOLVED  -
[35/a3ae4a] res…M2 (evoC-Bap1-mut-F, L000) | 4 of 4 ✔
[-        ] res…align:SAMTOOLS_MERGE_LANES -
[-        ] resolve_align:PRESEQ           -
[f7/1296d9] bam…t:BAMLET (evoC-Bap1-mut-F) | 4 of 4 ✔
[0d/c02be5] bam…AP_BAMQC (evoC-Bap1-mut-F) | 4 of 4 ✔
[02/f16957] bam…TSS_BIAS (evoC-Bap1-mut-F) | 4 of 4 ✔
[-        ] bam…:DEEPTOOLS_PLOTFINGERPRINT -
[86/e5f00a] bam…D_GCBIAS (evoC-Bap1-mut-F) | 4 of 4 ✔
[ba/3f0643] bam…ACCURACY (evoC-Bap1-mut-F) | 4 of 4 ✔
[95/7670d0] var…E_CALLER (evoC-Bap1-mut-F) | 4 of 4 ✔
[8d/518e06] var…NTERVALS (GRCm38_filtered) | 1 of 1 ✔
[f8/d3d75d] var…DB_IMPORT (Interval: 0006) | 1 of 19
[3f/6333d7] var…YPE_GVCFS (Interval: 0006) | 1 of 1
[-        ] var…t_calling:MERGE_JOINT_VCFS -
[-        ] variant_calling:ASM            -
[-        ] var…_calling:MERGE_ASM_OUTPUTS -
[af/6f5cb2] var…:MUTECT2 (evoC-Bap1-mut-F) | 4 of 4 ✔
[d8/37f9a4] mbi…voC-Bap1-mut-F-CG-5-prime) | 12 of 12 ✔
[1d/414b09] epi…ZARR (evoC-Bap1-mut-F-CHH) | 12 of 12 ✔
[de/7d3a1f] epi…XPORT (evoC-Bap1-mut-F_CG) | 4 of 12
[c7/9f6584] epi…(evoC_Bap1_run-genome-CHH) | 3 of 3 ✔
[42/aed8d4] epi…2ZARR (evoC-Bap1-mut-F-CG) | 4 of 4 ✔
[6b/e8540c] epi…XPORT (evoC-Bap1-mut-F_CG) | 4 of 4 ✔
[91/6faba2] epi…2ZARR (evoC-Bap1-mut-F-CG) | 4 of 4 ✔
[8c/b81001] epi…XPORT (evoC-Bap1-mut-F_CG) | 4 of 4 ✔
[3e/52d548] epi…voC_Bap1_run-long_ctrl-CG) | 1 of 1 ✔
[ce/a81050] summary:DQSPY (evoC_Bap1_run)  | 1 of 1 ✔
Plus 3 more processes waiting for tasks…

executor >  slurm (118)
[38/c7ea19] res…AW (evoC-Bap1-mut-F, L000) | 4 of 4 ✔
[bb/6ef43d] res…DE (evoC-Bap1-mut-F, L000) | 4 of 4 ✔
[-        ] resolve_align:FASTQC_RESOLVED  -
[35/a3ae4a] res…M2 (evoC-Bap1-mut-F, L000) | 4 of 4 ✔
[-        ] res…align:SAMTOOLS_MERGE_LANES -
[-        ] resolve_align:PRESEQ           -
[f7/1296d9] bam…t:BAMLET (evoC-Bap1-mut-F) | 4 of 4 ✔
[0d/c02be5] bam…AP_BAMQC (evoC-Bap1-mut-F) | 4 of 4 ✔
[02/f16957] bam…TSS_BIAS (evoC-Bap1-mut-F) | 4 of 4 ✔
[-        ] bam…:DEEPTOOLS_PLOTFINGERPRINT -
[86/e5f00a] bam…D_GCBIAS (evoC-Bap1-mut-F) | 4 of 4 ✔
[ba/3f0643] bam…ACCURACY (evoC-Bap1-mut-F) | 4 of 4 ✔
[95/7670d0] var…E_CALLER (evoC-Bap1-mut-F) | 4 of 4 ✔
[8d/518e06] var…NTERVALS (GRCm38_filtered) | 1 of 1 ✔
[7c/76d1c4] var…DB_IMPORT (Interval: 0010) | 2 of 19
[3f/6333d7] var…YPE_GVCFS (Interval: 0006) | 1 of 2
[-        ] var…t_calling:MERGE_JOINT_VCFS -
[-        ] variant_calling:ASM            -
[-        ] var…_calling:MERGE_ASM_OUTPUTS -
[af/6f5cb2] var…:MUTECT2 (evoC-Bap1-mut-F) | 4 of 4 ✔
[d8/37f9a4] mbi…voC-Bap1-mut-F-CG-5-prime) | 12 of 12 ✔
[1d/414b09] epi…ZARR (evoC-Bap1-mut-F-CHH) | 12 of 12 ✔
[de/7d3a1f] epi…XPORT (evoC-Bap1-mut-F_CG) | 4 of 12
[c7/9f6584] epi…(evoC_Bap1_run-genome-CHH) | 3 of 3 ✔
[42/aed8d4] epi…2ZARR (evoC-Bap1-mut-F-CG) | 4 of 4 ✔
[6b/e8540c] epi…XPORT (evoC-Bap1-mut-F_CG) | 4 of 4 ✔
[91/6faba2] epi…2ZARR (evoC-Bap1-mut-F-CG) | 4 of 4 ✔
[8c/b81001] epi…XPORT (evoC-Bap1-mut-F_CG) | 4 of 4 ✔
[3e/52d548] epi…voC_Bap1_run-long_ctrl-CG) | 1 of 1 ✔
[ce/a81050] summary:DQSPY (evoC_Bap1_run)  | 1 of 1 ✔
Plus 3 more processes waiting for tasks…

executor >  slurm (119)
[38/c7ea19] res…AW (evoC-Bap1-mut-F, L000) | 4 of 4 ✔
[bb/6ef43d] res…DE (evoC-Bap1-mut-F, L000) | 4 of 4 ✔
[-        ] resolve_align:FASTQC_RESOLVED  -
[35/a3ae4a] res…M2 (evoC-Bap1-mut-F, L000) | 4 of 4 ✔
[-        ] res…align:SAMTOOLS_MERGE_LANES -
[-        ] resolve_align:PRESEQ           -
[f7/1296d9] bam…t:BAMLET (evoC-Bap1-mut-F) | 4 of 4 ✔
[0d/c02be5] bam…AP_BAMQC (evoC-Bap1-mut-F) | 4 of 4 ✔
[02/f16957] bam…TSS_BIAS (evoC-Bap1-mut-F) | 4 of 4 ✔
[-        ] bam…:DEEPTOOLS_PLOTFINGERPRINT -
[86/e5f00a] bam…D_GCBIAS (evoC-Bap1-mut-F) | 4 of 4 ✔
[ba/3f0643] bam…ACCURACY (evoC-Bap1-mut-F) | 4 of 4 ✔
[95/7670d0] var…E_CALLER (evoC-Bap1-mut-F) | 4 of 4 ✔
[8d/518e06] var…NTERVALS (GRCm38_filtered) | 1 of 1 ✔
[7c/76d1c4] var…DB_IMPORT (Interval: 0010) | 2 of 19
[76/b38954] var…YPE_GVCFS (Interval: 0010) | 1 of 2
[-        ] var…t_calling:MERGE_JOINT_VCFS -
[-        ] variant_calling:ASM            -
[-        ] var…_calling:MERGE_ASM_OUTPUTS -
[af/6f5cb2] var…:MUTECT2 (evoC-Bap1-mut-F) | 4 of 4 ✔
[d8/37f9a4] mbi…voC-Bap1-mut-F-CG-5-prime) | 12 of 12 ✔
[1d/414b09] epi…ZARR (evoC-Bap1-mut-F-CHH) | 12 of 12 ✔
[de/7d3a1f] epi…XPORT (evoC-Bap1-mut-F_CG) | 4 of 12
[c7/9f6584] epi…(evoC_Bap1_run-genome-CHH) | 3 of 3 ✔
[42/aed8d4] epi…2ZARR (evoC-Bap1-mut-F-CG) | 4 of 4 ✔
[6b/e8540c] epi…XPORT (evoC-Bap1-mut-F_CG) | 4 of 4 ✔
[91/6faba2] epi…2ZARR (evoC-Bap1-mut-F-CG) | 4 of 4 ✔
[8c/b81001] epi…XPORT (evoC-Bap1-mut-F_CG) | 4 of 4 ✔
[3e/52d548] epi…voC_Bap1_run-long_ctrl-CG) | 1 of 1 ✔
[ce/a81050] summary:DQSPY (evoC_Bap1_run)  | 1 of 1 ✔
Plus 3 more processes waiting for tasks…

executor >  slurm (119)
[38/c7ea19] res…AW (evoC-Bap1-mut-F, L000) | 4 of 4 ✔
[bb/6ef43d] res…DE (evoC-Bap1-mut-F, L000) | 4 of 4 ✔
[-        ] resolve_align:FASTQC_RESOLVED  -
[35/a3ae4a] res…M2 (evoC-Bap1-mut-F, L000) | 4 of 4 ✔
[-        ] res…align:SAMTOOLS_MERGE_LANES -
[-        ] resolve_align:PRESEQ           -
[f7/1296d9] bam…t:BAMLET (evoC-Bap1-mut-F) | 4 of 4 ✔
[0d/c02be5] bam…AP_BAMQC (evoC-Bap1-mut-F) | 4 of 4 ✔
[02/f16957] bam…TSS_BIAS (evoC-Bap1-mut-F) | 4 of 4 ✔
[-        ] bam…:DEEPTOOLS_PLOTFINGERPRINT -
[86/e5f00a] bam…D_GCBIAS (evoC-Bap1-mut-F) | 4 of 4 ✔
[ba/3f0643] bam…ACCURACY (evoC-Bap1-mut-F) | 4 of 4 ✔
[95/7670d0] var…E_CALLER (evoC-Bap1-mut-F) | 4 of 4 ✔
[8d/518e06] var…NTERVALS (GRCm38_filtered) | 1 of 1 ✔
[7c/76d1c4] var…DB_IMPORT (Interval: 0010) | 2 of 19
[76/b38954] var…YPE_GVCFS (Interval: 0010) | 1 of 2
[-        ] var…t_calling:MERGE_JOINT_VCFS -
[-        ] variant_calling:ASM            -
[-        ] var…_calling:MERGE_ASM_OUTPUTS -
[af/6f5cb2] var…:MUTECT2 (evoC-Bap1-mut-F) | 4 of 4 ✔
[d8/37f9a4] mbi…voC-Bap1-mut-F-CG-5-prime) | 12 of 12 ✔
[1d/414b09] epi…ZARR (evoC-Bap1-mut-F-CHH) | 12 of 12 ✔
[de/7d3a1f] epi…XPORT (evoC-Bap1-mut-F_CG) | 4 of 12
[c7/9f6584] epi…(evoC_Bap1_run-genome-CHH) | 3 of 3 ✔
[42/aed8d4] epi…2ZARR (evoC-Bap1-mut-F-CG) | 4 of 4 ✔
[6b/e8540c] epi…XPORT (evoC-Bap1-mut-F_CG) | 4 of 4 ✔
[91/6faba2] epi…2ZARR (evoC-Bap1-mut-F-CG) | 4 of 4 ✔
[8c/b81001] epi…XPORT (evoC-Bap1-mut-F_CG) | 4 of 4 ✔
[3e/52d548] epi…voC_Bap1_run-long_ctrl-CG) | 1 of 1 ✔
[ce/a81050] summary:DQSPY (evoC_Bap1_run)  | 1 of 1 ✔
Plus 3 more processes waiting for tasks…

executor >  slurm (119)
[38/c7ea19] res…AW (evoC-Bap1-mut-F, L000) | 4 of 4 ✔
[bb/6ef43d] res…DE (evoC-Bap1-mut-F, L000) | 4 of 4 ✔
[-        ] resolve_align:FASTQC_RESOLVED  -
[35/a3ae4a] res…M2 (evoC-Bap1-mut-F, L000) | 4 of 4 ✔
[-        ] res…align:SAMTOOLS_MERGE_LANES -
[-        ] resolve_align:PRESEQ           -
[f7/1296d9] bam…t:BAMLET (evoC-Bap1-mut-F) | 4 of 4 ✔
[0d/c02be5] bam…AP_BAMQC (evoC-Bap1-mut-F) | 4 of 4 ✔
[02/f16957] bam…TSS_BIAS (evoC-Bap1-mut-F) | 4 of 4 ✔
[-        ] bam…:DEEPTOOLS_PLOTFINGERPRINT -
[86/e5f00a] bam…D_GCBIAS (evoC-Bap1-mut-F) | 4 of 4 ✔
[ba/3f0643] bam…ACCURACY (evoC-Bap1-mut-F) | 4 of 4 ✔
[95/7670d0] var…E_CALLER (evoC-Bap1-mut-F) | 4 of 4 ✔
[8d/518e06] var…NTERVALS (GRCm38_filtered) | 1 of 1 ✔
[43/3f0e90] var…DB_IMPORT (Interval: 0017) | 3 of 19
[76/b38954] var…YPE_GVCFS (Interval: 0010) | 1 of 3
[-        ] var…t_calling:MERGE_JOINT_VCFS -
[-        ] variant_calling:ASM            -
[-        ] var…_calling:MERGE_ASM_OUTPUTS -
[af/6f5cb2] var…:MUTECT2 (evoC-Bap1-mut-F) | 4 of 4 ✔
[d8/37f9a4] mbi…voC-Bap1-mut-F-CG-5-prime) | 12 of 12 ✔
[1d/414b09] epi…ZARR (evoC-Bap1-mut-F-CHH) | 12 of 12 ✔
[de/7d3a1f] epi…XPORT (evoC-Bap1-mut-F_CG) | 4 of 12
[c7/9f6584] epi…(evoC_Bap1_run-genome-CHH) | 3 of 3 ✔
[42/aed8d4] epi…2ZARR (evoC-Bap1-mut-F-CG) | 4 of 4 ✔
[6b/e8540c] epi…XPORT (evoC-Bap1-mut-F_CG) | 4 of 4 ✔
[91/6faba2] epi…2ZARR (evoC-Bap1-mut-F-CG) | 4 of 4 ✔
[8c/b81001] epi…XPORT (evoC-Bap1-mut-F_CG) | 4 of 4 ✔
[3e/52d548] epi…voC_Bap1_run-long_ctrl-CG) | 1 of 1 ✔
[ce/a81050] summary:DQSPY (evoC_Bap1_run)  | 1 of 1 ✔
Plus 3 more processes waiting for tasks…

executor >  slurm (120)
[38/c7ea19] res…AW (evoC-Bap1-mut-F, L000) | 4 of 4 ✔
[bb/6ef43d] res…DE (evoC-Bap1-mut-F, L000) | 4 of 4 ✔
[-        ] resolve_align:FASTQC_RESOLVED  -
[35/a3ae4a] res…M2 (evoC-Bap1-mut-F, L000) | 4 of 4 ✔
[-        ] res…align:SAMTOOLS_MERGE_LANES -
[-        ] resolve_align:PRESEQ           -
[f7/1296d9] bam…t:BAMLET (evoC-Bap1-mut-F) | 4 of 4 ✔
[0d/c02be5] bam…AP_BAMQC (evoC-Bap1-mut-F) | 4 of 4 ✔
[02/f16957] bam…TSS_BIAS (evoC-Bap1-mut-F) | 4 of 4 ✔
[-        ] bam…:DEEPTOOLS_PLOTFINGERPRINT -
[86/e5f00a] bam…D_GCBIAS (evoC-Bap1-mut-F) | 4 of 4 ✔
[ba/3f0643] bam…ACCURACY (evoC-Bap1-mut-F) | 4 of 4 ✔
[95/7670d0] var…E_CALLER (evoC-Bap1-mut-F) | 4 of 4 ✔
[8d/518e06] var…NTERVALS (GRCm38_filtered) | 1 of 1 ✔
[43/3f0e90] var…DB_IMPORT (Interval: 0017) | 3 of 19
[87/c8007a] var…YPE_GVCFS (Interval: 0017) | 1 of 3
[-        ] var…t_calling:MERGE_JOINT_VCFS -
[-        ] variant_calling:ASM            -
[-        ] var…_calling:MERGE_ASM_OUTPUTS -
[af/6f5cb2] var…:MUTECT2 (evoC-Bap1-mut-F) | 4 of 4 ✔
[d8/37f9a4] mbi…voC-Bap1-mut-F-CG-5-prime) | 12 of 12 ✔
[1d/414b09] epi…ZARR (evoC-Bap1-mut-F-CHH) | 12 of 12 ✔
[de/7d3a1f] epi…XPORT (evoC-Bap1-mut-F_CG) | 4 of 12
[c7/9f6584] epi…(evoC_Bap1_run-genome-CHH) | 3 of 3 ✔
[42/aed8d4] epi…2ZARR (evoC-Bap1-mut-F-CG) | 4 of 4 ✔
[6b/e8540c] epi…XPORT (evoC-Bap1-mut-F_CG) | 4 of 4 ✔
[91/6faba2] epi…2ZARR (evoC-Bap1-mut-F-CG) | 4 of 4 ✔
[8c/b81001] epi…XPORT (evoC-Bap1-mut-F_CG) | 4 of 4 ✔
[3e/52d548] epi…voC_Bap1_run-long_ctrl-CG) | 1 of 1 ✔
[ce/a81050] summary:DQSPY (evoC_Bap1_run)  | 1 of 1 ✔
Plus 3 more processes waiting for tasks…

executor >  slurm (120)
[38/c7ea19] res…AW (evoC-Bap1-mut-F, L000) | 4 of 4 ✔
[bb/6ef43d] res…DE (evoC-Bap1-mut-F, L000) | 4 of 4 ✔
[-        ] resolve_align:FASTQC_RESOLVED  -
[35/a3ae4a] res…M2 (evoC-Bap1-mut-F, L000) | 4 of 4 ✔
[-        ] res…align:SAMTOOLS_MERGE_LANES -
[-        ] resolve_align:PRESEQ           -
[f7/1296d9] bam…t:BAMLET (evoC-Bap1-mut-F) | 4 of 4 ✔
[0d/c02be5] bam…AP_BAMQC (evoC-Bap1-mut-F) | 4 of 4 ✔
[02/f16957] bam…TSS_BIAS (evoC-Bap1-mut-F) | 4 of 4 ✔
[-        ] bam…:DEEPTOOLS_PLOTFINGERPRINT -
[86/e5f00a] bam…D_GCBIAS (evoC-Bap1-mut-F) | 4 of 4 ✔
[ba/3f0643] bam…ACCURACY (evoC-Bap1-mut-F) | 4 of 4 ✔
[95/7670d0] var…E_CALLER (evoC-Bap1-mut-F) | 4 of 4 ✔
[8d/518e06] var…NTERVALS (GRCm38_filtered) | 1 of 1 ✔
[43/3f0e90] var…DB_IMPORT (Interval: 0017) | 3 of 19
[87/c8007a] var…YPE_GVCFS (Interval: 0017) | 1 of 3
[-        ] var…t_calling:MERGE_JOINT_VCFS -
[-        ] variant_calling:ASM            -
[-        ] var…_calling:MERGE_ASM_OUTPUTS -
[af/6f5cb2] var…:MUTECT2 (evoC-Bap1-mut-F) | 4 of 4 ✔
[d8/37f9a4] mbi…voC-Bap1-mut-F-CG-5-prime) | 12 of 12 ✔
[1d/414b09] epi…ZARR (evoC-Bap1-mut-F-CHH) | 12 of 12 ✔
[de/7d3a1f] epi…XPORT (evoC-Bap1-mut-F_CG) | 4 of 12
[c7/9f6584] epi…(evoC_Bap1_run-genome-CHH) | 3 of 3 ✔
[42/aed8d4] epi…2ZARR (evoC-Bap1-mut-F-CG) | 4 of 4 ✔
[6b/e8540c] epi…XPORT (evoC-Bap1-mut-F_CG) | 4 of 4 ✔
[91/6faba2] epi…2ZARR (evoC-Bap1-mut-F-CG) | 4 of 4 ✔
[8c/b81001] epi…XPORT (evoC-Bap1-mut-F_CG) | 4 of 4 ✔
[3e/52d548] epi…voC_Bap1_run-long_ctrl-CG) | 1 of 1 ✔
[ce/a81050] summary:DQSPY (evoC_Bap1_run)  | 1 of 1 ✔
Plus 3 more processes waiting for tasks…

executor >  slurm (120)
[38/c7ea19] res…AW (evoC-Bap1-mut-F, L000) | 4 of 4 ✔
[bb/6ef43d] res…DE (evoC-Bap1-mut-F, L000) | 4 of 4 ✔
[-        ] resolve_align:FASTQC_RESOLVED  -
[35/a3ae4a] res…M2 (evoC-Bap1-mut-F, L000) | 4 of 4 ✔
[-        ] res…align:SAMTOOLS_MERGE_LANES -
[-        ] resolve_align:PRESEQ           -
[f7/1296d9] bam…t:BAMLET (evoC-Bap1-mut-F) | 4 of 4 ✔
[0d/c02be5] bam…AP_BAMQC (evoC-Bap1-mut-F) | 4 of 4 ✔
[02/f16957] bam…TSS_BIAS (evoC-Bap1-mut-F) | 4 of 4 ✔
[-        ] bam…:DEEPTOOLS_PLOTFINGERPRINT -
[86/e5f00a] bam…D_GCBIAS (evoC-Bap1-mut-F) | 4 of 4 ✔
[ba/3f0643] bam…ACCURACY (evoC-Bap1-mut-F) | 4 of 4 ✔
[95/7670d0] var…E_CALLER (evoC-Bap1-mut-F) | 4 of 4 ✔
[8d/518e06] var…NTERVALS (GRCm38_filtered) | 1 of 1 ✔
[e9/31d320] var…DB_IMPORT (Interval: 0001) | 4 of 19
[87/c8007a] var…YPE_GVCFS (Interval: 0017) | 1 of 4
[-        ] var…t_calling:MERGE_JOINT_VCFS -
[-        ] variant_calling:ASM            -
[-        ] var…_calling:MERGE_ASM_OUTPUTS -
[af/6f5cb2] var…:MUTECT2 (evoC-Bap1-mut-F) | 4 of 4 ✔
[d8/37f9a4] mbi…voC-Bap1-mut-F-CG-5-prime) | 12 of 12 ✔
[1d/414b09] epi…ZARR (evoC-Bap1-mut-F-CHH) | 12 of 12 ✔
[de/7d3a1f] epi…XPORT (evoC-Bap1-mut-F_CG) | 4 of 12
[c7/9f6584] epi…(evoC_Bap1_run-genome-CHH) | 3 of 3 ✔
[42/aed8d4] epi…2ZARR (evoC-Bap1-mut-F-CG) | 4 of 4 ✔
[6b/e8540c] epi…XPORT (evoC-Bap1-mut-F_CG) | 4 of 4 ✔
[91/6faba2] epi…2ZARR (evoC-Bap1-mut-F-CG) | 4 of 4 ✔
[8c/b81001] epi…XPORT (evoC-Bap1-mut-F_CG) | 4 of 4 ✔
[3e/52d548] epi…voC_Bap1_run-long_ctrl-CG) | 1 of 1 ✔
[ce/a81050] summary:DQSPY (evoC_Bap1_run)  | 1 of 1 ✔
Plus 3 more processes waiting for tasks…

executor >  slurm (121)
[38/c7ea19] res…AW (evoC-Bap1-mut-F, L000) | 4 of 4 ✔
[bb/6ef43d] res…DE (evoC-Bap1-mut-F, L000) | 4 of 4 ✔
[-        ] resolve_align:FASTQC_RESOLVED  -
[35/a3ae4a] res…M2 (evoC-Bap1-mut-F, L000) | 4 of 4 ✔
[-        ] res…align:SAMTOOLS_MERGE_LANES -
[-        ] resolve_align:PRESEQ           -
[f7/1296d9] bam…t:BAMLET (evoC-Bap1-mut-F) | 4 of 4 ✔
[0d/c02be5] bam…AP_BAMQC (evoC-Bap1-mut-F) | 4 of 4 ✔
[02/f16957] bam…TSS_BIAS (evoC-Bap1-mut-F) | 4 of 4 ✔
[-        ] bam…:DEEPTOOLS_PLOTFINGERPRINT -
[86/e5f00a] bam…D_GCBIAS (evoC-Bap1-mut-F) | 4 of 4 ✔
[ba/3f0643] bam…ACCURACY (evoC-Bap1-mut-F) | 4 of 4 ✔
[95/7670d0] var…E_CALLER (evoC-Bap1-mut-F) | 4 of 4 ✔
[8d/518e06] var…NTERVALS (GRCm38_filtered) | 1 of 1 ✔
[e9/31d320] var…DB_IMPORT (Interval: 0001) | 4 of 19
[e4/9d096b] var…YPE_GVCFS (Interval: 0001) | 1 of 4
[-        ] var…t_calling:MERGE_JOINT_VCFS -
[-        ] variant_calling:ASM            -
[-        ] var…_calling:MERGE_ASM_OUTPUTS -
[af/6f5cb2] var…:MUTECT2 (evoC-Bap1-mut-F) | 4 of 4 ✔
[d8/37f9a4] mbi…voC-Bap1-mut-F-CG-5-prime) | 12 of 12 ✔
[1d/414b09] epi…ZARR (evoC-Bap1-mut-F-CHH) | 12 of 12 ✔
[de/7d3a1f] epi…XPORT (evoC-Bap1-mut-F_CG) | 4 of 12
[c7/9f6584] epi…(evoC_Bap1_run-genome-CHH) | 3 of 3 ✔
[42/aed8d4] epi…2ZARR (evoC-Bap1-mut-F-CG) | 4 of 4 ✔
[6b/e8540c] epi…XPORT (evoC-Bap1-mut-F_CG) | 4 of 4 ✔
[91/6faba2] epi…2ZARR (evoC-Bap1-mut-F-CG) | 4 of 4 ✔
[8c/b81001] epi…XPORT (evoC-Bap1-mut-F_CG) | 4 of 4 ✔
[3e/52d548] epi…voC_Bap1_run-long_ctrl-CG) | 1 of 1 ✔
[ce/a81050] summary:DQSPY (evoC_Bap1_run)  | 1 of 1 ✔
Plus 3 more processes waiting for tasks…

executor >  slurm (122)
[38/c7ea19] res…AW (evoC-Bap1-mut-F, L000) | 4 of 4 ✔
[bb/6ef43d] res…DE (evoC-Bap1-mut-F, L000) | 4 of 4 ✔
[-        ] resolve_align:FASTQC_RESOLVED  -
[35/a3ae4a] res…M2 (evoC-Bap1-mut-F, L000) | 4 of 4 ✔
[-        ] res…align:SAMTOOLS_MERGE_LANES -
[-        ] resolve_align:PRESEQ           -
[f7/1296d9] bam…t:BAMLET (evoC-Bap1-mut-F) | 4 of 4 ✔
[0d/c02be5] bam…AP_BAMQC (evoC-Bap1-mut-F) | 4 of 4 ✔
[02/f16957] bam…TSS_BIAS (evoC-Bap1-mut-F) | 4 of 4 ✔
[-        ] bam…:DEEPTOOLS_PLOTFINGERPRINT -
[86/e5f00a] bam…D_GCBIAS (evoC-Bap1-mut-F) | 4 of 4 ✔
[ba/3f0643] bam…ACCURACY (evoC-Bap1-mut-F) | 4 of 4 ✔
[95/7670d0] var…E_CALLER (evoC-Bap1-mut-F) | 4 of 4 ✔
[8d/518e06] var…NTERVALS (GRCm38_filtered) | 1 of 1 ✔
[07/da3ca3] var…DB_IMPORT (Interval: 0008) | 5 of 19
[89/05e661] var…YPE_GVCFS (Interval: 0008) | 1 of 5
[-        ] var…t_calling:MERGE_JOINT_VCFS -
[-        ] variant_calling:ASM            -
[-        ] var…_calling:MERGE_ASM_OUTPUTS -
[af/6f5cb2] var…:MUTECT2 (evoC-Bap1-mut-F) | 4 of 4 ✔
[d8/37f9a4] mbi…voC-Bap1-mut-F-CG-5-prime) | 12 of 12 ✔
[1d/414b09] epi…ZARR (evoC-Bap1-mut-F-CHH) | 12 of 12 ✔
[de/7d3a1f] epi…XPORT (evoC-Bap1-mut-F_CG) | 4 of 12
[c7/9f6584] epi…(evoC_Bap1_run-genome-CHH) | 3 of 3 ✔
[42/aed8d4] epi…2ZARR (evoC-Bap1-mut-F-CG) | 4 of 4 ✔
[6b/e8540c] epi…XPORT (evoC-Bap1-mut-F_CG) | 4 of 4 ✔
[91/6faba2] epi…2ZARR (evoC-Bap1-mut-F-CG) | 4 of 4 ✔
[8c/b81001] epi…XPORT (evoC-Bap1-mut-F_CG) | 4 of 4 ✔
[3e/52d548] epi…voC_Bap1_run-long_ctrl-CG) | 1 of 1 ✔
[ce/a81050] summary:DQSPY (evoC_Bap1_run)  | 1 of 1 ✔
Plus 3 more processes waiting for tasks…

executor >  slurm (122)
[38/c7ea19] res…AW (evoC-Bap1-mut-F, L000) | 4 of 4 ✔
[bb/6ef43d] res…DE (evoC-Bap1-mut-F, L000) | 4 of 4 ✔
[-        ] resolve_align:FASTQC_RESOLVED  -
[35/a3ae4a] res…M2 (evoC-Bap1-mut-F, L000) | 4 of 4 ✔
[-        ] res…align:SAMTOOLS_MERGE_LANES -
[-        ] resolve_align:PRESEQ           -
[f7/1296d9] bam…t:BAMLET (evoC-Bap1-mut-F) | 4 of 4 ✔
[0d/c02be5] bam…AP_BAMQC (evoC-Bap1-mut-F) | 4 of 4 ✔
[02/f16957] bam…TSS_BIAS (evoC-Bap1-mut-F) | 4 of 4 ✔
[-        ] bam…:DEEPTOOLS_PLOTFINGERPRINT -
[86/e5f00a] bam…D_GCBIAS (evoC-Bap1-mut-F) | 4 of 4 ✔
[ba/3f0643] bam…ACCURACY (evoC-Bap1-mut-F) | 4 of 4 ✔
[95/7670d0] var…E_CALLER (evoC-Bap1-mut-F) | 4 of 4 ✔
[8d/518e06] var…NTERVALS (GRCm38_filtered) | 1 of 1 ✔
[07/da3ca3] var…DB_IMPORT (Interval: 0008) | 5 of 19
[89/05e661] var…YPE_GVCFS (Interval: 0008) | 1 of 5
[-        ] var…t_calling:MERGE_JOINT_VCFS -
[-        ] variant_calling:ASM            -
[-        ] var…_calling:MERGE_ASM_OUTPUTS -
[af/6f5cb2] var…:MUTECT2 (evoC-Bap1-mut-F) | 4 of 4 ✔
[d8/37f9a4] mbi…voC-Bap1-mut-F-CG-5-prime) | 12 of 12 ✔
[1d/414b09] epi…ZARR (evoC-Bap1-mut-F-CHH) | 12 of 12 ✔
[de/7d3a1f] epi…XPORT (evoC-Bap1-mut-F_CG) | 4 of 12
[c7/9f6584] epi…(evoC_Bap1_run-genome-CHH) | 3 of 3 ✔
[42/aed8d4] epi…2ZARR (evoC-Bap1-mut-F-CG) | 4 of 4 ✔
[6b/e8540c] epi…XPORT (evoC-Bap1-mut-F_CG) | 4 of 4 ✔
[91/6faba2] epi…2ZARR (evoC-Bap1-mut-F-CG) | 4 of 4 ✔
[8c/b81001] epi…XPORT (evoC-Bap1-mut-F_CG) | 4 of 4 ✔
[3e/52d548] epi…voC_Bap1_run-long_ctrl-CG) | 1 of 1 ✔
[ce/a81050] summary:DQSPY (evoC_Bap1_run)  | 1 of 1 ✔
Plus 3 more processes waiting for tasks…

executor >  slurm (122)
[38/c7ea19] res…AW (evoC-Bap1-mut-F, L000) | 4 of 4 ✔
[bb/6ef43d] res…DE (evoC-Bap1-mut-F, L000) | 4 of 4 ✔
[-        ] resolve_align:FASTQC_RESOLVED  -
[35/a3ae4a] res…M2 (evoC-Bap1-mut-F, L000) | 4 of 4 ✔
[-        ] res…align:SAMTOOLS_MERGE_LANES -
[-        ] resolve_align:PRESEQ           -
[f7/1296d9] bam…t:BAMLET (evoC-Bap1-mut-F) | 4 of 4 ✔
[0d/c02be5] bam…AP_BAMQC (evoC-Bap1-mut-F) | 4 of 4 ✔
[02/f16957] bam…TSS_BIAS (evoC-Bap1-mut-F) | 4 of 4 ✔
[-        ] bam…:DEEPTOOLS_PLOTFINGERPRINT -
[86/e5f00a] bam…D_GCBIAS (evoC-Bap1-mut-F) | 4 of 4 ✔
[ba/3f0643] bam…ACCURACY (evoC-Bap1-mut-F) | 4 of 4 ✔
[95/7670d0] var…E_CALLER (evoC-Bap1-mut-F) | 4 of 4 ✔
[8d/518e06] var…NTERVALS (GRCm38_filtered) | 1 of 1 ✔
[9b/f71fc5] var…DB_IMPORT (Interval: 0003) | 6 of 19
[89/05e661] var…YPE_GVCFS (Interval: 0008) | 1 of 6
[-        ] var…t_calling:MERGE_JOINT_VCFS -
[-        ] variant_calling:ASM            -
[-        ] var…_calling:MERGE_ASM_OUTPUTS -
[af/6f5cb2] var…:MUTECT2 (evoC-Bap1-mut-F) | 4 of 4 ✔
[d8/37f9a4] mbi…voC-Bap1-mut-F-CG-5-prime) | 12 of 12 ✔
[1d/414b09] epi…ZARR (evoC-Bap1-mut-F-CHH) | 12 of 12 ✔
[de/7d3a1f] epi…XPORT (evoC-Bap1-mut-F_CG) | 4 of 12
[c7/9f6584] epi…(evoC_Bap1_run-genome-CHH) | 3 of 3 ✔
[42/aed8d4] epi…2ZARR (evoC-Bap1-mut-F-CG) | 4 of 4 ✔
[6b/e8540c] epi…XPORT (evoC-Bap1-mut-F_CG) | 4 of 4 ✔
[91/6faba2] epi…2ZARR (evoC-Bap1-mut-F-CG) | 4 of 4 ✔
[8c/b81001] epi…XPORT (evoC-Bap1-mut-F_CG) | 4 of 4 ✔
[3e/52d548] epi…voC_Bap1_run-long_ctrl-CG) | 1 of 1 ✔
[ce/a81050] summary:DQSPY (evoC_Bap1_run)  | 1 of 1 ✔
Plus 3 more processes waiting for tasks…

executor >  slurm (123)
[38/c7ea19] res…AW (evoC-Bap1-mut-F, L000) | 4 of 4 ✔
[bb/6ef43d] res…DE (evoC-Bap1-mut-F, L000) | 4 of 4 ✔
[-        ] resolve_align:FASTQC_RESOLVED  -
[35/a3ae4a] res…M2 (evoC-Bap1-mut-F, L000) | 4 of 4 ✔
[-        ] res…align:SAMTOOLS_MERGE_LANES -
[-        ] resolve_align:PRESEQ           -
[f7/1296d9] bam…t:BAMLET (evoC-Bap1-mut-F) | 4 of 4 ✔
[0d/c02be5] bam…AP_BAMQC (evoC-Bap1-mut-F) | 4 of 4 ✔
[02/f16957] bam…TSS_BIAS (evoC-Bap1-mut-F) | 4 of 4 ✔
[-        ] bam…:DEEPTOOLS_PLOTFINGERPRINT -
[86/e5f00a] bam…D_GCBIAS (evoC-Bap1-mut-F) | 4 of 4 ✔
[ba/3f0643] bam…ACCURACY (evoC-Bap1-mut-F) | 4 of 4 ✔
[95/7670d0] var…E_CALLER (evoC-Bap1-mut-F) | 4 of 4 ✔
[8d/518e06] var…NTERVALS (GRCm38_filtered) | 1 of 1 ✔
[9b/f71fc5] var…DB_IMPORT (Interval: 0003) | 6 of 19
[66/fbd9aa] var…YPE_GVCFS (Interval: 0003) | 1 of 6
[-        ] var…t_calling:MERGE_JOINT_VCFS -
[-        ] variant_calling:ASM            -
[-        ] var…_calling:MERGE_ASM_OUTPUTS -
[af/6f5cb2] var…:MUTECT2 (evoC-Bap1-mut-F) | 4 of 4 ✔
[d8/37f9a4] mbi…voC-Bap1-mut-F-CG-5-prime) | 12 of 12 ✔
[1d/414b09] epi…ZARR (evoC-Bap1-mut-F-CHH) | 12 of 12 ✔
[de/7d3a1f] epi…XPORT (evoC-Bap1-mut-F_CG) | 4 of 12
[c7/9f6584] epi…(evoC_Bap1_run-genome-CHH) | 3 of 3 ✔
[42/aed8d4] epi…2ZARR (evoC-Bap1-mut-F-CG) | 4 of 4 ✔
[6b/e8540c] epi…XPORT (evoC-Bap1-mut-F_CG) | 4 of 4 ✔
[91/6faba2] epi…2ZARR (evoC-Bap1-mut-F-CG) | 4 of 4 ✔
[8c/b81001] epi…XPORT (evoC-Bap1-mut-F_CG) | 4 of 4 ✔
[3e/52d548] epi…voC_Bap1_run-long_ctrl-CG) | 1 of 1 ✔
[ce/a81050] summary:DQSPY (evoC_Bap1_run)  | 1 of 1 ✔
Plus 3 more processes waiting for tasks…

executor >  slurm (123)
[38/c7ea19] res…AW (evoC-Bap1-mut-F, L000) | 4 of 4 ✔
[bb/6ef43d] res…DE (evoC-Bap1-mut-F, L000) | 4 of 4 ✔
[-        ] resolve_align:FASTQC_RESOLVED  -
[35/a3ae4a] res…M2 (evoC-Bap1-mut-F, L000) | 4 of 4 ✔
[-        ] res…align:SAMTOOLS_MERGE_LANES -
[-        ] resolve_align:PRESEQ           -
[f7/1296d9] bam…t:BAMLET (evoC-Bap1-mut-F) | 4 of 4 ✔
[0d/c02be5] bam…AP_BAMQC (evoC-Bap1-mut-F) | 4 of 4 ✔
[02/f16957] bam…TSS_BIAS (evoC-Bap1-mut-F) | 4 of 4 ✔
[-        ] bam…:DEEPTOOLS_PLOTFINGERPRINT -
[86/e5f00a] bam…D_GCBIAS (evoC-Bap1-mut-F) | 4 of 4 ✔
[ba/3f0643] bam…ACCURACY (evoC-Bap1-mut-F) | 4 of 4 ✔
[95/7670d0] var…E_CALLER (evoC-Bap1-mut-F) | 4 of 4 ✔
[8d/518e06] var…NTERVALS (GRCm38_filtered) | 1 of 1 ✔
[9b/f71fc5] var…DB_IMPORT (Interval: 0003) | 6 of 19
[66/fbd9aa] var…YPE_GVCFS (Interval: 0003) | 1 of 6
[-        ] var…t_calling:MERGE_JOINT_VCFS -
[-        ] variant_calling:ASM            -
[-        ] var…_calling:MERGE_ASM_OUTPUTS -
[af/6f5cb2] var…:MUTECT2 (evoC-Bap1-mut-F) | 4 of 4 ✔
[d8/37f9a4] mbi…voC-Bap1-mut-F-CG-5-prime) | 12 of 12 ✔
[1d/414b09] epi…ZARR (evoC-Bap1-mut-F-CHH) | 12 of 12 ✔
[de/7d3a1f] epi…XPORT (evoC-Bap1-mut-F_CG) | 4 of 12
[c7/9f6584] epi…(evoC_Bap1_run-genome-CHH) | 3 of 3 ✔
[42/aed8d4] epi…2ZARR (evoC-Bap1-mut-F-CG) | 4 of 4 ✔
[6b/e8540c] epi…XPORT (evoC-Bap1-mut-F_CG) | 4 of 4 ✔
[91/6faba2] epi…2ZARR (evoC-Bap1-mut-F-CG) | 4 of 4 ✔
[8c/b81001] epi…XPORT (evoC-Bap1-mut-F_CG) | 4 of 4 ✔
[3e/52d548] epi…voC_Bap1_run-long_ctrl-CG) | 1 of 1 ✔
[ce/a81050] summary:DQSPY (evoC_Bap1_run)  | 1 of 1 ✔
Plus 3 more processes waiting for tasks…

executor >  slurm (123)
[38/c7ea19] res…AW (evoC-Bap1-mut-F, L000) | 4 of 4 ✔
[bb/6ef43d] res…DE (evoC-Bap1-mut-F, L000) | 4 of 4 ✔
[-        ] resolve_align:FASTQC_RESOLVED  -
[35/a3ae4a] res…M2 (evoC-Bap1-mut-F, L000) | 4 of 4 ✔
[-        ] res…align:SAMTOOLS_MERGE_LANES -
[-        ] resolve_align:PRESEQ           -
[f7/1296d9] bam…t:BAMLET (evoC-Bap1-mut-F) | 4 of 4 ✔
[0d/c02be5] bam…AP_BAMQC (evoC-Bap1-mut-F) | 4 of 4 ✔
[02/f16957] bam…TSS_BIAS (evoC-Bap1-mut-F) | 4 of 4 ✔
[-        ] bam…:DEEPTOOLS_PLOTFINGERPRINT -
[86/e5f00a] bam…D_GCBIAS (evoC-Bap1-mut-F) | 4 of 4 ✔
[ba/3f0643] bam…ACCURACY (evoC-Bap1-mut-F) | 4 of 4 ✔
[95/7670d0] var…E_CALLER (evoC-Bap1-mut-F) | 4 of 4 ✔
[8d/518e06] var…NTERVALS (GRCm38_filtered) | 1 of 1 ✔
[f0/a398fa] var…DB_IMPORT (Interval: 0004) | 7 of 19
[66/fbd9aa] var…YPE_GVCFS (Interval: 0003) | 1 of 7
[-        ] var…t_calling:MERGE_JOINT_VCFS -
[-        ] variant_calling:ASM            -
[-        ] var…_calling:MERGE_ASM_OUTPUTS -
[af/6f5cb2] var…:MUTECT2 (evoC-Bap1-mut-F) | 4 of 4 ✔
[d8/37f9a4] mbi…voC-Bap1-mut-F-CG-5-prime) | 12 of 12 ✔
[1d/414b09] epi…ZARR (evoC-Bap1-mut-F-CHH) | 12 of 12 ✔
[de/7d3a1f] epi…XPORT (evoC-Bap1-mut-F_CG) | 4 of 12
[c7/9f6584] epi…(evoC_Bap1_run-genome-CHH) | 3 of 3 ✔
[42/aed8d4] epi…2ZARR (evoC-Bap1-mut-F-CG) | 4 of 4 ✔
[6b/e8540c] epi…XPORT (evoC-Bap1-mut-F_CG) | 4 of 4 ✔
[91/6faba2] epi…2ZARR (evoC-Bap1-mut-F-CG) | 4 of 4 ✔
[8c/b81001] epi…XPORT (evoC-Bap1-mut-F_CG) | 4 of 4 ✔
[3e/52d548] epi…voC_Bap1_run-long_ctrl-CG) | 1 of 1 ✔
[ce/a81050] summary:DQSPY (evoC_Bap1_run)  | 1 of 1 ✔
Plus 3 more processes waiting for tasks…

executor >  slurm (124)
[38/c7ea19] res…AW (evoC-Bap1-mut-F, L000) | 4 of 4 ✔
[bb/6ef43d] res…DE (evoC-Bap1-mut-F, L000) | 4 of 4 ✔
[-        ] resolve_align:FASTQC_RESOLVED  -
[35/a3ae4a] res…M2 (evoC-Bap1-mut-F, L000) | 4 of 4 ✔
[-        ] res…align:SAMTOOLS_MERGE_LANES -
[-        ] resolve_align:PRESEQ           -
[f7/1296d9] bam…t:BAMLET (evoC-Bap1-mut-F) | 4 of 4 ✔
[0d/c02be5] bam…AP_BAMQC (evoC-Bap1-mut-F) | 4 of 4 ✔
[02/f16957] bam…TSS_BIAS (evoC-Bap1-mut-F) | 4 of 4 ✔
[-        ] bam…:DEEPTOOLS_PLOTFINGERPRINT -
[86/e5f00a] bam…D_GCBIAS (evoC-Bap1-mut-F) | 4 of 4 ✔
[ba/3f0643] bam…ACCURACY (evoC-Bap1-mut-F) | 4 of 4 ✔
[95/7670d0] var…E_CALLER (evoC-Bap1-mut-F) | 4 of 4 ✔
[8d/518e06] var…NTERVALS (GRCm38_filtered) | 1 of 1 ✔
[f0/a398fa] var…DB_IMPORT (Interval: 0004) | 7 of 19
[39/a148ce] var…YPE_GVCFS (Interval: 0004) | 1 of 7
[-        ] var…t_calling:MERGE_JOINT_VCFS -
[-        ] variant_calling:ASM            -
[-        ] var…_calling:MERGE_ASM_OUTPUTS -
[af/6f5cb2] var…:MUTECT2 (evoC-Bap1-mut-F) | 4 of 4 ✔
[d8/37f9a4] mbi…voC-Bap1-mut-F-CG-5-prime) | 12 of 12 ✔
[1d/414b09] epi…ZARR (evoC-Bap1-mut-F-CHH) | 12 of 12 ✔
[de/7d3a1f] epi…XPORT (evoC-Bap1-mut-F_CG) | 4 of 12
[c7/9f6584] epi…(evoC_Bap1_run-genome-CHH) | 3 of 3 ✔
[42/aed8d4] epi…2ZARR (evoC-Bap1-mut-F-CG) | 4 of 4 ✔
[6b/e8540c] epi…XPORT (evoC-Bap1-mut-F_CG) | 4 of 4 ✔
[91/6faba2] epi…2ZARR (evoC-Bap1-mut-F-CG) | 4 of 4 ✔
[8c/b81001] epi…XPORT (evoC-Bap1-mut-F_CG) | 4 of 4 ✔
[3e/52d548] epi…voC_Bap1_run-long_ctrl-CG) | 1 of 1 ✔
[ce/a81050] summary:DQSPY (evoC_Bap1_run)  | 1 of 1 ✔
Plus 3 more processes waiting for tasks…

executor >  slurm (124)
[38/c7ea19] res…AW (evoC-Bap1-mut-F, L000) | 4 of 4 ✔
[bb/6ef43d] res…DE (evoC-Bap1-mut-F, L000) | 4 of 4 ✔
[-        ] resolve_align:FASTQC_RESOLVED  -
[35/a3ae4a] res…M2 (evoC-Bap1-mut-F, L000) | 4 of 4 ✔
[-        ] res…align:SAMTOOLS_MERGE_LANES -
[-        ] resolve_align:PRESEQ           -
[f7/1296d9] bam…t:BAMLET (evoC-Bap1-mut-F) | 4 of 4 ✔
[0d/c02be5] bam…AP_BAMQC (evoC-Bap1-mut-F) | 4 of 4 ✔
[02/f16957] bam…TSS_BIAS (evoC-Bap1-mut-F) | 4 of 4 ✔
[-        ] bam…:DEEPTOOLS_PLOTFINGERPRINT -
[86/e5f00a] bam…D_GCBIAS (evoC-Bap1-mut-F) | 4 of 4 ✔
[ba/3f0643] bam…ACCURACY (evoC-Bap1-mut-F) | 4 of 4 ✔
[95/7670d0] var…E_CALLER (evoC-Bap1-mut-F) | 4 of 4 ✔
[8d/518e06] var…NTERVALS (GRCm38_filtered) | 1 of 1 ✔
[54/44d552] var…DB_IMPORT (Interval: 0015) | 8 of 19
[39/a148ce] var…YPE_GVCFS (Interval: 0004) | 1 of 8
[-        ] var…t_calling:MERGE_JOINT_VCFS -
[-        ] variant_calling:ASM            -
[-        ] var…_calling:MERGE_ASM_OUTPUTS -
[af/6f5cb2] var…:MUTECT2 (evoC-Bap1-mut-F) | 4 of 4 ✔
[d8/37f9a4] mbi…voC-Bap1-mut-F-CG-5-prime) | 12 of 12 ✔
[1d/414b09] epi…ZARR (evoC-Bap1-mut-F-CHH) | 12 of 12 ✔
[de/7d3a1f] epi…XPORT (evoC-Bap1-mut-F_CG) | 4 of 12
[c7/9f6584] epi…(evoC_Bap1_run-genome-CHH) | 3 of 3 ✔
[42/aed8d4] epi…2ZARR (evoC-Bap1-mut-F-CG) | 4 of 4 ✔
[6b/e8540c] epi…XPORT (evoC-Bap1-mut-F_CG) | 4 of 4 ✔
[91/6faba2] epi…2ZARR (evoC-Bap1-mut-F-CG) | 4 of 4 ✔
[8c/b81001] epi…XPORT (evoC-Bap1-mut-F_CG) | 4 of 4 ✔
[3e/52d548] epi…voC_Bap1_run-long_ctrl-CG) | 1 of 1 ✔
[ce/a81050] summary:DQSPY (evoC_Bap1_run)  | 1 of 1 ✔
Plus 3 more processes waiting for tasks…

executor >  slurm (125)
[38/c7ea19] res…AW (evoC-Bap1-mut-F, L000) | 4 of 4 ✔
[bb/6ef43d] res…DE (evoC-Bap1-mut-F, L000) | 4 of 4 ✔
[-        ] resolve_align:FASTQC_RESOLVED  -
[35/a3ae4a] res…M2 (evoC-Bap1-mut-F, L000) | 4 of 4 ✔
[-        ] res…align:SAMTOOLS_MERGE_LANES -
[-        ] resolve_align:PRESEQ           -
[f7/1296d9] bam…t:BAMLET (evoC-Bap1-mut-F) | 4 of 4 ✔
[0d/c02be5] bam…AP_BAMQC (evoC-Bap1-mut-F) | 4 of 4 ✔
[02/f16957] bam…TSS_BIAS (evoC-Bap1-mut-F) | 4 of 4 ✔
[-        ] bam…:DEEPTOOLS_PLOTFINGERPRINT -
[86/e5f00a] bam…D_GCBIAS (evoC-Bap1-mut-F) | 4 of 4 ✔
[ba/3f0643] bam…ACCURACY (evoC-Bap1-mut-F) | 4 of 4 ✔
[95/7670d0] var…E_CALLER (evoC-Bap1-mut-F) | 4 of 4 ✔
[8d/518e06] var…NTERVALS (GRCm38_filtered) | 1 of 1 ✔
[54/44d552] var…DB_IMPORT (Interval: 0015) | 8 of 19
[81/ec385b] var…YPE_GVCFS (Interval: 0015) | 1 of 8
[-        ] var…t_calling:MERGE_JOINT_VCFS -
[-        ] variant_calling:ASM            -
[-        ] var…_calling:MERGE_ASM_OUTPUTS -
[af/6f5cb2] var…:MUTECT2 (evoC-Bap1-mut-F) | 4 of 4 ✔
[d8/37f9a4] mbi…voC-Bap1-mut-F-CG-5-prime) | 12 of 12 ✔
[1d/414b09] epi…ZARR (evoC-Bap1-mut-F-CHH) | 12 of 12 ✔
[de/7d3a1f] epi…XPORT (evoC-Bap1-mut-F_CG) | 4 of 12
[c7/9f6584] epi…(evoC_Bap1_run-genome-CHH) | 3 of 3 ✔
[42/aed8d4] epi…2ZARR (evoC-Bap1-mut-F-CG) | 4 of 4 ✔
[6b/e8540c] epi…XPORT (evoC-Bap1-mut-F_CG) | 4 of 4 ✔
[91/6faba2] epi…2ZARR (evoC-Bap1-mut-F-CG) | 4 of 4 ✔
[8c/b81001] epi…XPORT (evoC-Bap1-mut-F_CG) | 4 of 4 ✔
[3e/52d548] epi…voC_Bap1_run-long_ctrl-CG) | 1 of 1 ✔
[ce/a81050] summary:DQSPY (evoC_Bap1_run)  | 1 of 1 ✔
Plus 3 more processes waiting for tasks…

executor >  slurm (125)
[38/c7ea19] res…AW (evoC-Bap1-mut-F, L000) | 4 of 4 ✔
[bb/6ef43d] res…DE (evoC-Bap1-mut-F, L000) | 4 of 4 ✔
[-        ] resolve_align:FASTQC_RESOLVED  -
[35/a3ae4a] res…M2 (evoC-Bap1-mut-F, L000) | 4 of 4 ✔
[-        ] res…align:SAMTOOLS_MERGE_LANES -
[-        ] resolve_align:PRESEQ           -
[f7/1296d9] bam…t:BAMLET (evoC-Bap1-mut-F) | 4 of 4 ✔
[0d/c02be5] bam…AP_BAMQC (evoC-Bap1-mut-F) | 4 of 4 ✔
[02/f16957] bam…TSS_BIAS (evoC-Bap1-mut-F) | 4 of 4 ✔
[-        ] bam…:DEEPTOOLS_PLOTFINGERPRINT -
[86/e5f00a] bam…D_GCBIAS (evoC-Bap1-mut-F) | 4 of 4 ✔
[ba/3f0643] bam…ACCURACY (evoC-Bap1-mut-F) | 4 of 4 ✔
[95/7670d0] var…E_CALLER (evoC-Bap1-mut-F) | 4 of 4 ✔
[8d/518e06] var…NTERVALS (GRCm38_filtered) | 1 of 1 ✔
[54/44d552] var…DB_IMPORT (Interval: 0015) | 8 of 19
[81/ec385b] var…YPE_GVCFS (Interval: 0015) | 1 of 8
[-        ] var…t_calling:MERGE_JOINT_VCFS -
[-        ] variant_calling:ASM            -
[-        ] var…_calling:MERGE_ASM_OUTPUTS -
[af/6f5cb2] var…:MUTECT2 (evoC-Bap1-mut-F) | 4 of 4 ✔
[d8/37f9a4] mbi…voC-Bap1-mut-F-CG-5-prime) | 12 of 12 ✔
[1d/414b09] epi…ZARR (evoC-Bap1-mut-F-CHH) | 12 of 12 ✔
[de/7d3a1f] epi…XPORT (evoC-Bap1-mut-F_CG) | 4 of 12
[c7/9f6584] epi…(evoC_Bap1_run-genome-CHH) | 3 of 3 ✔
[42/aed8d4] epi…2ZARR (evoC-Bap1-mut-F-CG) | 4 of 4 ✔
[6b/e8540c] epi…XPORT (evoC-Bap1-mut-F_CG) | 4 of 4 ✔
[91/6faba2] epi…2ZARR (evoC-Bap1-mut-F-CG) | 4 of 4 ✔
[8c/b81001] epi…XPORT (evoC-Bap1-mut-F_CG) | 4 of 4 ✔
[3e/52d548] epi…voC_Bap1_run-long_ctrl-CG) | 1 of 1 ✔
[ce/a81050] summary:DQSPY (evoC_Bap1_run)  | 1 of 1 ✔
Plus 3 more processes waiting for tasks…

executor >  slurm (125)
[38/c7ea19] res…AW (evoC-Bap1-mut-F, L000) | 4 of 4 ✔
[bb/6ef43d] res…DE (evoC-Bap1-mut-F, L000) | 4 of 4 ✔
[-        ] resolve_align:FASTQC_RESOLVED  -
[35/a3ae4a] res…M2 (evoC-Bap1-mut-F, L000) | 4 of 4 ✔
[-        ] res…align:SAMTOOLS_MERGE_LANES -
[-        ] resolve_align:PRESEQ           -
[f7/1296d9] bam…t:BAMLET (evoC-Bap1-mut-F) | 4 of 4 ✔
[0d/c02be5] bam…AP_BAMQC (evoC-Bap1-mut-F) | 4 of 4 ✔
[02/f16957] bam…TSS_BIAS (evoC-Bap1-mut-F) | 4 of 4 ✔
[-        ] bam…:DEEPTOOLS_PLOTFINGERPRINT -
[86/e5f00a] bam…D_GCBIAS (evoC-Bap1-mut-F) | 4 of 4 ✔
[ba/3f0643] bam…ACCURACY (evoC-Bap1-mut-F) | 4 of 4 ✔
[95/7670d0] var…E_CALLER (evoC-Bap1-mut-F) | 4 of 4 ✔
[8d/518e06] var…NTERVALS (GRCm38_filtered) | 1 of 1 ✔
[60/a580f6] var…DB_IMPORT (Interval: 0014) | 9 of 19
[81/ec385b] var…YPE_GVCFS (Interval: 0015) | 1 of 9
[-        ] var…t_calling:MERGE_JOINT_VCFS -
[-        ] variant_calling:ASM            -
[-        ] var…_calling:MERGE_ASM_OUTPUTS -
[af/6f5cb2] var…:MUTECT2 (evoC-Bap1-mut-F) | 4 of 4 ✔
[d8/37f9a4] mbi…voC-Bap1-mut-F-CG-5-prime) | 12 of 12 ✔
[1d/414b09] epi…ZARR (evoC-Bap1-mut-F-CHH) | 12 of 12 ✔
[de/7d3a1f] epi…XPORT (evoC-Bap1-mut-F_CG) | 4 of 12
[c7/9f6584] epi…(evoC_Bap1_run-genome-CHH) | 3 of 3 ✔
[42/aed8d4] epi…2ZARR (evoC-Bap1-mut-F-CG) | 4 of 4 ✔
[6b/e8540c] epi…XPORT (evoC-Bap1-mut-F_CG) | 4 of 4 ✔
[91/6faba2] epi…2ZARR (evoC-Bap1-mut-F-CG) | 4 of 4 ✔
[8c/b81001] epi…XPORT (evoC-Bap1-mut-F_CG) | 4 of 4 ✔
[3e/52d548] epi…voC_Bap1_run-long_ctrl-CG) | 1 of 1 ✔
[ce/a81050] summary:DQSPY (evoC_Bap1_run)  | 1 of 1 ✔
Plus 3 more processes waiting for tasks…

executor >  slurm (126)
[38/c7ea19] res…AW (evoC-Bap1-mut-F, L000) | 4 of 4 ✔
[bb/6ef43d] res…DE (evoC-Bap1-mut-F, L000) | 4 of 4 ✔
[-        ] resolve_align:FASTQC_RESOLVED  -
[35/a3ae4a] res…M2 (evoC-Bap1-mut-F, L000) | 4 of 4 ✔
[-        ] res…align:SAMTOOLS_MERGE_LANES -
[-        ] resolve_align:PRESEQ           -
[f7/1296d9] bam…t:BAMLET (evoC-Bap1-mut-F) | 4 of 4 ✔
[0d/c02be5] bam…AP_BAMQC (evoC-Bap1-mut-F) | 4 of 4 ✔
[02/f16957] bam…TSS_BIAS (evoC-Bap1-mut-F) | 4 of 4 ✔
[-        ] bam…:DEEPTOOLS_PLOTFINGERPRINT -
[86/e5f00a] bam…D_GCBIAS (evoC-Bap1-mut-F) | 4 of 4 ✔
[ba/3f0643] bam…ACCURACY (evoC-Bap1-mut-F) | 4 of 4 ✔
[95/7670d0] var…E_CALLER (evoC-Bap1-mut-F) | 4 of 4 ✔
[8d/518e06] var…NTERVALS (GRCm38_filtered) | 1 of 1 ✔
[60/a580f6] var…DB_IMPORT (Interval: 0014) | 9 of 19
[cd/f8b4de] var…YPE_GVCFS (Interval: 0014) | 1 of 9
[-        ] var…t_calling:MERGE_JOINT_VCFS -
[-        ] variant_calling:ASM            -
[-        ] var…_calling:MERGE_ASM_OUTPUTS -
[af/6f5cb2] var…:MUTECT2 (evoC-Bap1-mut-F) | 4 of 4 ✔
[d8/37f9a4] mbi…voC-Bap1-mut-F-CG-5-prime) | 12 of 12 ✔
[1d/414b09] epi…ZARR (evoC-Bap1-mut-F-CHH) | 12 of 12 ✔
[de/7d3a1f] epi…XPORT (evoC-Bap1-mut-F_CG) | 4 of 12
[c7/9f6584] epi…(evoC_Bap1_run-genome-CHH) | 3 of 3 ✔
[42/aed8d4] epi…2ZARR (evoC-Bap1-mut-F-CG) | 4 of 4 ✔
[6b/e8540c] epi…XPORT (evoC-Bap1-mut-F_CG) | 4 of 4 ✔
[91/6faba2] epi…2ZARR (evoC-Bap1-mut-F-CG) | 4 of 4 ✔
[8c/b81001] epi…XPORT (evoC-Bap1-mut-F_CG) | 4 of 4 ✔
[3e/52d548] epi…voC_Bap1_run-long_ctrl-CG) | 1 of 1 ✔
[ce/a81050] summary:DQSPY (evoC_Bap1_run)  | 1 of 1 ✔
Plus 3 more processes waiting for tasks…

executor >  slurm (126)
[38/c7ea19] res…AW (evoC-Bap1-mut-F, L000) | 4 of 4 ✔
[bb/6ef43d] res…DE (evoC-Bap1-mut-F, L000) | 4 of 4 ✔
[-        ] resolve_align:FASTQC_RESOLVED  -
[35/a3ae4a] res…M2 (evoC-Bap1-mut-F, L000) | 4 of 4 ✔
[-        ] res…align:SAMTOOLS_MERGE_LANES -
[-        ] resolve_align:PRESEQ           -
[f7/1296d9] bam…t:BAMLET (evoC-Bap1-mut-F) | 4 of 4 ✔
[0d/c02be5] bam…AP_BAMQC (evoC-Bap1-mut-F) | 4 of 4 ✔
[02/f16957] bam…TSS_BIAS (evoC-Bap1-mut-F) | 4 of 4 ✔
[-        ] bam…:DEEPTOOLS_PLOTFINGERPRINT -
[86/e5f00a] bam…D_GCBIAS (evoC-Bap1-mut-F) | 4 of 4 ✔
[ba/3f0643] bam…ACCURACY (evoC-Bap1-mut-F) | 4 of 4 ✔
[95/7670d0] var…E_CALLER (evoC-Bap1-mut-F) | 4 of 4 ✔
[8d/518e06] var…NTERVALS (GRCm38_filtered) | 1 of 1 ✔
[a5/79e42b] var…DB_IMPORT (Interval: 0005) | 10 of 19
[cd/f8b4de] var…YPE_GVCFS (Interval: 0014) | 1 of 10
[-        ] var…t_calling:MERGE_JOINT_VCFS -
[-        ] variant_calling:ASM            -
[-        ] var…_calling:MERGE_ASM_OUTPUTS -
[af/6f5cb2] var…:MUTECT2 (evoC-Bap1-mut-F) | 4 of 4 ✔
[d8/37f9a4] mbi…voC-Bap1-mut-F-CG-5-prime) | 12 of 12 ✔
[1d/414b09] epi…ZARR (evoC-Bap1-mut-F-CHH) | 12 of 12 ✔
[de/7d3a1f] epi…XPORT (evoC-Bap1-mut-F_CG) | 4 of 12
[c7/9f6584] epi…(evoC_Bap1_run-genome-CHH) | 3 of 3 ✔
[42/aed8d4] epi…2ZARR (evoC-Bap1-mut-F-CG) | 4 of 4 ✔
[6b/e8540c] epi…XPORT (evoC-Bap1-mut-F_CG) | 4 of 4 ✔
[91/6faba2] epi…2ZARR (evoC-Bap1-mut-F-CG) | 4 of 4 ✔
[8c/b81001] epi…XPORT (evoC-Bap1-mut-F_CG) | 4 of 4 ✔
[3e/52d548] epi…voC_Bap1_run-long_ctrl-CG) | 1 of 1 ✔
[ce/a81050] summary:DQSPY (evoC_Bap1_run)  | 1 of 1 ✔
Plus 3 more processes waiting for tasks…

executor >  slurm (127)
[38/c7ea19] res…AW (evoC-Bap1-mut-F, L000) | 4 of 4 ✔
[bb/6ef43d] res…DE (evoC-Bap1-mut-F, L000) | 4 of 4 ✔
[-        ] resolve_align:FASTQC_RESOLVED  -
[35/a3ae4a] res…M2 (evoC-Bap1-mut-F, L000) | 4 of 4 ✔
[-        ] res…align:SAMTOOLS_MERGE_LANES -
[-        ] resolve_align:PRESEQ           -
[f7/1296d9] bam…t:BAMLET (evoC-Bap1-mut-F) | 4 of 4 ✔
[0d/c02be5] bam…AP_BAMQC (evoC-Bap1-mut-F) | 4 of 4 ✔
[02/f16957] bam…TSS_BIAS (evoC-Bap1-mut-F) | 4 of 4 ✔
[-        ] bam…:DEEPTOOLS_PLOTFINGERPRINT -
[86/e5f00a] bam…D_GCBIAS (evoC-Bap1-mut-F) | 4 of 4 ✔
[ba/3f0643] bam…ACCURACY (evoC-Bap1-mut-F) | 4 of 4 ✔
[95/7670d0] var…E_CALLER (evoC-Bap1-mut-F) | 4 of 4 ✔
[8d/518e06] var…NTERVALS (GRCm38_filtered) | 1 of 1 ✔
[a5/79e42b] var…DB_IMPORT (Interval: 0005) | 10 of 19
[fc/a78089] var…YPE_GVCFS (Interval: 0005) | 1 of 10
[-        ] var…t_calling:MERGE_JOINT_VCFS -
[-        ] variant_calling:ASM            -
[-        ] var…_calling:MERGE_ASM_OUTPUTS -
[af/6f5cb2] var…:MUTECT2 (evoC-Bap1-mut-F) | 4 of 4 ✔
[d8/37f9a4] mbi…voC-Bap1-mut-F-CG-5-prime) | 12 of 12 ✔
[1d/414b09] epi…ZARR (evoC-Bap1-mut-F-CHH) | 12 of 12 ✔
[de/7d3a1f] epi…XPORT (evoC-Bap1-mut-F_CG) | 4 of 12
[c7/9f6584] epi…(evoC_Bap1_run-genome-CHH) | 3 of 3 ✔
[42/aed8d4] epi…2ZARR (evoC-Bap1-mut-F-CG) | 4 of 4 ✔
[6b/e8540c] epi…XPORT (evoC-Bap1-mut-F_CG) | 4 of 4 ✔
[91/6faba2] epi…2ZARR (evoC-Bap1-mut-F-CG) | 4 of 4 ✔
[8c/b81001] epi…XPORT (evoC-Bap1-mut-F_CG) | 4 of 4 ✔
[3e/52d548] epi…voC_Bap1_run-long_ctrl-CG) | 1 of 1 ✔
[ce/a81050] summary:DQSPY (evoC_Bap1_run)  | 1 of 1 ✔
Plus 3 more processes waiting for tasks…

executor >  slurm (127)
[38/c7ea19] res…AW (evoC-Bap1-mut-F, L000) | 4 of 4 ✔
[bb/6ef43d] res…DE (evoC-Bap1-mut-F, L000) | 4 of 4 ✔
[-        ] resolve_align:FASTQC_RESOLVED  -
[35/a3ae4a] res…M2 (evoC-Bap1-mut-F, L000) | 4 of 4 ✔
[-        ] res…align:SAMTOOLS_MERGE_LANES -
[-        ] resolve_align:PRESEQ           -
[f7/1296d9] bam…t:BAMLET (evoC-Bap1-mut-F) | 4 of 4 ✔
[0d/c02be5] bam…AP_BAMQC (evoC-Bap1-mut-F) | 4 of 4 ✔
[02/f16957] bam…TSS_BIAS (evoC-Bap1-mut-F) | 4 of 4 ✔
[-        ] bam…:DEEPTOOLS_PLOTFINGERPRINT -
[86/e5f00a] bam…D_GCBIAS (evoC-Bap1-mut-F) | 4 of 4 ✔
[ba/3f0643] bam…ACCURACY (evoC-Bap1-mut-F) | 4 of 4 ✔
[95/7670d0] var…E_CALLER (evoC-Bap1-mut-F) | 4 of 4 ✔
[8d/518e06] var…NTERVALS (GRCm38_filtered) | 1 of 1 ✔
[a5/79e42b] var…DB_IMPORT (Interval: 0005) | 10 of 19
[fc/a78089] var…YPE_GVCFS (Interval: 0005) | 1 of 10
[-        ] var…t_calling:MERGE_JOINT_VCFS -
[-        ] variant_calling:ASM            -
[-        ] var…_calling:MERGE_ASM_OUTPUTS -
[af/6f5cb2] var…:MUTECT2 (evoC-Bap1-mut-F) | 4 of 4 ✔
[d8/37f9a4] mbi…voC-Bap1-mut-F-CG-5-prime) | 12 of 12 ✔
[1d/414b09] epi…ZARR (evoC-Bap1-mut-F-CHH) | 12 of 12 ✔
[de/7d3a1f] epi…XPORT (evoC-Bap1-mut-F_CG) | 4 of 12
[c7/9f6584] epi…(evoC_Bap1_run-genome-CHH) | 3 of 3 ✔
[42/aed8d4] epi…2ZARR (evoC-Bap1-mut-F-CG) | 4 of 4 ✔
[6b/e8540c] epi…XPORT (evoC-Bap1-mut-F_CG) | 4 of 4 ✔
[91/6faba2] epi…2ZARR (evoC-Bap1-mut-F-CG) | 4 of 4 ✔
[8c/b81001] epi…XPORT (evoC-Bap1-mut-F_CG) | 4 of 4 ✔
[3e/52d548] epi…voC_Bap1_run-long_ctrl-CG) | 1 of 1 ✔
[ce/a81050] summary:DQSPY (evoC_Bap1_run)  | 1 of 1 ✔
Plus 3 more processes waiting for tasks…

executor >  slurm (127)
[38/c7ea19] res…AW (evoC-Bap1-mut-F, L000) | 4 of 4 ✔
[bb/6ef43d] res…DE (evoC-Bap1-mut-F, L000) | 4 of 4 ✔
[-        ] resolve_align:FASTQC_RESOLVED  -
[35/a3ae4a] res…M2 (evoC-Bap1-mut-F, L000) | 4 of 4 ✔
[-        ] res…align:SAMTOOLS_MERGE_LANES -
[-        ] resolve_align:PRESEQ           -
[f7/1296d9] bam…t:BAMLET (evoC-Bap1-mut-F) | 4 of 4 ✔
[0d/c02be5] bam…AP_BAMQC (evoC-Bap1-mut-F) | 4 of 4 ✔
[02/f16957] bam…TSS_BIAS (evoC-Bap1-mut-F) | 4 of 4 ✔
[-        ] bam…:DEEPTOOLS_PLOTFINGERPRINT -
[86/e5f00a] bam…D_GCBIAS (evoC-Bap1-mut-F) | 4 of 4 ✔
[ba/3f0643] bam…ACCURACY (evoC-Bap1-mut-F) | 4 of 4 ✔
[95/7670d0] var…E_CALLER (evoC-Bap1-mut-F) | 4 of 4 ✔
[8d/518e06] var…NTERVALS (GRCm38_filtered) | 1 of 1 ✔
[d5/b09b4f] var…DB_IMPORT (Interval: 0018) | 12 of 19
[fc/a78089] var…YPE_GVCFS (Interval: 0005) | 1 of 12
[-        ] var…t_calling:MERGE_JOINT_VCFS -
[-        ] variant_calling:ASM            -
[-        ] var…_calling:MERGE_ASM_OUTPUTS -
[af/6f5cb2] var…:MUTECT2 (evoC-Bap1-mut-F) | 4 of 4 ✔
[d8/37f9a4] mbi…voC-Bap1-mut-F-CG-5-prime) | 12 of 12 ✔
[1d/414b09] epi…ZARR (evoC-Bap1-mut-F-CHH) | 12 of 12 ✔
[de/7d3a1f] epi…XPORT (evoC-Bap1-mut-F_CG) | 4 of 12
[c7/9f6584] epi…(evoC_Bap1_run-genome-CHH) | 3 of 3 ✔
[42/aed8d4] epi…2ZARR (evoC-Bap1-mut-F-CG) | 4 of 4 ✔
[6b/e8540c] epi…XPORT (evoC-Bap1-mut-F_CG) | 4 of 4 ✔
[91/6faba2] epi…2ZARR (evoC-Bap1-mut-F-CG) | 4 of 4 ✔
[8c/b81001] epi…XPORT (evoC-Bap1-mut-F_CG) | 4 of 4 ✔
[3e/52d548] epi…voC_Bap1_run-long_ctrl-CG) | 1 of 1 ✔
[ce/a81050] summary:DQSPY (evoC_Bap1_run)  | 1 of 1 ✔
Plus 3 more processes waiting for tasks…

executor >  slurm (129)
[38/c7ea19] res…AW (evoC-Bap1-mut-F, L000) | 4 of 4 ✔
[bb/6ef43d] res…DE (evoC-Bap1-mut-F, L000) | 4 of 4 ✔
[-        ] resolve_align:FASTQC_RESOLVED  -
[35/a3ae4a] res…M2 (evoC-Bap1-mut-F, L000) | 4 of 4 ✔
[-        ] res…align:SAMTOOLS_MERGE_LANES -
[-        ] resolve_align:PRESEQ           -
[f7/1296d9] bam…t:BAMLET (evoC-Bap1-mut-F) | 4 of 4 ✔
[0d/c02be5] bam…AP_BAMQC (evoC-Bap1-mut-F) | 4 of 4 ✔
[02/f16957] bam…TSS_BIAS (evoC-Bap1-mut-F) | 4 of 4 ✔
[-        ] bam…:DEEPTOOLS_PLOTFINGERPRINT -
[86/e5f00a] bam…D_GCBIAS (evoC-Bap1-mut-F) | 4 of 4 ✔
[ba/3f0643] bam…ACCURACY (evoC-Bap1-mut-F) | 4 of 4 ✔
[95/7670d0] var…E_CALLER (evoC-Bap1-mut-F) | 4 of 4 ✔
[8d/518e06] var…NTERVALS (GRCm38_filtered) | 1 of 1 ✔
[d5/b09b4f] var…DB_IMPORT (Interval: 0018) | 12 of 19
[75/b42e47] var…YPE_GVCFS (Interval: 0018) | 1 of 12
[-        ] var…t_calling:MERGE_JOINT_VCFS -
[-        ] variant_calling:ASM            -
[-        ] var…_calling:MERGE_ASM_OUTPUTS -
[af/6f5cb2] var…:MUTECT2 (evoC-Bap1-mut-F) | 4 of 4 ✔
[d8/37f9a4] mbi…voC-Bap1-mut-F-CG-5-prime) | 12 of 12 ✔
[1d/414b09] epi…ZARR (evoC-Bap1-mut-F-CHH) | 12 of 12 ✔
[de/7d3a1f] epi…XPORT (evoC-Bap1-mut-F_CG) | 4 of 12
[c7/9f6584] epi…(evoC_Bap1_run-genome-CHH) | 3 of 3 ✔
[42/aed8d4] epi…2ZARR (evoC-Bap1-mut-F-CG) | 4 of 4 ✔
[6b/e8540c] epi…XPORT (evoC-Bap1-mut-F_CG) | 4 of 4 ✔
[91/6faba2] epi…2ZARR (evoC-Bap1-mut-F-CG) | 4 of 4 ✔
[8c/b81001] epi…XPORT (evoC-Bap1-mut-F_CG) | 4 of 4 ✔
[3e/52d548] epi…voC_Bap1_run-long_ctrl-CG) | 1 of 1 ✔
[ce/a81050] summary:DQSPY (evoC_Bap1_run)  | 1 of 1 ✔
Plus 3 more processes waiting for tasks…

executor >  slurm (130)
[38/c7ea19] res…AW (evoC-Bap1-mut-F, L000) | 4 of 4 ✔
[bb/6ef43d] res…DE (evoC-Bap1-mut-F, L000) | 4 of 4 ✔
[-        ] resolve_align:FASTQC_RESOLVED  -
[35/a3ae4a] res…M2 (evoC-Bap1-mut-F, L000) | 4 of 4 ✔
[-        ] res…align:SAMTOOLS_MERGE_LANES -
[-        ] resolve_align:PRESEQ           -
[f7/1296d9] bam…t:BAMLET (evoC-Bap1-mut-F) | 4 of 4 ✔
[0d/c02be5] bam…AP_BAMQC (evoC-Bap1-mut-F) | 4 of 4 ✔
[02/f16957] bam…TSS_BIAS (evoC-Bap1-mut-F) | 4 of 4 ✔
[-        ] bam…:DEEPTOOLS_PLOTFINGERPRINT -
[86/e5f00a] bam…D_GCBIAS (evoC-Bap1-mut-F) | 4 of 4 ✔
[ba/3f0643] bam…ACCURACY (evoC-Bap1-mut-F) | 4 of 4 ✔
[95/7670d0] var…E_CALLER (evoC-Bap1-mut-F) | 4 of 4 ✔
[8d/518e06] var…NTERVALS (GRCm38_filtered) | 1 of 1 ✔
[29/37a1b6] var…DB_IMPORT (Interval: 0012) | 13 of 19
[87/38ebf3] var…YPE_GVCFS (Interval: 0012) | 1 of 13
[-        ] var…t_calling:MERGE_JOINT_VCFS -
[-        ] variant_calling:ASM            -
[-        ] var…_calling:MERGE_ASM_OUTPUTS -
[af/6f5cb2] var…:MUTECT2 (evoC-Bap1-mut-F) | 4 of 4 ✔
[d8/37f9a4] mbi…voC-Bap1-mut-F-CG-5-prime) | 12 of 12 ✔
[1d/414b09] epi…ZARR (evoC-Bap1-mut-F-CHH) | 12 of 12 ✔
[de/7d3a1f] epi…XPORT (evoC-Bap1-mut-F_CG) | 4 of 12
[c7/9f6584] epi…(evoC_Bap1_run-genome-CHH) | 3 of 3 ✔
[42/aed8d4] epi…2ZARR (evoC-Bap1-mut-F-CG) | 4 of 4 ✔
[6b/e8540c] epi…XPORT (evoC-Bap1-mut-F_CG) | 4 of 4 ✔
[91/6faba2] epi…2ZARR (evoC-Bap1-mut-F-CG) | 4 of 4 ✔
[8c/b81001] epi…XPORT (evoC-Bap1-mut-F_CG) | 4 of 4 ✔
[3e/52d548] epi…voC_Bap1_run-long_ctrl-CG) | 1 of 1 ✔
[ce/a81050] summary:DQSPY (evoC_Bap1_run)  | 1 of 1 ✔
Plus 3 more processes waiting for tasks…

executor >  slurm (130)
[38/c7ea19] res…AW (evoC-Bap1-mut-F, L000) | 4 of 4 ✔
[bb/6ef43d] res…DE (evoC-Bap1-mut-F, L000) | 4 of 4 ✔
[-        ] resolve_align:FASTQC_RESOLVED  -
[35/a3ae4a] res…M2 (evoC-Bap1-mut-F, L000) | 4 of 4 ✔
[-        ] res…align:SAMTOOLS_MERGE_LANES -
[-        ] resolve_align:PRESEQ           -
[f7/1296d9] bam…t:BAMLET (evoC-Bap1-mut-F) | 4 of 4 ✔
[0d/c02be5] bam…AP_BAMQC (evoC-Bap1-mut-F) | 4 of 4 ✔
[02/f16957] bam…TSS_BIAS (evoC-Bap1-mut-F) | 4 of 4 ✔
[-        ] bam…:DEEPTOOLS_PLOTFINGERPRINT -
[86/e5f00a] bam…D_GCBIAS (evoC-Bap1-mut-F) | 4 of 4 ✔
[ba/3f0643] bam…ACCURACY (evoC-Bap1-mut-F) | 4 of 4 ✔
[95/7670d0] var…E_CALLER (evoC-Bap1-mut-F) | 4 of 4 ✔
[8d/518e06] var…NTERVALS (GRCm38_filtered) | 1 of 1 ✔
[29/37a1b6] var…DB_IMPORT (Interval: 0012) | 13 of 19
[87/38ebf3] var…YPE_GVCFS (Interval: 0012) | 1 of 13
[-        ] var…t_calling:MERGE_JOINT_VCFS -
[-        ] variant_calling:ASM            -
[-        ] var…_calling:MERGE_ASM_OUTPUTS -
[af/6f5cb2] var…:MUTECT2 (evoC-Bap1-mut-F) | 4 of 4 ✔
[d8/37f9a4] mbi…voC-Bap1-mut-F-CG-5-prime) | 12 of 12 ✔
[1d/414b09] epi…ZARR (evoC-Bap1-mut-F-CHH) | 12 of 12 ✔
[de/7d3a1f] epi…XPORT (evoC-Bap1-mut-F_CG) | 4 of 12
[c7/9f6584] epi…(evoC_Bap1_run-genome-CHH) | 3 of 3 ✔
[42/aed8d4] epi…2ZARR (evoC-Bap1-mut-F-CG) | 4 of 4 ✔
[6b/e8540c] epi…XPORT (evoC-Bap1-mut-F_CG) | 4 of 4 ✔
[91/6faba2] epi…2ZARR (evoC-Bap1-mut-F-CG) | 4 of 4 ✔
[8c/b81001] epi…XPORT (evoC-Bap1-mut-F_CG) | 4 of 4 ✔
[3e/52d548] epi…voC_Bap1_run-long_ctrl-CG) | 1 of 1 ✔
[ce/a81050] summary:DQSPY (evoC_Bap1_run)  | 1 of 1 ✔
Plus 3 more processes waiting for tasks…

executor >  slurm (131)
[38/c7ea19] res…AW (evoC-Bap1-mut-F, L000) | 4 of 4 ✔
[bb/6ef43d] res…DE (evoC-Bap1-mut-F, L000) | 4 of 4 ✔
[-        ] resolve_align:FASTQC_RESOLVED  -
[35/a3ae4a] res…M2 (evoC-Bap1-mut-F, L000) | 4 of 4 ✔
[-        ] res…align:SAMTOOLS_MERGE_LANES -
[-        ] resolve_align:PRESEQ           -
[f7/1296d9] bam…t:BAMLET (evoC-Bap1-mut-F) | 4 of 4 ✔
[0d/c02be5] bam…AP_BAMQC (evoC-Bap1-mut-F) | 4 of 4 ✔
[02/f16957] bam…TSS_BIAS (evoC-Bap1-mut-F) | 4 of 4 ✔
[-        ] bam…:DEEPTOOLS_PLOTFINGERPRINT -
[86/e5f00a] bam…D_GCBIAS (evoC-Bap1-mut-F) | 4 of 4 ✔
[ba/3f0643] bam…ACCURACY (evoC-Bap1-mut-F) | 4 of 4 ✔
[95/7670d0] var…E_CALLER (evoC-Bap1-mut-F) | 4 of 4 ✔
[8d/518e06] var…NTERVALS (GRCm38_filtered) | 1 of 1 ✔
[bc/e5ba67] var…DB_IMPORT (Interval: 0002) | 14 of 19
[93/1a922a] var…YPE_GVCFS (Interval: 0002) | 1 of 14
[-        ] var…t_calling:MERGE_JOINT_VCFS -
[-        ] variant_calling:ASM            -
[-        ] var…_calling:MERGE_ASM_OUTPUTS -
[af/6f5cb2] var…:MUTECT2 (evoC-Bap1-mut-F) | 4 of 4 ✔
[d8/37f9a4] mbi…voC-Bap1-mut-F-CG-5-prime) | 12 of 12 ✔
[1d/414b09] epi…ZARR (evoC-Bap1-mut-F-CHH) | 12 of 12 ✔
[de/7d3a1f] epi…XPORT (evoC-Bap1-mut-F_CG) | 4 of 12
[c7/9f6584] epi…(evoC_Bap1_run-genome-CHH) | 3 of 3 ✔
[42/aed8d4] epi…2ZARR (evoC-Bap1-mut-F-CG) | 4 of 4 ✔
[6b/e8540c] epi…XPORT (evoC-Bap1-mut-F_CG) | 4 of 4 ✔
[91/6faba2] epi…2ZARR (evoC-Bap1-mut-F-CG) | 4 of 4 ✔
[8c/b81001] epi…XPORT (evoC-Bap1-mut-F_CG) | 4 of 4 ✔
[3e/52d548] epi…voC_Bap1_run-long_ctrl-CG) | 1 of 1 ✔
[ce/a81050] summary:DQSPY (evoC_Bap1_run)  | 1 of 1 ✔
Plus 3 more processes waiting for tasks…

executor >  slurm (131)
[38/c7ea19] res…AW (evoC-Bap1-mut-F, L000) | 4 of 4 ✔
[bb/6ef43d] res…DE (evoC-Bap1-mut-F, L000) | 4 of 4 ✔
[-        ] resolve_align:FASTQC_RESOLVED  -
[35/a3ae4a] res…M2 (evoC-Bap1-mut-F, L000) | 4 of 4 ✔
[-        ] res…align:SAMTOOLS_MERGE_LANES -
[-        ] resolve_align:PRESEQ           -
[f7/1296d9] bam…t:BAMLET (evoC-Bap1-mut-F) | 4 of 4 ✔
[0d/c02be5] bam…AP_BAMQC (evoC-Bap1-mut-F) | 4 of 4 ✔
[02/f16957] bam…TSS_BIAS (evoC-Bap1-mut-F) | 4 of 4 ✔
[-        ] bam…:DEEPTOOLS_PLOTFINGERPRINT -
[86/e5f00a] bam…D_GCBIAS (evoC-Bap1-mut-F) | 4 of 4 ✔
[ba/3f0643] bam…ACCURACY (evoC-Bap1-mut-F) | 4 of 4 ✔
[95/7670d0] var…E_CALLER (evoC-Bap1-mut-F) | 4 of 4 ✔
[8d/518e06] var…NTERVALS (GRCm38_filtered) | 1 of 1 ✔
[bc/e5ba67] var…DB_IMPORT (Interval: 0002) | 14 of 19
[93/1a922a] var…YPE_GVCFS (Interval: 0002) | 1 of 14
[-        ] var…t_calling:MERGE_JOINT_VCFS -
[-        ] variant_calling:ASM            -
[-        ] var…_calling:MERGE_ASM_OUTPUTS -
[af/6f5cb2] var…:MUTECT2 (evoC-Bap1-mut-F) | 4 of 4 ✔
[d8/37f9a4] mbi…voC-Bap1-mut-F-CG-5-prime) | 12 of 12 ✔
[1d/414b09] epi…ZARR (evoC-Bap1-mut-F-CHH) | 12 of 12 ✔
[de/7d3a1f] epi…XPORT (evoC-Bap1-mut-F_CG) | 4 of 12
[c7/9f6584] epi…(evoC_Bap1_run-genome-CHH) | 3 of 3 ✔
[42/aed8d4] epi…2ZARR (evoC-Bap1-mut-F-CG) | 4 of 4 ✔
[6b/e8540c] epi…XPORT (evoC-Bap1-mut-F_CG) | 4 of 4 ✔
[91/6faba2] epi…2ZARR (evoC-Bap1-mut-F-CG) | 4 of 4 ✔
[8c/b81001] epi…XPORT (evoC-Bap1-mut-F_CG) | 4 of 4 ✔
[3e/52d548] epi…voC_Bap1_run-long_ctrl-CG) | 1 of 1 ✔
[ce/a81050] summary:DQSPY (evoC_Bap1_run)  | 1 of 1 ✔
Plus 3 more processes waiting for tasks…

executor >  slurm (131)
[38/c7ea19] res…AW (evoC-Bap1-mut-F, L000) | 4 of 4 ✔
[bb/6ef43d] res…DE (evoC-Bap1-mut-F, L000) | 4 of 4 ✔
[-        ] resolve_align:FASTQC_RESOLVED  -
[35/a3ae4a] res…M2 (evoC-Bap1-mut-F, L000) | 4 of 4 ✔
[-        ] res…align:SAMTOOLS_MERGE_LANES -
[-        ] resolve_align:PRESEQ           -
[f7/1296d9] bam…t:BAMLET (evoC-Bap1-mut-F) | 4 of 4 ✔
[0d/c02be5] bam…AP_BAMQC (evoC-Bap1-mut-F) | 4 of 4 ✔
[02/f16957] bam…TSS_BIAS (evoC-Bap1-mut-F) | 4 of 4 ✔
[-        ] bam…:DEEPTOOLS_PLOTFINGERPRINT -
[86/e5f00a] bam…D_GCBIAS (evoC-Bap1-mut-F) | 4 of 4 ✔
[ba/3f0643] bam…ACCURACY (evoC-Bap1-mut-F) | 4 of 4 ✔
[95/7670d0] var…E_CALLER (evoC-Bap1-mut-F) | 4 of 4 ✔
[8d/518e06] var…NTERVALS (GRCm38_filtered) | 1 of 1 ✔
[9e/8c127d] var…DB_IMPORT (Interval: 0011) | 15 of 19
[93/1a922a] var…YPE_GVCFS (Interval: 0002) | 1 of 15
[-        ] var…t_calling:MERGE_JOINT_VCFS -
[-        ] variant_calling:ASM            -
[-        ] var…_calling:MERGE_ASM_OUTPUTS -
[af/6f5cb2] var…:MUTECT2 (evoC-Bap1-mut-F) | 4 of 4 ✔
[d8/37f9a4] mbi…voC-Bap1-mut-F-CG-5-prime) | 12 of 12 ✔
[1d/414b09] epi…ZARR (evoC-Bap1-mut-F-CHH) | 12 of 12 ✔
[de/7d3a1f] epi…XPORT (evoC-Bap1-mut-F_CG) | 4 of 12
[c7/9f6584] epi…(evoC_Bap1_run-genome-CHH) | 3 of 3 ✔
[42/aed8d4] epi…2ZARR (evoC-Bap1-mut-F-CG) | 4 of 4 ✔
[6b/e8540c] epi…XPORT (evoC-Bap1-mut-F_CG) | 4 of 4 ✔
[91/6faba2] epi…2ZARR (evoC-Bap1-mut-F-CG) | 4 of 4 ✔
[8c/b81001] epi…XPORT (evoC-Bap1-mut-F_CG) | 4 of 4 ✔
[3e/52d548] epi…voC_Bap1_run-long_ctrl-CG) | 1 of 1 ✔
[ce/a81050] summary:DQSPY (evoC_Bap1_run)  | 1 of 1 ✔
Plus 3 more processes waiting for tasks…

executor >  slurm (132)
[38/c7ea19] res…AW (evoC-Bap1-mut-F, L000) | 4 of 4 ✔
[bb/6ef43d] res…DE (evoC-Bap1-mut-F, L000) | 4 of 4 ✔
[-        ] resolve_align:FASTQC_RESOLVED  -
[35/a3ae4a] res…M2 (evoC-Bap1-mut-F, L000) | 4 of 4 ✔
[-        ] res…align:SAMTOOLS_MERGE_LANES -
[-        ] resolve_align:PRESEQ           -
[f7/1296d9] bam…t:BAMLET (evoC-Bap1-mut-F) | 4 of 4 ✔
[0d/c02be5] bam…AP_BAMQC (evoC-Bap1-mut-F) | 4 of 4 ✔
[02/f16957] bam…TSS_BIAS (evoC-Bap1-mut-F) | 4 of 4 ✔
[-        ] bam…:DEEPTOOLS_PLOTFINGERPRINT -
[86/e5f00a] bam…D_GCBIAS (evoC-Bap1-mut-F) | 4 of 4 ✔
[ba/3f0643] bam…ACCURACY (evoC-Bap1-mut-F) | 4 of 4 ✔
[95/7670d0] var…E_CALLER (evoC-Bap1-mut-F) | 4 of 4 ✔
[8d/518e06] var…NTERVALS (GRCm38_filtered) | 1 of 1 ✔
[9e/8c127d] var…DB_IMPORT (Interval: 0011) | 15 of 19
[33/a7b1a1] var…YPE_GVCFS (Interval: 0011) | 1 of 15
[-        ] var…t_calling:MERGE_JOINT_VCFS -
[-        ] variant_calling:ASM            -
[-        ] var…_calling:MERGE_ASM_OUTPUTS -
[af/6f5cb2] var…:MUTECT2 (evoC-Bap1-mut-F) | 4 of 4 ✔
[d8/37f9a4] mbi…voC-Bap1-mut-F-CG-5-prime) | 12 of 12 ✔
[1d/414b09] epi…ZARR (evoC-Bap1-mut-F-CHH) | 12 of 12 ✔
[de/7d3a1f] epi…XPORT (evoC-Bap1-mut-F_CG) | 4 of 12
[c7/9f6584] epi…(evoC_Bap1_run-genome-CHH) | 3 of 3 ✔
[42/aed8d4] epi…2ZARR (evoC-Bap1-mut-F-CG) | 4 of 4 ✔
[6b/e8540c] epi…XPORT (evoC-Bap1-mut-F_CG) | 4 of 4 ✔
[91/6faba2] epi…2ZARR (evoC-Bap1-mut-F-CG) | 4 of 4 ✔
[8c/b81001] epi…XPORT (evoC-Bap1-mut-F_CG) | 4 of 4 ✔
[3e/52d548] epi…voC_Bap1_run-long_ctrl-CG) | 1 of 1 ✔
[ce/a81050] summary:DQSPY (evoC_Bap1_run)  | 1 of 1 ✔
Plus 3 more processes waiting for tasks…

executor >  slurm (132)
[38/c7ea19] res…AW (evoC-Bap1-mut-F, L000) | 4 of 4 ✔
[bb/6ef43d] res…DE (evoC-Bap1-mut-F, L000) | 4 of 4 ✔
[-        ] resolve_align:FASTQC_RESOLVED  -
[35/a3ae4a] res…M2 (evoC-Bap1-mut-F, L000) | 4 of 4 ✔
[-        ] res…align:SAMTOOLS_MERGE_LANES -
[-        ] resolve_align:PRESEQ           -
[f7/1296d9] bam…t:BAMLET (evoC-Bap1-mut-F) | 4 of 4 ✔
[0d/c02be5] bam…AP_BAMQC (evoC-Bap1-mut-F) | 4 of 4 ✔
[02/f16957] bam…TSS_BIAS (evoC-Bap1-mut-F) | 4 of 4 ✔
[-        ] bam…:DEEPTOOLS_PLOTFINGERPRINT -
[86/e5f00a] bam…D_GCBIAS (evoC-Bap1-mut-F) | 4 of 4 ✔
[ba/3f0643] bam…ACCURACY (evoC-Bap1-mut-F) | 4 of 4 ✔
[95/7670d0] var…E_CALLER (evoC-Bap1-mut-F) | 4 of 4 ✔
[8d/518e06] var…NTERVALS (GRCm38_filtered) | 1 of 1 ✔
[9e/8c127d] var…DB_IMPORT (Interval: 0011) | 15 of 19
[33/a7b1a1] var…YPE_GVCFS (Interval: 0011) | 1 of 15
[-        ] var…t_calling:MERGE_JOINT_VCFS -
[-        ] variant_calling:ASM            -
[-        ] var…_calling:MERGE_ASM_OUTPUTS -
[af/6f5cb2] var…:MUTECT2 (evoC-Bap1-mut-F) | 4 of 4 ✔
[d8/37f9a4] mbi…voC-Bap1-mut-F-CG-5-prime) | 12 of 12 ✔
[1d/414b09] epi…ZARR (evoC-Bap1-mut-F-CHH) | 12 of 12 ✔
[de/7d3a1f] epi…XPORT (evoC-Bap1-mut-F_CG) | 4 of 12
[c7/9f6584] epi…(evoC_Bap1_run-genome-CHH) | 3 of 3 ✔
[42/aed8d4] epi…2ZARR (evoC-Bap1-mut-F-CG) | 4 of 4 ✔
[6b/e8540c] epi…XPORT (evoC-Bap1-mut-F_CG) | 4 of 4 ✔
[91/6faba2] epi…2ZARR (evoC-Bap1-mut-F-CG) | 4 of 4 ✔
[8c/b81001] epi…XPORT (evoC-Bap1-mut-F_CG) | 4 of 4 ✔
[3e/52d548] epi…voC_Bap1_run-long_ctrl-CG) | 1 of 1 ✔
[ce/a81050] summary:DQSPY (evoC_Bap1_run)  | 1 of 1 ✔
Plus 3 more processes waiting for tasks…

executor >  slurm (132)
[38/c7ea19] res…AW (evoC-Bap1-mut-F, L000) | 4 of 4 ✔
[bb/6ef43d] res…DE (evoC-Bap1-mut-F, L000) | 4 of 4 ✔
[-        ] resolve_align:FASTQC_RESOLVED  -
[35/a3ae4a] res…M2 (evoC-Bap1-mut-F, L000) | 4 of 4 ✔
[-        ] res…align:SAMTOOLS_MERGE_LANES -
[-        ] resolve_align:PRESEQ           -
[f7/1296d9] bam…t:BAMLET (evoC-Bap1-mut-F) | 4 of 4 ✔
[0d/c02be5] bam…AP_BAMQC (evoC-Bap1-mut-F) | 4 of 4 ✔
[02/f16957] bam…TSS_BIAS (evoC-Bap1-mut-F) | 4 of 4 ✔
[-        ] bam…:DEEPTOOLS_PLOTFINGERPRINT -
[86/e5f00a] bam…D_GCBIAS (evoC-Bap1-mut-F) | 4 of 4 ✔
[ba/3f0643] bam…ACCURACY (evoC-Bap1-mut-F) | 4 of 4 ✔
[95/7670d0] var…E_CALLER (evoC-Bap1-mut-F) | 4 of 4 ✔
[8d/518e06] var…NTERVALS (GRCm38_filtered) | 1 of 1 ✔
[76/1bc903] var…DB_IMPORT (Interval: 0016) | 16 of 19
[33/a7b1a1] var…YPE_GVCFS (Interval: 0011) | 1 of 16
[-        ] var…t_calling:MERGE_JOINT_VCFS -
[-        ] variant_calling:ASM            -
[-        ] var…_calling:MERGE_ASM_OUTPUTS -
[af/6f5cb2] var…:MUTECT2 (evoC-Bap1-mut-F) | 4 of 4 ✔
[d8/37f9a4] mbi…voC-Bap1-mut-F-CG-5-prime) | 12 of 12 ✔
[1d/414b09] epi…ZARR (evoC-Bap1-mut-F-CHH) | 12 of 12 ✔
[de/7d3a1f] epi…XPORT (evoC-Bap1-mut-F_CG) | 4 of 12
[c7/9f6584] epi…(evoC_Bap1_run-genome-CHH) | 3 of 3 ✔
[42/aed8d4] epi…2ZARR (evoC-Bap1-mut-F-CG) | 4 of 4 ✔
[6b/e8540c] epi…XPORT (evoC-Bap1-mut-F_CG) | 4 of 4 ✔
[91/6faba2] epi…2ZARR (evoC-Bap1-mut-F-CG) | 4 of 4 ✔
[8c/b81001] epi…XPORT (evoC-Bap1-mut-F_CG) | 4 of 4 ✔
[3e/52d548] epi…voC_Bap1_run-long_ctrl-CG) | 1 of 1 ✔
[ce/a81050] summary:DQSPY (evoC_Bap1_run)  | 1 of 1 ✔
Plus 3 more processes waiting for tasks…

executor >  slurm (133)
[38/c7ea19] res…AW (evoC-Bap1-mut-F, L000) | 4 of 4 ✔
[bb/6ef43d] res…DE (evoC-Bap1-mut-F, L000) | 4 of 4 ✔
[-        ] resolve_align:FASTQC_RESOLVED  -
[35/a3ae4a] res…M2 (evoC-Bap1-mut-F, L000) | 4 of 4 ✔
[-        ] res…align:SAMTOOLS_MERGE_LANES -
[-        ] resolve_align:PRESEQ           -
[f7/1296d9] bam…t:BAMLET (evoC-Bap1-mut-F) | 4 of 4 ✔
[0d/c02be5] bam…AP_BAMQC (evoC-Bap1-mut-F) | 4 of 4 ✔
[02/f16957] bam…TSS_BIAS (evoC-Bap1-mut-F) | 4 of 4 ✔
[-        ] bam…:DEEPTOOLS_PLOTFINGERPRINT -
[86/e5f00a] bam…D_GCBIAS (evoC-Bap1-mut-F) | 4 of 4 ✔
[ba/3f0643] bam…ACCURACY (evoC-Bap1-mut-F) | 4 of 4 ✔
[95/7670d0] var…E_CALLER (evoC-Bap1-mut-F) | 4 of 4 ✔
[8d/518e06] var…NTERVALS (GRCm38_filtered) | 1 of 1 ✔
[76/1bc903] var…DB_IMPORT (Interval: 0016) | 16 of 19
[a9/f59b94] var…YPE_GVCFS (Interval: 0016) | 1 of 16
[-        ] var…t_calling:MERGE_JOINT_VCFS -
[-        ] variant_calling:ASM            -
[-        ] var…_calling:MERGE_ASM_OUTPUTS -
[af/6f5cb2] var…:MUTECT2 (evoC-Bap1-mut-F) | 4 of 4 ✔
[d8/37f9a4] mbi…voC-Bap1-mut-F-CG-5-prime) | 12 of 12 ✔
[1d/414b09] epi…ZARR (evoC-Bap1-mut-F-CHH) | 12 of 12 ✔
[de/7d3a1f] epi…XPORT (evoC-Bap1-mut-F_CG) | 4 of 12
[c7/9f6584] epi…(evoC_Bap1_run-genome-CHH) | 3 of 3 ✔
[42/aed8d4] epi…2ZARR (evoC-Bap1-mut-F-CG) | 4 of 4 ✔
[6b/e8540c] epi…XPORT (evoC-Bap1-mut-F_CG) | 4 of 4 ✔
[91/6faba2] epi…2ZARR (evoC-Bap1-mut-F-CG) | 4 of 4 ✔
[8c/b81001] epi…XPORT (evoC-Bap1-mut-F_CG) | 4 of 4 ✔
[3e/52d548] epi…voC_Bap1_run-long_ctrl-CG) | 1 of 1 ✔
[ce/a81050] summary:DQSPY (evoC_Bap1_run)  | 1 of 1 ✔
Plus 3 more processes waiting for tasks…

executor >  slurm (133)
[38/c7ea19] res…AW (evoC-Bap1-mut-F, L000) | 4 of 4 ✔
[bb/6ef43d] res…DE (evoC-Bap1-mut-F, L000) | 4 of 4 ✔
[-        ] resolve_align:FASTQC_RESOLVED  -
[35/a3ae4a] res…M2 (evoC-Bap1-mut-F, L000) | 4 of 4 ✔
[-        ] res…align:SAMTOOLS_MERGE_LANES -
[-        ] resolve_align:PRESEQ           -
[f7/1296d9] bam…t:BAMLET (evoC-Bap1-mut-F) | 4 of 4 ✔
[0d/c02be5] bam…AP_BAMQC (evoC-Bap1-mut-F) | 4 of 4 ✔
[02/f16957] bam…TSS_BIAS (evoC-Bap1-mut-F) | 4 of 4 ✔
[-        ] bam…:DEEPTOOLS_PLOTFINGERPRINT -
[86/e5f00a] bam…D_GCBIAS (evoC-Bap1-mut-F) | 4 of 4 ✔
[ba/3f0643] bam…ACCURACY (evoC-Bap1-mut-F) | 4 of 4 ✔
[95/7670d0] var…E_CALLER (evoC-Bap1-mut-F) | 4 of 4 ✔
[8d/518e06] var…NTERVALS (GRCm38_filtered) | 1 of 1 ✔
[76/1bc903] var…DB_IMPORT (Interval: 0016) | 16 of 19
[a9/f59b94] var…YPE_GVCFS (Interval: 0016) | 1 of 16
[-        ] var…t_calling:MERGE_JOINT_VCFS -
[-        ] variant_calling:ASM            -
[-        ] var…_calling:MERGE_ASM_OUTPUTS -
[af/6f5cb2] var…:MUTECT2 (evoC-Bap1-mut-F) | 4 of 4 ✔
[d8/37f9a4] mbi…voC-Bap1-mut-F-CG-5-prime) | 12 of 12 ✔
[1d/414b09] epi…ZARR (evoC-Bap1-mut-F-CHH) | 12 of 12 ✔
[de/7d3a1f] epi…XPORT (evoC-Bap1-mut-F_CG) | 4 of 12
[c7/9f6584] epi…(evoC_Bap1_run-genome-CHH) | 3 of 3 ✔
[42/aed8d4] epi…2ZARR (evoC-Bap1-mut-F-CG) | 4 of 4 ✔
[6b/e8540c] epi…XPORT (evoC-Bap1-mut-F_CG) | 4 of 4 ✔
[91/6faba2] epi…2ZARR (evoC-Bap1-mut-F-CG) | 4 of 4 ✔
[8c/b81001] epi…XPORT (evoC-Bap1-mut-F_CG) | 4 of 4 ✔
[3e/52d548] epi…voC_Bap1_run-long_ctrl-CG) | 1 of 1 ✔
[ce/a81050] summary:DQSPY (evoC_Bap1_run)  | 1 of 1 ✔
Plus 3 more processes waiting for tasks…

executor >  slurm (134)
[38/c7ea19] res…AW (evoC-Bap1-mut-F, L000) | 4 of 4 ✔
[bb/6ef43d] res…DE (evoC-Bap1-mut-F, L000) | 4 of 4 ✔
[-        ] resolve_align:FASTQC_RESOLVED  -
[35/a3ae4a] res…M2 (evoC-Bap1-mut-F, L000) | 4 of 4 ✔
[-        ] res…align:SAMTOOLS_MERGE_LANES -
[-        ] resolve_align:PRESEQ           -
[f7/1296d9] bam…t:BAMLET (evoC-Bap1-mut-F) | 4 of 4 ✔
[0d/c02be5] bam…AP_BAMQC (evoC-Bap1-mut-F) | 4 of 4 ✔
[02/f16957] bam…TSS_BIAS (evoC-Bap1-mut-F) | 4 of 4 ✔
[-        ] bam…:DEEPTOOLS_PLOTFINGERPRINT -
[86/e5f00a] bam…D_GCBIAS (evoC-Bap1-mut-F) | 4 of 4 ✔
[ba/3f0643] bam…ACCURACY (evoC-Bap1-mut-F) | 4 of 4 ✔
[95/7670d0] var…E_CALLER (evoC-Bap1-mut-F) | 4 of 4 ✔
[8d/518e06] var…NTERVALS (GRCm38_filtered) | 1 of 1 ✔
[18/3ea9fc] var…DB_IMPORT (Interval: 0000) | 17 of 19
[39/586ffe] var…YPE_GVCFS (Interval: 0000) | 1 of 17
[-        ] var…t_calling:MERGE_JOINT_VCFS -
[-        ] variant_calling:ASM            -
[-        ] var…_calling:MERGE_ASM_OUTPUTS -
[af/6f5cb2] var…:MUTECT2 (evoC-Bap1-mut-F) | 4 of 4 ✔
[d8/37f9a4] mbi…voC-Bap1-mut-F-CG-5-prime) | 12 of 12 ✔
[1d/414b09] epi…ZARR (evoC-Bap1-mut-F-CHH) | 12 of 12 ✔
[de/7d3a1f] epi…XPORT (evoC-Bap1-mut-F_CG) | 4 of 12
[c7/9f6584] epi…(evoC_Bap1_run-genome-CHH) | 3 of 3 ✔
[42/aed8d4] epi…2ZARR (evoC-Bap1-mut-F-CG) | 4 of 4 ✔
[6b/e8540c] epi…XPORT (evoC-Bap1-mut-F_CG) | 4 of 4 ✔
[91/6faba2] epi…2ZARR (evoC-Bap1-mut-F-CG) | 4 of 4 ✔
[8c/b81001] epi…XPORT (evoC-Bap1-mut-F_CG) | 4 of 4 ✔
[3e/52d548] epi…voC_Bap1_run-long_ctrl-CG) | 1 of 1 ✔
[ce/a81050] summary:DQSPY (evoC_Bap1_run)  | 1 of 1 ✔
Plus 3 more processes waiting for tasks…

executor >  slurm (134)
[38/c7ea19] res…AW (evoC-Bap1-mut-F, L000) | 4 of 4 ✔
[bb/6ef43d] res…DE (evoC-Bap1-mut-F, L000) | 4 of 4 ✔
[-        ] resolve_align:FASTQC_RESOLVED  -
[35/a3ae4a] res…M2 (evoC-Bap1-mut-F, L000) | 4 of 4 ✔
[-        ] res…align:SAMTOOLS_MERGE_LANES -
[-        ] resolve_align:PRESEQ           -
[f7/1296d9] bam…t:BAMLET (evoC-Bap1-mut-F) | 4 of 4 ✔
[0d/c02be5] bam…AP_BAMQC (evoC-Bap1-mut-F) | 4 of 4 ✔
[02/f16957] bam…TSS_BIAS (evoC-Bap1-mut-F) | 4 of 4 ✔
[-        ] bam…:DEEPTOOLS_PLOTFINGERPRINT -
[86/e5f00a] bam…D_GCBIAS (evoC-Bap1-mut-F) | 4 of 4 ✔
[ba/3f0643] bam…ACCURACY (evoC-Bap1-mut-F) | 4 of 4 ✔
[95/7670d0] var…E_CALLER (evoC-Bap1-mut-F) | 4 of 4 ✔
[8d/518e06] var…NTERVALS (GRCm38_filtered) | 1 of 1 ✔
[18/3ea9fc] var…DB_IMPORT (Interval: 0000) | 17 of 19
[87/c8007a] var…YPE_GVCFS (Interval: 0017) | 2 of 17
[-        ] var…t_calling:MERGE_JOINT_VCFS -
[-        ] variant_calling:ASM            -
[-        ] var…_calling:MERGE_ASM_OUTPUTS -
[af/6f5cb2] var…:MUTECT2 (evoC-Bap1-mut-F) | 4 of 4 ✔
[d8/37f9a4] mbi…voC-Bap1-mut-F-CG-5-prime) | 12 of 12 ✔
[1d/414b09] epi…ZARR (evoC-Bap1-mut-F-CHH) | 12 of 12 ✔
[de/7d3a1f] epi…XPORT (evoC-Bap1-mut-F_CG) | 4 of 12
[c7/9f6584] epi…(evoC_Bap1_run-genome-CHH) | 3 of 3 ✔
[42/aed8d4] epi…2ZARR (evoC-Bap1-mut-F-CG) | 4 of 4 ✔
[6b/e8540c] epi…XPORT (evoC-Bap1-mut-F_CG) | 4 of 4 ✔
[91/6faba2] epi…2ZARR (evoC-Bap1-mut-F-CG) | 4 of 4 ✔
[8c/b81001] epi…XPORT (evoC-Bap1-mut-F_CG) | 4 of 4 ✔
[3e/52d548] epi…voC_Bap1_run-long_ctrl-CG) | 1 of 1 ✔
[ce/a81050] summary:DQSPY (evoC_Bap1_run)  | 1 of 1 ✔
Plus 3 more processes waiting for tasks…

executor >  slurm (134)
[38/c7ea19] res…AW (evoC-Bap1-mut-F, L000) | 4 of 4 ✔
[bb/6ef43d] res…DE (evoC-Bap1-mut-F, L000) | 4 of 4 ✔
[-        ] resolve_align:FASTQC_RESOLVED  -
[35/a3ae4a] res…M2 (evoC-Bap1-mut-F, L000) | 4 of 4 ✔
[-        ] res…align:SAMTOOLS_MERGE_LANES -
[-        ] resolve_align:PRESEQ           -
[f7/1296d9] bam…t:BAMLET (evoC-Bap1-mut-F) | 4 of 4 ✔
[0d/c02be5] bam…AP_BAMQC (evoC-Bap1-mut-F) | 4 of 4 ✔
[02/f16957] bam…TSS_BIAS (evoC-Bap1-mut-F) | 4 of 4 ✔
[-        ] bam…:DEEPTOOLS_PLOTFINGERPRINT -
[86/e5f00a] bam…D_GCBIAS (evoC-Bap1-mut-F) | 4 of 4 ✔
[ba/3f0643] bam…ACCURACY (evoC-Bap1-mut-F) | 4 of 4 ✔
[95/7670d0] var…E_CALLER (evoC-Bap1-mut-F) | 4 of 4 ✔
[8d/518e06] var…NTERVALS (GRCm38_filtered) | 1 of 1 ✔
[18/3ea9fc] var…DB_IMPORT (Interval: 0000) | 17 of 19
[87/c8007a] var…YPE_GVCFS (Interval: 0017) | 2 of 17
[-        ] var…t_calling:MERGE_JOINT_VCFS -
[-        ] variant_calling:ASM            -
[-        ] var…_calling:MERGE_ASM_OUTPUTS -
[af/6f5cb2] var…:MUTECT2 (evoC-Bap1-mut-F) | 4 of 4 ✔
[d8/37f9a4] mbi…voC-Bap1-mut-F-CG-5-prime) | 12 of 12 ✔
[1d/414b09] epi…ZARR (evoC-Bap1-mut-F-CHH) | 12 of 12 ✔
[de/7d3a1f] epi…XPORT (evoC-Bap1-mut-F_CG) | 4 of 12
[c7/9f6584] epi…(evoC_Bap1_run-genome-CHH) | 3 of 3 ✔
[42/aed8d4] epi…2ZARR (evoC-Bap1-mut-F-CG) | 4 of 4 ✔
[6b/e8540c] epi…XPORT (evoC-Bap1-mut-F_CG) | 4 of 4 ✔
[91/6faba2] epi…2ZARR (evoC-Bap1-mut-F-CG) | 4 of 4 ✔
[8c/b81001] epi…XPORT (evoC-Bap1-mut-F_CG) | 4 of 4 ✔
[3e/52d548] epi…voC_Bap1_run-long_ctrl-CG) | 1 of 1 ✔
[ce/a81050] summary:DQSPY (evoC_Bap1_run)  | 1 of 1 ✔
Plus 3 more processes waiting for tasks…

executor >  slurm (134)
[38/c7ea19] res…AW (evoC-Bap1-mut-F, L000) | 4 of 4 ✔
[bb/6ef43d] res…DE (evoC-Bap1-mut-F, L000) | 4 of 4 ✔
[-        ] resolve_align:FASTQC_RESOLVED  -
[35/a3ae4a] res…M2 (evoC-Bap1-mut-F, L000) | 4 of 4 ✔
[-        ] res…align:SAMTOOLS_MERGE_LANES -
[-        ] resolve_align:PRESEQ           -
[f7/1296d9] bam…t:BAMLET (evoC-Bap1-mut-F) | 4 of 4 ✔
[0d/c02be5] bam…AP_BAMQC (evoC-Bap1-mut-F) | 4 of 4 ✔
[02/f16957] bam…TSS_BIAS (evoC-Bap1-mut-F) | 4 of 4 ✔
[-        ] bam…:DEEPTOOLS_PLOTFINGERPRINT -
[86/e5f00a] bam…D_GCBIAS (evoC-Bap1-mut-F) | 4 of 4 ✔
[ba/3f0643] bam…ACCURACY (evoC-Bap1-mut-F) | 4 of 4 ✔
[95/7670d0] var…E_CALLER (evoC-Bap1-mut-F) | 4 of 4 ✔
[8d/518e06] var…NTERVALS (GRCm38_filtered) | 1 of 1 ✔
[18/3ea9fc] var…DB_IMPORT (Interval: 0000) | 17 of 19
[89/05e661] var…YPE_GVCFS (Interval: 0008) | 3 of 17
[-        ] var…t_calling:MERGE_JOINT_VCFS -
[-        ] variant_calling:ASM            -
[-        ] var…_calling:MERGE_ASM_OUTPUTS -
[af/6f5cb2] var…:MUTECT2 (evoC-Bap1-mut-F) | 4 of 4 ✔
[d8/37f9a4] mbi…voC-Bap1-mut-F-CG-5-prime) | 12 of 12 ✔
[1d/414b09] epi…ZARR (evoC-Bap1-mut-F-CHH) | 12 of 12 ✔
[de/7d3a1f] epi…XPORT (evoC-Bap1-mut-F_CG) | 4 of 12
[c7/9f6584] epi…(evoC_Bap1_run-genome-CHH) | 3 of 3 ✔
[42/aed8d4] epi…2ZARR (evoC-Bap1-mut-F-CG) | 4 of 4 ✔
[6b/e8540c] epi…XPORT (evoC-Bap1-mut-F_CG) | 4 of 4 ✔
[91/6faba2] epi…2ZARR (evoC-Bap1-mut-F-CG) | 4 of 4 ✔
[8c/b81001] epi…XPORT (evoC-Bap1-mut-F_CG) | 4 of 4 ✔
[3e/52d548] epi…voC_Bap1_run-long_ctrl-CG) | 1 of 1 ✔
[ce/a81050] summary:DQSPY (evoC_Bap1_run)  | 1 of 1 ✔
Plus 3 more processes waiting for tasks…

executor >  slurm (134)
[38/c7ea19] res…AW (evoC-Bap1-mut-F, L000) | 4 of 4 ✔
[bb/6ef43d] res…DE (evoC-Bap1-mut-F, L000) | 4 of 4 ✔
[-        ] resolve_align:FASTQC_RESOLVED  -
[35/a3ae4a] res…M2 (evoC-Bap1-mut-F, L000) | 4 of 4 ✔
[-        ] res…align:SAMTOOLS_MERGE_LANES -
[-        ] resolve_align:PRESEQ           -
[f7/1296d9] bam…t:BAMLET (evoC-Bap1-mut-F) | 4 of 4 ✔
[0d/c02be5] bam…AP_BAMQC (evoC-Bap1-mut-F) | 4 of 4 ✔
[02/f16957] bam…TSS_BIAS (evoC-Bap1-mut-F) | 4 of 4 ✔
[-        ] bam…:DEEPTOOLS_PLOTFINGERPRINT -
[86/e5f00a] bam…D_GCBIAS (evoC-Bap1-mut-F) | 4 of 4 ✔
[ba/3f0643] bam…ACCURACY (evoC-Bap1-mut-F) | 4 of 4 ✔
[95/7670d0] var…E_CALLER (evoC-Bap1-mut-F) | 4 of 4 ✔
[8d/518e06] var…NTERVALS (GRCm38_filtered) | 1 of 1 ✔
[18/3ea9fc] var…DB_IMPORT (Interval: 0000) | 17 of 19
[76/b38954] var…YPE_GVCFS (Interval: 0010) | 4 of 17
[-        ] var…t_calling:MERGE_JOINT_VCFS -
[-        ] variant_calling:ASM            -
[-        ] var…_calling:MERGE_ASM_OUTPUTS -
[af/6f5cb2] var…:MUTECT2 (evoC-Bap1-mut-F) | 4 of 4 ✔
[d8/37f9a4] mbi…voC-Bap1-mut-F-CG-5-prime) | 12 of 12 ✔
[1d/414b09] epi…ZARR (evoC-Bap1-mut-F-CHH) | 12 of 12 ✔
[de/7d3a1f] epi…XPORT (evoC-Bap1-mut-F_CG) | 4 of 12
[c7/9f6584] epi…(evoC_Bap1_run-genome-CHH) | 3 of 3 ✔
[42/aed8d4] epi…2ZARR (evoC-Bap1-mut-F-CG) | 4 of 4 ✔
[6b/e8540c] epi…XPORT (evoC-Bap1-mut-F_CG) | 4 of 4 ✔
[91/6faba2] epi…2ZARR (evoC-Bap1-mut-F-CG) | 4 of 4 ✔
[8c/b81001] epi…XPORT (evoC-Bap1-mut-F_CG) | 4 of 4 ✔
[3e/52d548] epi…voC_Bap1_run-long_ctrl-CG) | 1 of 1 ✔
[ce/a81050] summary:DQSPY (evoC_Bap1_run)  | 1 of 1 ✔
Plus 3 more processes waiting for tasks…

executor >  slurm (134)
[38/c7ea19] res…AW (evoC-Bap1-mut-F, L000) | 4 of 4 ✔
[bb/6ef43d] res…DE (evoC-Bap1-mut-F, L000) | 4 of 4 ✔
[-        ] resolve_align:FASTQC_RESOLVED  -
[35/a3ae4a] res…M2 (evoC-Bap1-mut-F, L000) | 4 of 4 ✔
[-        ] res…align:SAMTOOLS_MERGE_LANES -
[-        ] resolve_align:PRESEQ           -
[f7/1296d9] bam…t:BAMLET (evoC-Bap1-mut-F) | 4 of 4 ✔
[0d/c02be5] bam…AP_BAMQC (evoC-Bap1-mut-F) | 4 of 4 ✔
[02/f16957] bam…TSS_BIAS (evoC-Bap1-mut-F) | 4 of 4 ✔
[-        ] bam…:DEEPTOOLS_PLOTFINGERPRINT -
[86/e5f00a] bam…D_GCBIAS (evoC-Bap1-mut-F) | 4 of 4 ✔
[ba/3f0643] bam…ACCURACY (evoC-Bap1-mut-F) | 4 of 4 ✔
[95/7670d0] var…E_CALLER (evoC-Bap1-mut-F) | 4 of 4 ✔
[8d/518e06] var…NTERVALS (GRCm38_filtered) | 1 of 1 ✔
[a1/f96548] var…DB_IMPORT (Interval: 0007) | 18 of 19
[76/b38954] var…YPE_GVCFS (Interval: 0010) | 4 of 18
[-        ] var…t_calling:MERGE_JOINT_VCFS -
[-        ] variant_calling:ASM            -
[-        ] var…_calling:MERGE_ASM_OUTPUTS -
[af/6f5cb2] var…:MUTECT2 (evoC-Bap1-mut-F) | 4 of 4 ✔
[d8/37f9a4] mbi…voC-Bap1-mut-F-CG-5-prime) | 12 of 12 ✔
[1d/414b09] epi…ZARR (evoC-Bap1-mut-F-CHH) | 12 of 12 ✔
[de/7d3a1f] epi…XPORT (evoC-Bap1-mut-F_CG) | 4 of 12
[c7/9f6584] epi…(evoC_Bap1_run-genome-CHH) | 3 of 3 ✔
[42/aed8d4] epi…2ZARR (evoC-Bap1-mut-F-CG) | 4 of 4 ✔
[6b/e8540c] epi…XPORT (evoC-Bap1-mut-F_CG) | 4 of 4 ✔
[91/6faba2] epi…2ZARR (evoC-Bap1-mut-F-CG) | 4 of 4 ✔
[8c/b81001] epi…XPORT (evoC-Bap1-mut-F_CG) | 4 of 4 ✔
[3e/52d548] epi…voC_Bap1_run-long_ctrl-CG) | 1 of 1 ✔
[ce/a81050] summary:DQSPY (evoC_Bap1_run)  | 1 of 1 ✔
Plus 3 more processes waiting for tasks…

executor >  slurm (135)
[38/c7ea19] res…AW (evoC-Bap1-mut-F, L000) | 4 of 4 ✔
[bb/6ef43d] res…DE (evoC-Bap1-mut-F, L000) | 4 of 4 ✔
[-        ] resolve_align:FASTQC_RESOLVED  -
[35/a3ae4a] res…M2 (evoC-Bap1-mut-F, L000) | 4 of 4 ✔
[-        ] res…align:SAMTOOLS_MERGE_LANES -
[-        ] resolve_align:PRESEQ           -
[f7/1296d9] bam…t:BAMLET (evoC-Bap1-mut-F) | 4 of 4 ✔
[0d/c02be5] bam…AP_BAMQC (evoC-Bap1-mut-F) | 4 of 4 ✔
[02/f16957] bam…TSS_BIAS (evoC-Bap1-mut-F) | 4 of 4 ✔
[-        ] bam…:DEEPTOOLS_PLOTFINGERPRINT -
[86/e5f00a] bam…D_GCBIAS (evoC-Bap1-mut-F) | 4 of 4 ✔
[ba/3f0643] bam…ACCURACY (evoC-Bap1-mut-F) | 4 of 4 ✔
[95/7670d0] var…E_CALLER (evoC-Bap1-mut-F) | 4 of 4 ✔
[8d/518e06] var…NTERVALS (GRCm38_filtered) | 1 of 1 ✔
[a1/f96548] var…DB_IMPORT (Interval: 0007) | 18 of 19
[a2/6d0302] var…YPE_GVCFS (Interval: 0007) | 4 of 18
[-        ] var…t_calling:MERGE_JOINT_VCFS -
[-        ] variant_calling:ASM            -
[-        ] var…_calling:MERGE_ASM_OUTPUTS -
[af/6f5cb2] var…:MUTECT2 (evoC-Bap1-mut-F) | 4 of 4 ✔
[d8/37f9a4] mbi…voC-Bap1-mut-F-CG-5-prime) | 12 of 12 ✔
[1d/414b09] epi…ZARR (evoC-Bap1-mut-F-CHH) | 12 of 12 ✔
[de/7d3a1f] epi…XPORT (evoC-Bap1-mut-F_CG) | 4 of 12
[c7/9f6584] epi…(evoC_Bap1_run-genome-CHH) | 3 of 3 ✔
[42/aed8d4] epi…2ZARR (evoC-Bap1-mut-F-CG) | 4 of 4 ✔
[6b/e8540c] epi…XPORT (evoC-Bap1-mut-F_CG) | 4 of 4 ✔
[91/6faba2] epi…2ZARR (evoC-Bap1-mut-F-CG) | 4 of 4 ✔
[8c/b81001] epi…XPORT (evoC-Bap1-mut-F_CG) | 4 of 4 ✔
[3e/52d548] epi…voC_Bap1_run-long_ctrl-CG) | 1 of 1 ✔
[ce/a81050] summary:DQSPY (evoC_Bap1_run)  | 1 of 1 ✔
Plus 3 more processes waiting for tasks…

executor >  slurm (135)
[38/c7ea19] res…AW (evoC-Bap1-mut-F, L000) | 4 of 4 ✔
[bb/6ef43d] res…DE (evoC-Bap1-mut-F, L000) | 4 of 4 ✔
[-        ] resolve_align:FASTQC_RESOLVED  -
[35/a3ae4a] res…M2 (evoC-Bap1-mut-F, L000) | 4 of 4 ✔
[-        ] res…align:SAMTOOLS_MERGE_LANES -
[-        ] resolve_align:PRESEQ           -
[f7/1296d9] bam…t:BAMLET (evoC-Bap1-mut-F) | 4 of 4 ✔
[0d/c02be5] bam…AP_BAMQC (evoC-Bap1-mut-F) | 4 of 4 ✔
[02/f16957] bam…TSS_BIAS (evoC-Bap1-mut-F) | 4 of 4 ✔
[-        ] bam…:DEEPTOOLS_PLOTFINGERPRINT -
[86/e5f00a] bam…D_GCBIAS (evoC-Bap1-mut-F) | 4 of 4 ✔
[ba/3f0643] bam…ACCURACY (evoC-Bap1-mut-F) | 4 of 4 ✔
[95/7670d0] var…E_CALLER (evoC-Bap1-mut-F) | 4 of 4 ✔
[8d/518e06] var…NTERVALS (GRCm38_filtered) | 1 of 1 ✔
[a1/f96548] var…DB_IMPORT (Interval: 0007) | 18 of 19
[a2/6d0302] var…YPE_GVCFS (Interval: 0007) | 4 of 18
[-        ] var…t_calling:MERGE_JOINT_VCFS -
[-        ] variant_calling:ASM            -
[-        ] var…_calling:MERGE_ASM_OUTPUTS -
[af/6f5cb2] var…:MUTECT2 (evoC-Bap1-mut-F) | 4 of 4 ✔
[d8/37f9a4] mbi…voC-Bap1-mut-F-CG-5-prime) | 12 of 12 ✔
[1d/414b09] epi…ZARR (evoC-Bap1-mut-F-CHH) | 12 of 12 ✔
[de/7d3a1f] epi…XPORT (evoC-Bap1-mut-F_CG) | 4 of 12
[c7/9f6584] epi…(evoC_Bap1_run-genome-CHH) | 3 of 3 ✔
[42/aed8d4] epi…2ZARR (evoC-Bap1-mut-F-CG) | 4 of 4 ✔
[6b/e8540c] epi…XPORT (evoC-Bap1-mut-F_CG) | 4 of 4 ✔
[91/6faba2] epi…2ZARR (evoC-Bap1-mut-F-CG) | 4 of 4 ✔
[8c/b81001] epi…XPORT (evoC-Bap1-mut-F_CG) | 4 of 4 ✔
[3e/52d548] epi…voC_Bap1_run-long_ctrl-CG) | 1 of 1 ✔
[ce/a81050] summary:DQSPY (evoC_Bap1_run)  | 1 of 1 ✔
Plus 3 more processes waiting for tasks…

executor >  slurm (135)
[38/c7ea19] res…AW (evoC-Bap1-mut-F, L000) | 4 of 4 ✔
[bb/6ef43d] res…DE (evoC-Bap1-mut-F, L000) | 4 of 4 ✔
[-        ] resolve_align:FASTQC_RESOLVED  -
[35/a3ae4a] res…M2 (evoC-Bap1-mut-F, L000) | 4 of 4 ✔
[-        ] res…align:SAMTOOLS_MERGE_LANES -
[-        ] resolve_align:PRESEQ           -
[f7/1296d9] bam…t:BAMLET (evoC-Bap1-mut-F) | 4 of 4 ✔
[0d/c02be5] bam…AP_BAMQC (evoC-Bap1-mut-F) | 4 of 4 ✔
[02/f16957] bam…TSS_BIAS (evoC-Bap1-mut-F) | 4 of 4 ✔
[-        ] bam…:DEEPTOOLS_PLOTFINGERPRINT -
[86/e5f00a] bam…D_GCBIAS (evoC-Bap1-mut-F) | 4 of 4 ✔
[ba/3f0643] bam…ACCURACY (evoC-Bap1-mut-F) | 4 of 4 ✔
[95/7670d0] var…E_CALLER (evoC-Bap1-mut-F) | 4 of 4 ✔
[8d/518e06] var…NTERVALS (GRCm38_filtered) | 1 of 1 ✔
[a1/f96548] var…DB_IMPORT (Interval: 0007) | 18 of 19
[39/a148ce] var…YPE_GVCFS (Interval: 0004) | 5 of 18
[-        ] var…t_calling:MERGE_JOINT_VCFS -
[-        ] variant_calling:ASM            -
[-        ] var…_calling:MERGE_ASM_OUTPUTS -
[af/6f5cb2] var…:MUTECT2 (evoC-Bap1-mut-F) | 4 of 4 ✔
[d8/37f9a4] mbi…voC-Bap1-mut-F-CG-5-prime) | 12 of 12 ✔
[1d/414b09] epi…ZARR (evoC-Bap1-mut-F-CHH) | 12 of 12 ✔
[de/7d3a1f] epi…XPORT (evoC-Bap1-mut-F_CG) | 4 of 12
[c7/9f6584] epi…(evoC_Bap1_run-genome-CHH) | 3 of 3 ✔
[42/aed8d4] epi…2ZARR (evoC-Bap1-mut-F-CG) | 4 of 4 ✔
[6b/e8540c] epi…XPORT (evoC-Bap1-mut-F_CG) | 4 of 4 ✔
[91/6faba2] epi…2ZARR (evoC-Bap1-mut-F-CG) | 4 of 4 ✔
[8c/b81001] epi…XPORT (evoC-Bap1-mut-F_CG) | 4 of 4 ✔
[3e/52d548] epi…voC_Bap1_run-long_ctrl-CG) | 1 of 1 ✔
[ce/a81050] summary:DQSPY (evoC_Bap1_run)  | 1 of 1 ✔
Plus 3 more processes waiting for tasks…

executor >  slurm (135)
[38/c7ea19] res…AW (evoC-Bap1-mut-F, L000) | 4 of 4 ✔
[bb/6ef43d] res…DE (evoC-Bap1-mut-F, L000) | 4 of 4 ✔
[-        ] resolve_align:FASTQC_RESOLVED  -
[35/a3ae4a] res…M2 (evoC-Bap1-mut-F, L000) | 4 of 4 ✔
[-        ] res…align:SAMTOOLS_MERGE_LANES -
[-        ] resolve_align:PRESEQ           -
[f7/1296d9] bam…t:BAMLET (evoC-Bap1-mut-F) | 4 of 4 ✔
[0d/c02be5] bam…AP_BAMQC (evoC-Bap1-mut-F) | 4 of 4 ✔
[02/f16957] bam…TSS_BIAS (evoC-Bap1-mut-F) | 4 of 4 ✔
[-        ] bam…:DEEPTOOLS_PLOTFINGERPRINT -
[86/e5f00a] bam…D_GCBIAS (evoC-Bap1-mut-F) | 4 of 4 ✔
[ba/3f0643] bam…ACCURACY (evoC-Bap1-mut-F) | 4 of 4 ✔
[95/7670d0] var…E_CALLER (evoC-Bap1-mut-F) | 4 of 4 ✔
[8d/518e06] var…NTERVALS (GRCm38_filtered) | 1 of 1 ✔
[a1/f96548] var…DB_IMPORT (Interval: 0007) | 18 of 19
[81/ec385b] var…YPE_GVCFS (Interval: 0015) | 6 of 18
[-        ] var…t_calling:MERGE_JOINT_VCFS -
[-        ] variant_calling:ASM            -
[-        ] var…_calling:MERGE_ASM_OUTPUTS -
[af/6f5cb2] var…:MUTECT2 (evoC-Bap1-mut-F) | 4 of 4 ✔
[d8/37f9a4] mbi…voC-Bap1-mut-F-CG-5-prime) | 12 of 12 ✔
[1d/414b09] epi…ZARR (evoC-Bap1-mut-F-CHH) | 12 of 12 ✔
[de/7d3a1f] epi…XPORT (evoC-Bap1-mut-F_CG) | 4 of 12
[c7/9f6584] epi…(evoC_Bap1_run-genome-CHH) | 3 of 3 ✔
[42/aed8d4] epi…2ZARR (evoC-Bap1-mut-F-CG) | 4 of 4 ✔
[6b/e8540c] epi…XPORT (evoC-Bap1-mut-F_CG) | 4 of 4 ✔
[91/6faba2] epi…2ZARR (evoC-Bap1-mut-F-CG) | 4 of 4 ✔
[8c/b81001] epi…XPORT (evoC-Bap1-mut-F_CG) | 4 of 4 ✔
[3e/52d548] epi…voC_Bap1_run-long_ctrl-CG) | 1 of 1 ✔
[ce/a81050] summary:DQSPY (evoC_Bap1_run)  | 1 of 1 ✔
Plus 3 more processes waiting for tasks…

executor >  slurm (135)
[38/c7ea19] res…AW (evoC-Bap1-mut-F, L000) | 4 of 4 ✔
[bb/6ef43d] res…DE (evoC-Bap1-mut-F, L000) | 4 of 4 ✔
[-        ] resolve_align:FASTQC_RESOLVED  -
[35/a3ae4a] res…M2 (evoC-Bap1-mut-F, L000) | 4 of 4 ✔
[-        ] res…align:SAMTOOLS_MERGE_LANES -
[-        ] resolve_align:PRESEQ           -
[f7/1296d9] bam…t:BAMLET (evoC-Bap1-mut-F) | 4 of 4 ✔
[0d/c02be5] bam…AP_BAMQC (evoC-Bap1-mut-F) | 4 of 4 ✔
[02/f16957] bam…TSS_BIAS (evoC-Bap1-mut-F) | 4 of 4 ✔
[-        ] bam…:DEEPTOOLS_PLOTFINGERPRINT -
[86/e5f00a] bam…D_GCBIAS (evoC-Bap1-mut-F) | 4 of 4 ✔
[ba/3f0643] bam…ACCURACY (evoC-Bap1-mut-F) | 4 of 4 ✔
[95/7670d0] var…E_CALLER (evoC-Bap1-mut-F) | 4 of 4 ✔
[8d/518e06] var…NTERVALS (GRCm38_filtered) | 1 of 1 ✔
[fd/34cfe3] var…DB_IMPORT (Interval: 0009) | 19 of 19 ✔
[81/ec385b] var…YPE_GVCFS (Interval: 0015) | 6 of 19
[-        ] var…t_calling:MERGE_JOINT_VCFS -
[-        ] variant_calling:ASM            -
[-        ] var…_calling:MERGE_ASM_OUTPUTS -
[af/6f5cb2] var…:MUTECT2 (evoC-Bap1-mut-F) | 4 of 4 ✔
[d8/37f9a4] mbi…voC-Bap1-mut-F-CG-5-prime) | 12 of 12 ✔
[1d/414b09] epi…ZARR (evoC-Bap1-mut-F-CHH) | 12 of 12 ✔
[de/7d3a1f] epi…XPORT (evoC-Bap1-mut-F_CG) | 4 of 12
[c7/9f6584] epi…(evoC_Bap1_run-genome-CHH) | 3 of 3 ✔
[42/aed8d4] epi…2ZARR (evoC-Bap1-mut-F-CG) | 4 of 4 ✔
[6b/e8540c] epi…XPORT (evoC-Bap1-mut-F_CG) | 4 of 4 ✔
[91/6faba2] epi…2ZARR (evoC-Bap1-mut-F-CG) | 4 of 4 ✔
[8c/b81001] epi…XPORT (evoC-Bap1-mut-F_CG) | 4 of 4 ✔
[3e/52d548] epi…voC_Bap1_run-long_ctrl-CG) | 1 of 1 ✔
[ce/a81050] summary:DQSPY (evoC_Bap1_run)  | 1 of 1 ✔
Plus 3 more processes waiting for tasks…

executor >  slurm (136)
[38/c7ea19] res…AW (evoC-Bap1-mut-F, L000) | 4 of 4 ✔
[bb/6ef43d] res…DE (evoC-Bap1-mut-F, L000) | 4 of 4 ✔
[-        ] resolve_align:FASTQC_RESOLVED  -
[35/a3ae4a] res…M2 (evoC-Bap1-mut-F, L000) | 4 of 4 ✔
[-        ] res…align:SAMTOOLS_MERGE_LANES -
[-        ] resolve_align:PRESEQ           -
[f7/1296d9] bam…t:BAMLET (evoC-Bap1-mut-F) | 4 of 4 ✔
[0d/c02be5] bam…AP_BAMQC (evoC-Bap1-mut-F) | 4 of 4 ✔
[02/f16957] bam…TSS_BIAS (evoC-Bap1-mut-F) | 4 of 4 ✔
[-        ] bam…:DEEPTOOLS_PLOTFINGERPRINT -
[86/e5f00a] bam…D_GCBIAS (evoC-Bap1-mut-F) | 4 of 4 ✔
[ba/3f0643] bam…ACCURACY (evoC-Bap1-mut-F) | 4 of 4 ✔
[95/7670d0] var…E_CALLER (evoC-Bap1-mut-F) | 4 of 4 ✔
[8d/518e06] var…NTERVALS (GRCm38_filtered) | 1 of 1 ✔
[fd/34cfe3] var…DB_IMPORT (Interval: 0009) | 19 of 19 ✔
[da/31b966] var…YPE_GVCFS (Interval: 0009) | 6 of 19
[-        ] var…t_calling:MERGE_JOINT_VCFS -
[-        ] variant_calling:ASM            -
[-        ] var…_calling:MERGE_ASM_OUTPUTS -
[af/6f5cb2] var…:MUTECT2 (evoC-Bap1-mut-F) | 4 of 4 ✔
[d8/37f9a4] mbi…voC-Bap1-mut-F-CG-5-prime) | 12 of 12 ✔
[1d/414b09] epi…ZARR (evoC-Bap1-mut-F-CHH) | 12 of 12 ✔
[de/7d3a1f] epi…XPORT (evoC-Bap1-mut-F_CG) | 4 of 12
[c7/9f6584] epi…(evoC_Bap1_run-genome-CHH) | 3 of 3 ✔
[42/aed8d4] epi…2ZARR (evoC-Bap1-mut-F-CG) | 4 of 4 ✔
[6b/e8540c] epi…XPORT (evoC-Bap1-mut-F_CG) | 4 of 4 ✔
[91/6faba2] epi…2ZARR (evoC-Bap1-mut-F-CG) | 4 of 4 ✔
[8c/b81001] epi…XPORT (evoC-Bap1-mut-F_CG) | 4 of 4 ✔
[3e/52d548] epi…voC_Bap1_run-long_ctrl-CG) | 1 of 1 ✔
[ce/a81050] summary:DQSPY (evoC_Bap1_run)  | 1 of 1 ✔
Plus 3 more processes waiting for tasks…

executor >  slurm (136)
[38/c7ea19] res…AW (evoC-Bap1-mut-F, L000) | 4 of 4 ✔
[bb/6ef43d] res…DE (evoC-Bap1-mut-F, L000) | 4 of 4 ✔
[-        ] resolve_align:FASTQC_RESOLVED  -
[35/a3ae4a] res…M2 (evoC-Bap1-mut-F, L000) | 4 of 4 ✔
[-        ] res…align:SAMTOOLS_MERGE_LANES -
[-        ] resolve_align:PRESEQ           -
[f7/1296d9] bam…t:BAMLET (evoC-Bap1-mut-F) | 4 of 4 ✔
[0d/c02be5] bam…AP_BAMQC (evoC-Bap1-mut-F) | 4 of 4 ✔
[02/f16957] bam…TSS_BIAS (evoC-Bap1-mut-F) | 4 of 4 ✔
[-        ] bam…:DEEPTOOLS_PLOTFINGERPRINT -
[86/e5f00a] bam…D_GCBIAS (evoC-Bap1-mut-F) | 4 of 4 ✔
[ba/3f0643] bam…ACCURACY (evoC-Bap1-mut-F) | 4 of 4 ✔
[95/7670d0] var…E_CALLER (evoC-Bap1-mut-F) | 4 of 4 ✔
[8d/518e06] var…NTERVALS (GRCm38_filtered) | 1 of 1 ✔
[fd/34cfe3] var…DB_IMPORT (Interval: 0009) | 19 of 19 ✔
[da/31b966] var…YPE_GVCFS (Interval: 0009) | 6 of 19
[-        ] var…t_calling:MERGE_JOINT_VCFS -
[-        ] variant_calling:ASM            -
[-        ] var…_calling:MERGE_ASM_OUTPUTS -
[af/6f5cb2] var…:MUTECT2 (evoC-Bap1-mut-F) | 4 of 4 ✔
[d8/37f9a4] mbi…voC-Bap1-mut-F-CG-5-prime) | 12 of 12 ✔
[1d/414b09] epi…ZARR (evoC-Bap1-mut-F-CHH) | 12 of 12 ✔
[de/7d3a1f] epi…XPORT (evoC-Bap1-mut-F_CG) | 4 of 12
[c7/9f6584] epi…(evoC_Bap1_run-genome-CHH) | 3 of 3 ✔
[42/aed8d4] epi…2ZARR (evoC-Bap1-mut-F-CG) | 4 of 4 ✔
[6b/e8540c] epi…XPORT (evoC-Bap1-mut-F_CG) | 4 of 4 ✔
[91/6faba2] epi…2ZARR (evoC-Bap1-mut-F-CG) | 4 of 4 ✔
[8c/b81001] epi…XPORT (evoC-Bap1-mut-F_CG) | 4 of 4 ✔
[3e/52d548] epi…voC_Bap1_run-long_ctrl-CG) | 1 of 1 ✔
[ce/a81050] summary:DQSPY (evoC_Bap1_run)  | 1 of 1 ✔
Plus 3 more processes waiting for tasks…

executor >  slurm (136)
[38/c7ea19] res…AW (evoC-Bap1-mut-F, L000) | 4 of 4 ✔
[bb/6ef43d] res…DE (evoC-Bap1-mut-F, L000) | 4 of 4 ✔
[-        ] resolve_align:FASTQC_RESOLVED  -
[35/a3ae4a] res…M2 (evoC-Bap1-mut-F, L000) | 4 of 4 ✔
[-        ] res…align:SAMTOOLS_MERGE_LANES -
[-        ] resolve_align:PRESEQ           -
[f7/1296d9] bam…t:BAMLET (evoC-Bap1-mut-F) | 4 of 4 ✔
[0d/c02be5] bam…AP_BAMQC (evoC-Bap1-mut-F) | 4 of 4 ✔
[02/f16957] bam…TSS_BIAS (evoC-Bap1-mut-F) | 4 of 4 ✔
[-        ] bam…:DEEPTOOLS_PLOTFINGERPRINT -
[86/e5f00a] bam…D_GCBIAS (evoC-Bap1-mut-F) | 4 of 4 ✔
[ba/3f0643] bam…ACCURACY (evoC-Bap1-mut-F) | 4 of 4 ✔
[95/7670d0] var…E_CALLER (evoC-Bap1-mut-F) | 4 of 4 ✔
[8d/518e06] var…NTERVALS (GRCm38_filtered) | 1 of 1 ✔
[fd/34cfe3] var…DB_IMPORT (Interval: 0009) | 19 of 19 ✔
[66/fbd9aa] var…YPE_GVCFS (Interval: 0003) | 7 of 19
[-        ] var…t_calling:MERGE_JOINT_VCFS -
[-        ] variant_calling:ASM            -
[-        ] var…_calling:MERGE_ASM_OUTPUTS -
[af/6f5cb2] var…:MUTECT2 (evoC-Bap1-mut-F) | 4 of 4 ✔
[d8/37f9a4] mbi…voC-Bap1-mut-F-CG-5-prime) | 12 of 12 ✔
[1d/414b09] epi…ZARR (evoC-Bap1-mut-F-CHH) | 12 of 12 ✔
[de/7d3a1f] epi…XPORT (evoC-Bap1-mut-F_CG) | 4 of 12
[c7/9f6584] epi…(evoC_Bap1_run-genome-CHH) | 3 of 3 ✔
[42/aed8d4] epi…2ZARR (evoC-Bap1-mut-F-CG) | 4 of 4 ✔
[6b/e8540c] epi…XPORT (evoC-Bap1-mut-F_CG) | 4 of 4 ✔
[91/6faba2] epi…2ZARR (evoC-Bap1-mut-F-CG) | 4 of 4 ✔
[8c/b81001] epi…XPORT (evoC-Bap1-mut-F_CG) | 4 of 4 ✔
[3e/52d548] epi…voC_Bap1_run-long_ctrl-CG) | 1 of 1 ✔
[ce/a81050] summary:DQSPY (evoC_Bap1_run)  | 1 of 1 ✔
Plus 3 more processes waiting for tasks…

executor >  slurm (136)
[38/c7ea19] res…AW (evoC-Bap1-mut-F, L000) | 4 of 4 ✔
[bb/6ef43d] res…DE (evoC-Bap1-mut-F, L000) | 4 of 4 ✔
[-        ] resolve_align:FASTQC_RESOLVED  -
[35/a3ae4a] res…M2 (evoC-Bap1-mut-F, L000) | 4 of 4 ✔
[-        ] res…align:SAMTOOLS_MERGE_LANES -
[-        ] resolve_align:PRESEQ           -
[f7/1296d9] bam…t:BAMLET (evoC-Bap1-mut-F) | 4 of 4 ✔
[0d/c02be5] bam…AP_BAMQC (evoC-Bap1-mut-F) | 4 of 4 ✔
[02/f16957] bam…TSS_BIAS (evoC-Bap1-mut-F) | 4 of 4 ✔
[-        ] bam…:DEEPTOOLS_PLOTFINGERPRINT -
[86/e5f00a] bam…D_GCBIAS (evoC-Bap1-mut-F) | 4 of 4 ✔
[ba/3f0643] bam…ACCURACY (evoC-Bap1-mut-F) | 4 of 4 ✔
[95/7670d0] var…E_CALLER (evoC-Bap1-mut-F) | 4 of 4 ✔
[8d/518e06] var…NTERVALS (GRCm38_filtered) | 1 of 1 ✔
[fd/34cfe3] var…DB_IMPORT (Interval: 0009) | 19 of 19 ✔
[75/b42e47] var…YPE_GVCFS (Interval: 0018) | 8 of 19
[-        ] var…t_calling:MERGE_JOINT_VCFS -
[-        ] variant_calling:ASM            -
[-        ] var…_calling:MERGE_ASM_OUTPUTS -
[af/6f5cb2] var…:MUTECT2 (evoC-Bap1-mut-F) | 4 of 4 ✔
[d8/37f9a4] mbi…voC-Bap1-mut-F-CG-5-prime) | 12 of 12 ✔
[1d/414b09] epi…ZARR (evoC-Bap1-mut-F-CHH) | 12 of 12 ✔
[de/7d3a1f] epi…XPORT (evoC-Bap1-mut-F_CG) | 4 of 12
[c7/9f6584] epi…(evoC_Bap1_run-genome-CHH) | 3 of 3 ✔
[42/aed8d4] epi…2ZARR (evoC-Bap1-mut-F-CG) | 4 of 4 ✔
[6b/e8540c] epi…XPORT (evoC-Bap1-mut-F_CG) | 4 of 4 ✔
[91/6faba2] epi…2ZARR (evoC-Bap1-mut-F-CG) | 4 of 4 ✔
[8c/b81001] epi…XPORT (evoC-Bap1-mut-F_CG) | 4 of 4 ✔
[3e/52d548] epi…voC_Bap1_run-long_ctrl-CG) | 1 of 1 ✔
[ce/a81050] summary:DQSPY (evoC_Bap1_run)  | 1 of 1 ✔
Plus 3 more processes waiting for tasks…

executor >  slurm (136)
[38/c7ea19] res…AW (evoC-Bap1-mut-F, L000) | 4 of 4 ✔
[bb/6ef43d] res…DE (evoC-Bap1-mut-F, L000) | 4 of 4 ✔
[-        ] resolve_align:FASTQC_RESOLVED  -
[35/a3ae4a] res…M2 (evoC-Bap1-mut-F, L000) | 4 of 4 ✔
[-        ] res…align:SAMTOOLS_MERGE_LANES -
[-        ] resolve_align:PRESEQ           -
[f7/1296d9] bam…t:BAMLET (evoC-Bap1-mut-F) | 4 of 4 ✔
[0d/c02be5] bam…AP_BAMQC (evoC-Bap1-mut-F) | 4 of 4 ✔
[02/f16957] bam…TSS_BIAS (evoC-Bap1-mut-F) | 4 of 4 ✔
[-        ] bam…:DEEPTOOLS_PLOTFINGERPRINT -
[86/e5f00a] bam…D_GCBIAS (evoC-Bap1-mut-F) | 4 of 4 ✔
[ba/3f0643] bam…ACCURACY (evoC-Bap1-mut-F) | 4 of 4 ✔
[95/7670d0] var…E_CALLER (evoC-Bap1-mut-F) | 4 of 4 ✔
[8d/518e06] var…NTERVALS (GRCm38_filtered) | 1 of 1 ✔
[fd/34cfe3] var…DB_IMPORT (Interval: 0009) | 19 of 19 ✔
[87/38ebf3] var…YPE_GVCFS (Interval: 0012) | 9 of 19
[-        ] var…t_calling:MERGE_JOINT_VCFS -
[-        ] variant_calling:ASM            -
[-        ] var…_calling:MERGE_ASM_OUTPUTS -
[af/6f5cb2] var…:MUTECT2 (evoC-Bap1-mut-F) | 4 of 4 ✔
[d8/37f9a4] mbi…voC-Bap1-mut-F-CG-5-prime) | 12 of 12 ✔
[1d/414b09] epi…ZARR (evoC-Bap1-mut-F-CHH) | 12 of 12 ✔
[de/7d3a1f] epi…XPORT (evoC-Bap1-mut-F_CG) | 4 of 12
[c7/9f6584] epi…(evoC_Bap1_run-genome-CHH) | 3 of 3 ✔
[42/aed8d4] epi…2ZARR (evoC-Bap1-mut-F-CG) | 4 of 4 ✔
[6b/e8540c] epi…XPORT (evoC-Bap1-mut-F_CG) | 4 of 4 ✔
[91/6faba2] epi…2ZARR (evoC-Bap1-mut-F-CG) | 4 of 4 ✔
[8c/b81001] epi…XPORT (evoC-Bap1-mut-F_CG) | 4 of 4 ✔
[3e/52d548] epi…voC_Bap1_run-long_ctrl-CG) | 1 of 1 ✔
[ce/a81050] summary:DQSPY (evoC_Bap1_run)  | 1 of 1 ✔
Plus 3 more processes waiting for tasks…

executor >  slurm (136)
[38/c7ea19] res…AW (evoC-Bap1-mut-F, L000) | 4 of 4 ✔
[bb/6ef43d] res…DE (evoC-Bap1-mut-F, L000) | 4 of 4 ✔
[-        ] resolve_align:FASTQC_RESOLVED  -
[35/a3ae4a] res…M2 (evoC-Bap1-mut-F, L000) | 4 of 4 ✔
[-        ] res…align:SAMTOOLS_MERGE_LANES -
[-        ] resolve_align:PRESEQ           -
[f7/1296d9] bam…t:BAMLET (evoC-Bap1-mut-F) | 4 of 4 ✔
[0d/c02be5] bam…AP_BAMQC (evoC-Bap1-mut-F) | 4 of 4 ✔
[02/f16957] bam…TSS_BIAS (evoC-Bap1-mut-F) | 4 of 4 ✔
[-        ] bam…:DEEPTOOLS_PLOTFINGERPRINT -
[86/e5f00a] bam…D_GCBIAS (evoC-Bap1-mut-F) | 4 of 4 ✔
[ba/3f0643] bam…ACCURACY (evoC-Bap1-mut-F) | 4 of 4 ✔
[95/7670d0] var…E_CALLER (evoC-Bap1-mut-F) | 4 of 4 ✔
[8d/518e06] var…NTERVALS (GRCm38_filtered) | 1 of 1 ✔
[fd/34cfe3] var…DB_IMPORT (Interval: 0009) | 19 of 19 ✔
[85/7e24d2] var…YPE_GVCFS (Interval: 0013) | 10 of 19
[-        ] var…t_calling:MERGE_JOINT_VCFS -
[-        ] variant_calling:ASM            -
[-        ] var…_calling:MERGE_ASM_OUTPUTS -
[af/6f5cb2] var…:MUTECT2 (evoC-Bap1-mut-F) | 4 of 4 ✔
[d8/37f9a4] mbi…voC-Bap1-mut-F-CG-5-prime) | 12 of 12 ✔
[1d/414b09] epi…ZARR (evoC-Bap1-mut-F-CHH) | 12 of 12 ✔
[de/7d3a1f] epi…XPORT (evoC-Bap1-mut-F_CG) | 4 of 12
[c7/9f6584] epi…(evoC_Bap1_run-genome-CHH) | 3 of 3 ✔
[42/aed8d4] epi…2ZARR (evoC-Bap1-mut-F-CG) | 4 of 4 ✔
[6b/e8540c] epi…XPORT (evoC-Bap1-mut-F_CG) | 4 of 4 ✔
[91/6faba2] epi…2ZARR (evoC-Bap1-mut-F-CG) | 4 of 4 ✔
[8c/b81001] epi…XPORT (evoC-Bap1-mut-F_CG) | 4 of 4 ✔
[3e/52d548] epi…voC_Bap1_run-long_ctrl-CG) | 1 of 1 ✔
[ce/a81050] summary:DQSPY (evoC_Bap1_run)  | 1 of 1 ✔
Plus 3 more processes waiting for tasks…

executor >  slurm (136)
[38/c7ea19] res…AW (evoC-Bap1-mut-F, L000) | 4 of 4 ✔
[bb/6ef43d] res…DE (evoC-Bap1-mut-F, L000) | 4 of 4 ✔
[-        ] resolve_align:FASTQC_RESOLVED  -
[35/a3ae4a] res…M2 (evoC-Bap1-mut-F, L000) | 4 of 4 ✔
[-        ] res…align:SAMTOOLS_MERGE_LANES -
[-        ] resolve_align:PRESEQ           -
[f7/1296d9] bam…t:BAMLET (evoC-Bap1-mut-F) | 4 of 4 ✔
[0d/c02be5] bam…AP_BAMQC (evoC-Bap1-mut-F) | 4 of 4 ✔
[02/f16957] bam…TSS_BIAS (evoC-Bap1-mut-F) | 4 of 4 ✔
[-        ] bam…:DEEPTOOLS_PLOTFINGERPRINT -
[86/e5f00a] bam…D_GCBIAS (evoC-Bap1-mut-F) | 4 of 4 ✔
[ba/3f0643] bam…ACCURACY (evoC-Bap1-mut-F) | 4 of 4 ✔
[95/7670d0] var…E_CALLER (evoC-Bap1-mut-F) | 4 of 4 ✔
[8d/518e06] var…NTERVALS (GRCm38_filtered) | 1 of 1 ✔
[fd/34cfe3] var…DB_IMPORT (Interval: 0009) | 19 of 19 ✔
[cd/f8b4de] var…YPE_GVCFS (Interval: 0014) | 11 of 19
[-        ] var…t_calling:MERGE_JOINT_VCFS -
[-        ] variant_calling:ASM            -
[-        ] var…_calling:MERGE_ASM_OUTPUTS -
[af/6f5cb2] var…:MUTECT2 (evoC-Bap1-mut-F) | 4 of 4 ✔
[d8/37f9a4] mbi…voC-Bap1-mut-F-CG-5-prime) | 12 of 12 ✔
[1d/414b09] epi…ZARR (evoC-Bap1-mut-F-CHH) | 12 of 12 ✔
[de/7d3a1f] epi…XPORT (evoC-Bap1-mut-F_CG) | 4 of 12
[c7/9f6584] epi…(evoC_Bap1_run-genome-CHH) | 3 of 3 ✔
[42/aed8d4] epi…2ZARR (evoC-Bap1-mut-F-CG) | 4 of 4 ✔
[6b/e8540c] epi…XPORT (evoC-Bap1-mut-F_CG) | 4 of 4 ✔
[91/6faba2] epi…2ZARR (evoC-Bap1-mut-F-CG) | 4 of 4 ✔
[8c/b81001] epi…XPORT (evoC-Bap1-mut-F_CG) | 4 of 4 ✔
[3e/52d548] epi…voC_Bap1_run-long_ctrl-CG) | 1 of 1 ✔
[ce/a81050] summary:DQSPY (evoC_Bap1_run)  | 1 of 1 ✔
Plus 3 more processes waiting for tasks…

executor >  slurm (136)
[38/c7ea19] res…AW (evoC-Bap1-mut-F, L000) | 4 of 4 ✔
[bb/6ef43d] res…DE (evoC-Bap1-mut-F, L000) | 4 of 4 ✔
[-        ] resolve_align:FASTQC_RESOLVED  -
[35/a3ae4a] res…M2 (evoC-Bap1-mut-F, L000) | 4 of 4 ✔
[-        ] res…align:SAMTOOLS_MERGE_LANES -
[-        ] resolve_align:PRESEQ           -
[f7/1296d9] bam…t:BAMLET (evoC-Bap1-mut-F) | 4 of 4 ✔
[0d/c02be5] bam…AP_BAMQC (evoC-Bap1-mut-F) | 4 of 4 ✔
[02/f16957] bam…TSS_BIAS (evoC-Bap1-mut-F) | 4 of 4 ✔
[-        ] bam…:DEEPTOOLS_PLOTFINGERPRINT -
[86/e5f00a] bam…D_GCBIAS (evoC-Bap1-mut-F) | 4 of 4 ✔
[ba/3f0643] bam…ACCURACY (evoC-Bap1-mut-F) | 4 of 4 ✔
[95/7670d0] var…E_CALLER (evoC-Bap1-mut-F) | 4 of 4 ✔
[8d/518e06] var…NTERVALS (GRCm38_filtered) | 1 of 1 ✔
[fd/34cfe3] var…DB_IMPORT (Interval: 0009) | 19 of 19 ✔
[e4/9d096b] var…YPE_GVCFS (Interval: 0001) | 12 of 19
[-        ] var…t_calling:MERGE_JOINT_VCFS -
[-        ] variant_calling:ASM            -
[-        ] var…_calling:MERGE_ASM_OUTPUTS -
[af/6f5cb2] var…:MUTECT2 (evoC-Bap1-mut-F) | 4 of 4 ✔
[d8/37f9a4] mbi…voC-Bap1-mut-F-CG-5-prime) | 12 of 12 ✔
[1d/414b09] epi…ZARR (evoC-Bap1-mut-F-CHH) | 12 of 12 ✔
[de/7d3a1f] epi…XPORT (evoC-Bap1-mut-F_CG) | 4 of 12
[c7/9f6584] epi…(evoC_Bap1_run-genome-CHH) | 3 of 3 ✔
[42/aed8d4] epi…2ZARR (evoC-Bap1-mut-F-CG) | 4 of 4 ✔
[6b/e8540c] epi…XPORT (evoC-Bap1-mut-F_CG) | 4 of 4 ✔
[91/6faba2] epi…2ZARR (evoC-Bap1-mut-F-CG) | 4 of 4 ✔
[8c/b81001] epi…XPORT (evoC-Bap1-mut-F_CG) | 4 of 4 ✔
[3e/52d548] epi…voC_Bap1_run-long_ctrl-CG) | 1 of 1 ✔
[ce/a81050] summary:DQSPY (evoC_Bap1_run)  | 1 of 1 ✔
Plus 3 more processes waiting for tasks…

executor >  slurm (136)
[38/c7ea19] res…AW (evoC-Bap1-mut-F, L000) | 4 of 4 ✔
[bb/6ef43d] res…DE (evoC-Bap1-mut-F, L000) | 4 of 4 ✔
[-        ] resolve_align:FASTQC_RESOLVED  -
[35/a3ae4a] res…M2 (evoC-Bap1-mut-F, L000) | 4 of 4 ✔
[-        ] res…align:SAMTOOLS_MERGE_LANES -
[-        ] resolve_align:PRESEQ           -
[f7/1296d9] bam…t:BAMLET (evoC-Bap1-mut-F) | 4 of 4 ✔
[0d/c02be5] bam…AP_BAMQC (evoC-Bap1-mut-F) | 4 of 4 ✔
[02/f16957] bam…TSS_BIAS (evoC-Bap1-mut-F) | 4 of 4 ✔
[-        ] bam…:DEEPTOOLS_PLOTFINGERPRINT -
[86/e5f00a] bam…D_GCBIAS (evoC-Bap1-mut-F) | 4 of 4 ✔
[ba/3f0643] bam…ACCURACY (evoC-Bap1-mut-F) | 4 of 4 ✔
[95/7670d0] var…E_CALLER (evoC-Bap1-mut-F) | 4 of 4 ✔
[8d/518e06] var…NTERVALS (GRCm38_filtered) | 1 of 1 ✔
[fd/34cfe3] var…DB_IMPORT (Interval: 0009) | 19 of 19 ✔
[fc/a78089] var…YPE_GVCFS (Interval: 0005) | 13 of 19
[-        ] var…t_calling:MERGE_JOINT_VCFS -
[-        ] variant_calling:ASM            -
[-        ] var…_calling:MERGE_ASM_OUTPUTS -
[af/6f5cb2] var…:MUTECT2 (evoC-Bap1-mut-F) | 4 of 4 ✔
[d8/37f9a4] mbi…voC-Bap1-mut-F-CG-5-prime) | 12 of 12 ✔
[1d/414b09] epi…ZARR (evoC-Bap1-mut-F-CHH) | 12 of 12 ✔
[de/7d3a1f] epi…XPORT (evoC-Bap1-mut-F_CG) | 4 of 12
[c7/9f6584] epi…(evoC_Bap1_run-genome-CHH) | 3 of 3 ✔
[42/aed8d4] epi…2ZARR (evoC-Bap1-mut-F-CG) | 4 of 4 ✔
[6b/e8540c] epi…XPORT (evoC-Bap1-mut-F_CG) | 4 of 4 ✔
[91/6faba2] epi…2ZARR (evoC-Bap1-mut-F-CG) | 4 of 4 ✔
[8c/b81001] epi…XPORT (evoC-Bap1-mut-F_CG) | 4 of 4 ✔
[3e/52d548] epi…voC_Bap1_run-long_ctrl-CG) | 1 of 1 ✔
[ce/a81050] summary:DQSPY (evoC_Bap1_run)  | 1 of 1 ✔
Plus 3 more processes waiting for tasks…

executor >  slurm (136)
[38/c7ea19] res…AW (evoC-Bap1-mut-F, L000) | 4 of 4 ✔
[bb/6ef43d] res…DE (evoC-Bap1-mut-F, L000) | 4 of 4 ✔
[-        ] resolve_align:FASTQC_RESOLVED  -
[35/a3ae4a] res…M2 (evoC-Bap1-mut-F, L000) | 4 of 4 ✔
[-        ] res…align:SAMTOOLS_MERGE_LANES -
[-        ] resolve_align:PRESEQ           -
[f7/1296d9] bam…t:BAMLET (evoC-Bap1-mut-F) | 4 of 4 ✔
[0d/c02be5] bam…AP_BAMQC (evoC-Bap1-mut-F) | 4 of 4 ✔
[02/f16957] bam…TSS_BIAS (evoC-Bap1-mut-F) | 4 of 4 ✔
[-        ] bam…:DEEPTOOLS_PLOTFINGERPRINT -
[86/e5f00a] bam…D_GCBIAS (evoC-Bap1-mut-F) | 4 of 4 ✔
[ba/3f0643] bam…ACCURACY (evoC-Bap1-mut-F) | 4 of 4 ✔
[95/7670d0] var…E_CALLER (evoC-Bap1-mut-F) | 4 of 4 ✔
[8d/518e06] var…NTERVALS (GRCm38_filtered) | 1 of 1 ✔
[fd/34cfe3] var…DB_IMPORT (Interval: 0009) | 19 of 19 ✔
[93/1a922a] var…YPE_GVCFS (Interval: 0002) | 14 of 19
[-        ] var…t_calling:MERGE_JOINT_VCFS -
[-        ] variant_calling:ASM            -
[-        ] var…_calling:MERGE_ASM_OUTPUTS -
[af/6f5cb2] var…:MUTECT2 (evoC-Bap1-mut-F) | 4 of 4 ✔
[d8/37f9a4] mbi…voC-Bap1-mut-F-CG-5-prime) | 12 of 12 ✔
[1d/414b09] epi…ZARR (evoC-Bap1-mut-F-CHH) | 12 of 12 ✔
[de/7d3a1f] epi…XPORT (evoC-Bap1-mut-F_CG) | 4 of 12
[c7/9f6584] epi…(evoC_Bap1_run-genome-CHH) | 3 of 3 ✔
[42/aed8d4] epi…2ZARR (evoC-Bap1-mut-F-CG) | 4 of 4 ✔
[6b/e8540c] epi…XPORT (evoC-Bap1-mut-F_CG) | 4 of 4 ✔
[91/6faba2] epi…2ZARR (evoC-Bap1-mut-F-CG) | 4 of 4 ✔
[8c/b81001] epi…XPORT (evoC-Bap1-mut-F_CG) | 4 of 4 ✔
[3e/52d548] epi…voC_Bap1_run-long_ctrl-CG) | 1 of 1 ✔
[ce/a81050] summary:DQSPY (evoC_Bap1_run)  | 1 of 1 ✔
Plus 3 more processes waiting for tasks…

executor >  slurm (136)
[38/c7ea19] res…AW (evoC-Bap1-mut-F, L000) | 4 of 4 ✔
[bb/6ef43d] res…DE (evoC-Bap1-mut-F, L000) | 4 of 4 ✔
[-        ] resolve_align:FASTQC_RESOLVED  -
[35/a3ae4a] res…M2 (evoC-Bap1-mut-F, L000) | 4 of 4 ✔
[-        ] res…align:SAMTOOLS_MERGE_LANES -
[-        ] resolve_align:PRESEQ           -
[f7/1296d9] bam…t:BAMLET (evoC-Bap1-mut-F) | 4 of 4 ✔
[0d/c02be5] bam…AP_BAMQC (evoC-Bap1-mut-F) | 4 of 4 ✔
[02/f16957] bam…TSS_BIAS (evoC-Bap1-mut-F) | 4 of 4 ✔
[-        ] bam…:DEEPTOOLS_PLOTFINGERPRINT -
[86/e5f00a] bam…D_GCBIAS (evoC-Bap1-mut-F) | 4 of 4 ✔
[ba/3f0643] bam…ACCURACY (evoC-Bap1-mut-F) | 4 of 4 ✔
[95/7670d0] var…E_CALLER (evoC-Bap1-mut-F) | 4 of 4 ✔
[8d/518e06] var…NTERVALS (GRCm38_filtered) | 1 of 1 ✔
[fd/34cfe3] var…DB_IMPORT (Interval: 0009) | 19 of 19 ✔
[33/a7b1a1] var…YPE_GVCFS (Interval: 0011) | 15 of 19
[-        ] var…t_calling:MERGE_JOINT_VCFS -
[-        ] variant_calling:ASM            -
[-        ] var…_calling:MERGE_ASM_OUTPUTS -
[af/6f5cb2] var…:MUTECT2 (evoC-Bap1-mut-F) | 4 of 4 ✔
[d8/37f9a4] mbi…voC-Bap1-mut-F-CG-5-prime) | 12 of 12 ✔
[1d/414b09] epi…ZARR (evoC-Bap1-mut-F-CHH) | 12 of 12 ✔
[de/7d3a1f] epi…XPORT (evoC-Bap1-mut-F_CG) | 4 of 12
[c7/9f6584] epi…(evoC_Bap1_run-genome-CHH) | 3 of 3 ✔
[42/aed8d4] epi…2ZARR (evoC-Bap1-mut-F-CG) | 4 of 4 ✔
[6b/e8540c] epi…XPORT (evoC-Bap1-mut-F_CG) | 4 of 4 ✔
[91/6faba2] epi…2ZARR (evoC-Bap1-mut-F-CG) | 4 of 4 ✔
[8c/b81001] epi…XPORT (evoC-Bap1-mut-F_CG) | 4 of 4 ✔
[3e/52d548] epi…voC_Bap1_run-long_ctrl-CG) | 1 of 1 ✔
[ce/a81050] summary:DQSPY (evoC_Bap1_run)  | 1 of 1 ✔
Plus 3 more processes waiting for tasks…

executor >  slurm (136)
[38/c7ea19] res…AW (evoC-Bap1-mut-F, L000) | 4 of 4 ✔
[bb/6ef43d] res…DE (evoC-Bap1-mut-F, L000) | 4 of 4 ✔
[-        ] resolve_align:FASTQC_RESOLVED  -
[35/a3ae4a] res…M2 (evoC-Bap1-mut-F, L000) | 4 of 4 ✔
[-        ] res…align:SAMTOOLS_MERGE_LANES -
[-        ] resolve_align:PRESEQ           -
[f7/1296d9] bam…t:BAMLET (evoC-Bap1-mut-F) | 4 of 4 ✔
[0d/c02be5] bam…AP_BAMQC (evoC-Bap1-mut-F) | 4 of 4 ✔
[02/f16957] bam…TSS_BIAS (evoC-Bap1-mut-F) | 4 of 4 ✔
[-        ] bam…:DEEPTOOLS_PLOTFINGERPRINT -
[86/e5f00a] bam…D_GCBIAS (evoC-Bap1-mut-F) | 4 of 4 ✔
[ba/3f0643] bam…ACCURACY (evoC-Bap1-mut-F) | 4 of 4 ✔
[95/7670d0] var…E_CALLER (evoC-Bap1-mut-F) | 4 of 4 ✔
[8d/518e06] var…NTERVALS (GRCm38_filtered) | 1 of 1 ✔
[fd/34cfe3] var…DB_IMPORT (Interval: 0009) | 19 of 19 ✔
[33/a7b1a1] var…YPE_GVCFS (Interval: 0011) | 15 of 19
[-        ] var…t_calling:MERGE_JOINT_VCFS -
[-        ] variant_calling:ASM            -
[-        ] var…_calling:MERGE_ASM_OUTPUTS -
[af/6f5cb2] var…:MUTECT2 (evoC-Bap1-mut-F) | 4 of 4 ✔
[d8/37f9a4] mbi…voC-Bap1-mut-F-CG-5-prime) | 12 of 12 ✔
[1d/414b09] epi…ZARR (evoC-Bap1-mut-F-CHH) | 12 of 12 ✔
[43/bb3792] epi…ORT (evoC-Bap1-ctrl-M_CHG) | 5 of 12
[c7/9f6584] epi…(evoC_Bap1_run-genome-CHH) | 3 of 3 ✔
[42/aed8d4] epi…2ZARR (evoC-Bap1-mut-F-CG) | 4 of 4 ✔
[6b/e8540c] epi…XPORT (evoC-Bap1-mut-F_CG) | 4 of 4 ✔
[91/6faba2] epi…2ZARR (evoC-Bap1-mut-F-CG) | 4 of 4 ✔
[8c/b81001] epi…XPORT (evoC-Bap1-mut-F_CG) | 4 of 4 ✔
[3e/52d548] epi…voC_Bap1_run-long_ctrl-CG) | 1 of 1 ✔
[ce/a81050] summary:DQSPY (evoC_Bap1_run)  | 1 of 1 ✔
Plus 3 more processes waiting for tasks…

executor >  slurm (136)
[38/c7ea19] res…AW (evoC-Bap1-mut-F, L000) | 4 of 4 ✔
[bb/6ef43d] res…DE (evoC-Bap1-mut-F, L000) | 4 of 4 ✔
[-        ] resolve_align:FASTQC_RESOLVED  -
[35/a3ae4a] res…M2 (evoC-Bap1-mut-F, L000) | 4 of 4 ✔
[-        ] res…align:SAMTOOLS_MERGE_LANES -
[-        ] resolve_align:PRESEQ           -
[f7/1296d9] bam…t:BAMLET (evoC-Bap1-mut-F) | 4 of 4 ✔
[0d/c02be5] bam…AP_BAMQC (evoC-Bap1-mut-F) | 4 of 4 ✔
[02/f16957] bam…TSS_BIAS (evoC-Bap1-mut-F) | 4 of 4 ✔
[-        ] bam…:DEEPTOOLS_PLOTFINGERPRINT -
[86/e5f00a] bam…D_GCBIAS (evoC-Bap1-mut-F) | 4 of 4 ✔
[ba/3f0643] bam…ACCURACY (evoC-Bap1-mut-F) | 4 of 4 ✔
[95/7670d0] var…E_CALLER (evoC-Bap1-mut-F) | 4 of 4 ✔
[8d/518e06] var…NTERVALS (GRCm38_filtered) | 1 of 1 ✔
[fd/34cfe3] var…DB_IMPORT (Interval: 0009) | 19 of 19 ✔
[a9/f59b94] var…YPE_GVCFS (Interval: 0016) | 16 of 19
[-        ] var…t_calling:MERGE_JOINT_VCFS -
[-        ] variant_calling:ASM            -
[-        ] var…_calling:MERGE_ASM_OUTPUTS -
[af/6f5cb2] var…:MUTECT2 (evoC-Bap1-mut-F) | 4 of 4 ✔
[d8/37f9a4] mbi…voC-Bap1-mut-F-CG-5-prime) | 12 of 12 ✔
[1d/414b09] epi…ZARR (evoC-Bap1-mut-F-CHH) | 12 of 12 ✔
[43/bb3792] epi…ORT (evoC-Bap1-ctrl-M_CHG) | 5 of 12
[c7/9f6584] epi…(evoC_Bap1_run-genome-CHH) | 3 of 3 ✔
[42/aed8d4] epi…2ZARR (evoC-Bap1-mut-F-CG) | 4 of 4 ✔
[6b/e8540c] epi…XPORT (evoC-Bap1-mut-F_CG) | 4 of 4 ✔
[91/6faba2] epi…2ZARR (evoC-Bap1-mut-F-CG) | 4 of 4 ✔
[8c/b81001] epi…XPORT (evoC-Bap1-mut-F_CG) | 4 of 4 ✔
[3e/52d548] epi…voC_Bap1_run-long_ctrl-CG) | 1 of 1 ✔
[ce/a81050] summary:DQSPY (evoC_Bap1_run)  | 1 of 1 ✔
Plus 3 more processes waiting for tasks…

executor >  slurm (136)
[38/c7ea19] res…AW (evoC-Bap1-mut-F, L000) | 4 of 4 ✔
[bb/6ef43d] res…DE (evoC-Bap1-mut-F, L000) | 4 of 4 ✔
[-        ] resolve_align:FASTQC_RESOLVED  -
[35/a3ae4a] res…M2 (evoC-Bap1-mut-F, L000) | 4 of 4 ✔
[-        ] res…align:SAMTOOLS_MERGE_LANES -
[-        ] resolve_align:PRESEQ           -
[f7/1296d9] bam…t:BAMLET (evoC-Bap1-mut-F) | 4 of 4 ✔
[0d/c02be5] bam…AP_BAMQC (evoC-Bap1-mut-F) | 4 of 4 ✔
[02/f16957] bam…TSS_BIAS (evoC-Bap1-mut-F) | 4 of 4 ✔
[-        ] bam…:DEEPTOOLS_PLOTFINGERPRINT -
[86/e5f00a] bam…D_GCBIAS (evoC-Bap1-mut-F) | 4 of 4 ✔
[ba/3f0643] bam…ACCURACY (evoC-Bap1-mut-F) | 4 of 4 ✔
[95/7670d0] var…E_CALLER (evoC-Bap1-mut-F) | 4 of 4 ✔
[8d/518e06] var…NTERVALS (GRCm38_filtered) | 1 of 1 ✔
[fd/34cfe3] var…DB_IMPORT (Interval: 0009) | 19 of 19 ✔
[39/586ffe] var…YPE_GVCFS (Interval: 0000) | 17 of 19
[-        ] var…t_calling:MERGE_JOINT_VCFS -
[-        ] variant_calling:ASM            -
[-        ] var…_calling:MERGE_ASM_OUTPUTS -
[af/6f5cb2] var…:MUTECT2 (evoC-Bap1-mut-F) | 4 of 4 ✔
[d8/37f9a4] mbi…voC-Bap1-mut-F-CG-5-prime) | 12 of 12 ✔
[1d/414b09] epi…ZARR (evoC-Bap1-mut-F-CHH) | 12 of 12 ✔
[43/bb3792] epi…ORT (evoC-Bap1-ctrl-M_CHG) | 5 of 12
[c7/9f6584] epi…(evoC_Bap1_run-genome-CHH) | 3 of 3 ✔
[42/aed8d4] epi…2ZARR (evoC-Bap1-mut-F-CG) | 4 of 4 ✔
[6b/e8540c] epi…XPORT (evoC-Bap1-mut-F_CG) | 4 of 4 ✔
[91/6faba2] epi…2ZARR (evoC-Bap1-mut-F-CG) | 4 of 4 ✔
[8c/b81001] epi…XPORT (evoC-Bap1-mut-F_CG) | 4 of 4 ✔
[3e/52d548] epi…voC_Bap1_run-long_ctrl-CG) | 1 of 1 ✔
[ce/a81050] summary:DQSPY (evoC_Bap1_run)  | 1 of 1 ✔
Plus 3 more processes waiting for tasks…

executor >  slurm (136)
[38/c7ea19] res…AW (evoC-Bap1-mut-F, L000) | 4 of 4 ✔
[bb/6ef43d] res…DE (evoC-Bap1-mut-F, L000) | 4 of 4 ✔
[-        ] resolve_align:FASTQC_RESOLVED  -
[35/a3ae4a] res…M2 (evoC-Bap1-mut-F, L000) | 4 of 4 ✔
[-        ] res…align:SAMTOOLS_MERGE_LANES -
[-        ] resolve_align:PRESEQ           -
[f7/1296d9] bam…t:BAMLET (evoC-Bap1-mut-F) | 4 of 4 ✔
[0d/c02be5] bam…AP_BAMQC (evoC-Bap1-mut-F) | 4 of 4 ✔
[02/f16957] bam…TSS_BIAS (evoC-Bap1-mut-F) | 4 of 4 ✔
[-        ] bam…:DEEPTOOLS_PLOTFINGERPRINT -
[86/e5f00a] bam…D_GCBIAS (evoC-Bap1-mut-F) | 4 of 4 ✔
[ba/3f0643] bam…ACCURACY (evoC-Bap1-mut-F) | 4 of 4 ✔
[95/7670d0] var…E_CALLER (evoC-Bap1-mut-F) | 4 of 4 ✔
[8d/518e06] var…NTERVALS (GRCm38_filtered) | 1 of 1 ✔
[fd/34cfe3] var…DB_IMPORT (Interval: 0009) | 19 of 19 ✔
[a2/6d0302] var…YPE_GVCFS (Interval: 0007) | 18 of 19
[-        ] var…t_calling:MERGE_JOINT_VCFS -
[-        ] variant_calling:ASM            -
[-        ] var…_calling:MERGE_ASM_OUTPUTS -
[af/6f5cb2] var…:MUTECT2 (evoC-Bap1-mut-F) | 4 of 4 ✔
[d8/37f9a4] mbi…voC-Bap1-mut-F-CG-5-prime) | 12 of 12 ✔
[1d/414b09] epi…ZARR (evoC-Bap1-mut-F-CHH) | 12 of 12 ✔
[43/bb3792] epi…ORT (evoC-Bap1-ctrl-M_CHG) | 5 of 12
[c7/9f6584] epi…(evoC_Bap1_run-genome-CHH) | 3 of 3 ✔
[42/aed8d4] epi…2ZARR (evoC-Bap1-mut-F-CG) | 4 of 4 ✔
[6b/e8540c] epi…XPORT (evoC-Bap1-mut-F_CG) | 4 of 4 ✔
[91/6faba2] epi…2ZARR (evoC-Bap1-mut-F-CG) | 4 of 4 ✔
[8c/b81001] epi…XPORT (evoC-Bap1-mut-F_CG) | 4 of 4 ✔
[3e/52d548] epi…voC_Bap1_run-long_ctrl-CG) | 1 of 1 ✔
[ce/a81050] summary:DQSPY (evoC_Bap1_run)  | 1 of 1 ✔
Plus 3 more processes waiting for tasks…

executor >  slurm (136)
[38/c7ea19] res…AW (evoC-Bap1-mut-F, L000) | 4 of 4 ✔
[bb/6ef43d] res…DE (evoC-Bap1-mut-F, L000) | 4 of 4 ✔
[-        ] resolve_align:FASTQC_RESOLVED  -
[35/a3ae4a] res…M2 (evoC-Bap1-mut-F, L000) | 4 of 4 ✔
[-        ] res…align:SAMTOOLS_MERGE_LANES -
[-        ] resolve_align:PRESEQ           -
[f7/1296d9] bam…t:BAMLET (evoC-Bap1-mut-F) | 4 of 4 ✔
[0d/c02be5] bam…AP_BAMQC (evoC-Bap1-mut-F) | 4 of 4 ✔
[02/f16957] bam…TSS_BIAS (evoC-Bap1-mut-F) | 4 of 4 ✔
[-        ] bam…:DEEPTOOLS_PLOTFINGERPRINT -
[86/e5f00a] bam…D_GCBIAS (evoC-Bap1-mut-F) | 4 of 4 ✔
[ba/3f0643] bam…ACCURACY (evoC-Bap1-mut-F) | 4 of 4 ✔
[95/7670d0] var…E_CALLER (evoC-Bap1-mut-F) | 4 of 4 ✔
[8d/518e06] var…NTERVALS (GRCm38_filtered) | 1 of 1 ✔
[fd/34cfe3] var…DB_IMPORT (Interval: 0009) | 19 of 19 ✔
[da/31b966] var…YPE_GVCFS (Interval: 0009) | 19 of 19 ✔
[-        ] var…t_calling:MERGE_JOINT_VCFS -
[-        ] variant_calling:ASM            -
[-        ] var…_calling:MERGE_ASM_OUTPUTS -
[af/6f5cb2] var…:MUTECT2 (evoC-Bap1-mut-F) | 4 of 4 ✔
[d8/37f9a4] mbi…voC-Bap1-mut-F-CG-5-prime) | 12 of 12 ✔
[1d/414b09] epi…ZARR (evoC-Bap1-mut-F-CHH) | 12 of 12 ✔
[43/bb3792] epi…ORT (evoC-Bap1-ctrl-M_CHG) | 5 of 12
[c7/9f6584] epi…(evoC_Bap1_run-genome-CHH) | 3 of 3 ✔
[42/aed8d4] epi…2ZARR (evoC-Bap1-mut-F-CG) | 4 of 4 ✔
[6b/e8540c] epi…XPORT (evoC-Bap1-mut-F_CG) | 4 of 4 ✔
[91/6faba2] epi…2ZARR (evoC-Bap1-mut-F-CG) | 4 of 4 ✔
[8c/b81001] epi…XPORT (evoC-Bap1-mut-F_CG) | 4 of 4 ✔
[3e/52d548] epi…voC_Bap1_run-long_ctrl-CG) | 1 of 1 ✔
[ce/a81050] summary:DQSPY (evoC_Bap1_run)  | 1 of 1 ✔
Plus 3 more processes waiting for tasks…

executor >  slurm (137)
[38/c7ea19] res…AW (evoC-Bap1-mut-F, L000) | 4 of 4 ✔
[bb/6ef43d] res…DE (evoC-Bap1-mut-F, L000) | 4 of 4 ✔
[-        ] resolve_align:FASTQC_RESOLVED  -
[35/a3ae4a] res…M2 (evoC-Bap1-mut-F, L000) | 4 of 4 ✔
[-        ] res…align:SAMTOOLS_MERGE_LANES -
[-        ] resolve_align:PRESEQ           -
[f7/1296d9] bam…t:BAMLET (evoC-Bap1-mut-F) | 4 of 4 ✔
[0d/c02be5] bam…AP_BAMQC (evoC-Bap1-mut-F) | 4 of 4 ✔
[02/f16957] bam…TSS_BIAS (evoC-Bap1-mut-F) | 4 of 4 ✔
[-        ] bam…:DEEPTOOLS_PLOTFINGERPRINT -
[86/e5f00a] bam…D_GCBIAS (evoC-Bap1-mut-F) | 4 of 4 ✔
[ba/3f0643] bam…ACCURACY (evoC-Bap1-mut-F) | 4 of 4 ✔
[95/7670d0] var…E_CALLER (evoC-Bap1-mut-F) | 4 of 4 ✔
[8d/518e06] var…NTERVALS (GRCm38_filtered) | 1 of 1 ✔
[fd/34cfe3] var…DB_IMPORT (Interval: 0009) | 19 of 19 ✔
[da/31b966] var…YPE_GVCFS (Interval: 0009) | 19 of 19 ✔
[4c/30deb5] var…t_calling:MERGE_JOINT_VCFS | 0 of 1
[-        ] variant_calling:ASM            -
[-        ] var…_calling:MERGE_ASM_OUTPUTS -
[af/6f5cb2] var…:MUTECT2 (evoC-Bap1-mut-F) | 4 of 4 ✔
[d8/37f9a4] mbi…voC-Bap1-mut-F-CG-5-prime) | 12 of 12 ✔
[1d/414b09] epi…ZARR (evoC-Bap1-mut-F-CHH) | 12 of 12 ✔
[43/bb3792] epi…ORT (evoC-Bap1-ctrl-M_CHG) | 5 of 12
[c7/9f6584] epi…(evoC_Bap1_run-genome-CHH) | 3 of 3 ✔
[42/aed8d4] epi…2ZARR (evoC-Bap1-mut-F-CG) | 4 of 4 ✔
[6b/e8540c] epi…XPORT (evoC-Bap1-mut-F_CG) | 4 of 4 ✔
[91/6faba2] epi…2ZARR (evoC-Bap1-mut-F-CG) | 4 of 4 ✔
[8c/b81001] epi…XPORT (evoC-Bap1-mut-F_CG) | 4 of 4 ✔
[3e/52d548] epi…voC_Bap1_run-long_ctrl-CG) | 1 of 1 ✔
[ce/a81050] summary:DQSPY (evoC_Bap1_run)  | 1 of 1 ✔
Plus 3 more processes waiting for tasks…

executor >  slurm (137)
[38/c7ea19] res…AW (evoC-Bap1-mut-F, L000) | 4 of 4 ✔
[bb/6ef43d] res…DE (evoC-Bap1-mut-F, L000) | 4 of 4 ✔
[-        ] resolve_align:FASTQC_RESOLVED  -
[35/a3ae4a] res…M2 (evoC-Bap1-mut-F, L000) | 4 of 4 ✔
[-        ] res…align:SAMTOOLS_MERGE_LANES -
[-        ] resolve_align:PRESEQ           -
[f7/1296d9] bam…t:BAMLET (evoC-Bap1-mut-F) | 4 of 4 ✔
[0d/c02be5] bam…AP_BAMQC (evoC-Bap1-mut-F) | 4 of 4 ✔
[02/f16957] bam…TSS_BIAS (evoC-Bap1-mut-F) | 4 of 4 ✔
[-        ] bam…:DEEPTOOLS_PLOTFINGERPRINT -
[86/e5f00a] bam…D_GCBIAS (evoC-Bap1-mut-F) | 4 of 4 ✔
[ba/3f0643] bam…ACCURACY (evoC-Bap1-mut-F) | 4 of 4 ✔
[95/7670d0] var…E_CALLER (evoC-Bap1-mut-F) | 4 of 4 ✔
[8d/518e06] var…NTERVALS (GRCm38_filtered) | 1 of 1 ✔
[fd/34cfe3] var…DB_IMPORT (Interval: 0009) | 19 of 19 ✔
[da/31b966] var…YPE_GVCFS (Interval: 0009) | 19 of 19 ✔
[4c/30deb5] var…t_calling:MERGE_JOINT_VCFS | 0 of 1
[-        ] variant_calling:ASM            -
[-        ] var…_calling:MERGE_ASM_OUTPUTS -
[af/6f5cb2] var…:MUTECT2 (evoC-Bap1-mut-F) | 4 of 4 ✔
[d8/37f9a4] mbi…voC-Bap1-mut-F-CG-5-prime) | 12 of 12 ✔
[1d/414b09] epi…ZARR (evoC-Bap1-mut-F-CHH) | 12 of 12 ✔
[43/bb3792] epi…ORT (evoC-Bap1-ctrl-M_CHG) | 5 of 12
[c7/9f6584] epi…(evoC_Bap1_run-genome-CHH) | 3 of 3 ✔
[42/aed8d4] epi…2ZARR (evoC-Bap1-mut-F-CG) | 4 of 4 ✔
[6b/e8540c] epi…XPORT (evoC-Bap1-mut-F_CG) | 4 of 4 ✔
[91/6faba2] epi…2ZARR (evoC-Bap1-mut-F-CG) | 4 of 4 ✔
[8c/b81001] epi…XPORT (evoC-Bap1-mut-F_CG) | 4 of 4 ✔
[3e/52d548] epi…voC_Bap1_run-long_ctrl-CG) | 1 of 1 ✔
[ce/a81050] summary:DQSPY (evoC_Bap1_run)  | 1 of 1 ✔
Plus 3 more processes waiting for tasks…

executor >  slurm (137)
[38/c7ea19] res…AW (evoC-Bap1-mut-F, L000) | 4 of 4 ✔
[bb/6ef43d] res…DE (evoC-Bap1-mut-F, L000) | 4 of 4 ✔
[-        ] resolve_align:FASTQC_RESOLVED  -
[35/a3ae4a] res…M2 (evoC-Bap1-mut-F, L000) | 4 of 4 ✔
[-        ] res…align:SAMTOOLS_MERGE_LANES -
[-        ] resolve_align:PRESEQ           -
[f7/1296d9] bam…t:BAMLET (evoC-Bap1-mut-F) | 4 of 4 ✔
[0d/c02be5] bam…AP_BAMQC (evoC-Bap1-mut-F) | 4 of 4 ✔
[02/f16957] bam…TSS_BIAS (evoC-Bap1-mut-F) | 4 of 4 ✔
[-        ] bam…:DEEPTOOLS_PLOTFINGERPRINT -
[86/e5f00a] bam…D_GCBIAS (evoC-Bap1-mut-F) | 4 of 4 ✔
[ba/3f0643] bam…ACCURACY (evoC-Bap1-mut-F) | 4 of 4 ✔
[95/7670d0] var…E_CALLER (evoC-Bap1-mut-F) | 4 of 4 ✔
[8d/518e06] var…NTERVALS (GRCm38_filtered) | 1 of 1 ✔
[fd/34cfe3] var…DB_IMPORT (Interval: 0009) | 19 of 19 ✔
[da/31b966] var…YPE_GVCFS (Interval: 0009) | 19 of 19 ✔
[4c/30deb5] var…t_calling:MERGE_JOINT_VCFS | 1 of 1 ✔
[-        ] variant_calling:ASM            | 0 of 4
[-        ] var…_calling:MERGE_ASM_OUTPUTS -
[af/6f5cb2] var…:MUTECT2 (evoC-Bap1-mut-F) | 4 of 4 ✔
[d8/37f9a4] mbi…voC-Bap1-mut-F-CG-5-prime) | 12 of 12 ✔
[1d/414b09] epi…ZARR (evoC-Bap1-mut-F-CHH) | 12 of 12 ✔
[43/bb3792] epi…ORT (evoC-Bap1-ctrl-M_CHG) | 5 of 12
[c7/9f6584] epi…(evoC_Bap1_run-genome-CHH) | 3 of 3 ✔
[42/aed8d4] epi…2ZARR (evoC-Bap1-mut-F-CG) | 4 of 4 ✔
[6b/e8540c] epi…XPORT (evoC-Bap1-mut-F_CG) | 4 of 4 ✔
[91/6faba2] epi…2ZARR (evoC-Bap1-mut-F-CG) | 4 of 4 ✔
[8c/b81001] epi…XPORT (evoC-Bap1-mut-F_CG) | 4 of 4 ✔
[3e/52d548] epi…voC_Bap1_run-long_ctrl-CG) | 1 of 1 ✔
[ce/a81050] summary:DQSPY (evoC_Bap1_run)  | 1 of 1 ✔
Plus 3 more processes waiting for tasks…

executor >  slurm (138)
[38/c7ea19] res…AW (evoC-Bap1-mut-F, L000) | 4 of 4 ✔
[bb/6ef43d] res…DE (evoC-Bap1-mut-F, L000) | 4 of 4 ✔
[-        ] resolve_align:FASTQC_RESOLVED  -
[35/a3ae4a] res…M2 (evoC-Bap1-mut-F, L000) | 4 of 4 ✔
[-        ] res…align:SAMTOOLS_MERGE_LANES -
[-        ] resolve_align:PRESEQ           -
[f7/1296d9] bam…t:BAMLET (evoC-Bap1-mut-F) | 4 of 4 ✔
[0d/c02be5] bam…AP_BAMQC (evoC-Bap1-mut-F) | 4 of 4 ✔
[02/f16957] bam…TSS_BIAS (evoC-Bap1-mut-F) | 4 of 4 ✔
[-        ] bam…:DEEPTOOLS_PLOTFINGERPRINT -
[86/e5f00a] bam…D_GCBIAS (evoC-Bap1-mut-F) | 4 of 4 ✔
[ba/3f0643] bam…ACCURACY (evoC-Bap1-mut-F) | 4 of 4 ✔
[95/7670d0] var…E_CALLER (evoC-Bap1-mut-F) | 4 of 4 ✔
[8d/518e06] var…NTERVALS (GRCm38_filtered) | 1 of 1 ✔
[fd/34cfe3] var…DB_IMPORT (Interval: 0009) | 19 of 19 ✔
[da/31b966] var…YPE_GVCFS (Interval: 0009) | 19 of 19 ✔
[4c/30deb5] var…t_calling:MERGE_JOINT_VCFS | 1 of 1 ✔
[58/651614] var…ping_vcf, evoC-Bap1-mut-F) | 0 of 4
[-        ] var…_calling:MERGE_ASM_OUTPUTS -
[af/6f5cb2] var…:MUTECT2 (evoC-Bap1-mut-F) | 4 of 4 ✔
[d8/37f9a4] mbi…voC-Bap1-mut-F-CG-5-prime) | 12 of 12 ✔
[1d/414b09] epi…ZARR (evoC-Bap1-mut-F-CHH) | 12 of 12 ✔
[43/bb3792] epi…ORT (evoC-Bap1-ctrl-M_CHG) | 5 of 12
[c7/9f6584] epi…(evoC_Bap1_run-genome-CHH) | 3 of 3 ✔
[42/aed8d4] epi…2ZARR (evoC-Bap1-mut-F-CG) | 4 of 4 ✔
[6b/e8540c] epi…XPORT (evoC-Bap1-mut-F_CG) | 4 of 4 ✔
[91/6faba2] epi…2ZARR (evoC-Bap1-mut-F-CG) | 4 of 4 ✔
[8c/b81001] epi…XPORT (evoC-Bap1-mut-F_CG) | 4 of 4 ✔
[3e/52d548] epi…voC_Bap1_run-long_ctrl-CG) | 1 of 1 ✔
[ce/a81050] summary:DQSPY (evoC_Bap1_run)  | 1 of 1 ✔
Plus 3 more processes waiting for tasks…

executor >  slurm (141)
[38/c7ea19] res…AW (evoC-Bap1-mut-F, L000) | 4 of 4 ✔
[bb/6ef43d] res…DE (evoC-Bap1-mut-F, L000) | 4 of 4 ✔
[-        ] resolve_align:FASTQC_RESOLVED  -
[35/a3ae4a] res…M2 (evoC-Bap1-mut-F, L000) | 4 of 4 ✔
[-        ] res…align:SAMTOOLS_MERGE_LANES -
[-        ] resolve_align:PRESEQ           -
[f7/1296d9] bam…t:BAMLET (evoC-Bap1-mut-F) | 4 of 4 ✔
[0d/c02be5] bam…AP_BAMQC (evoC-Bap1-mut-F) | 4 of 4 ✔
[02/f16957] bam…TSS_BIAS (evoC-Bap1-mut-F) | 4 of 4 ✔
[-        ] bam…:DEEPTOOLS_PLOTFINGERPRINT -
[86/e5f00a] bam…D_GCBIAS (evoC-Bap1-mut-F) | 4 of 4 ✔
[ba/3f0643] bam…ACCURACY (evoC-Bap1-mut-F) | 4 of 4 ✔
[95/7670d0] var…E_CALLER (evoC-Bap1-mut-F) | 4 of 4 ✔
[8d/518e06] var…NTERVALS (GRCm38_filtered) | 1 of 1 ✔
[fd/34cfe3] var…DB_IMPORT (Interval: 0009) | 19 of 19 ✔
[da/31b966] var…YPE_GVCFS (Interval: 0009) | 19 of 19 ✔
[4c/30deb5] var…t_calling:MERGE_JOINT_VCFS | 1 of 1 ✔
[66/0d065c] var…ping_vcf, evoC-Bap1-mut-M) | 0 of 4
[-        ] var…_calling:MERGE_ASM_OUTPUTS -
[af/6f5cb2] var…:MUTECT2 (evoC-Bap1-mut-F) | 4 of 4 ✔
[d8/37f9a4] mbi…voC-Bap1-mut-F-CG-5-prime) | 12 of 12 ✔
[1d/414b09] epi…ZARR (evoC-Bap1-mut-F-CHH) | 12 of 12 ✔
[43/bb3792] epi…ORT (evoC-Bap1-ctrl-M_CHG) | 5 of 12
[c7/9f6584] epi…(evoC_Bap1_run-genome-CHH) | 3 of 3 ✔
[42/aed8d4] epi…2ZARR (evoC-Bap1-mut-F-CG) | 4 of 4 ✔
[6b/e8540c] epi…XPORT (evoC-Bap1-mut-F_CG) | 4 of 4 ✔
[91/6faba2] epi…2ZARR (evoC-Bap1-mut-F-CG) | 4 of 4 ✔
[8c/b81001] epi…XPORT (evoC-Bap1-mut-F_CG) | 4 of 4 ✔
[3e/52d548] epi…voC_Bap1_run-long_ctrl-CG) | 1 of 1 ✔
[ce/a81050] summary:DQSPY (evoC_Bap1_run)  | 1 of 1 ✔
Plus 3 more processes waiting for tasks…

executor >  slurm (141)
[38/c7ea19] res…AW (evoC-Bap1-mut-F, L000) | 4 of 4 ✔
[bb/6ef43d] res…DE (evoC-Bap1-mut-F, L000) | 4 of 4 ✔
[-        ] resolve_align:FASTQC_RESOLVED  -
[35/a3ae4a] res…M2 (evoC-Bap1-mut-F, L000) | 4 of 4 ✔
[-        ] res…align:SAMTOOLS_MERGE_LANES -
[-        ] resolve_align:PRESEQ           -
[f7/1296d9] bam…t:BAMLET (evoC-Bap1-mut-F) | 4 of 4 ✔
[0d/c02be5] bam…AP_BAMQC (evoC-Bap1-mut-F) | 4 of 4 ✔
[02/f16957] bam…TSS_BIAS (evoC-Bap1-mut-F) | 4 of 4 ✔
[-        ] bam…:DEEPTOOLS_PLOTFINGERPRINT -
[86/e5f00a] bam…D_GCBIAS (evoC-Bap1-mut-F) | 4 of 4 ✔
[ba/3f0643] bam…ACCURACY (evoC-Bap1-mut-F) | 4 of 4 ✔
[95/7670d0] var…E_CALLER (evoC-Bap1-mut-F) | 4 of 4 ✔
[8d/518e06] var…NTERVALS (GRCm38_filtered) | 1 of 1 ✔
[fd/34cfe3] var…DB_IMPORT (Interval: 0009) | 19 of 19 ✔
[da/31b966] var…YPE_GVCFS (Interval: 0009) | 19 of 19 ✔
[4c/30deb5] var…t_calling:MERGE_JOINT_VCFS | 1 of 1 ✔
[66/0d065c] var…ping_vcf, evoC-Bap1-mut-M) | 0 of 4
[-        ] var…_calling:MERGE_ASM_OUTPUTS -
[af/6f5cb2] var…:MUTECT2 (evoC-Bap1-mut-F) | 4 of 4 ✔
[d8/37f9a4] mbi…voC-Bap1-mut-F-CG-5-prime) | 12 of 12 ✔
[1d/414b09] epi…ZARR (evoC-Bap1-mut-F-CHH) | 12 of 12 ✔
[43/bb3792] epi…ORT (evoC-Bap1-ctrl-M_CHG) | 5 of 12
[c7/9f6584] epi…(evoC_Bap1_run-genome-CHH) | 3 of 3 ✔
[42/aed8d4] epi…2ZARR (evoC-Bap1-mut-F-CG) | 4 of 4 ✔
[6b/e8540c] epi…XPORT (evoC-Bap1-mut-F_CG) | 4 of 4 ✔
[91/6faba2] epi…2ZARR (evoC-Bap1-mut-F-CG) | 4 of 4 ✔
[8c/b81001] epi…XPORT (evoC-Bap1-mut-F_CG) | 4 of 4 ✔
[3e/52d548] epi…voC_Bap1_run-long_ctrl-CG) | 1 of 1 ✔
[ce/a81050] summary:DQSPY (evoC_Bap1_run)  | 1 of 1 ✔
Plus 3 more processes waiting for tasks…

executor >  slurm (141)
[38/c7ea19] res…AW (evoC-Bap1-mut-F, L000) | 4 of 4 ✔
[bb/6ef43d] res…DE (evoC-Bap1-mut-F, L000) | 4 of 4 ✔
[-        ] resolve_align:FASTQC_RESOLVED  -
[35/a3ae4a] res…M2 (evoC-Bap1-mut-F, L000) | 4 of 4 ✔
[-        ] res…align:SAMTOOLS_MERGE_LANES -
[-        ] resolve_align:PRESEQ           -
[f7/1296d9] bam…t:BAMLET (evoC-Bap1-mut-F) | 4 of 4 ✔
[0d/c02be5] bam…AP_BAMQC (evoC-Bap1-mut-F) | 4 of 4 ✔
[02/f16957] bam…TSS_BIAS (evoC-Bap1-mut-F) | 4 of 4 ✔
[-        ] bam…:DEEPTOOLS_PLOTFINGERPRINT -
[86/e5f00a] bam…D_GCBIAS (evoC-Bap1-mut-F) | 4 of 4 ✔
[ba/3f0643] bam…ACCURACY (evoC-Bap1-mut-F) | 4 of 4 ✔
[95/7670d0] var…E_CALLER (evoC-Bap1-mut-F) | 4 of 4 ✔
[8d/518e06] var…NTERVALS (GRCm38_filtered) | 1 of 1 ✔
[fd/34cfe3] var…DB_IMPORT (Interval: 0009) | 19 of 19 ✔
[da/31b966] var…YPE_GVCFS (Interval: 0009) | 19 of 19 ✔
[4c/30deb5] var…t_calling:MERGE_JOINT_VCFS | 1 of 1 ✔
[66/0d065c] var…ping_vcf, evoC-Bap1-mut-M) | 0 of 4
[-        ] var…_calling:MERGE_ASM_OUTPUTS -
[af/6f5cb2] var…:MUTECT2 (evoC-Bap1-mut-F) | 4 of 4 ✔
[d8/37f9a4] mbi…voC-Bap1-mut-F-CG-5-prime) | 12 of 12 ✔
[1d/414b09] epi…ZARR (evoC-Bap1-mut-F-CHH) | 12 of 12 ✔
[46/357921] epi…ORT (evoC-Bap1-ctrl-F_CHG) | 6 of 12
[c7/9f6584] epi…(evoC_Bap1_run-genome-CHH) | 3 of 3 ✔
[42/aed8d4] epi…2ZARR (evoC-Bap1-mut-F-CG) | 4 of 4 ✔
[6b/e8540c] epi…XPORT (evoC-Bap1-mut-F_CG) | 4 of 4 ✔
[91/6faba2] epi…2ZARR (evoC-Bap1-mut-F-CG) | 4 of 4 ✔
[8c/b81001] epi…XPORT (evoC-Bap1-mut-F_CG) | 4 of 4 ✔
[3e/52d548] epi…voC_Bap1_run-long_ctrl-CG) | 1 of 1 ✔
[ce/a81050] summary:DQSPY (evoC_Bap1_run)  | 1 of 1 ✔
Plus 3 more processes waiting for tasks…

executor >  slurm (141)
[38/c7ea19] res…AW (evoC-Bap1-mut-F, L000) | 4 of 4 ✔
[bb/6ef43d] res…DE (evoC-Bap1-mut-F, L000) | 4 of 4 ✔
[-        ] resolve_align:FASTQC_RESOLVED  -
[35/a3ae4a] res…M2 (evoC-Bap1-mut-F, L000) | 4 of 4 ✔
[-        ] res…align:SAMTOOLS_MERGE_LANES -
[-        ] resolve_align:PRESEQ           -
[f7/1296d9] bam…t:BAMLET (evoC-Bap1-mut-F) | 4 of 4 ✔
[0d/c02be5] bam…AP_BAMQC (evoC-Bap1-mut-F) | 4 of 4 ✔
[02/f16957] bam…TSS_BIAS (evoC-Bap1-mut-F) | 4 of 4 ✔
[-        ] bam…:DEEPTOOLS_PLOTFINGERPRINT -
[86/e5f00a] bam…D_GCBIAS (evoC-Bap1-mut-F) | 4 of 4 ✔
[ba/3f0643] bam…ACCURACY (evoC-Bap1-mut-F) | 4 of 4 ✔
[95/7670d0] var…E_CALLER (evoC-Bap1-mut-F) | 4 of 4 ✔
[8d/518e06] var…NTERVALS (GRCm38_filtered) | 1 of 1 ✔
[fd/34cfe3] var…DB_IMPORT (Interval: 0009) | 19 of 19 ✔
[da/31b966] var…YPE_GVCFS (Interval: 0009) | 19 of 19 ✔
[4c/30deb5] var…t_calling:MERGE_JOINT_VCFS | 1 of 1 ✔
[3a/cbd1ce] var…ing_vcf, evoC-Bap1-ctrl-F) | 1 of 4
[-        ] var…_calling:MERGE_ASM_OUTPUTS -
[af/6f5cb2] var…:MUTECT2 (evoC-Bap1-mut-F) | 4 of 4 ✔
[d8/37f9a4] mbi…voC-Bap1-mut-F-CG-5-prime) | 12 of 12 ✔
[1d/414b09] epi…ZARR (evoC-Bap1-mut-F-CHH) | 12 of 12 ✔
[46/357921] epi…ORT (evoC-Bap1-ctrl-F_CHG) | 6 of 12
[c7/9f6584] epi…(evoC_Bap1_run-genome-CHH) | 3 of 3 ✔
[42/aed8d4] epi…2ZARR (evoC-Bap1-mut-F-CG) | 4 of 4 ✔
[6b/e8540c] epi…XPORT (evoC-Bap1-mut-F_CG) | 4 of 4 ✔
[91/6faba2] epi…2ZARR (evoC-Bap1-mut-F-CG) | 4 of 4 ✔
[8c/b81001] epi…XPORT (evoC-Bap1-mut-F_CG) | 4 of 4 ✔
[3e/52d548] epi…voC_Bap1_run-long_ctrl-CG) | 1 of 1 ✔
[ce/a81050] summary:DQSPY (evoC_Bap1_run)  | 1 of 1 ✔
Plus 3 more processes waiting for tasks…

executor >  slurm (141)
[38/c7ea19] res…AW (evoC-Bap1-mut-F, L000) | 4 of 4 ✔
[bb/6ef43d] res…DE (evoC-Bap1-mut-F, L000) | 4 of 4 ✔
[-        ] resolve_align:FASTQC_RESOLVED  -
[35/a3ae4a] res…M2 (evoC-Bap1-mut-F, L000) | 4 of 4 ✔
[-        ] res…align:SAMTOOLS_MERGE_LANES -
[-        ] resolve_align:PRESEQ           -
[f7/1296d9] bam…t:BAMLET (evoC-Bap1-mut-F) | 4 of 4 ✔
[0d/c02be5] bam…AP_BAMQC (evoC-Bap1-mut-F) | 4 of 4 ✔
[02/f16957] bam…TSS_BIAS (evoC-Bap1-mut-F) | 4 of 4 ✔
[-        ] bam…:DEEPTOOLS_PLOTFINGERPRINT -
[86/e5f00a] bam…D_GCBIAS (evoC-Bap1-mut-F) | 4 of 4 ✔
[ba/3f0643] bam…ACCURACY (evoC-Bap1-mut-F) | 4 of 4 ✔
[95/7670d0] var…E_CALLER (evoC-Bap1-mut-F) | 4 of 4 ✔
[8d/518e06] var…NTERVALS (GRCm38_filtered) | 1 of 1 ✔
[fd/34cfe3] var…DB_IMPORT (Interval: 0009) | 19 of 19 ✔
[da/31b966] var…YPE_GVCFS (Interval: 0009) | 19 of 19 ✔
[4c/30deb5] var…t_calling:MERGE_JOINT_VCFS | 1 of 1 ✔
[0e/97533f] var…ing_vcf, evoC-Bap1-ctrl-M) | 2 of 4
[-        ] var…_calling:MERGE_ASM_OUTPUTS -
[af/6f5cb2] var…:MUTECT2 (evoC-Bap1-mut-F) | 4 of 4 ✔
[d8/37f9a4] mbi…voC-Bap1-mut-F-CG-5-prime) | 12 of 12 ✔
[1d/414b09] epi…ZARR (evoC-Bap1-mut-F-CHH) | 12 of 12 ✔
[46/357921] epi…ORT (evoC-Bap1-ctrl-F_CHG) | 6 of 12
[c7/9f6584] epi…(evoC_Bap1_run-genome-CHH) | 3 of 3 ✔
[42/aed8d4] epi…2ZARR (evoC-Bap1-mut-F-CG) | 4 of 4 ✔
[6b/e8540c] epi…XPORT (evoC-Bap1-mut-F_CG) | 4 of 4 ✔
[91/6faba2] epi…2ZARR (evoC-Bap1-mut-F-CG) | 4 of 4 ✔
[8c/b81001] epi…XPORT (evoC-Bap1-mut-F_CG) | 4 of 4 ✔
[3e/52d548] epi…voC_Bap1_run-long_ctrl-CG) | 1 of 1 ✔
[ce/a81050] summary:DQSPY (evoC_Bap1_run)  | 1 of 1 ✔
Plus 3 more processes waiting for tasks…

executor >  slurm (141)
[38/c7ea19] res…AW (evoC-Bap1-mut-F, L000) | 4 of 4 ✔
[bb/6ef43d] res…DE (evoC-Bap1-mut-F, L000) | 4 of 4 ✔
[-        ] resolve_align:FASTQC_RESOLVED  -
[35/a3ae4a] res…M2 (evoC-Bap1-mut-F, L000) | 4 of 4 ✔
[-        ] res…align:SAMTOOLS_MERGE_LANES -
[-        ] resolve_align:PRESEQ           -
[f7/1296d9] bam…t:BAMLET (evoC-Bap1-mut-F) | 4 of 4 ✔
[0d/c02be5] bam…AP_BAMQC (evoC-Bap1-mut-F) | 4 of 4 ✔
[02/f16957] bam…TSS_BIAS (evoC-Bap1-mut-F) | 4 of 4 ✔
[-        ] bam…:DEEPTOOLS_PLOTFINGERPRINT -
[86/e5f00a] bam…D_GCBIAS (evoC-Bap1-mut-F) | 4 of 4 ✔
[ba/3f0643] bam…ACCURACY (evoC-Bap1-mut-F) | 4 of 4 ✔
[95/7670d0] var…E_CALLER (evoC-Bap1-mut-F) | 4 of 4 ✔
[8d/518e06] var…NTERVALS (GRCm38_filtered) | 1 of 1 ✔
[fd/34cfe3] var…DB_IMPORT (Interval: 0009) | 19 of 19 ✔
[da/31b966] var…YPE_GVCFS (Interval: 0009) | 19 of 19 ✔
[4c/30deb5] var…t_calling:MERGE_JOINT_VCFS | 1 of 1 ✔
[66/0d065c] var…ping_vcf, evoC-Bap1-mut-M) | 3 of 4
[-        ] var…_calling:MERGE_ASM_OUTPUTS -
[af/6f5cb2] var…:MUTECT2 (evoC-Bap1-mut-F) | 4 of 4 ✔
[d8/37f9a4] mbi…voC-Bap1-mut-F-CG-5-prime) | 12 of 12 ✔
[1d/414b09] epi…ZARR (evoC-Bap1-mut-F-CHH) | 12 of 12 ✔
[46/357921] epi…ORT (evoC-Bap1-ctrl-F_CHG) | 6 of 12
[c7/9f6584] epi…(evoC_Bap1_run-genome-CHH) | 3 of 3 ✔
[42/aed8d4] epi…2ZARR (evoC-Bap1-mut-F-CG) | 4 of 4 ✔
[6b/e8540c] epi…XPORT (evoC-Bap1-mut-F_CG) | 4 of 4 ✔
[91/6faba2] epi…2ZARR (evoC-Bap1-mut-F-CG) | 4 of 4 ✔
[8c/b81001] epi…XPORT (evoC-Bap1-mut-F_CG) | 4 of 4 ✔
[3e/52d548] epi…voC_Bap1_run-long_ctrl-CG) | 1 of 1 ✔
[ce/a81050] summary:DQSPY (evoC_Bap1_run)  | 1 of 1 ✔
Plus 3 more processes waiting for tasks…

executor >  slurm (141)
[38/c7ea19] res…AW (evoC-Bap1-mut-F, L000) | 4 of 4 ✔
[bb/6ef43d] res…DE (evoC-Bap1-mut-F, L000) | 4 of 4 ✔
[-        ] resolve_align:FASTQC_RESOLVED  -
[35/a3ae4a] res…M2 (evoC-Bap1-mut-F, L000) | 4 of 4 ✔
[-        ] res…align:SAMTOOLS_MERGE_LANES -
[-        ] resolve_align:PRESEQ           -
[f7/1296d9] bam…t:BAMLET (evoC-Bap1-mut-F) | 4 of 4 ✔
[0d/c02be5] bam…AP_BAMQC (evoC-Bap1-mut-F) | 4 of 4 ✔
[02/f16957] bam…TSS_BIAS (evoC-Bap1-mut-F) | 4 of 4 ✔
[-        ] bam…:DEEPTOOLS_PLOTFINGERPRINT -
[86/e5f00a] bam…D_GCBIAS (evoC-Bap1-mut-F) | 4 of 4 ✔
[ba/3f0643] bam…ACCURACY (evoC-Bap1-mut-F) | 4 of 4 ✔
[95/7670d0] var…E_CALLER (evoC-Bap1-mut-F) | 4 of 4 ✔
[8d/518e06] var…NTERVALS (GRCm38_filtered) | 1 of 1 ✔
[fd/34cfe3] var…DB_IMPORT (Interval: 0009) | 19 of 19 ✔
[da/31b966] var…YPE_GVCFS (Interval: 0009) | 19 of 19 ✔
[4c/30deb5] var…t_calling:MERGE_JOINT_VCFS | 1 of 1 ✔
[58/651614] var…ping_vcf, evoC-Bap1-mut-F) | 4 of 4 ✔
[-        ] var…_calling:MERGE_ASM_OUTPUTS | 0 of 1
[af/6f5cb2] var…:MUTECT2 (evoC-Bap1-mut-F) | 4 of 4 ✔
[d8/37f9a4] mbi…voC-Bap1-mut-F-CG-5-prime) | 12 of 12 ✔
[1d/414b09] epi…ZARR (evoC-Bap1-mut-F-CHH) | 12 of 12 ✔
[46/357921] epi…ORT (evoC-Bap1-ctrl-F_CHG) | 6 of 12
[c7/9f6584] epi…(evoC_Bap1_run-genome-CHH) | 3 of 3 ✔
[42/aed8d4] epi…2ZARR (evoC-Bap1-mut-F-CG) | 4 of 4 ✔
[6b/e8540c] epi…XPORT (evoC-Bap1-mut-F_CG) | 4 of 4 ✔
[91/6faba2] epi…2ZARR (evoC-Bap1-mut-F-CG) | 4 of 4 ✔
[8c/b81001] epi…XPORT (evoC-Bap1-mut-F_CG) | 4 of 4 ✔
[3e/52d548] epi…voC_Bap1_run-long_ctrl-CG) | 1 of 1 ✔
[ce/a81050] summary:DQSPY (evoC_Bap1_run)  | 1 of 1 ✔
Plus 3 more processes waiting for tasks…

executor >  slurm (142)
[38/c7ea19] res…AW (evoC-Bap1-mut-F, L000) | 4 of 4 ✔
[bb/6ef43d] res…DE (evoC-Bap1-mut-F, L000) | 4 of 4 ✔
[-        ] resolve_align:FASTQC_RESOLVED  -
[35/a3ae4a] res…M2 (evoC-Bap1-mut-F, L000) | 4 of 4 ✔
[-        ] res…align:SAMTOOLS_MERGE_LANES -
[-        ] resolve_align:PRESEQ           -
[f7/1296d9] bam…t:BAMLET (evoC-Bap1-mut-F) | 4 of 4 ✔
[0d/c02be5] bam…AP_BAMQC (evoC-Bap1-mut-F) | 4 of 4 ✔
[02/f16957] bam…TSS_BIAS (evoC-Bap1-mut-F) | 4 of 4 ✔
[-        ] bam…:DEEPTOOLS_PLOTFINGERPRINT -
[86/e5f00a] bam…D_GCBIAS (evoC-Bap1-mut-F) | 4 of 4 ✔
[ba/3f0643] bam…ACCURACY (evoC-Bap1-mut-F) | 4 of 4 ✔
[95/7670d0] var…E_CALLER (evoC-Bap1-mut-F) | 4 of 4 ✔
[8d/518e06] var…NTERVALS (GRCm38_filtered) | 1 of 1 ✔
[fd/34cfe3] var…DB_IMPORT (Interval: 0009) | 19 of 19 ✔
[da/31b966] var…YPE_GVCFS (Interval: 0009) | 19 of 19 ✔
[4c/30deb5] var…t_calling:MERGE_JOINT_VCFS | 1 of 1 ✔
[58/651614] var…ping_vcf, evoC-Bap1-mut-F) | 4 of 4 ✔
[49/2249aa] var…_calling:MERGE_ASM_OUTPUTS | 0 of 1
[af/6f5cb2] var…:MUTECT2 (evoC-Bap1-mut-F) | 4 of 4 ✔
[d8/37f9a4] mbi…voC-Bap1-mut-F-CG-5-prime) | 12 of 12 ✔
[1d/414b09] epi…ZARR (evoC-Bap1-mut-F-CHH) | 12 of 12 ✔
[46/357921] epi…ORT (evoC-Bap1-ctrl-F_CHG) | 6 of 12
[c7/9f6584] epi…(evoC_Bap1_run-genome-CHH) | 3 of 3 ✔
[42/aed8d4] epi…2ZARR (evoC-Bap1-mut-F-CG) | 4 of 4 ✔
[6b/e8540c] epi…XPORT (evoC-Bap1-mut-F_CG) | 4 of 4 ✔
[91/6faba2] epi…2ZARR (evoC-Bap1-mut-F-CG) | 4 of 4 ✔
[8c/b81001] epi…XPORT (evoC-Bap1-mut-F_CG) | 4 of 4 ✔
[3e/52d548] epi…voC_Bap1_run-long_ctrl-CG) | 1 of 1 ✔
[ce/a81050] summary:DQSPY (evoC_Bap1_run)  | 1 of 1 ✔
Plus 3 more processes waiting for tasks…

executor >  slurm (142)
[38/c7ea19] res…AW (evoC-Bap1-mut-F, L000) | 4 of 4 ✔
[bb/6ef43d] res…DE (evoC-Bap1-mut-F, L000) | 4 of 4 ✔
[-        ] resolve_align:FASTQC_RESOLVED  -
[35/a3ae4a] res…M2 (evoC-Bap1-mut-F, L000) | 4 of 4 ✔
[-        ] res…align:SAMTOOLS_MERGE_LANES -
[-        ] resolve_align:PRESEQ           -
[f7/1296d9] bam…t:BAMLET (evoC-Bap1-mut-F) | 4 of 4 ✔
[0d/c02be5] bam…AP_BAMQC (evoC-Bap1-mut-F) | 4 of 4 ✔
[02/f16957] bam…TSS_BIAS (evoC-Bap1-mut-F) | 4 of 4 ✔
[-        ] bam…:DEEPTOOLS_PLOTFINGERPRINT -
[86/e5f00a] bam…D_GCBIAS (evoC-Bap1-mut-F) | 4 of 4 ✔
[ba/3f0643] bam…ACCURACY (evoC-Bap1-mut-F) | 4 of 4 ✔
[95/7670d0] var…E_CALLER (evoC-Bap1-mut-F) | 4 of 4 ✔
[8d/518e06] var…NTERVALS (GRCm38_filtered) | 1 of 1 ✔
[fd/34cfe3] var…DB_IMPORT (Interval: 0009) | 19 of 19 ✔
[da/31b966] var…YPE_GVCFS (Interval: 0009) | 19 of 19 ✔
[4c/30deb5] var…t_calling:MERGE_JOINT_VCFS | 1 of 1 ✔
[58/651614] var…ping_vcf, evoC-Bap1-mut-F) | 4 of 4 ✔
[49/2249aa] var…_calling:MERGE_ASM_OUTPUTS | 0 of 1
[af/6f5cb2] var…:MUTECT2 (evoC-Bap1-mut-F) | 4 of 4 ✔
[d8/37f9a4] mbi…voC-Bap1-mut-F-CG-5-prime) | 12 of 12 ✔
[1d/414b09] epi…ZARR (evoC-Bap1-mut-F-CHH) | 12 of 12 ✔
[46/357921] epi…ORT (evoC-Bap1-ctrl-F_CHG) | 6 of 12
[c7/9f6584] epi…(evoC_Bap1_run-genome-CHH) | 3 of 3 ✔
[42/aed8d4] epi…2ZARR (evoC-Bap1-mut-F-CG) | 4 of 4 ✔
[6b/e8540c] epi…XPORT (evoC-Bap1-mut-F_CG) | 4 of 4 ✔
[91/6faba2] epi…2ZARR (evoC-Bap1-mut-F-CG) | 4 of 4 ✔
[8c/b81001] epi…XPORT (evoC-Bap1-mut-F_CG) | 4 of 4 ✔
[3e/52d548] epi…voC_Bap1_run-long_ctrl-CG) | 1 of 1 ✔
[ce/a81050] summary:DQSPY (evoC_Bap1_run)  | 1 of 1 ✔
Plus 3 more processes waiting for tasks…

executor >  slurm (142)
[38/c7ea19] res…AW (evoC-Bap1-mut-F, L000) | 4 of 4 ✔
[bb/6ef43d] res…DE (evoC-Bap1-mut-F, L000) | 4 of 4 ✔
[-        ] resolve_align:FASTQC_RESOLVED  -
[35/a3ae4a] res…M2 (evoC-Bap1-mut-F, L000) | 4 of 4 ✔
[-        ] res…align:SAMTOOLS_MERGE_LANES -
[-        ] resolve_align:PRESEQ           -
[f7/1296d9] bam…t:BAMLET (evoC-Bap1-mut-F) | 4 of 4 ✔
[0d/c02be5] bam…AP_BAMQC (evoC-Bap1-mut-F) | 4 of 4 ✔
[02/f16957] bam…TSS_BIAS (evoC-Bap1-mut-F) | 4 of 4 ✔
[-        ] bam…:DEEPTOOLS_PLOTFINGERPRINT -
[86/e5f00a] bam…D_GCBIAS (evoC-Bap1-mut-F) | 4 of 4 ✔
[ba/3f0643] bam…ACCURACY (evoC-Bap1-mut-F) | 4 of 4 ✔
[95/7670d0] var…E_CALLER (evoC-Bap1-mut-F) | 4 of 4 ✔
[8d/518e06] var…NTERVALS (GRCm38_filtered) | 1 of 1 ✔
[fd/34cfe3] var…DB_IMPORT (Interval: 0009) | 19 of 19 ✔
[da/31b966] var…YPE_GVCFS (Interval: 0009) | 19 of 19 ✔
[4c/30deb5] var…t_calling:MERGE_JOINT_VCFS | 1 of 1 ✔
[58/651614] var…ping_vcf, evoC-Bap1-mut-F) | 4 of 4 ✔
[49/2249aa] var…_calling:MERGE_ASM_OUTPUTS | 1 of 1 ✔
[af/6f5cb2] var…:MUTECT2 (evoC-Bap1-mut-F) | 4 of 4 ✔
[d8/37f9a4] mbi…voC-Bap1-mut-F-CG-5-prime) | 12 of 12 ✔
[1d/414b09] epi…ZARR (evoC-Bap1-mut-F-CHH) | 12 of 12 ✔
[46/357921] epi…ORT (evoC-Bap1-ctrl-F_CHG) | 6 of 12
[c7/9f6584] epi…(evoC_Bap1_run-genome-CHH) | 3 of 3 ✔
[42/aed8d4] epi…2ZARR (evoC-Bap1-mut-F-CG) | 4 of 4 ✔
[6b/e8540c] epi…XPORT (evoC-Bap1-mut-F_CG) | 4 of 4 ✔
[91/6faba2] epi…2ZARR (evoC-Bap1-mut-F-CG) | 4 of 4 ✔
[8c/b81001] epi…XPORT (evoC-Bap1-mut-F_CG) | 4 of 4 ✔
[3e/52d548] epi…voC_Bap1_run-long_ctrl-CG) | 1 of 1 ✔
[ce/a81050] summary:DQSPY (evoC_Bap1_run)  | 1 of 1 ✔
Plus 3 more processes waiting for tasks…

executor >  slurm (142)
[38/c7ea19] res…AW (evoC-Bap1-mut-F, L000) | 4 of 4 ✔
[bb/6ef43d] res…DE (evoC-Bap1-mut-F, L000) | 4 of 4 ✔
[-        ] resolve_align:FASTQC_RESOLVED  -
[35/a3ae4a] res…M2 (evoC-Bap1-mut-F, L000) | 4 of 4 ✔
[-        ] res…align:SAMTOOLS_MERGE_LANES -
[-        ] resolve_align:PRESEQ           -
[f7/1296d9] bam…t:BAMLET (evoC-Bap1-mut-F) | 4 of 4 ✔
[0d/c02be5] bam…AP_BAMQC (evoC-Bap1-mut-F) | 4 of 4 ✔
[02/f16957] bam…TSS_BIAS (evoC-Bap1-mut-F) | 4 of 4 ✔
[-        ] bam…:DEEPTOOLS_PLOTFINGERPRINT -
[86/e5f00a] bam…D_GCBIAS (evoC-Bap1-mut-F) | 4 of 4 ✔
[ba/3f0643] bam…ACCURACY (evoC-Bap1-mut-F) | 4 of 4 ✔
[95/7670d0] var…E_CALLER (evoC-Bap1-mut-F) | 4 of 4 ✔
[8d/518e06] var…NTERVALS (GRCm38_filtered) | 1 of 1 ✔
[fd/34cfe3] var…DB_IMPORT (Interval: 0009) | 19 of 19 ✔
[da/31b966] var…YPE_GVCFS (Interval: 0009) | 19 of 19 ✔
[4c/30deb5] var…t_calling:MERGE_JOINT_VCFS | 1 of 1 ✔
[58/651614] var…ping_vcf, evoC-Bap1-mut-F) | 4 of 4 ✔
[49/2249aa] var…_calling:MERGE_ASM_OUTPUTS | 1 of 1 ✔
[af/6f5cb2] var…:MUTECT2 (evoC-Bap1-mut-F) | 4 of 4 ✔
[d8/37f9a4] mbi…voC-Bap1-mut-F-CG-5-prime) | 12 of 12 ✔
[1d/414b09] epi…ZARR (evoC-Bap1-mut-F-CHH) | 12 of 12 ✔
[14/749866] epi…PORT (evoC-Bap1-mut-M_CHG) | 7 of 12
[c7/9f6584] epi…(evoC_Bap1_run-genome-CHH) | 3 of 3 ✔
[42/aed8d4] epi…2ZARR (evoC-Bap1-mut-F-CG) | 4 of 4 ✔
[6b/e8540c] epi…XPORT (evoC-Bap1-mut-F_CG) | 4 of 4 ✔
[91/6faba2] epi…2ZARR (evoC-Bap1-mut-F-CG) | 4 of 4 ✔
[8c/b81001] epi…XPORT (evoC-Bap1-mut-F_CG) | 4 of 4 ✔
[3e/52d548] epi…voC_Bap1_run-long_ctrl-CG) | 1 of 1 ✔
[ce/a81050] summary:DQSPY (evoC_Bap1_run)  | 1 of 1 ✔
Plus 3 more processes waiting for tasks…

executor >  slurm (142)
[38/c7ea19] res…AW (evoC-Bap1-mut-F, L000) | 4 of 4 ✔
[bb/6ef43d] res…DE (evoC-Bap1-mut-F, L000) | 4 of 4 ✔
[-        ] resolve_align:FASTQC_RESOLVED  -
[35/a3ae4a] res…M2 (evoC-Bap1-mut-F, L000) | 4 of 4 ✔
[-        ] res…align:SAMTOOLS_MERGE_LANES -
[-        ] resolve_align:PRESEQ           -
[f7/1296d9] bam…t:BAMLET (evoC-Bap1-mut-F) | 4 of 4 ✔
[0d/c02be5] bam…AP_BAMQC (evoC-Bap1-mut-F) | 4 of 4 ✔
[02/f16957] bam…TSS_BIAS (evoC-Bap1-mut-F) | 4 of 4 ✔
[-        ] bam…:DEEPTOOLS_PLOTFINGERPRINT -
[86/e5f00a] bam…D_GCBIAS (evoC-Bap1-mut-F) | 4 of 4 ✔
[ba/3f0643] bam…ACCURACY (evoC-Bap1-mut-F) | 4 of 4 ✔
[95/7670d0] var…E_CALLER (evoC-Bap1-mut-F) | 4 of 4 ✔
[8d/518e06] var…NTERVALS (GRCm38_filtered) | 1 of 1 ✔
[fd/34cfe3] var…DB_IMPORT (Interval: 0009) | 19 of 19 ✔
[da/31b966] var…YPE_GVCFS (Interval: 0009) | 19 of 19 ✔
[4c/30deb5] var…t_calling:MERGE_JOINT_VCFS | 1 of 1 ✔
[58/651614] var…ping_vcf, evoC-Bap1-mut-F) | 4 of 4 ✔
[49/2249aa] var…_calling:MERGE_ASM_OUTPUTS | 1 of 1 ✔
[af/6f5cb2] var…:MUTECT2 (evoC-Bap1-mut-F) | 4 of 4 ✔
[d8/37f9a4] mbi…voC-Bap1-mut-F-CG-5-prime) | 12 of 12 ✔
[1d/414b09] epi…ZARR (evoC-Bap1-mut-F-CHH) | 12 of 12 ✔
[54/340eba] epi…PORT (evoC-Bap1-mut-F_CHG) | 8 of 12
[c7/9f6584] epi…(evoC_Bap1_run-genome-CHH) | 3 of 3 ✔
[42/aed8d4] epi…2ZARR (evoC-Bap1-mut-F-CG) | 4 of 4 ✔
[6b/e8540c] epi…XPORT (evoC-Bap1-mut-F_CG) | 4 of 4 ✔
[91/6faba2] epi…2ZARR (evoC-Bap1-mut-F-CG) | 4 of 4 ✔
[8c/b81001] epi…XPORT (evoC-Bap1-mut-F_CG) | 4 of 4 ✔
[3e/52d548] epi…voC_Bap1_run-long_ctrl-CG) | 1 of 1 ✔
[ce/a81050] summary:DQSPY (evoC_Bap1_run)  | 1 of 1 ✔
Plus 3 more processes waiting for tasks…

executor >  slurm (142)
[38/c7ea19] res…AW (evoC-Bap1-mut-F, L000) | 4 of 4 ✔
[bb/6ef43d] res…DE (evoC-Bap1-mut-F, L000) | 4 of 4 ✔
[-        ] resolve_align:FASTQC_RESOLVED  -
[35/a3ae4a] res…M2 (evoC-Bap1-mut-F, L000) | 4 of 4 ✔
[-        ] res…align:SAMTOOLS_MERGE_LANES -
[-        ] resolve_align:PRESEQ           -
[f7/1296d9] bam…t:BAMLET (evoC-Bap1-mut-F) | 4 of 4 ✔
[0d/c02be5] bam…AP_BAMQC (evoC-Bap1-mut-F) | 4 of 4 ✔
[02/f16957] bam…TSS_BIAS (evoC-Bap1-mut-F) | 4 of 4 ✔
[-        ] bam…:DEEPTOOLS_PLOTFINGERPRINT -
[86/e5f00a] bam…D_GCBIAS (evoC-Bap1-mut-F) | 4 of 4 ✔
[ba/3f0643] bam…ACCURACY (evoC-Bap1-mut-F) | 4 of 4 ✔
[95/7670d0] var…E_CALLER (evoC-Bap1-mut-F) | 4 of 4 ✔
[8d/518e06] var…NTERVALS (GRCm38_filtered) | 1 of 1 ✔
[fd/34cfe3] var…DB_IMPORT (Interval: 0009) | 19 of 19 ✔
[da/31b966] var…YPE_GVCFS (Interval: 0009) | 19 of 19 ✔
[4c/30deb5] var…t_calling:MERGE_JOINT_VCFS | 1 of 1 ✔
[58/651614] var…ping_vcf, evoC-Bap1-mut-F) | 4 of 4 ✔
[49/2249aa] var…_calling:MERGE_ASM_OUTPUTS | 1 of 1 ✔
[af/6f5cb2] var…:MUTECT2 (evoC-Bap1-mut-F) | 4 of 4 ✔
[d8/37f9a4] mbi…voC-Bap1-mut-F-CG-5-prime) | 12 of 12 ✔
[1d/414b09] epi…ZARR (evoC-Bap1-mut-F-CHH) | 12 of 12 ✔
[54/340eba] epi…PORT (evoC-Bap1-mut-F_CHG) | 8 of 12
[c7/9f6584] epi…(evoC_Bap1_run-genome-CHH) | 3 of 3 ✔
[42/aed8d4] epi…2ZARR (evoC-Bap1-mut-F-CG) | 4 of 4 ✔
[6b/e8540c] epi…XPORT (evoC-Bap1-mut-F_CG) | 4 of 4 ✔
[91/6faba2] epi…2ZARR (evoC-Bap1-mut-F-CG) | 4 of 4 ✔
[8c/b81001] epi…XPORT (evoC-Bap1-mut-F_CG) | 4 of 4 ✔
[3e/52d548] epi…voC_Bap1_run-long_ctrl-CG) | 1 of 1 ✔
[ce/a81050] summary:DQSPY (evoC_Bap1_run)  | 1 of 1 ✔
Plus 3 more processes waiting for tasks…
WARN: [SLURM] queue (shared) status cannot be fetched
- cmd executed: squeue --noheader -o %i %t -t all -p shared -u zalibhai
- exit status : 143
- output      :


executor >  slurm (142)
[38/c7ea19] res…AW (evoC-Bap1-mut-F, L000) | 4 of 4 ✔
[bb/6ef43d] res…DE (evoC-Bap1-mut-F, L000) | 4 of 4 ✔
[-        ] resolve_align:FASTQC_RESOLVED  -
[35/a3ae4a] res…M2 (evoC-Bap1-mut-F, L000) | 4 of 4 ✔
[-        ] res…align:SAMTOOLS_MERGE_LANES -
[-        ] resolve_align:PRESEQ           -
[f7/1296d9] bam…t:BAMLET (evoC-Bap1-mut-F) | 4 of 4 ✔
[0d/c02be5] bam…AP_BAMQC (evoC-Bap1-mut-F) | 4 of 4 ✔
[02/f16957] bam…TSS_BIAS (evoC-Bap1-mut-F) | 4 of 4 ✔
[-        ] bam…:DEEPTOOLS_PLOTFINGERPRINT -
[86/e5f00a] bam…D_GCBIAS (evoC-Bap1-mut-F) | 4 of 4 ✔
[ba/3f0643] bam…ACCURACY (evoC-Bap1-mut-F) | 4 of 4 ✔
[95/7670d0] var…E_CALLER (evoC-Bap1-mut-F) | 4 of 4 ✔
[8d/518e06] var…NTERVALS (GRCm38_filtered) | 1 of 1 ✔
[fd/34cfe3] var…DB_IMPORT (Interval: 0009) | 19 of 19 ✔
[da/31b966] var…YPE_GVCFS (Interval: 0009) | 19 of 19 ✔
[4c/30deb5] var…t_calling:MERGE_JOINT_VCFS | 1 of 1 ✔
[58/651614] var…ping_vcf, evoC-Bap1-mut-F) | 4 of 4 ✔
[49/2249aa] var…_calling:MERGE_ASM_OUTPUTS | 1 of 1 ✔
[af/6f5cb2] var…:MUTECT2 (evoC-Bap1-mut-F) | 4 of 4 ✔
[d8/37f9a4] mbi…voC-Bap1-mut-F-CG-5-prime) | 12 of 12 ✔
[1d/414b09] epi…ZARR (evoC-Bap1-mut-F-CHH) | 12 of 12 ✔
[cd/7adc30] epi…ORT (evoC-Bap1-ctrl-M_CHH) | 9 of 12
[c7/9f6584] epi…(evoC_Bap1_run-genome-CHH) | 3 of 3 ✔
[42/aed8d4] epi…2ZARR (evoC-Bap1-mut-F-CG) | 4 of 4 ✔
[6b/e8540c] epi…XPORT (evoC-Bap1-mut-F_CG) | 4 of 4 ✔
[91/6faba2] epi…2ZARR (evoC-Bap1-mut-F-CG) | 4 of 4 ✔
[8c/b81001] epi…XPORT (evoC-Bap1-mut-F_CG) | 4 of 4 ✔
[3e/52d548] epi…voC_Bap1_run-long_ctrl-CG) | 1 of 1 ✔
[ce/a81050] summary:DQSPY (evoC_Bap1_run)  | 1 of 1 ✔
Plus 3 more processes waiting for tasks…






executor >  slurm (142)
[38/c7ea19] res…AW (evoC-Bap1-mut-F, L000) | 4 of 4 ✔
[bb/6ef43d] res…DE (evoC-Bap1-mut-F, L000) | 4 of 4 ✔
[-        ] resolve_align:FASTQC_RESOLVED  -
[35/a3ae4a] res…M2 (evoC-Bap1-mut-F, L000) | 4 of 4 ✔
[-        ] res…align:SAMTOOLS_MERGE_LANES -
[-        ] resolve_align:PRESEQ           -
[f7/1296d9] bam…t:BAMLET (evoC-Bap1-mut-F) | 4 of 4 ✔
[0d/c02be5] bam…AP_BAMQC (evoC-Bap1-mut-F) | 4 of 4 ✔
[02/f16957] bam…TSS_BIAS (evoC-Bap1-mut-F) | 4 of 4 ✔
[-        ] bam…:DEEPTOOLS_PLOTFINGERPRINT -
[86/e5f00a] bam…D_GCBIAS (evoC-Bap1-mut-F) | 4 of 4 ✔
[ba/3f0643] bam…ACCURACY (evoC-Bap1-mut-F) | 4 of 4 ✔
[95/7670d0] var…E_CALLER (evoC-Bap1-mut-F) | 4 of 4 ✔
[8d/518e06] var…NTERVALS (GRCm38_filtered) | 1 of 1 ✔
[fd/34cfe3] var…DB_IMPORT (Interval: 0009) | 19 of 19 ✔
[da/31b966] var…YPE_GVCFS (Interval: 0009) | 19 of 19 ✔
[4c/30deb5] var…t_calling:MERGE_JOINT_VCFS | 1 of 1 ✔
[58/651614] var…ping_vcf, evoC-Bap1-mut-F) | 4 of 4 ✔
[49/2249aa] var…_calling:MERGE_ASM_OUTPUTS | 1 of 1 ✔
[af/6f5cb2] var…:MUTECT2 (evoC-Bap1-mut-F) | 4 of 4 ✔
[d8/37f9a4] mbi…voC-Bap1-mut-F-CG-5-prime) | 12 of 12 ✔
[1d/414b09] epi…ZARR (evoC-Bap1-mut-F-CHH) | 12 of 12 ✔
[0c/635d5c] epi…ORT (evoC-Bap1-ctrl-F_CHH) | 10 of 12
[c7/9f6584] epi…(evoC_Bap1_run-genome-CHH) | 3 of 3 ✔
[42/aed8d4] epi…2ZARR (evoC-Bap1-mut-F-CG) | 4 of 4 ✔
[6b/e8540c] epi…XPORT (evoC-Bap1-mut-F_CG) | 4 of 4 ✔
[91/6faba2] epi…2ZARR (evoC-Bap1-mut-F-CG) | 4 of 4 ✔
[8c/b81001] epi…XPORT (evoC-Bap1-mut-F_CG) | 4 of 4 ✔
[3e/52d548] epi…voC_Bap1_run-long_ctrl-CG) | 1 of 1 ✔
[ce/a81050] summary:DQSPY (evoC_Bap1_run)  | 1 of 1 ✔
Plus 3 more processes waiting for tasks…






executor >  slurm (142)
[38/c7ea19] res…AW (evoC-Bap1-mut-F, L000) | 4 of 4 ✔
[bb/6ef43d] res…DE (evoC-Bap1-mut-F, L000) | 4 of 4 ✔
[-        ] resolve_align:FASTQC_RESOLVED  -
[35/a3ae4a] res…M2 (evoC-Bap1-mut-F, L000) | 4 of 4 ✔
[-        ] res…align:SAMTOOLS_MERGE_LANES -
[-        ] resolve_align:PRESEQ           -
[f7/1296d9] bam…t:BAMLET (evoC-Bap1-mut-F) | 4 of 4 ✔
[0d/c02be5] bam…AP_BAMQC (evoC-Bap1-mut-F) | 4 of 4 ✔
[02/f16957] bam…TSS_BIAS (evoC-Bap1-mut-F) | 4 of 4 ✔
[-        ] bam…:DEEPTOOLS_PLOTFINGERPRINT -
[86/e5f00a] bam…D_GCBIAS (evoC-Bap1-mut-F) | 4 of 4 ✔
[ba/3f0643] bam…ACCURACY (evoC-Bap1-mut-F) | 4 of 4 ✔
[95/7670d0] var…E_CALLER (evoC-Bap1-mut-F) | 4 of 4 ✔
[8d/518e06] var…NTERVALS (GRCm38_filtered) | 1 of 1 ✔
[fd/34cfe3] var…DB_IMPORT (Interval: 0009) | 19 of 19 ✔
[da/31b966] var…YPE_GVCFS (Interval: 0009) | 19 of 19 ✔
[4c/30deb5] var…t_calling:MERGE_JOINT_VCFS | 1 of 1 ✔
[58/651614] var…ping_vcf, evoC-Bap1-mut-F) | 4 of 4 ✔
[49/2249aa] var…_calling:MERGE_ASM_OUTPUTS | 1 of 1 ✔
[af/6f5cb2] var…:MUTECT2 (evoC-Bap1-mut-F) | 4 of 4 ✔
[d8/37f9a4] mbi…voC-Bap1-mut-F-CG-5-prime) | 12 of 12 ✔
[1d/414b09] epi…ZARR (evoC-Bap1-mut-F-CHH) | 12 of 12 ✔
[ce/b77dc0] epi…PORT (evoC-Bap1-mut-M_CHH) | 11 of 12
[c7/9f6584] epi…(evoC_Bap1_run-genome-CHH) | 3 of 3 ✔
[42/aed8d4] epi…2ZARR (evoC-Bap1-mut-F-CG) | 4 of 4 ✔
[6b/e8540c] epi…XPORT (evoC-Bap1-mut-F_CG) | 4 of 4 ✔
[91/6faba2] epi…2ZARR (evoC-Bap1-mut-F-CG) | 4 of 4 ✔
[8c/b81001] epi…XPORT (evoC-Bap1-mut-F_CG) | 4 of 4 ✔
[3e/52d548] epi…voC_Bap1_run-long_ctrl-CG) | 1 of 1 ✔
[ce/a81050] summary:DQSPY (evoC_Bap1_run)  | 1 of 1 ✔
Plus 3 more processes waiting for tasks…

executor >  slurm (142)
[38/c7ea19] res…AW (evoC-Bap1-mut-F, L000) | 4 of 4 ✔
[bb/6ef43d] res…DE (evoC-Bap1-mut-F, L000) | 4 of 4 ✔
[-        ] resolve_align:FASTQC_RESOLVED  -
[35/a3ae4a] res…M2 (evoC-Bap1-mut-F, L000) | 4 of 4 ✔
[-        ] res…align:SAMTOOLS_MERGE_LANES -
[-        ] resolve_align:PRESEQ           -
[f7/1296d9] bam…t:BAMLET (evoC-Bap1-mut-F) | 4 of 4 ✔
[0d/c02be5] bam…AP_BAMQC (evoC-Bap1-mut-F) | 4 of 4 ✔
[02/f16957] bam…TSS_BIAS (evoC-Bap1-mut-F) | 4 of 4 ✔
[-        ] bam…:DEEPTOOLS_PLOTFINGERPRINT -
[86/e5f00a] bam…D_GCBIAS (evoC-Bap1-mut-F) | 4 of 4 ✔
[ba/3f0643] bam…ACCURACY (evoC-Bap1-mut-F) | 4 of 4 ✔
[95/7670d0] var…E_CALLER (evoC-Bap1-mut-F) | 4 of 4 ✔
[8d/518e06] var…NTERVALS (GRCm38_filtered) | 1 of 1 ✔
[fd/34cfe3] var…DB_IMPORT (Interval: 0009) | 19 of 19 ✔
[da/31b966] var…YPE_GVCFS (Interval: 0009) | 19 of 19 ✔
[4c/30deb5] var…t_calling:MERGE_JOINT_VCFS | 1 of 1 ✔
[58/651614] var…ping_vcf, evoC-Bap1-mut-F) | 4 of 4 ✔
[49/2249aa] var…_calling:MERGE_ASM_OUTPUTS | 1 of 1 ✔
[af/6f5cb2] var…:MUTECT2 (evoC-Bap1-mut-F) | 4 of 4 ✔
[d8/37f9a4] mbi…voC-Bap1-mut-F-CG-5-prime) | 12 of 12 ✔
[1d/414b09] epi…ZARR (evoC-Bap1-mut-F-CHH) | 12 of 12 ✔
[c8/96c68a] epi…PORT (evoC-Bap1-mut-F_CHH) | 12 of 12 ✔
[c7/9f6584] epi…(evoC_Bap1_run-genome-CHH) | 3 of 3 ✔
[42/aed8d4] epi…2ZARR (evoC-Bap1-mut-F-CG) | 4 of 4 ✔
[6b/e8540c] epi…XPORT (evoC-Bap1-mut-F_CG) | 4 of 4 ✔
[91/6faba2] epi…2ZARR (evoC-Bap1-mut-F-CG) | 4 of 4 ✔
[8c/b81001] epi…XPORT (evoC-Bap1-mut-F_CG) | 4 of 4 ✔
[3e/52d548] epi…voC_Bap1_run-long_ctrl-CG) | 1 of 1 ✔
[ce/a81050] summary:DQSPY (evoC_Bap1_run)  | 1 of 1 ✔
Plus 3 more processes waiting for tasks…

executor >  slurm (142)
[38/c7ea19] res…AW (evoC-Bap1-mut-F, L000) | 4 of 4 ✔
[bb/6ef43d] res…DE (evoC-Bap1-mut-F, L000) | 4 of 4 ✔
[-        ] resolve_align:FASTQC_RESOLVED  -
[35/a3ae4a] res…M2 (evoC-Bap1-mut-F, L000) | 4 of 4 ✔
[-        ] res…align:SAMTOOLS_MERGE_LANES -
[-        ] resolve_align:PRESEQ           -
[f7/1296d9] bam…t:BAMLET (evoC-Bap1-mut-F) | 4 of 4 ✔
[0d/c02be5] bam…AP_BAMQC (evoC-Bap1-mut-F) | 4 of 4 ✔
[02/f16957] bam…TSS_BIAS (evoC-Bap1-mut-F) | 4 of 4 ✔
[-        ] bam…:DEEPTOOLS_PLOTFINGERPRINT -
[86/e5f00a] bam…D_GCBIAS (evoC-Bap1-mut-F) | 4 of 4 ✔
[ba/3f0643] bam…ACCURACY (evoC-Bap1-mut-F) | 4 of 4 ✔
[95/7670d0] var…E_CALLER (evoC-Bap1-mut-F) | 4 of 4 ✔
[8d/518e06] var…NTERVALS (GRCm38_filtered) | 1 of 1 ✔
[fd/34cfe3] var…DB_IMPORT (Interval: 0009) | 19 of 19 ✔
[da/31b966] var…YPE_GVCFS (Interval: 0009) | 19 of 19 ✔
[4c/30deb5] var…t_calling:MERGE_JOINT_VCFS | 1 of 1 ✔
[58/651614] var…ping_vcf, evoC-Bap1-mut-F) | 4 of 4 ✔
[49/2249aa] var…_calling:MERGE_ASM_OUTPUTS | 1 of 1 ✔
[af/6f5cb2] var…:MUTECT2 (evoC-Bap1-mut-F) | 4 of 4 ✔
[d8/37f9a4] mbi…voC-Bap1-mut-F-CG-5-prime) | 12 of 12 ✔
[1d/414b09] epi…ZARR (evoC-Bap1-mut-F-CHH) | 12 of 12 ✔
[c8/96c68a] epi…PORT (evoC-Bap1-mut-F_CHH) | 12 of 12 ✔
[c7/9f6584] epi…(evoC_Bap1_run-genome-CHH) | 3 of 3 ✔
[42/aed8d4] epi…2ZARR (evoC-Bap1-mut-F-CG) | 4 of 4 ✔
[6b/e8540c] epi…XPORT (evoC-Bap1-mut-F_CG) | 4 of 4 ✔
[91/6faba2] epi…2ZARR (evoC-Bap1-mut-F-CG) | 4 of 4 ✔
[8c/b81001] epi…XPORT (evoC-Bap1-mut-F_CG) | 4 of 4 ✔
[3e/52d548] epi…voC_Bap1_run-long_ctrl-CG) | 1 of 1 ✔
[ce/a81050] summary:DQSPY (evoC_Bap1_run)  | 1 of 1 ✔
[-        ] summary:PIPELINE_REPORT        | 0 of 1
Plus 2 more processes waiting for tasks…

executor >  slurm (143)
[38/c7ea19] res…AW (evoC-Bap1-mut-F, L000) | 4 of 4 ✔
[bb/6ef43d] res…DE (evoC-Bap1-mut-F, L000) | 4 of 4 ✔
[-        ] resolve_align:FASTQC_RESOLVED  -
[35/a3ae4a] res…M2 (evoC-Bap1-mut-F, L000) | 4 of 4 ✔
[-        ] res…align:SAMTOOLS_MERGE_LANES -
[-        ] resolve_align:PRESEQ           -
[f7/1296d9] bam…t:BAMLET (evoC-Bap1-mut-F) | 4 of 4 ✔
[0d/c02be5] bam…AP_BAMQC (evoC-Bap1-mut-F) | 4 of 4 ✔
[02/f16957] bam…TSS_BIAS (evoC-Bap1-mut-F) | 4 of 4 ✔
[-        ] bam…:DEEPTOOLS_PLOTFINGERPRINT -
[86/e5f00a] bam…D_GCBIAS (evoC-Bap1-mut-F) | 4 of 4 ✔
[ba/3f0643] bam…ACCURACY (evoC-Bap1-mut-F) | 4 of 4 ✔
[95/7670d0] var…E_CALLER (evoC-Bap1-mut-F) | 4 of 4 ✔
[8d/518e06] var…NTERVALS (GRCm38_filtered) | 1 of 1 ✔
[fd/34cfe3] var…DB_IMPORT (Interval: 0009) | 19 of 19 ✔
[da/31b966] var…YPE_GVCFS (Interval: 0009) | 19 of 19 ✔
[4c/30deb5] var…t_calling:MERGE_JOINT_VCFS | 1 of 1 ✔
[58/651614] var…ping_vcf, evoC-Bap1-mut-F) | 4 of 4 ✔
[49/2249aa] var…_calling:MERGE_ASM_OUTPUTS | 1 of 1 ✔
[af/6f5cb2] var…:MUTECT2 (evoC-Bap1-mut-F) | 4 of 4 ✔
[d8/37f9a4] mbi…voC-Bap1-mut-F-CG-5-prime) | 12 of 12 ✔
[1d/414b09] epi…ZARR (evoC-Bap1-mut-F-CHH) | 12 of 12 ✔
[c8/96c68a] epi…PORT (evoC-Bap1-mut-F_CHH) | 12 of 12 ✔
[c7/9f6584] epi…(evoC_Bap1_run-genome-CHH) | 3 of 3 ✔
[42/aed8d4] epi…2ZARR (evoC-Bap1-mut-F-CG) | 4 of 4 ✔
[6b/e8540c] epi…XPORT (evoC-Bap1-mut-F_CG) | 4 of 4 ✔
[91/6faba2] epi…2ZARR (evoC-Bap1-mut-F-CG) | 4 of 4 ✔
[8c/b81001] epi…XPORT (evoC-Bap1-mut-F_CG) | 4 of 4 ✔
[3e/52d548] epi…voC_Bap1_run-long_ctrl-CG) | 1 of 1 ✔
[ce/a81050] summary:DQSPY (evoC_Bap1_run)  | 1 of 1 ✔
[ff/50cb64] sum…INE_REPORT (evoC_Bap1_run) | 0 of 1
Plus 2 more processes waiting for tasks…

executor >  slurm (143)
[38/c7ea19] res…AW (evoC-Bap1-mut-F, L000) | 4 of 4 ✔
[bb/6ef43d] res…DE (evoC-Bap1-mut-F, L000) | 4 of 4 ✔
[-        ] resolve_align:FASTQC_RESOLVED  -
[35/a3ae4a] res…M2 (evoC-Bap1-mut-F, L000) | 4 of 4 ✔
[-        ] res…align:SAMTOOLS_MERGE_LANES -
[-        ] resolve_align:PRESEQ           -
[f7/1296d9] bam…t:BAMLET (evoC-Bap1-mut-F) | 4 of 4 ✔
[0d/c02be5] bam…AP_BAMQC (evoC-Bap1-mut-F) | 4 of 4 ✔
[02/f16957] bam…TSS_BIAS (evoC-Bap1-mut-F) | 4 of 4 ✔
[-        ] bam…:DEEPTOOLS_PLOTFINGERPRINT -
[86/e5f00a] bam…D_GCBIAS (evoC-Bap1-mut-F) | 4 of 4 ✔
[ba/3f0643] bam…ACCURACY (evoC-Bap1-mut-F) | 4 of 4 ✔
[95/7670d0] var…E_CALLER (evoC-Bap1-mut-F) | 4 of 4 ✔
[8d/518e06] var…NTERVALS (GRCm38_filtered) | 1 of 1 ✔
[fd/34cfe3] var…DB_IMPORT (Interval: 0009) | 19 of 19 ✔
[da/31b966] var…YPE_GVCFS (Interval: 0009) | 19 of 19 ✔
[4c/30deb5] var…t_calling:MERGE_JOINT_VCFS | 1 of 1 ✔
[58/651614] var…ping_vcf, evoC-Bap1-mut-F) | 4 of 4 ✔
[49/2249aa] var…_calling:MERGE_ASM_OUTPUTS | 1 of 1 ✔
[af/6f5cb2] var…:MUTECT2 (evoC-Bap1-mut-F) | 4 of 4 ✔
[d8/37f9a4] mbi…voC-Bap1-mut-F-CG-5-prime) | 12 of 12 ✔
[1d/414b09] epi…ZARR (evoC-Bap1-mut-F-CHH) | 12 of 12 ✔
[c8/96c68a] epi…PORT (evoC-Bap1-mut-F_CHH) | 12 of 12 ✔
[c7/9f6584] epi…(evoC_Bap1_run-genome-CHH) | 3 of 3 ✔
[42/aed8d4] epi…2ZARR (evoC-Bap1-mut-F-CG) | 4 of 4 ✔
[6b/e8540c] epi…XPORT (evoC-Bap1-mut-F_CG) | 4 of 4 ✔
[91/6faba2] epi…2ZARR (evoC-Bap1-mut-F-CG) | 4 of 4 ✔
[8c/b81001] epi…XPORT (evoC-Bap1-mut-F_CG) | 4 of 4 ✔
[3e/52d548] epi…voC_Bap1_run-long_ctrl-CG) | 1 of 1 ✔
[ce/a81050] summary:DQSPY (evoC_Bap1_run)  | 1 of 1 ✔
[ff/50cb64] sum…INE_REPORT (evoC_Bap1_run) | 0 of 1
Plus 2 more processes waiting for tasks…

executor >  slurm (143)
[38/c7ea19] res…AW (evoC-Bap1-mut-F, L000) | 4 of 4 ✔
[bb/6ef43d] res…DE (evoC-Bap1-mut-F, L000) | 4 of 4 ✔
[-        ] resolve_align:FASTQC_RESOLVED  -
[35/a3ae4a] res…M2 (evoC-Bap1-mut-F, L000) | 4 of 4 ✔
[-        ] res…align:SAMTOOLS_MERGE_LANES -
[-        ] resolve_align:PRESEQ           -
[f7/1296d9] bam…t:BAMLET (evoC-Bap1-mut-F) | 4 of 4 ✔
[0d/c02be5] bam…AP_BAMQC (evoC-Bap1-mut-F) | 4 of 4 ✔
[02/f16957] bam…TSS_BIAS (evoC-Bap1-mut-F) | 4 of 4 ✔
[-        ] bam…:DEEPTOOLS_PLOTFINGERPRINT -
[86/e5f00a] bam…D_GCBIAS (evoC-Bap1-mut-F) | 4 of 4 ✔
[ba/3f0643] bam…ACCURACY (evoC-Bap1-mut-F) | 4 of 4 ✔
[95/7670d0] var…E_CALLER (evoC-Bap1-mut-F) | 4 of 4 ✔
[8d/518e06] var…NTERVALS (GRCm38_filtered) | 1 of 1 ✔
[fd/34cfe3] var…DB_IMPORT (Interval: 0009) | 19 of 19 ✔
[da/31b966] var…YPE_GVCFS (Interval: 0009) | 19 of 19 ✔
[4c/30deb5] var…t_calling:MERGE_JOINT_VCFS | 1 of 1 ✔
[58/651614] var…ping_vcf, evoC-Bap1-mut-F) | 4 of 4 ✔
[49/2249aa] var…_calling:MERGE_ASM_OUTPUTS | 1 of 1 ✔
[af/6f5cb2] var…:MUTECT2 (evoC-Bap1-mut-F) | 4 of 4 ✔
[d8/37f9a4] mbi…voC-Bap1-mut-F-CG-5-prime) | 12 of 12 ✔
[1d/414b09] epi…ZARR (evoC-Bap1-mut-F-CHH) | 12 of 12 ✔
[c8/96c68a] epi…PORT (evoC-Bap1-mut-F_CHH) | 12 of 12 ✔
[c7/9f6584] epi…(evoC_Bap1_run-genome-CHH) | 3 of 3 ✔
[42/aed8d4] epi…2ZARR (evoC-Bap1-mut-F-CG) | 4 of 4 ✔
[6b/e8540c] epi…XPORT (evoC-Bap1-mut-F_CG) | 4 of 4 ✔
[91/6faba2] epi…2ZARR (evoC-Bap1-mut-F-CG) | 4 of 4 ✔
[8c/b81001] epi…XPORT (evoC-Bap1-mut-F_CG) | 4 of 4 ✔
[3e/52d548] epi…voC_Bap1_run-long_ctrl-CG) | 1 of 1 ✔
[ce/a81050] summary:DQSPY (evoC_Bap1_run)  | 1 of 1 ✔
[ff/50cb64] sum…INE_REPORT (evoC_Bap1_run) | 1 of 1 ✔
Plus 2 more processes waiting for tasks…

executor >  slurm (144)
[38/c7ea19] res…AW (evoC-Bap1-mut-F, L000) | 4 of 4 ✔
[bb/6ef43d] res…DE (evoC-Bap1-mut-F, L000) | 4 of 4 ✔
[-        ] resolve_align:FASTQC_RESOLVED  -
[35/a3ae4a] res…M2 (evoC-Bap1-mut-F, L000) | 4 of 4 ✔
[-        ] res…align:SAMTOOLS_MERGE_LANES -
[-        ] resolve_align:PRESEQ           -
[f7/1296d9] bam…t:BAMLET (evoC-Bap1-mut-F) | 4 of 4 ✔
[0d/c02be5] bam…AP_BAMQC (evoC-Bap1-mut-F) | 4 of 4 ✔
[02/f16957] bam…TSS_BIAS (evoC-Bap1-mut-F) | 4 of 4 ✔
[-        ] bam…:DEEPTOOLS_PLOTFINGERPRINT -
[86/e5f00a] bam…D_GCBIAS (evoC-Bap1-mut-F) | 4 of 4 ✔
[ba/3f0643] bam…ACCURACY (evoC-Bap1-mut-F) | 4 of 4 ✔
[95/7670d0] var…E_CALLER (evoC-Bap1-mut-F) | 4 of 4 ✔
[8d/518e06] var…NTERVALS (GRCm38_filtered) | 1 of 1 ✔
[fd/34cfe3] var…DB_IMPORT (Interval: 0009) | 19 of 19 ✔
[da/31b966] var…YPE_GVCFS (Interval: 0009) | 19 of 19 ✔
[4c/30deb5] var…t_calling:MERGE_JOINT_VCFS | 1 of 1 ✔
[58/651614] var…ping_vcf, evoC-Bap1-mut-F) | 4 of 4 ✔
[49/2249aa] var…_calling:MERGE_ASM_OUTPUTS | 1 of 1 ✔
[af/6f5cb2] var…:MUTECT2 (evoC-Bap1-mut-F) | 4 of 4 ✔
[d8/37f9a4] mbi…voC-Bap1-mut-F-CG-5-prime) | 12 of 12 ✔
[1d/414b09] epi…ZARR (evoC-Bap1-mut-F-CHH) | 12 of 12 ✔
[c8/96c68a] epi…PORT (evoC-Bap1-mut-F_CHH) | 12 of 12 ✔
[c7/9f6584] epi…(evoC_Bap1_run-genome-CHH) | 3 of 3 ✔
[42/aed8d4] epi…2ZARR (evoC-Bap1-mut-F-CG) | 4 of 4 ✔
[6b/e8540c] epi…XPORT (evoC-Bap1-mut-F_CG) | 4 of 4 ✔
[91/6faba2] epi…2ZARR (evoC-Bap1-mut-F-CG) | 4 of 4 ✔
[8c/b81001] epi…XPORT (evoC-Bap1-mut-F_CG) | 4 of 4 ✔
[3e/52d548] epi…voC_Bap1_run-long_ctrl-CG) | 1 of 1 ✔
[ce/a81050] summary:DQSPY (evoC_Bap1_run)  | 1 of 1 ✔
[ff/50cb64] sum…INE_REPORT (evoC_Bap1_run) | 1 of 1 ✔
[69/64d5e2] sum…ry:MULTIQC (evoC_Bap1_run) | 0 of 1
Plus 1 more processes waiting for tasks…

executor >  slurm (144)
[38/c7ea19] res…AW (evoC-Bap1-mut-F, L000) | 4 of 4 ✔
[bb/6ef43d] res…DE (evoC-Bap1-mut-F, L000) | 4 of 4 ✔
[-        ] resolve_align:FASTQC_RESOLVED  -
[35/a3ae4a] res…M2 (evoC-Bap1-mut-F, L000) | 4 of 4 ✔
[-        ] res…align:SAMTOOLS_MERGE_LANES -
[-        ] resolve_align:PRESEQ           -
[f7/1296d9] bam…t:BAMLET (evoC-Bap1-mut-F) | 4 of 4 ✔
[0d/c02be5] bam…AP_BAMQC (evoC-Bap1-mut-F) | 4 of 4 ✔
[02/f16957] bam…TSS_BIAS (evoC-Bap1-mut-F) | 4 of 4 ✔
[-        ] bam…:DEEPTOOLS_PLOTFINGERPRINT -
[86/e5f00a] bam…D_GCBIAS (evoC-Bap1-mut-F) | 4 of 4 ✔
[ba/3f0643] bam…ACCURACY (evoC-Bap1-mut-F) | 4 of 4 ✔
[95/7670d0] var…E_CALLER (evoC-Bap1-mut-F) | 4 of 4 ✔
[8d/518e06] var…NTERVALS (GRCm38_filtered) | 1 of 1 ✔
[fd/34cfe3] var…DB_IMPORT (Interval: 0009) | 19 of 19 ✔
[da/31b966] var…YPE_GVCFS (Interval: 0009) | 19 of 19 ✔
[4c/30deb5] var…t_calling:MERGE_JOINT_VCFS | 1 of 1 ✔
[58/651614] var…ping_vcf, evoC-Bap1-mut-F) | 4 of 4 ✔
[49/2249aa] var…_calling:MERGE_ASM_OUTPUTS | 1 of 1 ✔
[af/6f5cb2] var…:MUTECT2 (evoC-Bap1-mut-F) | 4 of 4 ✔
[d8/37f9a4] mbi…voC-Bap1-mut-F-CG-5-prime) | 12 of 12 ✔
[1d/414b09] epi…ZARR (evoC-Bap1-mut-F-CHH) | 12 of 12 ✔
[c8/96c68a] epi…PORT (evoC-Bap1-mut-F_CHH) | 12 of 12 ✔
[c7/9f6584] epi…(evoC_Bap1_run-genome-CHH) | 3 of 3 ✔
[42/aed8d4] epi…2ZARR (evoC-Bap1-mut-F-CG) | 4 of 4 ✔
[6b/e8540c] epi…XPORT (evoC-Bap1-mut-F_CG) | 4 of 4 ✔
[91/6faba2] epi…2ZARR (evoC-Bap1-mut-F-CG) | 4 of 4 ✔
[8c/b81001] epi…XPORT (evoC-Bap1-mut-F_CG) | 4 of 4 ✔
[3e/52d548] epi…voC_Bap1_run-long_ctrl-CG) | 1 of 1 ✔
[ce/a81050] summary:DQSPY (evoC_Bap1_run)  | 1 of 1 ✔
[ff/50cb64] sum…INE_REPORT (evoC_Bap1_run) | 1 of 1 ✔
[69/64d5e2] sum…ry:MULTIQC (evoC_Bap1_run) | 0 of 1
Plus 1 more processes waiting for tasks…
WARN: [SLURM] queue (shared) status cannot be fetched
- cmd executed: squeue --noheader -o %i %t -t all -p shared -u zalibhai
- exit status : 1
- output      :
  slurm_load_jobs error: Unexpected message received


executor >  slurm (144)
[38/c7ea19] res…AW (evoC-Bap1-mut-F, L000) | 4 of 4 ✔
[bb/6ef43d] res…DE (evoC-Bap1-mut-F, L000) | 4 of 4 ✔
[-        ] resolve_align:FASTQC_RESOLVED  -
[35/a3ae4a] res…M2 (evoC-Bap1-mut-F, L000) | 4 of 4 ✔
[-        ] res…align:SAMTOOLS_MERGE_LANES -
[-        ] resolve_align:PRESEQ           -
[f7/1296d9] bam…t:BAMLET (evoC-Bap1-mut-F) | 4 of 4 ✔
[0d/c02be5] bam…AP_BAMQC (evoC-Bap1-mut-F) | 4 of 4 ✔
[02/f16957] bam…TSS_BIAS (evoC-Bap1-mut-F) | 4 of 4 ✔
[-        ] bam…:DEEPTOOLS_PLOTFINGERPRINT -
[86/e5f00a] bam…D_GCBIAS (evoC-Bap1-mut-F) | 4 of 4 ✔
[ba/3f0643] bam…ACCURACY (evoC-Bap1-mut-F) | 4 of 4 ✔
[95/7670d0] var…E_CALLER (evoC-Bap1-mut-F) | 4 of 4 ✔
[8d/518e06] var…NTERVALS (GRCm38_filtered) | 1 of 1 ✔
[fd/34cfe3] var…DB_IMPORT (Interval: 0009) | 19 of 19 ✔
[da/31b966] var…YPE_GVCFS (Interval: 0009) | 19 of 19 ✔
[4c/30deb5] var…t_calling:MERGE_JOINT_VCFS | 1 of 1 ✔
[58/651614] var…ping_vcf, evoC-Bap1-mut-F) | 4 of 4 ✔
[49/2249aa] var…_calling:MERGE_ASM_OUTPUTS | 1 of 1 ✔
[af/6f5cb2] var…:MUTECT2 (evoC-Bap1-mut-F) | 4 of 4 ✔
[d8/37f9a4] mbi…voC-Bap1-mut-F-CG-5-prime) | 12 of 12 ✔
[1d/414b09] epi…ZARR (evoC-Bap1-mut-F-CHH) | 12 of 12 ✔
[c8/96c68a] epi…PORT (evoC-Bap1-mut-F_CHH) | 12 of 12 ✔
[c7/9f6584] epi…(evoC_Bap1_run-genome-CHH) | 3 of 3 ✔
[42/aed8d4] epi…2ZARR (evoC-Bap1-mut-F-CG) | 4 of 4 ✔
[6b/e8540c] epi…XPORT (evoC-Bap1-mut-F_CG) | 4 of 4 ✔
[91/6faba2] epi…2ZARR (evoC-Bap1-mut-F-CG) | 4 of 4 ✔
[8c/b81001] epi…XPORT (evoC-Bap1-mut-F_CG) | 4 of 4 ✔
[3e/52d548] epi…voC_Bap1_run-long_ctrl-CG) | 1 of 1 ✔
[ce/a81050] summary:DQSPY (evoC_Bap1_run)  | 1 of 1 ✔
[ff/50cb64] sum…INE_REPORT (evoC_Bap1_run) | 1 of 1 ✔
[69/64d5e2] sum…ry:MULTIQC (evoC_Bap1_run) | 0 of 1
Plus 1 more processes waiting for tasks…







executor >  slurm (144)
[38/c7ea19] res…AW (evoC-Bap1-mut-F, L000) | 4 of 4 ✔
[bb/6ef43d] res…DE (evoC-Bap1-mut-F, L000) | 4 of 4 ✔
[-        ] resolve_align:FASTQC_RESOLVED  -
[35/a3ae4a] res…M2 (evoC-Bap1-mut-F, L000) | 4 of 4 ✔
[-        ] res…align:SAMTOOLS_MERGE_LANES -
[-        ] resolve_align:PRESEQ           -
[f7/1296d9] bam…t:BAMLET (evoC-Bap1-mut-F) | 4 of 4 ✔
[0d/c02be5] bam…AP_BAMQC (evoC-Bap1-mut-F) | 4 of 4 ✔
[02/f16957] bam…TSS_BIAS (evoC-Bap1-mut-F) | 4 of 4 ✔
[-        ] bam…:DEEPTOOLS_PLOTFINGERPRINT -
[86/e5f00a] bam…D_GCBIAS (evoC-Bap1-mut-F) | 4 of 4 ✔
[ba/3f0643] bam…ACCURACY (evoC-Bap1-mut-F) | 4 of 4 ✔
[95/7670d0] var…E_CALLER (evoC-Bap1-mut-F) | 4 of 4 ✔
[8d/518e06] var…NTERVALS (GRCm38_filtered) | 1 of 1 ✔
[fd/34cfe3] var…DB_IMPORT (Interval: 0009) | 19 of 19 ✔
[da/31b966] var…YPE_GVCFS (Interval: 0009) | 19 of 19 ✔
[4c/30deb5] var…t_calling:MERGE_JOINT_VCFS | 1 of 1 ✔
[58/651614] var…ping_vcf, evoC-Bap1-mut-F) | 4 of 4 ✔
[49/2249aa] var…_calling:MERGE_ASM_OUTPUTS | 1 of 1 ✔
[af/6f5cb2] var…:MUTECT2 (evoC-Bap1-mut-F) | 4 of 4 ✔
[d8/37f9a4] mbi…voC-Bap1-mut-F-CG-5-prime) | 12 of 12 ✔
[1d/414b09] epi…ZARR (evoC-Bap1-mut-F-CHH) | 12 of 12 ✔
[c8/96c68a] epi…PORT (evoC-Bap1-mut-F_CHH) | 12 of 12 ✔
[c7/9f6584] epi…(evoC_Bap1_run-genome-CHH) | 3 of 3 ✔
[42/aed8d4] epi…2ZARR (evoC-Bap1-mut-F-CG) | 4 of 4 ✔
[6b/e8540c] epi…XPORT (evoC-Bap1-mut-F_CG) | 4 of 4 ✔
[91/6faba2] epi…2ZARR (evoC-Bap1-mut-F-CG) | 4 of 4 ✔
[8c/b81001] epi…XPORT (evoC-Bap1-mut-F_CG) | 4 of 4 ✔
[3e/52d548] epi…voC_Bap1_run-long_ctrl-CG) | 1 of 1 ✔
[ce/a81050] summary:DQSPY (evoC_Bap1_run)  | 1 of 1 ✔
[ff/50cb64] sum…INE_REPORT (evoC_Bap1_run) | 1 of 1 ✔
[69/64d5e2] sum…ry:MULTIQC (evoC_Bap1_run) | 1 of 1 ✔
Plus 1 more processes waiting for tasks…







executor >  slurm (144)
[38/c7ea19] res…AW (evoC-Bap1-mut-F, L000) | 4 of 4 ✔
[bb/6ef43d] res…DE (evoC-Bap1-mut-F, L000) | 4 of 4 ✔
[-        ] resolve_align:FASTQC_RESOLVED  -
[35/a3ae4a] res…M2 (evoC-Bap1-mut-F, L000) | 4 of 4 ✔
[-        ] res…align:SAMTOOLS_MERGE_LANES -
[-        ] resolve_align:PRESEQ           -
[f7/1296d9] bam…t:BAMLET (evoC-Bap1-mut-F) | 4 of 4 ✔
[0d/c02be5] bam…AP_BAMQC (evoC-Bap1-mut-F) | 4 of 4 ✔
[02/f16957] bam…TSS_BIAS (evoC-Bap1-mut-F) | 4 of 4 ✔
[-        ] bam…:DEEPTOOLS_PLOTFINGERPRINT -
[86/e5f00a] bam…D_GCBIAS (evoC-Bap1-mut-F) | 4 of 4 ✔
[ba/3f0643] bam…ACCURACY (evoC-Bap1-mut-F) | 4 of 4 ✔
[95/7670d0] var…E_CALLER (evoC-Bap1-mut-F) | 4 of 4 ✔
[8d/518e06] var…NTERVALS (GRCm38_filtered) | 1 of 1 ✔
[fd/34cfe3] var…DB_IMPORT (Interval: 0009) | 19 of 19 ✔
[da/31b966] var…YPE_GVCFS (Interval: 0009) | 19 of 19 ✔
[4c/30deb5] var…t_calling:MERGE_JOINT_VCFS | 1 of 1 ✔
[58/651614] var…ping_vcf, evoC-Bap1-mut-F) | 4 of 4 ✔
[49/2249aa] var…_calling:MERGE_ASM_OUTPUTS | 1 of 1 ✔
[af/6f5cb2] var…:MUTECT2 (evoC-Bap1-mut-F) | 4 of 4 ✔
[d8/37f9a4] mbi…voC-Bap1-mut-F-CG-5-prime) | 12 of 12 ✔
[1d/414b09] epi…ZARR (evoC-Bap1-mut-F-CHH) | 12 of 12 ✔
[c8/96c68a] epi…PORT (evoC-Bap1-mut-F_CHH) | 12 of 12 ✔
[c7/9f6584] epi…(evoC_Bap1_run-genome-CHH) | 3 of 3 ✔
[42/aed8d4] epi…2ZARR (evoC-Bap1-mut-F-CG) | 4 of 4 ✔
[6b/e8540c] epi…XPORT (evoC-Bap1-mut-F_CG) | 4 of 4 ✔
[91/6faba2] epi…2ZARR (evoC-Bap1-mut-F-CG) | 4 of 4 ✔
[8c/b81001] epi…XPORT (evoC-Bap1-mut-F_CG) | 4 of 4 ✔
[3e/52d548] epi…voC_Bap1_run-long_ctrl-CG) | 1 of 1 ✔
[ce/a81050] summary:DQSPY (evoC_Bap1_run)  | 1 of 1 ✔
[ff/50cb64] sum…INE_REPORT (evoC_Bap1_run) | 1 of 1 ✔
[69/64d5e2] sum…ry:MULTIQC (evoC_Bap1_run) | 1 of 1 ✔
Plus 1 more processes waiting for tasks…
Completed at: 21-Feb-2026 10:25:05
Duration    : 1d 10h 54m 5s
CPU hours   : 2'068.5
Succeeded   : 144



=========================================
End time: Sat Feb 21 10:25:05 PST 2026
=========================================
